Vivado Simulator v2021.2
Copyright 1986-1999, 2001-2021 Xilinx, Inc. All Rights Reserved.
Running: /ihpusr/xilinx/vivado2021.2/Vivado/2021.2/bin/unwrapped/lnx64.o/xelab --incr --debug typical --relax --mt 8 --maxdelay -cc_db Encoder_code_coverage -cc_dir Encoder.sim -cc_type sbc -L xil_defaultlib -L simprims_ver -L secureip --snapshot LDPC_encoder_tb_time_synth -transport_int_delays -pulse_r 0 -pulse_int_r 0 -pulse_e 0 -pulse_int_e 0 xil_defaultlib.LDPC_encoder_tb xil_defaultlib.glbl -log elaborate.log 
Using 8 slave threads.
WARNING: [XSIM 43-3431] One or more environment variables have been detected which affect the operation of the C compiler. These are typically not set in standard installations and are not tested by Xilinx, however they may be appropriate for your system, so the flow will attempt to continue.  If errors occur, try running xelab with the "-mt off -v 1" switches to see more information from the C compiler. The following environment variables have been detected:
Starting static elaboration
Pass Through NonSizing Optimizer
WARNING: [VRFC 10-4969] module 'GND' is instantiated multiple times from VHDL or from both Verilog and VHDL, elaboration result may be incorrect [/wrk/ci/prod/2021.2/rdi_builds/continuous/2021_10_19_3367213/data/verilog/src/unisims/GND.v:24]
Completed static elaboration
Starting simulation data flow analysis
WARNING: [XSIM 43-4398] File "/wrk/ci/prod/2021.2/rdi_builds/continuous/2021_10_19_3367213/data/secureip/fe/fe_002.svp" Line 127127 : Function calls inside wait/event expression are sensitive to arguments only."init_alpha()" is called without any argument which may not unblock the wait/event expression.
WARNING: [XSIM 43-4398] File "/wrk/ci/prod/2021.2/rdi_builds/continuous/2021_10_19_3367213/data/secureip/fe/fe_002.svp" Line 131216 : Function calls inside wait/event expression are sensitive to arguments only."cfg_bm_perm_r4()" is called without any argument which may not unblock the wait/event expression.
WARNING: [XSIM 43-4398] File "/wrk/ci/prod/2021.2/rdi_builds/continuous/2021_10_19_3367213/data/secureip/fe/fe_002.svp" Line 131216 : Function calls inside wait/event expression are sensitive to arguments only."cfg_bm_perm_r4()" is called without any argument which may not unblock the wait/event expression.
WARNING: [XSIM 43-4398] File "/wrk/ci/prod/2021.2/rdi_builds/continuous/2021_10_19_3367213/data/secureip/fe/fe_002.svp" Line 131216 : Function calls inside wait/event expression are sensitive to arguments only."cfg_bm_perm_r4()" is called without any argument which may not unblock the wait/event expression.
WARNING: [XSIM 43-4398] File "/wrk/ci/prod/2021.2/rdi_builds/continuous/2021_10_19_3367213/data/secureip/fe/fe_002.svp" Line 131216 : Function calls inside wait/event expression are sensitive to arguments only."cfg_bm_perm_r4()" is called without any argument which may not unblock the wait/event expression.
WARNING: [XSIM 43-4398] File "/wrk/ci/prod/2021.2/rdi_builds/continuous/2021_10_19_3367213/data/secureip/fe/fe_002.svp" Line 131216 : Function calls inside wait/event expression are sensitive to arguments only."cfg_bm_perm_r4()" is called without any argument which may not unblock the wait/event expression.
WARNING: [XSIM 43-4398] File "/wrk/ci/prod/2021.2/rdi_builds/continuous/2021_10_19_3367213/data/secureip/fe/fe_002.svp" Line 131216 : Function calls inside wait/event expression are sensitive to arguments only."cfg_bm_perm_r4()" is called without any argument which may not unblock the wait/event expression.
WARNING: [XSIM 43-4398] File "/wrk/ci/prod/2021.2/rdi_builds/continuous/2021_10_19_3367213/data/secureip/fe/fe_002.svp" Line 131216 : Function calls inside wait/event expression are sensitive to arguments only."cfg_bm_perm_r4()" is called without any argument which may not unblock the wait/event expression.
WARNING: [XSIM 43-4398] File "/wrk/ci/prod/2021.2/rdi_builds/continuous/2021_10_19_3367213/data/secureip/fe/fe_002.svp" Line 131216 : Function calls inside wait/event expression are sensitive to arguments only."cfg_bm_perm_r4()" is called without any argument which may not unblock the wait/event expression.
WARNING: [XSIM 43-4398] File "/wrk/ci/prod/2021.2/rdi_builds/continuous/2021_10_19_3367213/data/secureip/fe/fe_002.svp" Line 131216 : Function calls inside wait/event expression are sensitive to arguments only."cfg_bm_perm_r4()" is called without any argument which may not unblock the wait/event expression.
WARNING: [XSIM 43-4398] File "/wrk/ci/prod/2021.2/rdi_builds/continuous/2021_10_19_3367213/data/secureip/fe/fe_002.svp" Line 131216 : Function calls inside wait/event expression are sensitive to arguments only."cfg_bm_perm_r4()" is called without any argument which may not unblock the wait/event expression.
WARNING: [XSIM 43-4398] File "/wrk/ci/prod/2021.2/rdi_builds/continuous/2021_10_19_3367213/data/secureip/fe/fe_002.svp" Line 131216 : Function calls inside wait/event expression are sensitive to arguments only."cfg_bm_perm_r4()" is called without any argument which may not unblock the wait/event expression.
WARNING: [XSIM 43-4398] File "/wrk/ci/prod/2021.2/rdi_builds/continuous/2021_10_19_3367213/data/secureip/fe/fe_002.svp" Line 131216 : Function calls inside wait/event expression are sensitive to arguments only."cfg_bm_perm_r4()" is called without any argument which may not unblock the wait/event expression.
WARNING: [XSIM 43-4398] File "/wrk/ci/prod/2021.2/rdi_builds/continuous/2021_10_19_3367213/data/secureip/fe/fe_002.svp" Line 131216 : Function calls inside wait/event expression are sensitive to arguments only."cfg_bm_perm_r4()" is called without any argument which may not unblock the wait/event expression.
WARNING: [XSIM 43-4398] File "/wrk/ci/prod/2021.2/rdi_builds/continuous/2021_10_19_3367213/data/secureip/fe/fe_002.svp" Line 131216 : Function calls inside wait/event expression are sensitive to arguments only."cfg_bm_perm_r4()" is called without any argument which may not unblock the wait/event expression.
WARNING: [XSIM 43-4398] File "/wrk/ci/prod/2021.2/rdi_builds/continuous/2021_10_19_3367213/data/secureip/fe/fe_002.svp" Line 131216 : Function calls inside wait/event expression are sensitive to arguments only."cfg_bm_perm_r4()" is called without any argument which may not unblock the wait/event expression.
WARNING: [XSIM 43-4398] File "/wrk/ci/prod/2021.2/rdi_builds/continuous/2021_10_19_3367213/data/secureip/fe/fe_002.svp" Line 131216 : Function calls inside wait/event expression are sensitive to arguments only."cfg_bm_perm_r4()" is called without any argument which may not unblock the wait/event expression.
WARNING: [XSIM 43-4398] File "/wrk/ci/prod/2021.2/rdi_builds/continuous/2021_10_19_3367213/data/secureip/fe/fe_002.svp" Line 134226 : Function calls inside wait/event expression are sensitive to arguments only."cfg_alpha_perm_r4()" is called without any argument which may not unblock the wait/event expression.
WARNING: [XSIM 43-4398] File "/wrk/ci/prod/2021.2/rdi_builds/continuous/2021_10_19_3367213/data/secureip/fe/fe_002.svp" Line 134226 : Function calls inside wait/event expression are sensitive to arguments only."cfg_alpha_perm_r4()" is called without any argument which may not unblock the wait/event expression.
WARNING: [XSIM 43-4398] File "/wrk/ci/prod/2021.2/rdi_builds/continuous/2021_10_19_3367213/data/secureip/fe/fe_002.svp" Line 134226 : Function calls inside wait/event expression are sensitive to arguments only."cfg_alpha_perm_r4()" is called without any argument which may not unblock the wait/event expression.
WARNING: [XSIM 43-4398] File "/wrk/ci/prod/2021.2/rdi_builds/continuous/2021_10_19_3367213/data/secureip/fe/fe_002.svp" Line 134226 : Function calls inside wait/event expression are sensitive to arguments only."cfg_alpha_perm_r4()" is called without any argument which may not unblock the wait/event expression.
WARNING: [XSIM 43-4398] File "/wrk/ci/prod/2021.2/rdi_builds/continuous/2021_10_19_3367213/data/secureip/fe/fe_002.svp" Line 134226 : Function calls inside wait/event expression are sensitive to arguments only."cfg_alpha_perm_r4()" is called without any argument which may not unblock the wait/event expression.
WARNING: [XSIM 43-4398] File "/wrk/ci/prod/2021.2/rdi_builds/continuous/2021_10_19_3367213/data/secureip/fe/fe_002.svp" Line 134226 : Function calls inside wait/event expression are sensitive to arguments only."cfg_alpha_perm_r4()" is called without any argument which may not unblock the wait/event expression.
WARNING: [XSIM 43-4398] File "/wrk/ci/prod/2021.2/rdi_builds/continuous/2021_10_19_3367213/data/secureip/fe/fe_002.svp" Line 134226 : Function calls inside wait/event expression are sensitive to arguments only."cfg_alpha_perm_r4()" is called without any argument which may not unblock the wait/event expression.
WARNING: [XSIM 43-4398] File "/wrk/ci/prod/2021.2/rdi_builds/continuous/2021_10_19_3367213/data/secureip/fe/fe_002.svp" Line 134226 : Function calls inside wait/event expression are sensitive to arguments only."cfg_alpha_perm_r4()" is called without any argument which may not unblock the wait/event expression.
WARNING: [XSIM 43-4398] File "/wrk/ci/prod/2021.2/rdi_builds/continuous/2021_10_19_3367213/data/secureip/fe/fe_002.svp" Line 134226 : Function calls inside wait/event expression are sensitive to arguments only."cfg_alpha_perm_r4()" is called without any argument which may not unblock the wait/event expression.
WARNING: [XSIM 43-4398] File "/wrk/ci/prod/2021.2/rdi_builds/continuous/2021_10_19_3367213/data/secureip/fe/fe_002.svp" Line 134226 : Function calls inside wait/event expression are sensitive to arguments only."cfg_alpha_perm_r4()" is called without any argument which may not unblock the wait/event expression.
WARNING: [XSIM 43-4398] File "/wrk/ci/prod/2021.2/rdi_builds/continuous/2021_10_19_3367213/data/secureip/fe/fe_002.svp" Line 134226 : Function calls inside wait/event expression are sensitive to arguments only."cfg_alpha_perm_r4()" is called without any argument which may not unblock the wait/event expression.
WARNING: [XSIM 43-4398] File "/wrk/ci/prod/2021.2/rdi_builds/continuous/2021_10_19_3367213/data/secureip/fe/fe_002.svp" Line 134226 : Function calls inside wait/event expression are sensitive to arguments only."cfg_alpha_perm_r4()" is called without any argument which may not unblock the wait/event expression.
WARNING: [XSIM 43-4398] File "/wrk/ci/prod/2021.2/rdi_builds/continuous/2021_10_19_3367213/data/secureip/fe/fe_002.svp" Line 134226 : Function calls inside wait/event expression are sensitive to arguments only."cfg_alpha_perm_r4()" is called without any argument which may not unblock the wait/event expression.
WARNING: [XSIM 43-4398] File "/wrk/ci/prod/2021.2/rdi_builds/continuous/2021_10_19_3367213/data/secureip/fe/fe_002.svp" Line 134226 : Function calls inside wait/event expression are sensitive to arguments only."cfg_alpha_perm_r4()" is called without any argument which may not unblock the wait/event expression.
WARNING: [XSIM 43-4398] File "/wrk/ci/prod/2021.2/rdi_builds/continuous/2021_10_19_3367213/data/secureip/fe/fe_002.svp" Line 134226 : Function calls inside wait/event expression are sensitive to arguments only."cfg_alpha_perm_r4()" is called without any argument which may not unblock the wait/event expression.
WARNING: [XSIM 43-4398] File "/wrk/ci/prod/2021.2/rdi_builds/continuous/2021_10_19_3367213/data/secureip/fe/fe_002.svp" Line 134226 : Function calls inside wait/event expression are sensitive to arguments only."cfg_alpha_perm_r4()" is called without any argument which may not unblock the wait/event expression.
WARNING: [XSIM 43-4398] File "/wrk/ci/prod/2021.2/rdi_builds/continuous/2021_10_19_3367213/data/secureip/fe/fe_002.svp" Line 131216 : Function calls inside wait/event expression are sensitive to arguments only."cfg_bm_perm_r4()" is called without any argument which may not unblock the wait/event expression.
WARNING: [XSIM 43-4398] File "/wrk/ci/prod/2021.2/rdi_builds/continuous/2021_10_19_3367213/data/secureip/fe/fe_002.svp" Line 131216 : Function calls inside wait/event expression are sensitive to arguments only."cfg_bm_perm_r4()" is called without any argument which may not unblock the wait/event expression.
WARNING: [XSIM 43-4398] File "/wrk/ci/prod/2021.2/rdi_builds/continuous/2021_10_19_3367213/data/secureip/fe/fe_002.svp" Line 131216 : Function calls inside wait/event expression are sensitive to arguments only."cfg_bm_perm_r4()" is called without any argument which may not unblock the wait/event expression.
WARNING: [XSIM 43-4398] File "/wrk/ci/prod/2021.2/rdi_builds/continuous/2021_10_19_3367213/data/secureip/fe/fe_002.svp" Line 131216 : Function calls inside wait/event expression are sensitive to arguments only."cfg_bm_perm_r4()" is called without any argument which may not unblock the wait/event expression.
WARNING: [XSIM 43-4398] File "/wrk/ci/prod/2021.2/rdi_builds/continuous/2021_10_19_3367213/data/secureip/fe/fe_002.svp" Line 131216 : Function calls inside wait/event expression are sensitive to arguments only."cfg_bm_perm_r4()" is called without any argument which may not unblock the wait/event expression.
WARNING: [XSIM 43-4398] File "/wrk/ci/prod/2021.2/rdi_builds/continuous/2021_10_19_3367213/data/secureip/fe/fe_002.svp" Line 131216 : Function calls inside wait/event expression are sensitive to arguments only."cfg_bm_perm_r4()" is called without any argument which may not unblock the wait/event expression.
WARNING: [XSIM 43-4398] File "/wrk/ci/prod/2021.2/rdi_builds/continuous/2021_10_19_3367213/data/secureip/fe/fe_002.svp" Line 131216 : Function calls inside wait/event expression are sensitive to arguments only."cfg_bm_perm_r4()" is called without any argument which may not unblock the wait/event expression.
WARNING: [XSIM 43-4398] File "/wrk/ci/prod/2021.2/rdi_builds/continuous/2021_10_19_3367213/data/secureip/fe/fe_002.svp" Line 131216 : Function calls inside wait/event expression are sensitive to arguments only."cfg_bm_perm_r4()" is called without any argument which may not unblock the wait/event expression.
WARNING: [XSIM 43-4398] File "/wrk/ci/prod/2021.2/rdi_builds/continuous/2021_10_19_3367213/data/secureip/fe/fe_002.svp" Line 131216 : Function calls inside wait/event expression are sensitive to arguments only."cfg_bm_perm_r4()" is called without any argument which may not unblock the wait/event expression.
WARNING: [XSIM 43-4398] File "/wrk/ci/prod/2021.2/rdi_builds/continuous/2021_10_19_3367213/data/secureip/fe/fe_002.svp" Line 131216 : Function calls inside wait/event expression are sensitive to arguments only."cfg_bm_perm_r4()" is called without any argument which may not unblock the wait/event expression.
WARNING: [XSIM 43-4398] File "/wrk/ci/prod/2021.2/rdi_builds/continuous/2021_10_19_3367213/data/secureip/fe/fe_002.svp" Line 131216 : Function calls inside wait/event expression are sensitive to arguments only."cfg_bm_perm_r4()" is called without any argument which may not unblock the wait/event expression.
WARNING: [XSIM 43-4398] File "/wrk/ci/prod/2021.2/rdi_builds/continuous/2021_10_19_3367213/data/secureip/fe/fe_002.svp" Line 131216 : Function calls inside wait/event expression are sensitive to arguments only."cfg_bm_perm_r4()" is called without any argument which may not unblock the wait/event expression.
WARNING: [XSIM 43-4398] File "/wrk/ci/prod/2021.2/rdi_builds/continuous/2021_10_19_3367213/data/secureip/fe/fe_002.svp" Line 131216 : Function calls inside wait/event expression are sensitive to arguments only."cfg_bm_perm_r4()" is called without any argument which may not unblock the wait/event expression.
WARNING: [XSIM 43-4398] File "/wrk/ci/prod/2021.2/rdi_builds/continuous/2021_10_19_3367213/data/secureip/fe/fe_002.svp" Line 131216 : Function calls inside wait/event expression are sensitive to arguments only."cfg_bm_perm_r4()" is called without any argument which may not unblock the wait/event expression.
WARNING: [XSIM 43-4398] File "/wrk/ci/prod/2021.2/rdi_builds/continuous/2021_10_19_3367213/data/secureip/fe/fe_002.svp" Line 131216 : Function calls inside wait/event expression are sensitive to arguments only."cfg_bm_perm_r4()" is called without any argument which may not unblock the wait/event expression.
WARNING: [XSIM 43-4398] File "/wrk/ci/prod/2021.2/rdi_builds/continuous/2021_10_19_3367213/data/secureip/fe/fe_002.svp" Line 131216 : Function calls inside wait/event expression are sensitive to arguments only."cfg_bm_perm_r4()" is called without any argument which may not unblock the wait/event expression.
WARNING: [XSIM 43-4398] File "/wrk/ci/prod/2021.2/rdi_builds/continuous/2021_10_19_3367213/data/secureip/fe/fe_002.svp" Line 129263 : Function calls inside wait/event expression are sensitive to arguments only."cfg_bi_perm_r4()" is called without any argument which may not unblock the wait/event expression.
WARNING: [XSIM 43-4398] File "/wrk/ci/prod/2021.2/rdi_builds/continuous/2021_10_19_3367213/data/secureip/fe/fe_002.svp" Line 134226 : Function calls inside wait/event expression are sensitive to arguments only."cfg_beta_perm_r4()" is called without any argument which may not unblock the wait/event expression.
WARNING: [XSIM 43-4398] File "/wrk/ci/prod/2021.2/rdi_builds/continuous/2021_10_19_3367213/data/secureip/fe/fe_002.svp" Line 134226 : Function calls inside wait/event expression are sensitive to arguments only."cfg_beta_perm_r4()" is called without any argument which may not unblock the wait/event expression.
WARNING: [XSIM 43-4398] File "/wrk/ci/prod/2021.2/rdi_builds/continuous/2021_10_19_3367213/data/secureip/fe/fe_002.svp" Line 134226 : Function calls inside wait/event expression are sensitive to arguments only."cfg_beta_perm_r4()" is called without any argument which may not unblock the wait/event expression.
WARNING: [XSIM 43-4398] File "/wrk/ci/prod/2021.2/rdi_builds/continuous/2021_10_19_3367213/data/secureip/fe/fe_002.svp" Line 134226 : Function calls inside wait/event expression are sensitive to arguments only."cfg_beta_perm_r4()" is called without any argument which may not unblock the wait/event expression.
WARNING: [XSIM 43-4398] File "/wrk/ci/prod/2021.2/rdi_builds/continuous/2021_10_19_3367213/data/secureip/fe/fe_002.svp" Line 134226 : Function calls inside wait/event expression are sensitive to arguments only."cfg_beta_perm_r4()" is called without any argument which may not unblock the wait/event expression.
WARNING: [XSIM 43-4398] File "/wrk/ci/prod/2021.2/rdi_builds/continuous/2021_10_19_3367213/data/secureip/fe/fe_002.svp" Line 134226 : Function calls inside wait/event expression are sensitive to arguments only."cfg_beta_perm_r4()" is called without any argument which may not unblock the wait/event expression.
WARNING: [XSIM 43-4398] File "/wrk/ci/prod/2021.2/rdi_builds/continuous/2021_10_19_3367213/data/secureip/fe/fe_002.svp" Line 134226 : Function calls inside wait/event expression are sensitive to arguments only."cfg_beta_perm_r4()" is called without any argument which may not unblock the wait/event expression.
WARNING: [XSIM 43-4398] File "/wrk/ci/prod/2021.2/rdi_builds/continuous/2021_10_19_3367213/data/secureip/fe/fe_002.svp" Line 134226 : Function calls inside wait/event expression are sensitive to arguments only."cfg_beta_perm_r4()" is called without any argument which may not unblock the wait/event expression.
WARNING: [XSIM 43-4398] File "/wrk/ci/prod/2021.2/rdi_builds/continuous/2021_10_19_3367213/data/secureip/fe/fe_002.svp" Line 134226 : Function calls inside wait/event expression are sensitive to arguments only."cfg_beta_perm_r4()" is called without any argument which may not unblock the wait/event expression.
WARNING: [XSIM 43-4398] File "/wrk/ci/prod/2021.2/rdi_builds/continuous/2021_10_19_3367213/data/secureip/fe/fe_002.svp" Line 134226 : Function calls inside wait/event expression are sensitive to arguments only."cfg_beta_perm_r4()" is called without any argument which may not unblock the wait/event expression.
WARNING: [XSIM 43-4398] File "/wrk/ci/prod/2021.2/rdi_builds/continuous/2021_10_19_3367213/data/secureip/fe/fe_002.svp" Line 134226 : Function calls inside wait/event expression are sensitive to arguments only."cfg_beta_perm_r4()" is called without any argument which may not unblock the wait/event expression.
WARNING: [XSIM 43-4398] File "/wrk/ci/prod/2021.2/rdi_builds/continuous/2021_10_19_3367213/data/secureip/fe/fe_002.svp" Line 134226 : Function calls inside wait/event expression are sensitive to arguments only."cfg_beta_perm_r4()" is called without any argument which may not unblock the wait/event expression.
WARNING: [XSIM 43-4398] File "/wrk/ci/prod/2021.2/rdi_builds/continuous/2021_10_19_3367213/data/secureip/fe/fe_002.svp" Line 134226 : Function calls inside wait/event expression are sensitive to arguments only."cfg_beta_perm_r4()" is called without any argument which may not unblock the wait/event expression.
WARNING: [XSIM 43-4398] File "/wrk/ci/prod/2021.2/rdi_builds/continuous/2021_10_19_3367213/data/secureip/fe/fe_002.svp" Line 134226 : Function calls inside wait/event expression are sensitive to arguments only."cfg_beta_perm_r4()" is called without any argument which may not unblock the wait/event expression.
WARNING: [XSIM 43-4398] File "/wrk/ci/prod/2021.2/rdi_builds/continuous/2021_10_19_3367213/data/secureip/fe/fe_002.svp" Line 134226 : Function calls inside wait/event expression are sensitive to arguments only."cfg_beta_perm_r4()" is called without any argument which may not unblock the wait/event expression.
WARNING: [XSIM 43-4398] File "/wrk/ci/prod/2021.2/rdi_builds/continuous/2021_10_19_3367213/data/secureip/fe/fe_002.svp" Line 134226 : Function calls inside wait/event expression are sensitive to arguments only."cfg_beta_perm_r4()" is called without any argument which may not unblock the wait/event expression.
WARNING: [XSIM 43-4398] File "/wrk/ci/prod/2021.2/rdi_builds/continuous/2021_10_19_3367213/data/secureip/fe/fe_002.svp" Line 132100 : Function calls inside wait/event expression are sensitive to arguments only."cfg_tr_perm_r4()" is called without any argument which may not unblock the wait/event expression.
WARNING: [XSIM 43-4398] File "/wrk/ci/prod/2021.2/rdi_builds/continuous/2021_10_19_3367213/data/secureip/fe/fe_002.svp" Line 132101 : Function calls inside wait/event expression are sensitive to arguments only."cfg_llr_perm_r4()" is called without any argument which may not unblock the wait/event expression.
WARNING: [XSIM 43-4398] File "/wrk/ci/prod/2021.2/rdi_builds/continuous/2021_10_19_3367213/data/secureip/fe/fe_002.svp" Line 132102 : Function calls inside wait/event expression are sensitive to arguments only."cfg_sym_perm_r4()" is called without any argument which may not unblock the wait/event expression.
WARNING: [XSIM 43-4398] File "/wrk/ci/prod/2021.2/rdi_builds/continuous/2021_10_19_3367213/data/secureip/fe/fe_002.svp" Line 132137 : Function calls inside wait/event expression are sensitive to arguments only."cfg_tr_perm_sh_r4()" is called without any argument which may not unblock the wait/event expression.
WARNING: [XSIM 43-4398] File "/wrk/ci/prod/2021.2/rdi_builds/continuous/2021_10_19_3367213/data/secureip/fe/fe_002.svp" Line 132100 : Function calls inside wait/event expression are sensitive to arguments only."cfg_tr_perm_r4()" is called without any argument which may not unblock the wait/event expression.
WARNING: [XSIM 43-4398] File "/wrk/ci/prod/2021.2/rdi_builds/continuous/2021_10_19_3367213/data/secureip/fe/fe_002.svp" Line 132101 : Function calls inside wait/event expression are sensitive to arguments only."cfg_llr_perm_r4()" is called without any argument which may not unblock the wait/event expression.
WARNING: [XSIM 43-4398] File "/wrk/ci/prod/2021.2/rdi_builds/continuous/2021_10_19_3367213/data/secureip/fe/fe_002.svp" Line 132102 : Function calls inside wait/event expression are sensitive to arguments only."cfg_sym_perm_r4()" is called without any argument which may not unblock the wait/event expression.
WARNING: [XSIM 43-4398] File "/wrk/ci/prod/2021.2/rdi_builds/continuous/2021_10_19_3367213/data/secureip/fe/fe_002.svp" Line 132137 : Function calls inside wait/event expression are sensitive to arguments only."cfg_tr_perm_sh_r4()" is called without any argument which may not unblock the wait/event expression.
WARNING: [XSIM 43-4398] File "/wrk/ci/prod/2021.2/rdi_builds/continuous/2021_10_19_3367213/data/secureip/fe/fe_002.svp" Line 132100 : Function calls inside wait/event expression are sensitive to arguments only."cfg_tr_perm_r4()" is called without any argument which may not unblock the wait/event expression.
WARNING: [XSIM 43-4398] File "/wrk/ci/prod/2021.2/rdi_builds/continuous/2021_10_19_3367213/data/secureip/fe/fe_002.svp" Line 132101 : Function calls inside wait/event expression are sensitive to arguments only."cfg_llr_perm_r4()" is called without any argument which may not unblock the wait/event expression.
WARNING: [XSIM 43-4398] File "/wrk/ci/prod/2021.2/rdi_builds/continuous/2021_10_19_3367213/data/secureip/fe/fe_002.svp" Line 132102 : Function calls inside wait/event expression are sensitive to arguments only."cfg_sym_perm_r4()" is called without any argument which may not unblock the wait/event expression.
WARNING: [XSIM 43-4398] File "/wrk/ci/prod/2021.2/rdi_builds/continuous/2021_10_19_3367213/data/secureip/fe/fe_002.svp" Line 132137 : Function calls inside wait/event expression are sensitive to arguments only."cfg_tr_perm_sh_r4()" is called without any argument which may not unblock the wait/event expression.
WARNING: [XSIM 43-4398] File "/wrk/ci/prod/2021.2/rdi_builds/continuous/2021_10_19_3367213/data/secureip/fe/fe_002.svp" Line 132100 : Function calls inside wait/event expression are sensitive to arguments only."cfg_tr_perm_r4()" is called without any argument which may not unblock the wait/event expression.
WARNING: [XSIM 43-4398] File "/wrk/ci/prod/2021.2/rdi_builds/continuous/2021_10_19_3367213/data/secureip/fe/fe_002.svp" Line 132101 : Function calls inside wait/event expression are sensitive to arguments only."cfg_llr_perm_r4()" is called without any argument which may not unblock the wait/event expression.
WARNING: [XSIM 43-4398] File "/wrk/ci/prod/2021.2/rdi_builds/continuous/2021_10_19_3367213/data/secureip/fe/fe_002.svp" Line 132102 : Function calls inside wait/event expression are sensitive to arguments only."cfg_sym_perm_r4()" is called without any argument which may not unblock the wait/event expression.
WARNING: [XSIM 43-4398] File "/wrk/ci/prod/2021.2/rdi_builds/continuous/2021_10_19_3367213/data/secureip/fe/fe_002.svp" Line 132137 : Function calls inside wait/event expression are sensitive to arguments only."cfg_tr_perm_sh_r4()" is called without any argument which may not unblock the wait/event expression.
WARNING: [XSIM 43-4398] File "/wrk/ci/prod/2021.2/rdi_builds/continuous/2021_10_19_3367213/data/secureip/fe/fe_002.svp" Line 132100 : Function calls inside wait/event expression are sensitive to arguments only."cfg_tr_perm_r4()" is called without any argument which may not unblock the wait/event expression.
WARNING: [XSIM 43-4398] File "/wrk/ci/prod/2021.2/rdi_builds/continuous/2021_10_19_3367213/data/secureip/fe/fe_002.svp" Line 132101 : Function calls inside wait/event expression are sensitive to arguments only."cfg_llr_perm_r4()" is called without any argument which may not unblock the wait/event expression.
WARNING: [XSIM 43-4398] File "/wrk/ci/prod/2021.2/rdi_builds/continuous/2021_10_19_3367213/data/secureip/fe/fe_002.svp" Line 132102 : Function calls inside wait/event expression are sensitive to arguments only."cfg_sym_perm_r4()" is called without any argument which may not unblock the wait/event expression.
WARNING: [XSIM 43-4398] File "/wrk/ci/prod/2021.2/rdi_builds/continuous/2021_10_19_3367213/data/secureip/fe/fe_002.svp" Line 132137 : Function calls inside wait/event expression are sensitive to arguments only."cfg_tr_perm_sh_r4()" is called without any argument which may not unblock the wait/event expression.
WARNING: [XSIM 43-4398] File "/wrk/ci/prod/2021.2/rdi_builds/continuous/2021_10_19_3367213/data/secureip/fe/fe_002.svp" Line 132100 : Function calls inside wait/event expression are sensitive to arguments only."cfg_tr_perm_r4()" is called without any argument which may not unblock the wait/event expression.
WARNING: [XSIM 43-4398] File "/wrk/ci/prod/2021.2/rdi_builds/continuous/2021_10_19_3367213/data/secureip/fe/fe_002.svp" Line 132101 : Function calls inside wait/event expression are sensitive to arguments only."cfg_llr_perm_r4()" is called without any argument which may not unblock the wait/event expression.
WARNING: [XSIM 43-4398] File "/wrk/ci/prod/2021.2/rdi_builds/continuous/2021_10_19_3367213/data/secureip/fe/fe_002.svp" Line 132102 : Function calls inside wait/event expression are sensitive to arguments only."cfg_sym_perm_r4()" is called without any argument which may not unblock the wait/event expression.
WARNING: [XSIM 43-4398] File "/wrk/ci/prod/2021.2/rdi_builds/continuous/2021_10_19_3367213/data/secureip/fe/fe_002.svp" Line 132137 : Function calls inside wait/event expression are sensitive to arguments only."cfg_tr_perm_sh_r4()" is called without any argument which may not unblock the wait/event expression.
WARNING: [XSIM 43-4398] File "/wrk/ci/prod/2021.2/rdi_builds/continuous/2021_10_19_3367213/data/secureip/fe/fe_002.svp" Line 132100 : Function calls inside wait/event expression are sensitive to arguments only."cfg_tr_perm_r4()" is called without any argument which may not unblock the wait/event expression.
WARNING: [XSIM 43-4398] File "/wrk/ci/prod/2021.2/rdi_builds/continuous/2021_10_19_3367213/data/secureip/fe/fe_002.svp" Line 132101 : Function calls inside wait/event expression are sensitive to arguments only."cfg_llr_perm_r4()" is called without any argument which may not unblock the wait/event expression.
WARNING: [XSIM 43-4398] File "/wrk/ci/prod/2021.2/rdi_builds/continuous/2021_10_19_3367213/data/secureip/fe/fe_002.svp" Line 132102 : Function calls inside wait/event expression are sensitive to arguments only."cfg_sym_perm_r4()" is called without any argument which may not unblock the wait/event expression.
WARNING: [XSIM 43-4398] File "/wrk/ci/prod/2021.2/rdi_builds/continuous/2021_10_19_3367213/data/secureip/fe/fe_002.svp" Line 132137 : Function calls inside wait/event expression are sensitive to arguments only."cfg_tr_perm_sh_r4()" is called without any argument which may not unblock the wait/event expression.
WARNING: [XSIM 43-4398] File "/wrk/ci/prod/2021.2/rdi_builds/continuous/2021_10_19_3367213/data/secureip/fe/fe_002.svp" Line 132100 : Function calls inside wait/event expression are sensitive to arguments only."cfg_tr_perm_r4()" is called without any argument which may not unblock the wait/event expression.
WARNING: [XSIM 43-4398] File "/wrk/ci/prod/2021.2/rdi_builds/continuous/2021_10_19_3367213/data/secureip/fe/fe_002.svp" Line 132101 : Function calls inside wait/event expression are sensitive to arguments only."cfg_llr_perm_r4()" is called without any argument which may not unblock the wait/event expression.
WARNING: [XSIM 43-4398] File "/wrk/ci/prod/2021.2/rdi_builds/continuous/2021_10_19_3367213/data/secureip/fe/fe_002.svp" Line 132102 : Function calls inside wait/event expression are sensitive to arguments only."cfg_sym_perm_r4()" is called without any argument which may not unblock the wait/event expression.
WARNING: [XSIM 43-4398] File "/wrk/ci/prod/2021.2/rdi_builds/continuous/2021_10_19_3367213/data/secureip/fe/fe_002.svp" Line 132137 : Function calls inside wait/event expression are sensitive to arguments only."cfg_tr_perm_sh_r4()" is called without any argument which may not unblock the wait/event expression.
WARNING: [XSIM 43-4398] File "/wrk/ci/prod/2021.2/rdi_builds/continuous/2021_10_19_3367213/data/secureip/fe/fe_002.svp" Line 132100 : Function calls inside wait/event expression are sensitive to arguments only."cfg_tr_perm_r4()" is called without any argument which may not unblock the wait/event expression.
WARNING: [XSIM 43-4398] File "/wrk/ci/prod/2021.2/rdi_builds/continuous/2021_10_19_3367213/data/secureip/fe/fe_002.svp" Line 132101 : Function calls inside wait/event expression are sensitive to arguments only."cfg_llr_perm_r4()" is called without any argument which may not unblock the wait/event expression.
WARNING: [XSIM 43-4398] File "/wrk/ci/prod/2021.2/rdi_builds/continuous/2021_10_19_3367213/data/secureip/fe/fe_002.svp" Line 132102 : Function calls inside wait/event expression are sensitive to arguments only."cfg_sym_perm_r4()" is called without any argument which may not unblock the wait/event expression.
WARNING: [XSIM 43-4398] File "/wrk/ci/prod/2021.2/rdi_builds/continuous/2021_10_19_3367213/data/secureip/fe/fe_002.svp" Line 132137 : Function calls inside wait/event expression are sensitive to arguments only."cfg_tr_perm_sh_r4()" is called without any argument which may not unblock the wait/event expression.
WARNING: [XSIM 43-4398] File "/wrk/ci/prod/2021.2/rdi_builds/continuous/2021_10_19_3367213/data/secureip/fe/fe_002.svp" Line 132100 : Function calls inside wait/event expression are sensitive to arguments only."cfg_tr_perm_r4()" is called without any argument which may not unblock the wait/event expression.
WARNING: [XSIM 43-4398] File "/wrk/ci/prod/2021.2/rdi_builds/continuous/2021_10_19_3367213/data/secureip/fe/fe_002.svp" Line 132101 : Function calls inside wait/event expression are sensitive to arguments only."cfg_llr_perm_r4()" is called without any argument which may not unblock the wait/event expression.
WARNING: [XSIM 43-4398] File "/wrk/ci/prod/2021.2/rdi_builds/continuous/2021_10_19_3367213/data/secureip/fe/fe_002.svp" Line 132102 : Function calls inside wait/event expression are sensitive to arguments only."cfg_sym_perm_r4()" is called without any argument which may not unblock the wait/event expression.
WARNING: [XSIM 43-4398] File "/wrk/ci/prod/2021.2/rdi_builds/continuous/2021_10_19_3367213/data/secureip/fe/fe_002.svp" Line 132137 : Function calls inside wait/event expression are sensitive to arguments only."cfg_tr_perm_sh_r4()" is called without any argument which may not unblock the wait/event expression.
WARNING: [XSIM 43-4398] File "/wrk/ci/prod/2021.2/rdi_builds/continuous/2021_10_19_3367213/data/secureip/fe/fe_002.svp" Line 132100 : Function calls inside wait/event expression are sensitive to arguments only."cfg_tr_perm_r4()" is called without any argument which may not unblock the wait/event expression.
WARNING: [XSIM 43-4398] File "/wrk/ci/prod/2021.2/rdi_builds/continuous/2021_10_19_3367213/data/secureip/fe/fe_002.svp" Line 132101 : Function calls inside wait/event expression are sensitive to arguments only."cfg_llr_perm_r4()" is called without any argument which may not unblock the wait/event expression.
WARNING: [XSIM 43-4398] File "/wrk/ci/prod/2021.2/rdi_builds/continuous/2021_10_19_3367213/data/secureip/fe/fe_002.svp" Line 132102 : Function calls inside wait/event expression are sensitive to arguments only."cfg_sym_perm_r4()" is called without any argument which may not unblock the wait/event expression.
WARNING: [XSIM 43-4398] File "/wrk/ci/prod/2021.2/rdi_builds/continuous/2021_10_19_3367213/data/secureip/fe/fe_002.svp" Line 132137 : Function calls inside wait/event expression are sensitive to arguments only."cfg_tr_perm_sh_r4()" is called without any argument which may not unblock the wait/event expression.
WARNING: [XSIM 43-4398] File "/wrk/ci/prod/2021.2/rdi_builds/continuous/2021_10_19_3367213/data/secureip/fe/fe_002.svp" Line 132100 : Function calls inside wait/event expression are sensitive to arguments only."cfg_tr_perm_r4()" is called without any argument which may not unblock the wait/event expression.
WARNING: [XSIM 43-4398] File "/wrk/ci/prod/2021.2/rdi_builds/continuous/2021_10_19_3367213/data/secureip/fe/fe_002.svp" Line 132101 : Function calls inside wait/event expression are sensitive to arguments only."cfg_llr_perm_r4()" is called without any argument which may not unblock the wait/event expression.
WARNING: [XSIM 43-4398] File "/wrk/ci/prod/2021.2/rdi_builds/continuous/2021_10_19_3367213/data/secureip/fe/fe_002.svp" Line 132102 : Function calls inside wait/event expression are sensitive to arguments only."cfg_sym_perm_r4()" is called without any argument which may not unblock the wait/event expression.
WARNING: [XSIM 43-4398] File "/wrk/ci/prod/2021.2/rdi_builds/continuous/2021_10_19_3367213/data/secureip/fe/fe_002.svp" Line 132137 : Function calls inside wait/event expression are sensitive to arguments only."cfg_tr_perm_sh_r4()" is called without any argument which may not unblock the wait/event expression.
WARNING: [XSIM 43-4398] File "/wrk/ci/prod/2021.2/rdi_builds/continuous/2021_10_19_3367213/data/secureip/fe/fe_002.svp" Line 132100 : Function calls inside wait/event expression are sensitive to arguments only."cfg_tr_perm_r4()" is called without any argument which may not unblock the wait/event expression.
WARNING: [XSIM 43-4398] File "/wrk/ci/prod/2021.2/rdi_builds/continuous/2021_10_19_3367213/data/secureip/fe/fe_002.svp" Line 132101 : Function calls inside wait/event expression are sensitive to arguments only."cfg_llr_perm_r4()" is called without any argument which may not unblock the wait/event expression.
WARNING: [XSIM 43-4398] File "/wrk/ci/prod/2021.2/rdi_builds/continuous/2021_10_19_3367213/data/secureip/fe/fe_002.svp" Line 132102 : Function calls inside wait/event expression are sensitive to arguments only."cfg_sym_perm_r4()" is called without any argument which may not unblock the wait/event expression.
WARNING: [XSIM 43-4398] File "/wrk/ci/prod/2021.2/rdi_builds/continuous/2021_10_19_3367213/data/secureip/fe/fe_002.svp" Line 132137 : Function calls inside wait/event expression are sensitive to arguments only."cfg_tr_perm_sh_r4()" is called without any argument which may not unblock the wait/event expression.
WARNING: [XSIM 43-4398] File "/wrk/ci/prod/2021.2/rdi_builds/continuous/2021_10_19_3367213/data/secureip/fe/fe_002.svp" Line 132100 : Function calls inside wait/event expression are sensitive to arguments only."cfg_tr_perm_r4()" is called without any argument which may not unblock the wait/event expression.
WARNING: [XSIM 43-4398] File "/wrk/ci/prod/2021.2/rdi_builds/continuous/2021_10_19_3367213/data/secureip/fe/fe_002.svp" Line 132101 : Function calls inside wait/event expression are sensitive to arguments only."cfg_llr_perm_r4()" is called without any argument which may not unblock the wait/event expression.
WARNING: [XSIM 43-4398] File "/wrk/ci/prod/2021.2/rdi_builds/continuous/2021_10_19_3367213/data/secureip/fe/fe_002.svp" Line 132102 : Function calls inside wait/event expression are sensitive to arguments only."cfg_sym_perm_r4()" is called without any argument which may not unblock the wait/event expression.
WARNING: [XSIM 43-4398] File "/wrk/ci/prod/2021.2/rdi_builds/continuous/2021_10_19_3367213/data/secureip/fe/fe_002.svp" Line 132137 : Function calls inside wait/event expression are sensitive to arguments only."cfg_tr_perm_sh_r4()" is called without any argument which may not unblock the wait/event expression.
WARNING: [XSIM 43-4398] File "/wrk/ci/prod/2021.2/rdi_builds/continuous/2021_10_19_3367213/data/secureip/fe/fe_002.svp" Line 132100 : Function calls inside wait/event expression are sensitive to arguments only."cfg_tr_perm_r4()" is called without any argument which may not unblock the wait/event expression.
WARNING: [XSIM 43-4398] File "/wrk/ci/prod/2021.2/rdi_builds/continuous/2021_10_19_3367213/data/secureip/fe/fe_002.svp" Line 132101 : Function calls inside wait/event expression are sensitive to arguments only."cfg_llr_perm_r4()" is called without any argument which may not unblock the wait/event expression.
WARNING: [XSIM 43-4398] File "/wrk/ci/prod/2021.2/rdi_builds/continuous/2021_10_19_3367213/data/secureip/fe/fe_002.svp" Line 132102 : Function calls inside wait/event expression are sensitive to arguments only."cfg_sym_perm_r4()" is called without any argument which may not unblock the wait/event expression.
WARNING: [XSIM 43-4398] File "/wrk/ci/prod/2021.2/rdi_builds/continuous/2021_10_19_3367213/data/secureip/fe/fe_002.svp" Line 132137 : Function calls inside wait/event expression are sensitive to arguments only."cfg_tr_perm_sh_r4()" is called without any argument which may not unblock the wait/event expression.
WARNING: [XSIM 43-4398] File "/wrk/ci/prod/2021.2/rdi_builds/continuous/2021_10_19_3367213/data/secureip/fe/fe_002.svp" Line 132100 : Function calls inside wait/event expression are sensitive to arguments only."cfg_tr_perm_r4()" is called without any argument which may not unblock the wait/event expression.
WARNING: [XSIM 43-4398] File "/wrk/ci/prod/2021.2/rdi_builds/continuous/2021_10_19_3367213/data/secureip/fe/fe_002.svp" Line 132101 : Function calls inside wait/event expression are sensitive to arguments only."cfg_llr_perm_r4()" is called without any argument which may not unblock the wait/event expression.
WARNING: [XSIM 43-4398] File "/wrk/ci/prod/2021.2/rdi_builds/continuous/2021_10_19_3367213/data/secureip/fe/fe_002.svp" Line 132102 : Function calls inside wait/event expression are sensitive to arguments only."cfg_sym_perm_r4()" is called without any argument which may not unblock the wait/event expression.
WARNING: [XSIM 43-4398] File "/wrk/ci/prod/2021.2/rdi_builds/continuous/2021_10_19_3367213/data/secureip/fe/fe_002.svp" Line 132137 : Function calls inside wait/event expression are sensitive to arguments only."cfg_tr_perm_sh_r4()" is called without any argument which may not unblock the wait/event expression.
WARNING: [XSIM 43-4398] File "/wrk/ci/prod/2021.2/rdi_builds/continuous/2021_10_19_3367213/data/secureip/fe/fe_002.svp" Line 134806 : Function calls inside wait/event expression are sensitive to arguments only."crc24b_par4_mask()" is called without any argument which may not unblock the wait/event expression.
WARNING: [XSIM 43-4398] File "/wrk/ci/prod/2021.2/rdi_builds/continuous/2021_10_19_3367213/data/secureip/fe/fe_002.svp" Line 134806 : Function calls inside wait/event expression are sensitive to arguments only."crc24a_par4_mask()" is called without any argument which may not unblock the wait/event expression.
WARNING: [XSIM 43-4398] File "/wrk/ci/prod/2021.2/rdi_builds/continuous/2021_10_19_3367213/data/secureip/fe/fe_002.svp" Line 134807 : Function calls inside wait/event expression are sensitive to arguments only."crc24b_par2_mask()" is called without any argument which may not unblock the wait/event expression.
WARNING: [XSIM 43-4398] File "/wrk/ci/prod/2021.2/rdi_builds/continuous/2021_10_19_3367213/data/secureip/fe/fe_002.svp" Line 134807 : Function calls inside wait/event expression are sensitive to arguments only."crc24a_par2_mask()" is called without any argument which may not unblock the wait/event expression.
WARNING: [XSIM 43-4398] File "/wrk/ci/prod/2021.2/rdi_builds/continuous/2021_10_19_3367213/data/secureip/fe/fe_002.svp" Line 134808 : Function calls inside wait/event expression are sensitive to arguments only."crc24b_adv()" is called without any argument which may not unblock the wait/event expression.
WARNING: [XSIM 43-4398] File "/wrk/ci/prod/2021.2/rdi_builds/continuous/2021_10_19_3367213/data/secureip/fe/fe_002.svp" Line 134808 : Function calls inside wait/event expression are sensitive to arguments only."crc24a_adv()" is called without any argument which may not unblock the wait/event expression.
WARNING: [XSIM 43-4398] File "/wrk/ci/prod/2021.2/rdi_builds/continuous/2021_10_19_3367213/data/secureip/fe/fe_002.svp" Line 134969 : Function calls inside wait/event expression are sensitive to arguments only."crc24b_adv()" is called without any argument which may not unblock the wait/event expression.
WARNING: [XSIM 43-4398] File "/wrk/ci/prod/2021.2/rdi_builds/continuous/2021_10_19_3367213/data/secureip/fe/fe_002.svp" Line 134969 : Function calls inside wait/event expression are sensitive to arguments only."crc24a_adv()" is called without any argument which may not unblock the wait/event expression.
WARNING: [XSIM 43-4398] File "/wrk/ci/prod/2021.2/rdi_builds/continuous/2021_10_19_3367213/data/secureip/fe/fe_002.svp" Line 127127 : Function calls inside wait/event expression are sensitive to arguments only."init_alpha()" is called without any argument which may not unblock the wait/event expression.
WARNING: [XSIM 43-4398] File "/wrk/ci/prod/2021.2/rdi_builds/continuous/2021_10_19_3367213/data/secureip/fe/fe_002.svp" Line 131216 : Function calls inside wait/event expression are sensitive to arguments only."cfg_bm_perm_r4()" is called without any argument which may not unblock the wait/event expression.
WARNING: [XSIM 43-4398] File "/wrk/ci/prod/2021.2/rdi_builds/continuous/2021_10_19_3367213/data/secureip/fe/fe_002.svp" Line 131216 : Function calls inside wait/event expression are sensitive to arguments only."cfg_bm_perm_r4()" is called without any argument which may not unblock the wait/event expression.
WARNING: [XSIM 43-4398] File "/wrk/ci/prod/2021.2/rdi_builds/continuous/2021_10_19_3367213/data/secureip/fe/fe_002.svp" Line 131216 : Function calls inside wait/event expression are sensitive to arguments only."cfg_bm_perm_r4()" is called without any argument which may not unblock the wait/event expression.
WARNING: [XSIM 43-4398] File "/wrk/ci/prod/2021.2/rdi_builds/continuous/2021_10_19_3367213/data/secureip/fe/fe_002.svp" Line 131216 : Function calls inside wait/event expression are sensitive to arguments only."cfg_bm_perm_r4()" is called without any argument which may not unblock the wait/event expression.
WARNING: [XSIM 43-4398] File "/wrk/ci/prod/2021.2/rdi_builds/continuous/2021_10_19_3367213/data/secureip/fe/fe_002.svp" Line 131216 : Function calls inside wait/event expression are sensitive to arguments only."cfg_bm_perm_r4()" is called without any argument which may not unblock the wait/event expression.
WARNING: [XSIM 43-4398] File "/wrk/ci/prod/2021.2/rdi_builds/continuous/2021_10_19_3367213/data/secureip/fe/fe_002.svp" Line 131216 : Function calls inside wait/event expression are sensitive to arguments only."cfg_bm_perm_r4()" is called without any argument which may not unblock the wait/event expression.
WARNING: [XSIM 43-4398] File "/wrk/ci/prod/2021.2/rdi_builds/continuous/2021_10_19_3367213/data/secureip/fe/fe_002.svp" Line 131216 : Function calls inside wait/event expression are sensitive to arguments only."cfg_bm_perm_r4()" is called without any argument which may not unblock the wait/event expression.
WARNING: [XSIM 43-4398] File "/wrk/ci/prod/2021.2/rdi_builds/continuous/2021_10_19_3367213/data/secureip/fe/fe_002.svp" Line 131216 : Function calls inside wait/event expression are sensitive to arguments only."cfg_bm_perm_r4()" is called without any argument which may not unblock the wait/event expression.
WARNING: [XSIM 43-4398] File "/wrk/ci/prod/2021.2/rdi_builds/continuous/2021_10_19_3367213/data/secureip/fe/fe_002.svp" Line 131216 : Function calls inside wait/event expression are sensitive to arguments only."cfg_bm_perm_r4()" is called without any argument which may not unblock the wait/event expression.
WARNING: [XSIM 43-4398] File "/wrk/ci/prod/2021.2/rdi_builds/continuous/2021_10_19_3367213/data/secureip/fe/fe_002.svp" Line 131216 : Function calls inside wait/event expression are sensitive to arguments only."cfg_bm_perm_r4()" is called without any argument which may not unblock the wait/event expression.
WARNING: [XSIM 43-4398] File "/wrk/ci/prod/2021.2/rdi_builds/continuous/2021_10_19_3367213/data/secureip/fe/fe_002.svp" Line 131216 : Function calls inside wait/event expression are sensitive to arguments only."cfg_bm_perm_r4()" is called without any argument which may not unblock the wait/event expression.
WARNING: [XSIM 43-4398] File "/wrk/ci/prod/2021.2/rdi_builds/continuous/2021_10_19_3367213/data/secureip/fe/fe_002.svp" Line 131216 : Function calls inside wait/event expression are sensitive to arguments only."cfg_bm_perm_r4()" is called without any argument which may not unblock the wait/event expression.
WARNING: [XSIM 43-4398] File "/wrk/ci/prod/2021.2/rdi_builds/continuous/2021_10_19_3367213/data/secureip/fe/fe_002.svp" Line 131216 : Function calls inside wait/event expression are sensitive to arguments only."cfg_bm_perm_r4()" is called without any argument which may not unblock the wait/event expression.
WARNING: [XSIM 43-4398] File "/wrk/ci/prod/2021.2/rdi_builds/continuous/2021_10_19_3367213/data/secureip/fe/fe_002.svp" Line 131216 : Function calls inside wait/event expression are sensitive to arguments only."cfg_bm_perm_r4()" is called without any argument which may not unblock the wait/event expression.
WARNING: [XSIM 43-4398] File "/wrk/ci/prod/2021.2/rdi_builds/continuous/2021_10_19_3367213/data/secureip/fe/fe_002.svp" Line 131216 : Function calls inside wait/event expression are sensitive to arguments only."cfg_bm_perm_r4()" is called without any argument which may not unblock the wait/event expression.
WARNING: [XSIM 43-4398] File "/wrk/ci/prod/2021.2/rdi_builds/continuous/2021_10_19_3367213/data/secureip/fe/fe_002.svp" Line 131216 : Function calls inside wait/event expression are sensitive to arguments only."cfg_bm_perm_r4()" is called without any argument which may not unblock the wait/event expression.
WARNING: [XSIM 43-4398] File "/wrk/ci/prod/2021.2/rdi_builds/continuous/2021_10_19_3367213/data/secureip/fe/fe_002.svp" Line 134226 : Function calls inside wait/event expression are sensitive to arguments only."cfg_alpha_perm_r4()" is called without any argument which may not unblock the wait/event expression.
WARNING: [XSIM 43-4398] File "/wrk/ci/prod/2021.2/rdi_builds/continuous/2021_10_19_3367213/data/secureip/fe/fe_002.svp" Line 134226 : Function calls inside wait/event expression are sensitive to arguments only."cfg_alpha_perm_r4()" is called without any argument which may not unblock the wait/event expression.
WARNING: [XSIM 43-4398] File "/wrk/ci/prod/2021.2/rdi_builds/continuous/2021_10_19_3367213/data/secureip/fe/fe_002.svp" Line 134226 : Function calls inside wait/event expression are sensitive to arguments only."cfg_alpha_perm_r4()" is called without any argument which may not unblock the wait/event expression.
WARNING: [XSIM 43-4398] File "/wrk/ci/prod/2021.2/rdi_builds/continuous/2021_10_19_3367213/data/secureip/fe/fe_002.svp" Line 134226 : Function calls inside wait/event expression are sensitive to arguments only."cfg_alpha_perm_r4()" is called without any argument which may not unblock the wait/event expression.
WARNING: [XSIM 43-4398] File "/wrk/ci/prod/2021.2/rdi_builds/continuous/2021_10_19_3367213/data/secureip/fe/fe_002.svp" Line 134226 : Function calls inside wait/event expression are sensitive to arguments only."cfg_alpha_perm_r4()" is called without any argument which may not unblock the wait/event expression.
WARNING: [XSIM 43-4398] File "/wrk/ci/prod/2021.2/rdi_builds/continuous/2021_10_19_3367213/data/secureip/fe/fe_002.svp" Line 134226 : Function calls inside wait/event expression are sensitive to arguments only."cfg_alpha_perm_r4()" is called without any argument which may not unblock the wait/event expression.
WARNING: [XSIM 43-4398] File "/wrk/ci/prod/2021.2/rdi_builds/continuous/2021_10_19_3367213/data/secureip/fe/fe_002.svp" Line 134226 : Function calls inside wait/event expression are sensitive to arguments only."cfg_alpha_perm_r4()" is called without any argument which may not unblock the wait/event expression.
WARNING: [XSIM 43-4398] File "/wrk/ci/prod/2021.2/rdi_builds/continuous/2021_10_19_3367213/data/secureip/fe/fe_002.svp" Line 134226 : Function calls inside wait/event expression are sensitive to arguments only."cfg_alpha_perm_r4()" is called without any argument which may not unblock the wait/event expression.
WARNING: [XSIM 43-4398] File "/wrk/ci/prod/2021.2/rdi_builds/continuous/2021_10_19_3367213/data/secureip/fe/fe_002.svp" Line 134226 : Function calls inside wait/event expression are sensitive to arguments only."cfg_alpha_perm_r4()" is called without any argument which may not unblock the wait/event expression.
WARNING: [XSIM 43-4398] File "/wrk/ci/prod/2021.2/rdi_builds/continuous/2021_10_19_3367213/data/secureip/fe/fe_002.svp" Line 134226 : Function calls inside wait/event expression are sensitive to arguments only."cfg_alpha_perm_r4()" is called without any argument which may not unblock the wait/event expression.
WARNING: [XSIM 43-4398] File "/wrk/ci/prod/2021.2/rdi_builds/continuous/2021_10_19_3367213/data/secureip/fe/fe_002.svp" Line 134226 : Function calls inside wait/event expression are sensitive to arguments only."cfg_alpha_perm_r4()" is called without any argument which may not unblock the wait/event expression.
WARNING: [XSIM 43-4398] File "/wrk/ci/prod/2021.2/rdi_builds/continuous/2021_10_19_3367213/data/secureip/fe/fe_002.svp" Line 134226 : Function calls inside wait/event expression are sensitive to arguments only."cfg_alpha_perm_r4()" is called without any argument which may not unblock the wait/event expression.
WARNING: [XSIM 43-4398] File "/wrk/ci/prod/2021.2/rdi_builds/continuous/2021_10_19_3367213/data/secureip/fe/fe_002.svp" Line 134226 : Function calls inside wait/event expression are sensitive to arguments only."cfg_alpha_perm_r4()" is called without any argument which may not unblock the wait/event expression.
WARNING: [XSIM 43-4398] File "/wrk/ci/prod/2021.2/rdi_builds/continuous/2021_10_19_3367213/data/secureip/fe/fe_002.svp" Line 134226 : Function calls inside wait/event expression are sensitive to arguments only."cfg_alpha_perm_r4()" is called without any argument which may not unblock the wait/event expression.
WARNING: [XSIM 43-4398] File "/wrk/ci/prod/2021.2/rdi_builds/continuous/2021_10_19_3367213/data/secureip/fe/fe_002.svp" Line 134226 : Function calls inside wait/event expression are sensitive to arguments only."cfg_alpha_perm_r4()" is called without any argument which may not unblock the wait/event expression.
WARNING: [XSIM 43-4398] File "/wrk/ci/prod/2021.2/rdi_builds/continuous/2021_10_19_3367213/data/secureip/fe/fe_002.svp" Line 134226 : Function calls inside wait/event expression are sensitive to arguments only."cfg_alpha_perm_r4()" is called without any argument which may not unblock the wait/event expression.
WARNING: [XSIM 43-4398] File "/wrk/ci/prod/2021.2/rdi_builds/continuous/2021_10_19_3367213/data/secureip/fe/fe_002.svp" Line 131216 : Function calls inside wait/event expression are sensitive to arguments only."cfg_bm_perm_r4()" is called without any argument which may not unblock the wait/event expression.
WARNING: [XSIM 43-4398] File "/wrk/ci/prod/2021.2/rdi_builds/continuous/2021_10_19_3367213/data/secureip/fe/fe_002.svp" Line 131216 : Function calls inside wait/event expression are sensitive to arguments only."cfg_bm_perm_r4()" is called without any argument which may not unblock the wait/event expression.
WARNING: [XSIM 43-4398] File "/wrk/ci/prod/2021.2/rdi_builds/continuous/2021_10_19_3367213/data/secureip/fe/fe_002.svp" Line 131216 : Function calls inside wait/event expression are sensitive to arguments only."cfg_bm_perm_r4()" is called without any argument which may not unblock the wait/event expression.
WARNING: [XSIM 43-4398] File "/wrk/ci/prod/2021.2/rdi_builds/continuous/2021_10_19_3367213/data/secureip/fe/fe_002.svp" Line 131216 : Function calls inside wait/event expression are sensitive to arguments only."cfg_bm_perm_r4()" is called without any argument which may not unblock the wait/event expression.
WARNING: [XSIM 43-4398] File "/wrk/ci/prod/2021.2/rdi_builds/continuous/2021_10_19_3367213/data/secureip/fe/fe_002.svp" Line 131216 : Function calls inside wait/event expression are sensitive to arguments only."cfg_bm_perm_r4()" is called without any argument which may not unblock the wait/event expression.
WARNING: [XSIM 43-4398] File "/wrk/ci/prod/2021.2/rdi_builds/continuous/2021_10_19_3367213/data/secureip/fe/fe_002.svp" Line 131216 : Function calls inside wait/event expression are sensitive to arguments only."cfg_bm_perm_r4()" is called without any argument which may not unblock the wait/event expression.
WARNING: [XSIM 43-4398] File "/wrk/ci/prod/2021.2/rdi_builds/continuous/2021_10_19_3367213/data/secureip/fe/fe_002.svp" Line 131216 : Function calls inside wait/event expression are sensitive to arguments only."cfg_bm_perm_r4()" is called without any argument which may not unblock the wait/event expression.
WARNING: [XSIM 43-4398] File "/wrk/ci/prod/2021.2/rdi_builds/continuous/2021_10_19_3367213/data/secureip/fe/fe_002.svp" Line 131216 : Function calls inside wait/event expression are sensitive to arguments only."cfg_bm_perm_r4()" is called without any argument which may not unblock the wait/event expression.
WARNING: [XSIM 43-4398] File "/wrk/ci/prod/2021.2/rdi_builds/continuous/2021_10_19_3367213/data/secureip/fe/fe_002.svp" Line 131216 : Function calls inside wait/event expression are sensitive to arguments only."cfg_bm_perm_r4()" is called without any argument which may not unblock the wait/event expression.
WARNING: [XSIM 43-4398] File "/wrk/ci/prod/2021.2/rdi_builds/continuous/2021_10_19_3367213/data/secureip/fe/fe_002.svp" Line 131216 : Function calls inside wait/event expression are sensitive to arguments only."cfg_bm_perm_r4()" is called without any argument which may not unblock the wait/event expression.
WARNING: [XSIM 43-4398] File "/wrk/ci/prod/2021.2/rdi_builds/continuous/2021_10_19_3367213/data/secureip/fe/fe_002.svp" Line 131216 : Function calls inside wait/event expression are sensitive to arguments only."cfg_bm_perm_r4()" is called without any argument which may not unblock the wait/event expression.
WARNING: [XSIM 43-4398] File "/wrk/ci/prod/2021.2/rdi_builds/continuous/2021_10_19_3367213/data/secureip/fe/fe_002.svp" Line 131216 : Function calls inside wait/event expression are sensitive to arguments only."cfg_bm_perm_r4()" is called without any argument which may not unblock the wait/event expression.
WARNING: [XSIM 43-4398] File "/wrk/ci/prod/2021.2/rdi_builds/continuous/2021_10_19_3367213/data/secureip/fe/fe_002.svp" Line 131216 : Function calls inside wait/event expression are sensitive to arguments only."cfg_bm_perm_r4()" is called without any argument which may not unblock the wait/event expression.
WARNING: [XSIM 43-4398] File "/wrk/ci/prod/2021.2/rdi_builds/continuous/2021_10_19_3367213/data/secureip/fe/fe_002.svp" Line 131216 : Function calls inside wait/event expression are sensitive to arguments only."cfg_bm_perm_r4()" is called without any argument which may not unblock the wait/event expression.
WARNING: [XSIM 43-4398] File "/wrk/ci/prod/2021.2/rdi_builds/continuous/2021_10_19_3367213/data/secureip/fe/fe_002.svp" Line 131216 : Function calls inside wait/event expression are sensitive to arguments only."cfg_bm_perm_r4()" is called without any argument which may not unblock the wait/event expression.
WARNING: [XSIM 43-4398] File "/wrk/ci/prod/2021.2/rdi_builds/continuous/2021_10_19_3367213/data/secureip/fe/fe_002.svp" Line 131216 : Function calls inside wait/event expression are sensitive to arguments only."cfg_bm_perm_r4()" is called without any argument which may not unblock the wait/event expression.
WARNING: [XSIM 43-4398] File "/wrk/ci/prod/2021.2/rdi_builds/continuous/2021_10_19_3367213/data/secureip/fe/fe_002.svp" Line 129263 : Function calls inside wait/event expression are sensitive to arguments only."cfg_bi_perm_r4()" is called without any argument which may not unblock the wait/event expression.
WARNING: [XSIM 43-4398] File "/wrk/ci/prod/2021.2/rdi_builds/continuous/2021_10_19_3367213/data/secureip/fe/fe_002.svp" Line 134226 : Function calls inside wait/event expression are sensitive to arguments only."cfg_beta_perm_r4()" is called without any argument which may not unblock the wait/event expression.
WARNING: [XSIM 43-4398] File "/wrk/ci/prod/2021.2/rdi_builds/continuous/2021_10_19_3367213/data/secureip/fe/fe_002.svp" Line 134226 : Function calls inside wait/event expression are sensitive to arguments only."cfg_beta_perm_r4()" is called without any argument which may not unblock the wait/event expression.
WARNING: [XSIM 43-4398] File "/wrk/ci/prod/2021.2/rdi_builds/continuous/2021_10_19_3367213/data/secureip/fe/fe_002.svp" Line 134226 : Function calls inside wait/event expression are sensitive to arguments only."cfg_beta_perm_r4()" is called without any argument which may not unblock the wait/event expression.
WARNING: [XSIM 43-4398] File "/wrk/ci/prod/2021.2/rdi_builds/continuous/2021_10_19_3367213/data/secureip/fe/fe_002.svp" Line 134226 : Function calls inside wait/event expression are sensitive to arguments only."cfg_beta_perm_r4()" is called without any argument which may not unblock the wait/event expression.
WARNING: [XSIM 43-4398] File "/wrk/ci/prod/2021.2/rdi_builds/continuous/2021_10_19_3367213/data/secureip/fe/fe_002.svp" Line 134226 : Function calls inside wait/event expression are sensitive to arguments only."cfg_beta_perm_r4()" is called without any argument which may not unblock the wait/event expression.
WARNING: [XSIM 43-4398] File "/wrk/ci/prod/2021.2/rdi_builds/continuous/2021_10_19_3367213/data/secureip/fe/fe_002.svp" Line 134226 : Function calls inside wait/event expression are sensitive to arguments only."cfg_beta_perm_r4()" is called without any argument which may not unblock the wait/event expression.
WARNING: [XSIM 43-4398] File "/wrk/ci/prod/2021.2/rdi_builds/continuous/2021_10_19_3367213/data/secureip/fe/fe_002.svp" Line 134226 : Function calls inside wait/event expression are sensitive to arguments only."cfg_beta_perm_r4()" is called without any argument which may not unblock the wait/event expression.
WARNING: [XSIM 43-4398] File "/wrk/ci/prod/2021.2/rdi_builds/continuous/2021_10_19_3367213/data/secureip/fe/fe_002.svp" Line 134226 : Function calls inside wait/event expression are sensitive to arguments only."cfg_beta_perm_r4()" is called without any argument which may not unblock the wait/event expression.
WARNING: [XSIM 43-4398] File "/wrk/ci/prod/2021.2/rdi_builds/continuous/2021_10_19_3367213/data/secureip/fe/fe_002.svp" Line 134226 : Function calls inside wait/event expression are sensitive to arguments only."cfg_beta_perm_r4()" is called without any argument which may not unblock the wait/event expression.
WARNING: [XSIM 43-4398] File "/wrk/ci/prod/2021.2/rdi_builds/continuous/2021_10_19_3367213/data/secureip/fe/fe_002.svp" Line 134226 : Function calls inside wait/event expression are sensitive to arguments only."cfg_beta_perm_r4()" is called without any argument which may not unblock the wait/event expression.
WARNING: [XSIM 43-4398] File "/wrk/ci/prod/2021.2/rdi_builds/continuous/2021_10_19_3367213/data/secureip/fe/fe_002.svp" Line 134226 : Function calls inside wait/event expression are sensitive to arguments only."cfg_beta_perm_r4()" is called without any argument which may not unblock the wait/event expression.
WARNING: [XSIM 43-4398] File "/wrk/ci/prod/2021.2/rdi_builds/continuous/2021_10_19_3367213/data/secureip/fe/fe_002.svp" Line 134226 : Function calls inside wait/event expression are sensitive to arguments only."cfg_beta_perm_r4()" is called without any argument which may not unblock the wait/event expression.
WARNING: [XSIM 43-4398] File "/wrk/ci/prod/2021.2/rdi_builds/continuous/2021_10_19_3367213/data/secureip/fe/fe_002.svp" Line 134226 : Function calls inside wait/event expression are sensitive to arguments only."cfg_beta_perm_r4()" is called without any argument which may not unblock the wait/event expression.
WARNING: [XSIM 43-4398] File "/wrk/ci/prod/2021.2/rdi_builds/continuous/2021_10_19_3367213/data/secureip/fe/fe_002.svp" Line 134226 : Function calls inside wait/event expression are sensitive to arguments only."cfg_beta_perm_r4()" is called without any argument which may not unblock the wait/event expression.
WARNING: [XSIM 43-4398] File "/wrk/ci/prod/2021.2/rdi_builds/continuous/2021_10_19_3367213/data/secureip/fe/fe_002.svp" Line 134226 : Function calls inside wait/event expression are sensitive to arguments only."cfg_beta_perm_r4()" is called without any argument which may not unblock the wait/event expression.
WARNING: [XSIM 43-4398] File "/wrk/ci/prod/2021.2/rdi_builds/continuous/2021_10_19_3367213/data/secureip/fe/fe_002.svp" Line 134226 : Function calls inside wait/event expression are sensitive to arguments only."cfg_beta_perm_r4()" is called without any argument which may not unblock the wait/event expression.
WARNING: [XSIM 43-4398] File "/wrk/ci/prod/2021.2/rdi_builds/continuous/2021_10_19_3367213/data/secureip/fe/fe_002.svp" Line 132100 : Function calls inside wait/event expression are sensitive to arguments only."cfg_tr_perm_r4()" is called without any argument which may not unblock the wait/event expression.
WARNING: [XSIM 43-4398] File "/wrk/ci/prod/2021.2/rdi_builds/continuous/2021_10_19_3367213/data/secureip/fe/fe_002.svp" Line 132101 : Function calls inside wait/event expression are sensitive to arguments only."cfg_llr_perm_r4()" is called without any argument which may not unblock the wait/event expression.
WARNING: [XSIM 43-4398] File "/wrk/ci/prod/2021.2/rdi_builds/continuous/2021_10_19_3367213/data/secureip/fe/fe_002.svp" Line 132102 : Function calls inside wait/event expression are sensitive to arguments only."cfg_sym_perm_r4()" is called without any argument which may not unblock the wait/event expression.
WARNING: [XSIM 43-4398] File "/wrk/ci/prod/2021.2/rdi_builds/continuous/2021_10_19_3367213/data/secureip/fe/fe_002.svp" Line 132137 : Function calls inside wait/event expression are sensitive to arguments only."cfg_tr_perm_sh_r4()" is called without any argument which may not unblock the wait/event expression.
WARNING: [XSIM 43-4398] File "/wrk/ci/prod/2021.2/rdi_builds/continuous/2021_10_19_3367213/data/secureip/fe/fe_002.svp" Line 132100 : Function calls inside wait/event expression are sensitive to arguments only."cfg_tr_perm_r4()" is called without any argument which may not unblock the wait/event expression.
WARNING: [XSIM 43-4398] File "/wrk/ci/prod/2021.2/rdi_builds/continuous/2021_10_19_3367213/data/secureip/fe/fe_002.svp" Line 132101 : Function calls inside wait/event expression are sensitive to arguments only."cfg_llr_perm_r4()" is called without any argument which may not unblock the wait/event expression.
WARNING: [XSIM 43-4398] File "/wrk/ci/prod/2021.2/rdi_builds/continuous/2021_10_19_3367213/data/secureip/fe/fe_002.svp" Line 132102 : Function calls inside wait/event expression are sensitive to arguments only."cfg_sym_perm_r4()" is called without any argument which may not unblock the wait/event expression.
WARNING: [XSIM 43-4398] File "/wrk/ci/prod/2021.2/rdi_builds/continuous/2021_10_19_3367213/data/secureip/fe/fe_002.svp" Line 132137 : Function calls inside wait/event expression are sensitive to arguments only."cfg_tr_perm_sh_r4()" is called without any argument which may not unblock the wait/event expression.
WARNING: [XSIM 43-4398] File "/wrk/ci/prod/2021.2/rdi_builds/continuous/2021_10_19_3367213/data/secureip/fe/fe_002.svp" Line 132100 : Function calls inside wait/event expression are sensitive to arguments only."cfg_tr_perm_r4()" is called without any argument which may not unblock the wait/event expression.
WARNING: [XSIM 43-4398] File "/wrk/ci/prod/2021.2/rdi_builds/continuous/2021_10_19_3367213/data/secureip/fe/fe_002.svp" Line 132101 : Function calls inside wait/event expression are sensitive to arguments only."cfg_llr_perm_r4()" is called without any argument which may not unblock the wait/event expression.
WARNING: [XSIM 43-4398] File "/wrk/ci/prod/2021.2/rdi_builds/continuous/2021_10_19_3367213/data/secureip/fe/fe_002.svp" Line 132102 : Function calls inside wait/event expression are sensitive to arguments only."cfg_sym_perm_r4()" is called without any argument which may not unblock the wait/event expression.
WARNING: [XSIM 43-4398] File "/wrk/ci/prod/2021.2/rdi_builds/continuous/2021_10_19_3367213/data/secureip/fe/fe_002.svp" Line 132137 : Function calls inside wait/event expression are sensitive to arguments only."cfg_tr_perm_sh_r4()" is called without any argument which may not unblock the wait/event expression.
WARNING: [XSIM 43-4398] File "/wrk/ci/prod/2021.2/rdi_builds/continuous/2021_10_19_3367213/data/secureip/fe/fe_002.svp" Line 132100 : Function calls inside wait/event expression are sensitive to arguments only."cfg_tr_perm_r4()" is called without any argument which may not unblock the wait/event expression.
WARNING: [XSIM 43-4398] File "/wrk/ci/prod/2021.2/rdi_builds/continuous/2021_10_19_3367213/data/secureip/fe/fe_002.svp" Line 132101 : Function calls inside wait/event expression are sensitive to arguments only."cfg_llr_perm_r4()" is called without any argument which may not unblock the wait/event expression.
WARNING: [XSIM 43-4398] File "/wrk/ci/prod/2021.2/rdi_builds/continuous/2021_10_19_3367213/data/secureip/fe/fe_002.svp" Line 132102 : Function calls inside wait/event expression are sensitive to arguments only."cfg_sym_perm_r4()" is called without any argument which may not unblock the wait/event expression.
WARNING: [XSIM 43-4398] File "/wrk/ci/prod/2021.2/rdi_builds/continuous/2021_10_19_3367213/data/secureip/fe/fe_002.svp" Line 132137 : Function calls inside wait/event expression are sensitive to arguments only."cfg_tr_perm_sh_r4()" is called without any argument which may not unblock the wait/event expression.
WARNING: [XSIM 43-4398] File "/wrk/ci/prod/2021.2/rdi_builds/continuous/2021_10_19_3367213/data/secureip/fe/fe_002.svp" Line 132100 : Function calls inside wait/event expression are sensitive to arguments only."cfg_tr_perm_r4()" is called without any argument which may not unblock the wait/event expression.
WARNING: [XSIM 43-4398] File "/wrk/ci/prod/2021.2/rdi_builds/continuous/2021_10_19_3367213/data/secureip/fe/fe_002.svp" Line 132101 : Function calls inside wait/event expression are sensitive to arguments only."cfg_llr_perm_r4()" is called without any argument which may not unblock the wait/event expression.
WARNING: [XSIM 43-4398] File "/wrk/ci/prod/2021.2/rdi_builds/continuous/2021_10_19_3367213/data/secureip/fe/fe_002.svp" Line 132102 : Function calls inside wait/event expression are sensitive to arguments only."cfg_sym_perm_r4()" is called without any argument which may not unblock the wait/event expression.
WARNING: [XSIM 43-4398] File "/wrk/ci/prod/2021.2/rdi_builds/continuous/2021_10_19_3367213/data/secureip/fe/fe_002.svp" Line 132137 : Function calls inside wait/event expression are sensitive to arguments only."cfg_tr_perm_sh_r4()" is called without any argument which may not unblock the wait/event expression.
WARNING: [XSIM 43-4398] File "/wrk/ci/prod/2021.2/rdi_builds/continuous/2021_10_19_3367213/data/secureip/fe/fe_002.svp" Line 132100 : Function calls inside wait/event expression are sensitive to arguments only."cfg_tr_perm_r4()" is called without any argument which may not unblock the wait/event expression.
WARNING: [XSIM 43-4398] File "/wrk/ci/prod/2021.2/rdi_builds/continuous/2021_10_19_3367213/data/secureip/fe/fe_002.svp" Line 132101 : Function calls inside wait/event expression are sensitive to arguments only."cfg_llr_perm_r4()" is called without any argument which may not unblock the wait/event expression.
WARNING: [XSIM 43-4398] File "/wrk/ci/prod/2021.2/rdi_builds/continuous/2021_10_19_3367213/data/secureip/fe/fe_002.svp" Line 132102 : Function calls inside wait/event expression are sensitive to arguments only."cfg_sym_perm_r4()" is called without any argument which may not unblock the wait/event expression.
WARNING: [XSIM 43-4398] File "/wrk/ci/prod/2021.2/rdi_builds/continuous/2021_10_19_3367213/data/secureip/fe/fe_002.svp" Line 132137 : Function calls inside wait/event expression are sensitive to arguments only."cfg_tr_perm_sh_r4()" is called without any argument which may not unblock the wait/event expression.
WARNING: [XSIM 43-4398] File "/wrk/ci/prod/2021.2/rdi_builds/continuous/2021_10_19_3367213/data/secureip/fe/fe_002.svp" Line 132100 : Function calls inside wait/event expression are sensitive to arguments only."cfg_tr_perm_r4()" is called without any argument which may not unblock the wait/event expression.
WARNING: [XSIM 43-4398] File "/wrk/ci/prod/2021.2/rdi_builds/continuous/2021_10_19_3367213/data/secureip/fe/fe_002.svp" Line 132101 : Function calls inside wait/event expression are sensitive to arguments only."cfg_llr_perm_r4()" is called without any argument which may not unblock the wait/event expression.
WARNING: [XSIM 43-4398] File "/wrk/ci/prod/2021.2/rdi_builds/continuous/2021_10_19_3367213/data/secureip/fe/fe_002.svp" Line 132102 : Function calls inside wait/event expression are sensitive to arguments only."cfg_sym_perm_r4()" is called without any argument which may not unblock the wait/event expression.
WARNING: [XSIM 43-4398] File "/wrk/ci/prod/2021.2/rdi_builds/continuous/2021_10_19_3367213/data/secureip/fe/fe_002.svp" Line 132137 : Function calls inside wait/event expression are sensitive to arguments only."cfg_tr_perm_sh_r4()" is called without any argument which may not unblock the wait/event expression.
WARNING: [XSIM 43-4398] File "/wrk/ci/prod/2021.2/rdi_builds/continuous/2021_10_19_3367213/data/secureip/fe/fe_002.svp" Line 132100 : Function calls inside wait/event expression are sensitive to arguments only."cfg_tr_perm_r4()" is called without any argument which may not unblock the wait/event expression.
WARNING: [XSIM 43-4398] File "/wrk/ci/prod/2021.2/rdi_builds/continuous/2021_10_19_3367213/data/secureip/fe/fe_002.svp" Line 132101 : Function calls inside wait/event expression are sensitive to arguments only."cfg_llr_perm_r4()" is called without any argument which may not unblock the wait/event expression.
WARNING: [XSIM 43-4398] File "/wrk/ci/prod/2021.2/rdi_builds/continuous/2021_10_19_3367213/data/secureip/fe/fe_002.svp" Line 132102 : Function calls inside wait/event expression are sensitive to arguments only."cfg_sym_perm_r4()" is called without any argument which may not unblock the wait/event expression.
WARNING: [XSIM 43-4398] File "/wrk/ci/prod/2021.2/rdi_builds/continuous/2021_10_19_3367213/data/secureip/fe/fe_002.svp" Line 132137 : Function calls inside wait/event expression are sensitive to arguments only."cfg_tr_perm_sh_r4()" is called without any argument which may not unblock the wait/event expression.
WARNING: [XSIM 43-4398] File "/wrk/ci/prod/2021.2/rdi_builds/continuous/2021_10_19_3367213/data/secureip/fe/fe_002.svp" Line 132100 : Function calls inside wait/event expression are sensitive to arguments only."cfg_tr_perm_r4()" is called without any argument which may not unblock the wait/event expression.
WARNING: [XSIM 43-4398] File "/wrk/ci/prod/2021.2/rdi_builds/continuous/2021_10_19_3367213/data/secureip/fe/fe_002.svp" Line 132101 : Function calls inside wait/event expression are sensitive to arguments only."cfg_llr_perm_r4()" is called without any argument which may not unblock the wait/event expression.
WARNING: [XSIM 43-4398] File "/wrk/ci/prod/2021.2/rdi_builds/continuous/2021_10_19_3367213/data/secureip/fe/fe_002.svp" Line 132102 : Function calls inside wait/event expression are sensitive to arguments only."cfg_sym_perm_r4()" is called without any argument which may not unblock the wait/event expression.
WARNING: [XSIM 43-4398] File "/wrk/ci/prod/2021.2/rdi_builds/continuous/2021_10_19_3367213/data/secureip/fe/fe_002.svp" Line 132137 : Function calls inside wait/event expression are sensitive to arguments only."cfg_tr_perm_sh_r4()" is called without any argument which may not unblock the wait/event expression.
WARNING: [XSIM 43-4398] File "/wrk/ci/prod/2021.2/rdi_builds/continuous/2021_10_19_3367213/data/secureip/fe/fe_002.svp" Line 132100 : Function calls inside wait/event expression are sensitive to arguments only."cfg_tr_perm_r4()" is called without any argument which may not unblock the wait/event expression.
WARNING: [XSIM 43-4398] File "/wrk/ci/prod/2021.2/rdi_builds/continuous/2021_10_19_3367213/data/secureip/fe/fe_002.svp" Line 132101 : Function calls inside wait/event expression are sensitive to arguments only."cfg_llr_perm_r4()" is called without any argument which may not unblock the wait/event expression.
WARNING: [XSIM 43-4398] File "/wrk/ci/prod/2021.2/rdi_builds/continuous/2021_10_19_3367213/data/secureip/fe/fe_002.svp" Line 132102 : Function calls inside wait/event expression are sensitive to arguments only."cfg_sym_perm_r4()" is called without any argument which may not unblock the wait/event expression.
WARNING: [XSIM 43-4398] File "/wrk/ci/prod/2021.2/rdi_builds/continuous/2021_10_19_3367213/data/secureip/fe/fe_002.svp" Line 132137 : Function calls inside wait/event expression are sensitive to arguments only."cfg_tr_perm_sh_r4()" is called without any argument which may not unblock the wait/event expression.
WARNING: [XSIM 43-4398] File "/wrk/ci/prod/2021.2/rdi_builds/continuous/2021_10_19_3367213/data/secureip/fe/fe_002.svp" Line 132100 : Function calls inside wait/event expression are sensitive to arguments only."cfg_tr_perm_r4()" is called without any argument which may not unblock the wait/event expression.
WARNING: [XSIM 43-4398] File "/wrk/ci/prod/2021.2/rdi_builds/continuous/2021_10_19_3367213/data/secureip/fe/fe_002.svp" Line 132101 : Function calls inside wait/event expression are sensitive to arguments only."cfg_llr_perm_r4()" is called without any argument which may not unblock the wait/event expression.
WARNING: [XSIM 43-4398] File "/wrk/ci/prod/2021.2/rdi_builds/continuous/2021_10_19_3367213/data/secureip/fe/fe_002.svp" Line 132102 : Function calls inside wait/event expression are sensitive to arguments only."cfg_sym_perm_r4()" is called without any argument which may not unblock the wait/event expression.
WARNING: [XSIM 43-4398] File "/wrk/ci/prod/2021.2/rdi_builds/continuous/2021_10_19_3367213/data/secureip/fe/fe_002.svp" Line 132137 : Function calls inside wait/event expression are sensitive to arguments only."cfg_tr_perm_sh_r4()" is called without any argument which may not unblock the wait/event expression.
WARNING: [XSIM 43-4398] File "/wrk/ci/prod/2021.2/rdi_builds/continuous/2021_10_19_3367213/data/secureip/fe/fe_002.svp" Line 132100 : Function calls inside wait/event expression are sensitive to arguments only."cfg_tr_perm_r4()" is called without any argument which may not unblock the wait/event expression.
WARNING: [XSIM 43-4398] File "/wrk/ci/prod/2021.2/rdi_builds/continuous/2021_10_19_3367213/data/secureip/fe/fe_002.svp" Line 132101 : Function calls inside wait/event expression are sensitive to arguments only."cfg_llr_perm_r4()" is called without any argument which may not unblock the wait/event expression.
WARNING: [XSIM 43-4398] File "/wrk/ci/prod/2021.2/rdi_builds/continuous/2021_10_19_3367213/data/secureip/fe/fe_002.svp" Line 132102 : Function calls inside wait/event expression are sensitive to arguments only."cfg_sym_perm_r4()" is called without any argument which may not unblock the wait/event expression.
WARNING: [XSIM 43-4398] File "/wrk/ci/prod/2021.2/rdi_builds/continuous/2021_10_19_3367213/data/secureip/fe/fe_002.svp" Line 132137 : Function calls inside wait/event expression are sensitive to arguments only."cfg_tr_perm_sh_r4()" is called without any argument which may not unblock the wait/event expression.
WARNING: [XSIM 43-4398] File "/wrk/ci/prod/2021.2/rdi_builds/continuous/2021_10_19_3367213/data/secureip/fe/fe_002.svp" Line 132100 : Function calls inside wait/event expression are sensitive to arguments only."cfg_tr_perm_r4()" is called without any argument which may not unblock the wait/event expression.
WARNING: [XSIM 43-4398] File "/wrk/ci/prod/2021.2/rdi_builds/continuous/2021_10_19_3367213/data/secureip/fe/fe_002.svp" Line 132101 : Function calls inside wait/event expression are sensitive to arguments only."cfg_llr_perm_r4()" is called without any argument which may not unblock the wait/event expression.
WARNING: [XSIM 43-4398] File "/wrk/ci/prod/2021.2/rdi_builds/continuous/2021_10_19_3367213/data/secureip/fe/fe_002.svp" Line 132102 : Function calls inside wait/event expression are sensitive to arguments only."cfg_sym_perm_r4()" is called without any argument which may not unblock the wait/event expression.
WARNING: [XSIM 43-4398] File "/wrk/ci/prod/2021.2/rdi_builds/continuous/2021_10_19_3367213/data/secureip/fe/fe_002.svp" Line 132137 : Function calls inside wait/event expression are sensitive to arguments only."cfg_tr_perm_sh_r4()" is called without any argument which may not unblock the wait/event expression.
WARNING: [XSIM 43-4398] File "/wrk/ci/prod/2021.2/rdi_builds/continuous/2021_10_19_3367213/data/secureip/fe/fe_002.svp" Line 132100 : Function calls inside wait/event expression are sensitive to arguments only."cfg_tr_perm_r4()" is called without any argument which may not unblock the wait/event expression.
WARNING: [XSIM 43-4398] File "/wrk/ci/prod/2021.2/rdi_builds/continuous/2021_10_19_3367213/data/secureip/fe/fe_002.svp" Line 132101 : Function calls inside wait/event expression are sensitive to arguments only."cfg_llr_perm_r4()" is called without any argument which may not unblock the wait/event expression.
WARNING: [XSIM 43-4398] File "/wrk/ci/prod/2021.2/rdi_builds/continuous/2021_10_19_3367213/data/secureip/fe/fe_002.svp" Line 132102 : Function calls inside wait/event expression are sensitive to arguments only."cfg_sym_perm_r4()" is called without any argument which may not unblock the wait/event expression.
WARNING: [XSIM 43-4398] File "/wrk/ci/prod/2021.2/rdi_builds/continuous/2021_10_19_3367213/data/secureip/fe/fe_002.svp" Line 132137 : Function calls inside wait/event expression are sensitive to arguments only."cfg_tr_perm_sh_r4()" is called without any argument which may not unblock the wait/event expression.
WARNING: [XSIM 43-4398] File "/wrk/ci/prod/2021.2/rdi_builds/continuous/2021_10_19_3367213/data/secureip/fe/fe_002.svp" Line 132100 : Function calls inside wait/event expression are sensitive to arguments only."cfg_tr_perm_r4()" is called without any argument which may not unblock the wait/event expression.
WARNING: [XSIM 43-4398] File "/wrk/ci/prod/2021.2/rdi_builds/continuous/2021_10_19_3367213/data/secureip/fe/fe_002.svp" Line 132101 : Function calls inside wait/event expression are sensitive to arguments only."cfg_llr_perm_r4()" is called without any argument which may not unblock the wait/event expression.
WARNING: [XSIM 43-4398] File "/wrk/ci/prod/2021.2/rdi_builds/continuous/2021_10_19_3367213/data/secureip/fe/fe_002.svp" Line 132102 : Function calls inside wait/event expression are sensitive to arguments only."cfg_sym_perm_r4()" is called without any argument which may not unblock the wait/event expression.
WARNING: [XSIM 43-4398] File "/wrk/ci/prod/2021.2/rdi_builds/continuous/2021_10_19_3367213/data/secureip/fe/fe_002.svp" Line 132137 : Function calls inside wait/event expression are sensitive to arguments only."cfg_tr_perm_sh_r4()" is called without any argument which may not unblock the wait/event expression.
WARNING: [XSIM 43-4398] File "/wrk/ci/prod/2021.2/rdi_builds/continuous/2021_10_19_3367213/data/secureip/fe/fe_002.svp" Line 132100 : Function calls inside wait/event expression are sensitive to arguments only."cfg_tr_perm_r4()" is called without any argument which may not unblock the wait/event expression.
WARNING: [XSIM 43-4398] File "/wrk/ci/prod/2021.2/rdi_builds/continuous/2021_10_19_3367213/data/secureip/fe/fe_002.svp" Line 132101 : Function calls inside wait/event expression are sensitive to arguments only."cfg_llr_perm_r4()" is called without any argument which may not unblock the wait/event expression.
WARNING: [XSIM 43-4398] File "/wrk/ci/prod/2021.2/rdi_builds/continuous/2021_10_19_3367213/data/secureip/fe/fe_002.svp" Line 132102 : Function calls inside wait/event expression are sensitive to arguments only."cfg_sym_perm_r4()" is called without any argument which may not unblock the wait/event expression.
WARNING: [XSIM 43-4398] File "/wrk/ci/prod/2021.2/rdi_builds/continuous/2021_10_19_3367213/data/secureip/fe/fe_002.svp" Line 132137 : Function calls inside wait/event expression are sensitive to arguments only."cfg_tr_perm_sh_r4()" is called without any argument which may not unblock the wait/event expression.
WARNING: [XSIM 43-4398] File "/wrk/ci/prod/2021.2/rdi_builds/continuous/2021_10_19_3367213/data/secureip/fe/fe_002.svp" Line 134806 : Function calls inside wait/event expression are sensitive to arguments only."crc24b_par4_mask()" is called without any argument which may not unblock the wait/event expression.
WARNING: [XSIM 43-4398] File "/wrk/ci/prod/2021.2/rdi_builds/continuous/2021_10_19_3367213/data/secureip/fe/fe_002.svp" Line 134806 : Function calls inside wait/event expression are sensitive to arguments only."crc24a_par4_mask()" is called without any argument which may not unblock the wait/event expression.
WARNING: [XSIM 43-4398] File "/wrk/ci/prod/2021.2/rdi_builds/continuous/2021_10_19_3367213/data/secureip/fe/fe_002.svp" Line 134807 : Function calls inside wait/event expression are sensitive to arguments only."crc24b_par2_mask()" is called without any argument which may not unblock the wait/event expression.
WARNING: [XSIM 43-4398] File "/wrk/ci/prod/2021.2/rdi_builds/continuous/2021_10_19_3367213/data/secureip/fe/fe_002.svp" Line 134807 : Function calls inside wait/event expression are sensitive to arguments only."crc24a_par2_mask()" is called without any argument which may not unblock the wait/event expression.
WARNING: [XSIM 43-4398] File "/wrk/ci/prod/2021.2/rdi_builds/continuous/2021_10_19_3367213/data/secureip/fe/fe_002.svp" Line 134808 : Function calls inside wait/event expression are sensitive to arguments only."crc24b_adv()" is called without any argument which may not unblock the wait/event expression.
WARNING: [XSIM 43-4398] File "/wrk/ci/prod/2021.2/rdi_builds/continuous/2021_10_19_3367213/data/secureip/fe/fe_002.svp" Line 134808 : Function calls inside wait/event expression are sensitive to arguments only."crc24a_adv()" is called without any argument which may not unblock the wait/event expression.
WARNING: [XSIM 43-4398] File "/wrk/ci/prod/2021.2/rdi_builds/continuous/2021_10_19_3367213/data/secureip/fe/fe_002.svp" Line 134969 : Function calls inside wait/event expression are sensitive to arguments only."crc24b_adv()" is called without any argument which may not unblock the wait/event expression.
WARNING: [XSIM 43-4398] File "/wrk/ci/prod/2021.2/rdi_builds/continuous/2021_10_19_3367213/data/secureip/fe/fe_002.svp" Line 134969 : Function calls inside wait/event expression are sensitive to arguments only."crc24a_adv()" is called without any argument which may not unblock the wait/event expression.
WARNING: [XSIM 43-4398] File "/wrk/ci/prod/2021.2/rdi_builds/continuous/2021_10_19_3367213/data/secureip/fe/fe_002.svp" Line 127127 : Function calls inside wait/event expression are sensitive to arguments only."init_alpha()" is called without any argument which may not unblock the wait/event expression.
WARNING: [XSIM 43-4398] File "/wrk/ci/prod/2021.2/rdi_builds/continuous/2021_10_19_3367213/data/secureip/fe/fe_002.svp" Line 131216 : Function calls inside wait/event expression are sensitive to arguments only."cfg_bm_perm_r4()" is called without any argument which may not unblock the wait/event expression.
WARNING: [XSIM 43-4398] File "/wrk/ci/prod/2021.2/rdi_builds/continuous/2021_10_19_3367213/data/secureip/fe/fe_002.svp" Line 131216 : Function calls inside wait/event expression are sensitive to arguments only."cfg_bm_perm_r4()" is called without any argument which may not unblock the wait/event expression.
WARNING: [XSIM 43-4398] File "/wrk/ci/prod/2021.2/rdi_builds/continuous/2021_10_19_3367213/data/secureip/fe/fe_002.svp" Line 131216 : Function calls inside wait/event expression are sensitive to arguments only."cfg_bm_perm_r4()" is called without any argument which may not unblock the wait/event expression.
WARNING: [XSIM 43-4398] File "/wrk/ci/prod/2021.2/rdi_builds/continuous/2021_10_19_3367213/data/secureip/fe/fe_002.svp" Line 131216 : Function calls inside wait/event expression are sensitive to arguments only."cfg_bm_perm_r4()" is called without any argument which may not unblock the wait/event expression.
WARNING: [XSIM 43-4398] File "/wrk/ci/prod/2021.2/rdi_builds/continuous/2021_10_19_3367213/data/secureip/fe/fe_002.svp" Line 131216 : Function calls inside wait/event expression are sensitive to arguments only."cfg_bm_perm_r4()" is called without any argument which may not unblock the wait/event expression.
WARNING: [XSIM 43-4398] File "/wrk/ci/prod/2021.2/rdi_builds/continuous/2021_10_19_3367213/data/secureip/fe/fe_002.svp" Line 131216 : Function calls inside wait/event expression are sensitive to arguments only."cfg_bm_perm_r4()" is called without any argument which may not unblock the wait/event expression.
WARNING: [XSIM 43-4398] File "/wrk/ci/prod/2021.2/rdi_builds/continuous/2021_10_19_3367213/data/secureip/fe/fe_002.svp" Line 131216 : Function calls inside wait/event expression are sensitive to arguments only."cfg_bm_perm_r4()" is called without any argument which may not unblock the wait/event expression.
WARNING: [XSIM 43-4398] File "/wrk/ci/prod/2021.2/rdi_builds/continuous/2021_10_19_3367213/data/secureip/fe/fe_002.svp" Line 131216 : Function calls inside wait/event expression are sensitive to arguments only."cfg_bm_perm_r4()" is called without any argument which may not unblock the wait/event expression.
WARNING: [XSIM 43-4398] File "/wrk/ci/prod/2021.2/rdi_builds/continuous/2021_10_19_3367213/data/secureip/fe/fe_002.svp" Line 131216 : Function calls inside wait/event expression are sensitive to arguments only."cfg_bm_perm_r4()" is called without any argument which may not unblock the wait/event expression.
WARNING: [XSIM 43-4398] File "/wrk/ci/prod/2021.2/rdi_builds/continuous/2021_10_19_3367213/data/secureip/fe/fe_002.svp" Line 131216 : Function calls inside wait/event expression are sensitive to arguments only."cfg_bm_perm_r4()" is called without any argument which may not unblock the wait/event expression.
WARNING: [XSIM 43-4398] File "/wrk/ci/prod/2021.2/rdi_builds/continuous/2021_10_19_3367213/data/secureip/fe/fe_002.svp" Line 131216 : Function calls inside wait/event expression are sensitive to arguments only."cfg_bm_perm_r4()" is called without any argument which may not unblock the wait/event expression.
WARNING: [XSIM 43-4398] File "/wrk/ci/prod/2021.2/rdi_builds/continuous/2021_10_19_3367213/data/secureip/fe/fe_002.svp" Line 131216 : Function calls inside wait/event expression are sensitive to arguments only."cfg_bm_perm_r4()" is called without any argument which may not unblock the wait/event expression.
WARNING: [XSIM 43-4398] File "/wrk/ci/prod/2021.2/rdi_builds/continuous/2021_10_19_3367213/data/secureip/fe/fe_002.svp" Line 131216 : Function calls inside wait/event expression are sensitive to arguments only."cfg_bm_perm_r4()" is called without any argument which may not unblock the wait/event expression.
WARNING: [XSIM 43-4398] File "/wrk/ci/prod/2021.2/rdi_builds/continuous/2021_10_19_3367213/data/secureip/fe/fe_002.svp" Line 131216 : Function calls inside wait/event expression are sensitive to arguments only."cfg_bm_perm_r4()" is called without any argument which may not unblock the wait/event expression.
WARNING: [XSIM 43-4398] File "/wrk/ci/prod/2021.2/rdi_builds/continuous/2021_10_19_3367213/data/secureip/fe/fe_002.svp" Line 131216 : Function calls inside wait/event expression are sensitive to arguments only."cfg_bm_perm_r4()" is called without any argument which may not unblock the wait/event expression.
WARNING: [XSIM 43-4398] File "/wrk/ci/prod/2021.2/rdi_builds/continuous/2021_10_19_3367213/data/secureip/fe/fe_002.svp" Line 131216 : Function calls inside wait/event expression are sensitive to arguments only."cfg_bm_perm_r4()" is called without any argument which may not unblock the wait/event expression.
WARNING: [XSIM 43-4398] File "/wrk/ci/prod/2021.2/rdi_builds/continuous/2021_10_19_3367213/data/secureip/fe/fe_002.svp" Line 134226 : Function calls inside wait/event expression are sensitive to arguments only."cfg_alpha_perm_r4()" is called without any argument which may not unblock the wait/event expression.
WARNING: [XSIM 43-4398] File "/wrk/ci/prod/2021.2/rdi_builds/continuous/2021_10_19_3367213/data/secureip/fe/fe_002.svp" Line 134226 : Function calls inside wait/event expression are sensitive to arguments only."cfg_alpha_perm_r4()" is called without any argument which may not unblock the wait/event expression.
WARNING: [XSIM 43-4398] File "/wrk/ci/prod/2021.2/rdi_builds/continuous/2021_10_19_3367213/data/secureip/fe/fe_002.svp" Line 134226 : Function calls inside wait/event expression are sensitive to arguments only."cfg_alpha_perm_r4()" is called without any argument which may not unblock the wait/event expression.
WARNING: [XSIM 43-4398] File "/wrk/ci/prod/2021.2/rdi_builds/continuous/2021_10_19_3367213/data/secureip/fe/fe_002.svp" Line 134226 : Function calls inside wait/event expression are sensitive to arguments only."cfg_alpha_perm_r4()" is called without any argument which may not unblock the wait/event expression.
WARNING: [XSIM 43-4398] File "/wrk/ci/prod/2021.2/rdi_builds/continuous/2021_10_19_3367213/data/secureip/fe/fe_002.svp" Line 134226 : Function calls inside wait/event expression are sensitive to arguments only."cfg_alpha_perm_r4()" is called without any argument which may not unblock the wait/event expression.
WARNING: [XSIM 43-4398] File "/wrk/ci/prod/2021.2/rdi_builds/continuous/2021_10_19_3367213/data/secureip/fe/fe_002.svp" Line 134226 : Function calls inside wait/event expression are sensitive to arguments only."cfg_alpha_perm_r4()" is called without any argument which may not unblock the wait/event expression.
WARNING: [XSIM 43-4398] File "/wrk/ci/prod/2021.2/rdi_builds/continuous/2021_10_19_3367213/data/secureip/fe/fe_002.svp" Line 134226 : Function calls inside wait/event expression are sensitive to arguments only."cfg_alpha_perm_r4()" is called without any argument which may not unblock the wait/event expression.
WARNING: [XSIM 43-4398] File "/wrk/ci/prod/2021.2/rdi_builds/continuous/2021_10_19_3367213/data/secureip/fe/fe_002.svp" Line 134226 : Function calls inside wait/event expression are sensitive to arguments only."cfg_alpha_perm_r4()" is called without any argument which may not unblock the wait/event expression.
WARNING: [XSIM 43-4398] File "/wrk/ci/prod/2021.2/rdi_builds/continuous/2021_10_19_3367213/data/secureip/fe/fe_002.svp" Line 134226 : Function calls inside wait/event expression are sensitive to arguments only."cfg_alpha_perm_r4()" is called without any argument which may not unblock the wait/event expression.
WARNING: [XSIM 43-4398] File "/wrk/ci/prod/2021.2/rdi_builds/continuous/2021_10_19_3367213/data/secureip/fe/fe_002.svp" Line 134226 : Function calls inside wait/event expression are sensitive to arguments only."cfg_alpha_perm_r4()" is called without any argument which may not unblock the wait/event expression.
WARNING: [XSIM 43-4398] File "/wrk/ci/prod/2021.2/rdi_builds/continuous/2021_10_19_3367213/data/secureip/fe/fe_002.svp" Line 134226 : Function calls inside wait/event expression are sensitive to arguments only."cfg_alpha_perm_r4()" is called without any argument which may not unblock the wait/event expression.
WARNING: [XSIM 43-4398] File "/wrk/ci/prod/2021.2/rdi_builds/continuous/2021_10_19_3367213/data/secureip/fe/fe_002.svp" Line 134226 : Function calls inside wait/event expression are sensitive to arguments only."cfg_alpha_perm_r4()" is called without any argument which may not unblock the wait/event expression.
WARNING: [XSIM 43-4398] File "/wrk/ci/prod/2021.2/rdi_builds/continuous/2021_10_19_3367213/data/secureip/fe/fe_002.svp" Line 134226 : Function calls inside wait/event expression are sensitive to arguments only."cfg_alpha_perm_r4()" is called without any argument which may not unblock the wait/event expression.
WARNING: [XSIM 43-4398] File "/wrk/ci/prod/2021.2/rdi_builds/continuous/2021_10_19_3367213/data/secureip/fe/fe_002.svp" Line 134226 : Function calls inside wait/event expression are sensitive to arguments only."cfg_alpha_perm_r4()" is called without any argument which may not unblock the wait/event expression.
WARNING: [XSIM 43-4398] File "/wrk/ci/prod/2021.2/rdi_builds/continuous/2021_10_19_3367213/data/secureip/fe/fe_002.svp" Line 134226 : Function calls inside wait/event expression are sensitive to arguments only."cfg_alpha_perm_r4()" is called without any argument which may not unblock the wait/event expression.
WARNING: [XSIM 43-4398] File "/wrk/ci/prod/2021.2/rdi_builds/continuous/2021_10_19_3367213/data/secureip/fe/fe_002.svp" Line 134226 : Function calls inside wait/event expression are sensitive to arguments only."cfg_alpha_perm_r4()" is called without any argument which may not unblock the wait/event expression.
WARNING: [XSIM 43-4398] File "/wrk/ci/prod/2021.2/rdi_builds/continuous/2021_10_19_3367213/data/secureip/fe/fe_002.svp" Line 131216 : Function calls inside wait/event expression are sensitive to arguments only."cfg_bm_perm_r4()" is called without any argument which may not unblock the wait/event expression.
WARNING: [XSIM 43-4398] File "/wrk/ci/prod/2021.2/rdi_builds/continuous/2021_10_19_3367213/data/secureip/fe/fe_002.svp" Line 131216 : Function calls inside wait/event expression are sensitive to arguments only."cfg_bm_perm_r4()" is called without any argument which may not unblock the wait/event expression.
WARNING: [XSIM 43-4398] File "/wrk/ci/prod/2021.2/rdi_builds/continuous/2021_10_19_3367213/data/secureip/fe/fe_002.svp" Line 131216 : Function calls inside wait/event expression are sensitive to arguments only."cfg_bm_perm_r4()" is called without any argument which may not unblock the wait/event expression.
WARNING: [XSIM 43-4398] File "/wrk/ci/prod/2021.2/rdi_builds/continuous/2021_10_19_3367213/data/secureip/fe/fe_002.svp" Line 131216 : Function calls inside wait/event expression are sensitive to arguments only."cfg_bm_perm_r4()" is called without any argument which may not unblock the wait/event expression.
WARNING: [XSIM 43-4398] File "/wrk/ci/prod/2021.2/rdi_builds/continuous/2021_10_19_3367213/data/secureip/fe/fe_002.svp" Line 131216 : Function calls inside wait/event expression are sensitive to arguments only."cfg_bm_perm_r4()" is called without any argument which may not unblock the wait/event expression.
WARNING: [XSIM 43-4398] File "/wrk/ci/prod/2021.2/rdi_builds/continuous/2021_10_19_3367213/data/secureip/fe/fe_002.svp" Line 131216 : Function calls inside wait/event expression are sensitive to arguments only."cfg_bm_perm_r4()" is called without any argument which may not unblock the wait/event expression.
WARNING: [XSIM 43-4398] File "/wrk/ci/prod/2021.2/rdi_builds/continuous/2021_10_19_3367213/data/secureip/fe/fe_002.svp" Line 131216 : Function calls inside wait/event expression are sensitive to arguments only."cfg_bm_perm_r4()" is called without any argument which may not unblock the wait/event expression.
WARNING: [XSIM 43-4398] File "/wrk/ci/prod/2021.2/rdi_builds/continuous/2021_10_19_3367213/data/secureip/fe/fe_002.svp" Line 131216 : Function calls inside wait/event expression are sensitive to arguments only."cfg_bm_perm_r4()" is called without any argument which may not unblock the wait/event expression.
WARNING: [XSIM 43-4398] File "/wrk/ci/prod/2021.2/rdi_builds/continuous/2021_10_19_3367213/data/secureip/fe/fe_002.svp" Line 131216 : Function calls inside wait/event expression are sensitive to arguments only."cfg_bm_perm_r4()" is called without any argument which may not unblock the wait/event expression.
WARNING: [XSIM 43-4398] File "/wrk/ci/prod/2021.2/rdi_builds/continuous/2021_10_19_3367213/data/secureip/fe/fe_002.svp" Line 131216 : Function calls inside wait/event expression are sensitive to arguments only."cfg_bm_perm_r4()" is called without any argument which may not unblock the wait/event expression.
WARNING: [XSIM 43-4398] File "/wrk/ci/prod/2021.2/rdi_builds/continuous/2021_10_19_3367213/data/secureip/fe/fe_002.svp" Line 131216 : Function calls inside wait/event expression are sensitive to arguments only."cfg_bm_perm_r4()" is called without any argument which may not unblock the wait/event expression.
WARNING: [XSIM 43-4398] File "/wrk/ci/prod/2021.2/rdi_builds/continuous/2021_10_19_3367213/data/secureip/fe/fe_002.svp" Line 131216 : Function calls inside wait/event expression are sensitive to arguments only."cfg_bm_perm_r4()" is called without any argument which may not unblock the wait/event expression.
WARNING: [XSIM 43-4398] File "/wrk/ci/prod/2021.2/rdi_builds/continuous/2021_10_19_3367213/data/secureip/fe/fe_002.svp" Line 131216 : Function calls inside wait/event expression are sensitive to arguments only."cfg_bm_perm_r4()" is called without any argument which may not unblock the wait/event expression.
WARNING: [XSIM 43-4398] File "/wrk/ci/prod/2021.2/rdi_builds/continuous/2021_10_19_3367213/data/secureip/fe/fe_002.svp" Line 131216 : Function calls inside wait/event expression are sensitive to arguments only."cfg_bm_perm_r4()" is called without any argument which may not unblock the wait/event expression.
WARNING: [XSIM 43-4398] File "/wrk/ci/prod/2021.2/rdi_builds/continuous/2021_10_19_3367213/data/secureip/fe/fe_002.svp" Line 131216 : Function calls inside wait/event expression are sensitive to arguments only."cfg_bm_perm_r4()" is called without any argument which may not unblock the wait/event expression.
WARNING: [XSIM 43-4398] File "/wrk/ci/prod/2021.2/rdi_builds/continuous/2021_10_19_3367213/data/secureip/fe/fe_002.svp" Line 131216 : Function calls inside wait/event expression are sensitive to arguments only."cfg_bm_perm_r4()" is called without any argument which may not unblock the wait/event expression.
WARNING: [XSIM 43-4398] File "/wrk/ci/prod/2021.2/rdi_builds/continuous/2021_10_19_3367213/data/secureip/fe/fe_002.svp" Line 129263 : Function calls inside wait/event expression are sensitive to arguments only."cfg_bi_perm_r4()" is called without any argument which may not unblock the wait/event expression.
WARNING: [XSIM 43-4398] File "/wrk/ci/prod/2021.2/rdi_builds/continuous/2021_10_19_3367213/data/secureip/fe/fe_002.svp" Line 134226 : Function calls inside wait/event expression are sensitive to arguments only."cfg_beta_perm_r4()" is called without any argument which may not unblock the wait/event expression.
WARNING: [XSIM 43-4398] File "/wrk/ci/prod/2021.2/rdi_builds/continuous/2021_10_19_3367213/data/secureip/fe/fe_002.svp" Line 134226 : Function calls inside wait/event expression are sensitive to arguments only."cfg_beta_perm_r4()" is called without any argument which may not unblock the wait/event expression.
WARNING: [XSIM 43-4398] File "/wrk/ci/prod/2021.2/rdi_builds/continuous/2021_10_19_3367213/data/secureip/fe/fe_002.svp" Line 134226 : Function calls inside wait/event expression are sensitive to arguments only."cfg_beta_perm_r4()" is called without any argument which may not unblock the wait/event expression.
WARNING: [XSIM 43-4398] File "/wrk/ci/prod/2021.2/rdi_builds/continuous/2021_10_19_3367213/data/secureip/fe/fe_002.svp" Line 134226 : Function calls inside wait/event expression are sensitive to arguments only."cfg_beta_perm_r4()" is called without any argument which may not unblock the wait/event expression.
WARNING: [XSIM 43-4398] File "/wrk/ci/prod/2021.2/rdi_builds/continuous/2021_10_19_3367213/data/secureip/fe/fe_002.svp" Line 134226 : Function calls inside wait/event expression are sensitive to arguments only."cfg_beta_perm_r4()" is called without any argument which may not unblock the wait/event expression.
WARNING: [XSIM 43-4398] File "/wrk/ci/prod/2021.2/rdi_builds/continuous/2021_10_19_3367213/data/secureip/fe/fe_002.svp" Line 134226 : Function calls inside wait/event expression are sensitive to arguments only."cfg_beta_perm_r4()" is called without any argument which may not unblock the wait/event expression.
WARNING: [XSIM 43-4398] File "/wrk/ci/prod/2021.2/rdi_builds/continuous/2021_10_19_3367213/data/secureip/fe/fe_002.svp" Line 134226 : Function calls inside wait/event expression are sensitive to arguments only."cfg_beta_perm_r4()" is called without any argument which may not unblock the wait/event expression.
WARNING: [XSIM 43-4398] File "/wrk/ci/prod/2021.2/rdi_builds/continuous/2021_10_19_3367213/data/secureip/fe/fe_002.svp" Line 134226 : Function calls inside wait/event expression are sensitive to arguments only."cfg_beta_perm_r4()" is called without any argument which may not unblock the wait/event expression.
WARNING: [XSIM 43-4398] File "/wrk/ci/prod/2021.2/rdi_builds/continuous/2021_10_19_3367213/data/secureip/fe/fe_002.svp" Line 134226 : Function calls inside wait/event expression are sensitive to arguments only."cfg_beta_perm_r4()" is called without any argument which may not unblock the wait/event expression.
WARNING: [XSIM 43-4398] File "/wrk/ci/prod/2021.2/rdi_builds/continuous/2021_10_19_3367213/data/secureip/fe/fe_002.svp" Line 134226 : Function calls inside wait/event expression are sensitive to arguments only."cfg_beta_perm_r4()" is called without any argument which may not unblock the wait/event expression.
WARNING: [XSIM 43-4398] File "/wrk/ci/prod/2021.2/rdi_builds/continuous/2021_10_19_3367213/data/secureip/fe/fe_002.svp" Line 134226 : Function calls inside wait/event expression are sensitive to arguments only."cfg_beta_perm_r4()" is called without any argument which may not unblock the wait/event expression.
WARNING: [XSIM 43-4398] File "/wrk/ci/prod/2021.2/rdi_builds/continuous/2021_10_19_3367213/data/secureip/fe/fe_002.svp" Line 134226 : Function calls inside wait/event expression are sensitive to arguments only."cfg_beta_perm_r4()" is called without any argument which may not unblock the wait/event expression.
WARNING: [XSIM 43-4398] File "/wrk/ci/prod/2021.2/rdi_builds/continuous/2021_10_19_3367213/data/secureip/fe/fe_002.svp" Line 134226 : Function calls inside wait/event expression are sensitive to arguments only."cfg_beta_perm_r4()" is called without any argument which may not unblock the wait/event expression.
WARNING: [XSIM 43-4398] File "/wrk/ci/prod/2021.2/rdi_builds/continuous/2021_10_19_3367213/data/secureip/fe/fe_002.svp" Line 134226 : Function calls inside wait/event expression are sensitive to arguments only."cfg_beta_perm_r4()" is called without any argument which may not unblock the wait/event expression.
WARNING: [XSIM 43-4398] File "/wrk/ci/prod/2021.2/rdi_builds/continuous/2021_10_19_3367213/data/secureip/fe/fe_002.svp" Line 134226 : Function calls inside wait/event expression are sensitive to arguments only."cfg_beta_perm_r4()" is called without any argument which may not unblock the wait/event expression.
WARNING: [XSIM 43-4398] File "/wrk/ci/prod/2021.2/rdi_builds/continuous/2021_10_19_3367213/data/secureip/fe/fe_002.svp" Line 134226 : Function calls inside wait/event expression are sensitive to arguments only."cfg_beta_perm_r4()" is called without any argument which may not unblock the wait/event expression.
WARNING: [XSIM 43-4398] File "/wrk/ci/prod/2021.2/rdi_builds/continuous/2021_10_19_3367213/data/secureip/fe/fe_002.svp" Line 132100 : Function calls inside wait/event expression are sensitive to arguments only."cfg_tr_perm_r4()" is called without any argument which may not unblock the wait/event expression.
WARNING: [XSIM 43-4398] File "/wrk/ci/prod/2021.2/rdi_builds/continuous/2021_10_19_3367213/data/secureip/fe/fe_002.svp" Line 132101 : Function calls inside wait/event expression are sensitive to arguments only."cfg_llr_perm_r4()" is called without any argument which may not unblock the wait/event expression.
WARNING: [XSIM 43-4398] File "/wrk/ci/prod/2021.2/rdi_builds/continuous/2021_10_19_3367213/data/secureip/fe/fe_002.svp" Line 132102 : Function calls inside wait/event expression are sensitive to arguments only."cfg_sym_perm_r4()" is called without any argument which may not unblock the wait/event expression.
WARNING: [XSIM 43-4398] File "/wrk/ci/prod/2021.2/rdi_builds/continuous/2021_10_19_3367213/data/secureip/fe/fe_002.svp" Line 132137 : Function calls inside wait/event expression are sensitive to arguments only."cfg_tr_perm_sh_r4()" is called without any argument which may not unblock the wait/event expression.
WARNING: [XSIM 43-4398] File "/wrk/ci/prod/2021.2/rdi_builds/continuous/2021_10_19_3367213/data/secureip/fe/fe_002.svp" Line 132100 : Function calls inside wait/event expression are sensitive to arguments only."cfg_tr_perm_r4()" is called without any argument which may not unblock the wait/event expression.
WARNING: [XSIM 43-4398] File "/wrk/ci/prod/2021.2/rdi_builds/continuous/2021_10_19_3367213/data/secureip/fe/fe_002.svp" Line 132101 : Function calls inside wait/event expression are sensitive to arguments only."cfg_llr_perm_r4()" is called without any argument which may not unblock the wait/event expression.
WARNING: [XSIM 43-4398] File "/wrk/ci/prod/2021.2/rdi_builds/continuous/2021_10_19_3367213/data/secureip/fe/fe_002.svp" Line 132102 : Function calls inside wait/event expression are sensitive to arguments only."cfg_sym_perm_r4()" is called without any argument which may not unblock the wait/event expression.
WARNING: [XSIM 43-4398] File "/wrk/ci/prod/2021.2/rdi_builds/continuous/2021_10_19_3367213/data/secureip/fe/fe_002.svp" Line 132137 : Function calls inside wait/event expression are sensitive to arguments only."cfg_tr_perm_sh_r4()" is called without any argument which may not unblock the wait/event expression.
WARNING: [XSIM 43-4398] File "/wrk/ci/prod/2021.2/rdi_builds/continuous/2021_10_19_3367213/data/secureip/fe/fe_002.svp" Line 132100 : Function calls inside wait/event expression are sensitive to arguments only."cfg_tr_perm_r4()" is called without any argument which may not unblock the wait/event expression.
WARNING: [XSIM 43-4398] File "/wrk/ci/prod/2021.2/rdi_builds/continuous/2021_10_19_3367213/data/secureip/fe/fe_002.svp" Line 132101 : Function calls inside wait/event expression are sensitive to arguments only."cfg_llr_perm_r4()" is called without any argument which may not unblock the wait/event expression.
WARNING: [XSIM 43-4398] File "/wrk/ci/prod/2021.2/rdi_builds/continuous/2021_10_19_3367213/data/secureip/fe/fe_002.svp" Line 132102 : Function calls inside wait/event expression are sensitive to arguments only."cfg_sym_perm_r4()" is called without any argument which may not unblock the wait/event expression.
WARNING: [XSIM 43-4398] File "/wrk/ci/prod/2021.2/rdi_builds/continuous/2021_10_19_3367213/data/secureip/fe/fe_002.svp" Line 132137 : Function calls inside wait/event expression are sensitive to arguments only."cfg_tr_perm_sh_r4()" is called without any argument which may not unblock the wait/event expression.
WARNING: [XSIM 43-4398] File "/wrk/ci/prod/2021.2/rdi_builds/continuous/2021_10_19_3367213/data/secureip/fe/fe_002.svp" Line 132100 : Function calls inside wait/event expression are sensitive to arguments only."cfg_tr_perm_r4()" is called without any argument which may not unblock the wait/event expression.
WARNING: [XSIM 43-4398] File "/wrk/ci/prod/2021.2/rdi_builds/continuous/2021_10_19_3367213/data/secureip/fe/fe_002.svp" Line 132101 : Function calls inside wait/event expression are sensitive to arguments only."cfg_llr_perm_r4()" is called without any argument which may not unblock the wait/event expression.
WARNING: [XSIM 43-4398] File "/wrk/ci/prod/2021.2/rdi_builds/continuous/2021_10_19_3367213/data/secureip/fe/fe_002.svp" Line 132102 : Function calls inside wait/event expression are sensitive to arguments only."cfg_sym_perm_r4()" is called without any argument which may not unblock the wait/event expression.
WARNING: [XSIM 43-4398] File "/wrk/ci/prod/2021.2/rdi_builds/continuous/2021_10_19_3367213/data/secureip/fe/fe_002.svp" Line 132137 : Function calls inside wait/event expression are sensitive to arguments only."cfg_tr_perm_sh_r4()" is called without any argument which may not unblock the wait/event expression.
WARNING: [XSIM 43-4398] File "/wrk/ci/prod/2021.2/rdi_builds/continuous/2021_10_19_3367213/data/secureip/fe/fe_002.svp" Line 132100 : Function calls inside wait/event expression are sensitive to arguments only."cfg_tr_perm_r4()" is called without any argument which may not unblock the wait/event expression.
WARNING: [XSIM 43-4398] File "/wrk/ci/prod/2021.2/rdi_builds/continuous/2021_10_19_3367213/data/secureip/fe/fe_002.svp" Line 132101 : Function calls inside wait/event expression are sensitive to arguments only."cfg_llr_perm_r4()" is called without any argument which may not unblock the wait/event expression.
WARNING: [XSIM 43-4398] File "/wrk/ci/prod/2021.2/rdi_builds/continuous/2021_10_19_3367213/data/secureip/fe/fe_002.svp" Line 132102 : Function calls inside wait/event expression are sensitive to arguments only."cfg_sym_perm_r4()" is called without any argument which may not unblock the wait/event expression.
WARNING: [XSIM 43-4398] File "/wrk/ci/prod/2021.2/rdi_builds/continuous/2021_10_19_3367213/data/secureip/fe/fe_002.svp" Line 132137 : Function calls inside wait/event expression are sensitive to arguments only."cfg_tr_perm_sh_r4()" is called without any argument which may not unblock the wait/event expression.
WARNING: [XSIM 43-4398] File "/wrk/ci/prod/2021.2/rdi_builds/continuous/2021_10_19_3367213/data/secureip/fe/fe_002.svp" Line 132100 : Function calls inside wait/event expression are sensitive to arguments only."cfg_tr_perm_r4()" is called without any argument which may not unblock the wait/event expression.
WARNING: [XSIM 43-4398] File "/wrk/ci/prod/2021.2/rdi_builds/continuous/2021_10_19_3367213/data/secureip/fe/fe_002.svp" Line 132101 : Function calls inside wait/event expression are sensitive to arguments only."cfg_llr_perm_r4()" is called without any argument which may not unblock the wait/event expression.
WARNING: [XSIM 43-4398] File "/wrk/ci/prod/2021.2/rdi_builds/continuous/2021_10_19_3367213/data/secureip/fe/fe_002.svp" Line 132102 : Function calls inside wait/event expression are sensitive to arguments only."cfg_sym_perm_r4()" is called without any argument which may not unblock the wait/event expression.
WARNING: [XSIM 43-4398] File "/wrk/ci/prod/2021.2/rdi_builds/continuous/2021_10_19_3367213/data/secureip/fe/fe_002.svp" Line 132137 : Function calls inside wait/event expression are sensitive to arguments only."cfg_tr_perm_sh_r4()" is called without any argument which may not unblock the wait/event expression.
WARNING: [XSIM 43-4398] File "/wrk/ci/prod/2021.2/rdi_builds/continuous/2021_10_19_3367213/data/secureip/fe/fe_002.svp" Line 132100 : Function calls inside wait/event expression are sensitive to arguments only."cfg_tr_perm_r4()" is called without any argument which may not unblock the wait/event expression.
WARNING: [XSIM 43-4398] File "/wrk/ci/prod/2021.2/rdi_builds/continuous/2021_10_19_3367213/data/secureip/fe/fe_002.svp" Line 132101 : Function calls inside wait/event expression are sensitive to arguments only."cfg_llr_perm_r4()" is called without any argument which may not unblock the wait/event expression.
WARNING: [XSIM 43-4398] File "/wrk/ci/prod/2021.2/rdi_builds/continuous/2021_10_19_3367213/data/secureip/fe/fe_002.svp" Line 132102 : Function calls inside wait/event expression are sensitive to arguments only."cfg_sym_perm_r4()" is called without any argument which may not unblock the wait/event expression.
WARNING: [XSIM 43-4398] File "/wrk/ci/prod/2021.2/rdi_builds/continuous/2021_10_19_3367213/data/secureip/fe/fe_002.svp" Line 132137 : Function calls inside wait/event expression are sensitive to arguments only."cfg_tr_perm_sh_r4()" is called without any argument which may not unblock the wait/event expression.
WARNING: [XSIM 43-4398] File "/wrk/ci/prod/2021.2/rdi_builds/continuous/2021_10_19_3367213/data/secureip/fe/fe_002.svp" Line 132100 : Function calls inside wait/event expression are sensitive to arguments only."cfg_tr_perm_r4()" is called without any argument which may not unblock the wait/event expression.
WARNING: [XSIM 43-4398] File "/wrk/ci/prod/2021.2/rdi_builds/continuous/2021_10_19_3367213/data/secureip/fe/fe_002.svp" Line 132101 : Function calls inside wait/event expression are sensitive to arguments only."cfg_llr_perm_r4()" is called without any argument which may not unblock the wait/event expression.
WARNING: [XSIM 43-4398] File "/wrk/ci/prod/2021.2/rdi_builds/continuous/2021_10_19_3367213/data/secureip/fe/fe_002.svp" Line 132102 : Function calls inside wait/event expression are sensitive to arguments only."cfg_sym_perm_r4()" is called without any argument which may not unblock the wait/event expression.
WARNING: [XSIM 43-4398] File "/wrk/ci/prod/2021.2/rdi_builds/continuous/2021_10_19_3367213/data/secureip/fe/fe_002.svp" Line 132137 : Function calls inside wait/event expression are sensitive to arguments only."cfg_tr_perm_sh_r4()" is called without any argument which may not unblock the wait/event expression.
WARNING: [XSIM 43-4398] File "/wrk/ci/prod/2021.2/rdi_builds/continuous/2021_10_19_3367213/data/secureip/fe/fe_002.svp" Line 132100 : Function calls inside wait/event expression are sensitive to arguments only."cfg_tr_perm_r4()" is called without any argument which may not unblock the wait/event expression.
WARNING: [XSIM 43-4398] File "/wrk/ci/prod/2021.2/rdi_builds/continuous/2021_10_19_3367213/data/secureip/fe/fe_002.svp" Line 132101 : Function calls inside wait/event expression are sensitive to arguments only."cfg_llr_perm_r4()" is called without any argument which may not unblock the wait/event expression.
WARNING: [XSIM 43-4398] File "/wrk/ci/prod/2021.2/rdi_builds/continuous/2021_10_19_3367213/data/secureip/fe/fe_002.svp" Line 132102 : Function calls inside wait/event expression are sensitive to arguments only."cfg_sym_perm_r4()" is called without any argument which may not unblock the wait/event expression.
WARNING: [XSIM 43-4398] File "/wrk/ci/prod/2021.2/rdi_builds/continuous/2021_10_19_3367213/data/secureip/fe/fe_002.svp" Line 132137 : Function calls inside wait/event expression are sensitive to arguments only."cfg_tr_perm_sh_r4()" is called without any argument which may not unblock the wait/event expression.
WARNING: [XSIM 43-4398] File "/wrk/ci/prod/2021.2/rdi_builds/continuous/2021_10_19_3367213/data/secureip/fe/fe_002.svp" Line 132100 : Function calls inside wait/event expression are sensitive to arguments only."cfg_tr_perm_r4()" is called without any argument which may not unblock the wait/event expression.
WARNING: [XSIM 43-4398] File "/wrk/ci/prod/2021.2/rdi_builds/continuous/2021_10_19_3367213/data/secureip/fe/fe_002.svp" Line 132101 : Function calls inside wait/event expression are sensitive to arguments only."cfg_llr_perm_r4()" is called without any argument which may not unblock the wait/event expression.
WARNING: [XSIM 43-4398] File "/wrk/ci/prod/2021.2/rdi_builds/continuous/2021_10_19_3367213/data/secureip/fe/fe_002.svp" Line 132102 : Function calls inside wait/event expression are sensitive to arguments only."cfg_sym_perm_r4()" is called without any argument which may not unblock the wait/event expression.
WARNING: [XSIM 43-4398] File "/wrk/ci/prod/2021.2/rdi_builds/continuous/2021_10_19_3367213/data/secureip/fe/fe_002.svp" Line 132137 : Function calls inside wait/event expression are sensitive to arguments only."cfg_tr_perm_sh_r4()" is called without any argument which may not unblock the wait/event expression.
WARNING: [XSIM 43-4398] File "/wrk/ci/prod/2021.2/rdi_builds/continuous/2021_10_19_3367213/data/secureip/fe/fe_002.svp" Line 132100 : Function calls inside wait/event expression are sensitive to arguments only."cfg_tr_perm_r4()" is called without any argument which may not unblock the wait/event expression.
WARNING: [XSIM 43-4398] File "/wrk/ci/prod/2021.2/rdi_builds/continuous/2021_10_19_3367213/data/secureip/fe/fe_002.svp" Line 132101 : Function calls inside wait/event expression are sensitive to arguments only."cfg_llr_perm_r4()" is called without any argument which may not unblock the wait/event expression.
WARNING: [XSIM 43-4398] File "/wrk/ci/prod/2021.2/rdi_builds/continuous/2021_10_19_3367213/data/secureip/fe/fe_002.svp" Line 132102 : Function calls inside wait/event expression are sensitive to arguments only."cfg_sym_perm_r4()" is called without any argument which may not unblock the wait/event expression.
WARNING: [XSIM 43-4398] File "/wrk/ci/prod/2021.2/rdi_builds/continuous/2021_10_19_3367213/data/secureip/fe/fe_002.svp" Line 132137 : Function calls inside wait/event expression are sensitive to arguments only."cfg_tr_perm_sh_r4()" is called without any argument which may not unblock the wait/event expression.
WARNING: [XSIM 43-4398] File "/wrk/ci/prod/2021.2/rdi_builds/continuous/2021_10_19_3367213/data/secureip/fe/fe_002.svp" Line 132100 : Function calls inside wait/event expression are sensitive to arguments only."cfg_tr_perm_r4()" is called without any argument which may not unblock the wait/event expression.
WARNING: [XSIM 43-4398] File "/wrk/ci/prod/2021.2/rdi_builds/continuous/2021_10_19_3367213/data/secureip/fe/fe_002.svp" Line 132101 : Function calls inside wait/event expression are sensitive to arguments only."cfg_llr_perm_r4()" is called without any argument which may not unblock the wait/event expression.
WARNING: [XSIM 43-4398] File "/wrk/ci/prod/2021.2/rdi_builds/continuous/2021_10_19_3367213/data/secureip/fe/fe_002.svp" Line 132102 : Function calls inside wait/event expression are sensitive to arguments only."cfg_sym_perm_r4()" is called without any argument which may not unblock the wait/event expression.
WARNING: [XSIM 43-4398] File "/wrk/ci/prod/2021.2/rdi_builds/continuous/2021_10_19_3367213/data/secureip/fe/fe_002.svp" Line 132137 : Function calls inside wait/event expression are sensitive to arguments only."cfg_tr_perm_sh_r4()" is called without any argument which may not unblock the wait/event expression.
WARNING: [XSIM 43-4398] File "/wrk/ci/prod/2021.2/rdi_builds/continuous/2021_10_19_3367213/data/secureip/fe/fe_002.svp" Line 132100 : Function calls inside wait/event expression are sensitive to arguments only."cfg_tr_perm_r4()" is called without any argument which may not unblock the wait/event expression.
WARNING: [XSIM 43-4398] File "/wrk/ci/prod/2021.2/rdi_builds/continuous/2021_10_19_3367213/data/secureip/fe/fe_002.svp" Line 132101 : Function calls inside wait/event expression are sensitive to arguments only."cfg_llr_perm_r4()" is called without any argument which may not unblock the wait/event expression.
WARNING: [XSIM 43-4398] File "/wrk/ci/prod/2021.2/rdi_builds/continuous/2021_10_19_3367213/data/secureip/fe/fe_002.svp" Line 132102 : Function calls inside wait/event expression are sensitive to arguments only."cfg_sym_perm_r4()" is called without any argument which may not unblock the wait/event expression.
WARNING: [XSIM 43-4398] File "/wrk/ci/prod/2021.2/rdi_builds/continuous/2021_10_19_3367213/data/secureip/fe/fe_002.svp" Line 132137 : Function calls inside wait/event expression are sensitive to arguments only."cfg_tr_perm_sh_r4()" is called without any argument which may not unblock the wait/event expression.
WARNING: [XSIM 43-4398] File "/wrk/ci/prod/2021.2/rdi_builds/continuous/2021_10_19_3367213/data/secureip/fe/fe_002.svp" Line 132100 : Function calls inside wait/event expression are sensitive to arguments only."cfg_tr_perm_r4()" is called without any argument which may not unblock the wait/event expression.
WARNING: [XSIM 43-4398] File "/wrk/ci/prod/2021.2/rdi_builds/continuous/2021_10_19_3367213/data/secureip/fe/fe_002.svp" Line 132101 : Function calls inside wait/event expression are sensitive to arguments only."cfg_llr_perm_r4()" is called without any argument which may not unblock the wait/event expression.
WARNING: [XSIM 43-4398] File "/wrk/ci/prod/2021.2/rdi_builds/continuous/2021_10_19_3367213/data/secureip/fe/fe_002.svp" Line 132102 : Function calls inside wait/event expression are sensitive to arguments only."cfg_sym_perm_r4()" is called without any argument which may not unblock the wait/event expression.
WARNING: [XSIM 43-4398] File "/wrk/ci/prod/2021.2/rdi_builds/continuous/2021_10_19_3367213/data/secureip/fe/fe_002.svp" Line 132137 : Function calls inside wait/event expression are sensitive to arguments only."cfg_tr_perm_sh_r4()" is called without any argument which may not unblock the wait/event expression.
WARNING: [XSIM 43-4398] File "/wrk/ci/prod/2021.2/rdi_builds/continuous/2021_10_19_3367213/data/secureip/fe/fe_002.svp" Line 132100 : Function calls inside wait/event expression are sensitive to arguments only."cfg_tr_perm_r4()" is called without any argument which may not unblock the wait/event expression.
WARNING: [XSIM 43-4398] File "/wrk/ci/prod/2021.2/rdi_builds/continuous/2021_10_19_3367213/data/secureip/fe/fe_002.svp" Line 132101 : Function calls inside wait/event expression are sensitive to arguments only."cfg_llr_perm_r4()" is called without any argument which may not unblock the wait/event expression.
WARNING: [XSIM 43-4398] File "/wrk/ci/prod/2021.2/rdi_builds/continuous/2021_10_19_3367213/data/secureip/fe/fe_002.svp" Line 132102 : Function calls inside wait/event expression are sensitive to arguments only."cfg_sym_perm_r4()" is called without any argument which may not unblock the wait/event expression.
WARNING: [XSIM 43-4398] File "/wrk/ci/prod/2021.2/rdi_builds/continuous/2021_10_19_3367213/data/secureip/fe/fe_002.svp" Line 132137 : Function calls inside wait/event expression are sensitive to arguments only."cfg_tr_perm_sh_r4()" is called without any argument which may not unblock the wait/event expression.
WARNING: [XSIM 43-4398] File "/wrk/ci/prod/2021.2/rdi_builds/continuous/2021_10_19_3367213/data/secureip/fe/fe_002.svp" Line 132100 : Function calls inside wait/event expression are sensitive to arguments only."cfg_tr_perm_r4()" is called without any argument which may not unblock the wait/event expression.
WARNING: [XSIM 43-4398] File "/wrk/ci/prod/2021.2/rdi_builds/continuous/2021_10_19_3367213/data/secureip/fe/fe_002.svp" Line 132101 : Function calls inside wait/event expression are sensitive to arguments only."cfg_llr_perm_r4()" is called without any argument which may not unblock the wait/event expression.
WARNING: [XSIM 43-4398] File "/wrk/ci/prod/2021.2/rdi_builds/continuous/2021_10_19_3367213/data/secureip/fe/fe_002.svp" Line 132102 : Function calls inside wait/event expression are sensitive to arguments only."cfg_sym_perm_r4()" is called without any argument which may not unblock the wait/event expression.
WARNING: [XSIM 43-4398] File "/wrk/ci/prod/2021.2/rdi_builds/continuous/2021_10_19_3367213/data/secureip/fe/fe_002.svp" Line 132137 : Function calls inside wait/event expression are sensitive to arguments only."cfg_tr_perm_sh_r4()" is called without any argument which may not unblock the wait/event expression.
WARNING: [XSIM 43-4398] File "/wrk/ci/prod/2021.2/rdi_builds/continuous/2021_10_19_3367213/data/secureip/fe/fe_002.svp" Line 134806 : Function calls inside wait/event expression are sensitive to arguments only."crc24b_par4_mask()" is called without any argument which may not unblock the wait/event expression.
WARNING: [XSIM 43-4398] File "/wrk/ci/prod/2021.2/rdi_builds/continuous/2021_10_19_3367213/data/secureip/fe/fe_002.svp" Line 134806 : Function calls inside wait/event expression are sensitive to arguments only."crc24a_par4_mask()" is called without any argument which may not unblock the wait/event expression.
WARNING: [XSIM 43-4398] File "/wrk/ci/prod/2021.2/rdi_builds/continuous/2021_10_19_3367213/data/secureip/fe/fe_002.svp" Line 134807 : Function calls inside wait/event expression are sensitive to arguments only."crc24b_par2_mask()" is called without any argument which may not unblock the wait/event expression.
WARNING: [XSIM 43-4398] File "/wrk/ci/prod/2021.2/rdi_builds/continuous/2021_10_19_3367213/data/secureip/fe/fe_002.svp" Line 134807 : Function calls inside wait/event expression are sensitive to arguments only."crc24a_par2_mask()" is called without any argument which may not unblock the wait/event expression.
WARNING: [XSIM 43-4398] File "/wrk/ci/prod/2021.2/rdi_builds/continuous/2021_10_19_3367213/data/secureip/fe/fe_002.svp" Line 134808 : Function calls inside wait/event expression are sensitive to arguments only."crc24b_adv()" is called without any argument which may not unblock the wait/event expression.
WARNING: [XSIM 43-4398] File "/wrk/ci/prod/2021.2/rdi_builds/continuous/2021_10_19_3367213/data/secureip/fe/fe_002.svp" Line 134808 : Function calls inside wait/event expression are sensitive to arguments only."crc24a_adv()" is called without any argument which may not unblock the wait/event expression.
WARNING: [XSIM 43-4398] File "/wrk/ci/prod/2021.2/rdi_builds/continuous/2021_10_19_3367213/data/secureip/fe/fe_002.svp" Line 134969 : Function calls inside wait/event expression are sensitive to arguments only."crc24b_adv()" is called without any argument which may not unblock the wait/event expression.
WARNING: [XSIM 43-4398] File "/wrk/ci/prod/2021.2/rdi_builds/continuous/2021_10_19_3367213/data/secureip/fe/fe_002.svp" Line 134969 : Function calls inside wait/event expression are sensitive to arguments only."crc24a_adv()" is called without any argument which may not unblock the wait/event expression.
WARNING: [XSIM 43-4398] File "/wrk/ci/prod/2021.2/rdi_builds/continuous/2021_10_19_3367213/data/secureip/fe/fe_002.svp" Line 127127 : Function calls inside wait/event expression are sensitive to arguments only."init_alpha()" is called without any argument which may not unblock the wait/event expression.
WARNING: [XSIM 43-4398] File "/wrk/ci/prod/2021.2/rdi_builds/continuous/2021_10_19_3367213/data/secureip/fe/fe_002.svp" Line 131216 : Function calls inside wait/event expression are sensitive to arguments only."cfg_bm_perm_r4()" is called without any argument which may not unblock the wait/event expression.
WARNING: [XSIM 43-4398] File "/wrk/ci/prod/2021.2/rdi_builds/continuous/2021_10_19_3367213/data/secureip/fe/fe_002.svp" Line 131216 : Function calls inside wait/event expression are sensitive to arguments only."cfg_bm_perm_r4()" is called without any argument which may not unblock the wait/event expression.
WARNING: [XSIM 43-4398] File "/wrk/ci/prod/2021.2/rdi_builds/continuous/2021_10_19_3367213/data/secureip/fe/fe_002.svp" Line 131216 : Function calls inside wait/event expression are sensitive to arguments only."cfg_bm_perm_r4()" is called without any argument which may not unblock the wait/event expression.
WARNING: [XSIM 43-4398] File "/wrk/ci/prod/2021.2/rdi_builds/continuous/2021_10_19_3367213/data/secureip/fe/fe_002.svp" Line 131216 : Function calls inside wait/event expression are sensitive to arguments only."cfg_bm_perm_r4()" is called without any argument which may not unblock the wait/event expression.
WARNING: [XSIM 43-4398] File "/wrk/ci/prod/2021.2/rdi_builds/continuous/2021_10_19_3367213/data/secureip/fe/fe_002.svp" Line 131216 : Function calls inside wait/event expression are sensitive to arguments only."cfg_bm_perm_r4()" is called without any argument which may not unblock the wait/event expression.
WARNING: [XSIM 43-4398] File "/wrk/ci/prod/2021.2/rdi_builds/continuous/2021_10_19_3367213/data/secureip/fe/fe_002.svp" Line 131216 : Function calls inside wait/event expression are sensitive to arguments only."cfg_bm_perm_r4()" is called without any argument which may not unblock the wait/event expression.
WARNING: [XSIM 43-4398] File "/wrk/ci/prod/2021.2/rdi_builds/continuous/2021_10_19_3367213/data/secureip/fe/fe_002.svp" Line 131216 : Function calls inside wait/event expression are sensitive to arguments only."cfg_bm_perm_r4()" is called without any argument which may not unblock the wait/event expression.
WARNING: [XSIM 43-4398] File "/wrk/ci/prod/2021.2/rdi_builds/continuous/2021_10_19_3367213/data/secureip/fe/fe_002.svp" Line 131216 : Function calls inside wait/event expression are sensitive to arguments only."cfg_bm_perm_r4()" is called without any argument which may not unblock the wait/event expression.
WARNING: [XSIM 43-4398] File "/wrk/ci/prod/2021.2/rdi_builds/continuous/2021_10_19_3367213/data/secureip/fe/fe_002.svp" Line 131216 : Function calls inside wait/event expression are sensitive to arguments only."cfg_bm_perm_r4()" is called without any argument which may not unblock the wait/event expression.
WARNING: [XSIM 43-4398] File "/wrk/ci/prod/2021.2/rdi_builds/continuous/2021_10_19_3367213/data/secureip/fe/fe_002.svp" Line 131216 : Function calls inside wait/event expression are sensitive to arguments only."cfg_bm_perm_r4()" is called without any argument which may not unblock the wait/event expression.
WARNING: [XSIM 43-4398] File "/wrk/ci/prod/2021.2/rdi_builds/continuous/2021_10_19_3367213/data/secureip/fe/fe_002.svp" Line 131216 : Function calls inside wait/event expression are sensitive to arguments only."cfg_bm_perm_r4()" is called without any argument which may not unblock the wait/event expression.
WARNING: [XSIM 43-4398] File "/wrk/ci/prod/2021.2/rdi_builds/continuous/2021_10_19_3367213/data/secureip/fe/fe_002.svp" Line 131216 : Function calls inside wait/event expression are sensitive to arguments only."cfg_bm_perm_r4()" is called without any argument which may not unblock the wait/event expression.
WARNING: [XSIM 43-4398] File "/wrk/ci/prod/2021.2/rdi_builds/continuous/2021_10_19_3367213/data/secureip/fe/fe_002.svp" Line 131216 : Function calls inside wait/event expression are sensitive to arguments only."cfg_bm_perm_r4()" is called without any argument which may not unblock the wait/event expression.
WARNING: [XSIM 43-4398] File "/wrk/ci/prod/2021.2/rdi_builds/continuous/2021_10_19_3367213/data/secureip/fe/fe_002.svp" Line 131216 : Function calls inside wait/event expression are sensitive to arguments only."cfg_bm_perm_r4()" is called without any argument which may not unblock the wait/event expression.
WARNING: [XSIM 43-4398] File "/wrk/ci/prod/2021.2/rdi_builds/continuous/2021_10_19_3367213/data/secureip/fe/fe_002.svp" Line 131216 : Function calls inside wait/event expression are sensitive to arguments only."cfg_bm_perm_r4()" is called without any argument which may not unblock the wait/event expression.
WARNING: [XSIM 43-4398] File "/wrk/ci/prod/2021.2/rdi_builds/continuous/2021_10_19_3367213/data/secureip/fe/fe_002.svp" Line 131216 : Function calls inside wait/event expression are sensitive to arguments only."cfg_bm_perm_r4()" is called without any argument which may not unblock the wait/event expression.
WARNING: [XSIM 43-4398] File "/wrk/ci/prod/2021.2/rdi_builds/continuous/2021_10_19_3367213/data/secureip/fe/fe_002.svp" Line 134226 : Function calls inside wait/event expression are sensitive to arguments only."cfg_alpha_perm_r4()" is called without any argument which may not unblock the wait/event expression.
WARNING: [XSIM 43-4398] File "/wrk/ci/prod/2021.2/rdi_builds/continuous/2021_10_19_3367213/data/secureip/fe/fe_002.svp" Line 134226 : Function calls inside wait/event expression are sensitive to arguments only."cfg_alpha_perm_r4()" is called without any argument which may not unblock the wait/event expression.
WARNING: [XSIM 43-4398] File "/wrk/ci/prod/2021.2/rdi_builds/continuous/2021_10_19_3367213/data/secureip/fe/fe_002.svp" Line 134226 : Function calls inside wait/event expression are sensitive to arguments only."cfg_alpha_perm_r4()" is called without any argument which may not unblock the wait/event expression.
WARNING: [XSIM 43-4398] File "/wrk/ci/prod/2021.2/rdi_builds/continuous/2021_10_19_3367213/data/secureip/fe/fe_002.svp" Line 134226 : Function calls inside wait/event expression are sensitive to arguments only."cfg_alpha_perm_r4()" is called without any argument which may not unblock the wait/event expression.
WARNING: [XSIM 43-4398] File "/wrk/ci/prod/2021.2/rdi_builds/continuous/2021_10_19_3367213/data/secureip/fe/fe_002.svp" Line 134226 : Function calls inside wait/event expression are sensitive to arguments only."cfg_alpha_perm_r4()" is called without any argument which may not unblock the wait/event expression.
WARNING: [XSIM 43-4398] File "/wrk/ci/prod/2021.2/rdi_builds/continuous/2021_10_19_3367213/data/secureip/fe/fe_002.svp" Line 134226 : Function calls inside wait/event expression are sensitive to arguments only."cfg_alpha_perm_r4()" is called without any argument which may not unblock the wait/event expression.
WARNING: [XSIM 43-4398] File "/wrk/ci/prod/2021.2/rdi_builds/continuous/2021_10_19_3367213/data/secureip/fe/fe_002.svp" Line 134226 : Function calls inside wait/event expression are sensitive to arguments only."cfg_alpha_perm_r4()" is called without any argument which may not unblock the wait/event expression.
WARNING: [XSIM 43-4398] File "/wrk/ci/prod/2021.2/rdi_builds/continuous/2021_10_19_3367213/data/secureip/fe/fe_002.svp" Line 134226 : Function calls inside wait/event expression are sensitive to arguments only."cfg_alpha_perm_r4()" is called without any argument which may not unblock the wait/event expression.
WARNING: [XSIM 43-4398] File "/wrk/ci/prod/2021.2/rdi_builds/continuous/2021_10_19_3367213/data/secureip/fe/fe_002.svp" Line 134226 : Function calls inside wait/event expression are sensitive to arguments only."cfg_alpha_perm_r4()" is called without any argument which may not unblock the wait/event expression.
WARNING: [XSIM 43-4398] File "/wrk/ci/prod/2021.2/rdi_builds/continuous/2021_10_19_3367213/data/secureip/fe/fe_002.svp" Line 134226 : Function calls inside wait/event expression are sensitive to arguments only."cfg_alpha_perm_r4()" is called without any argument which may not unblock the wait/event expression.
WARNING: [XSIM 43-4398] File "/wrk/ci/prod/2021.2/rdi_builds/continuous/2021_10_19_3367213/data/secureip/fe/fe_002.svp" Line 134226 : Function calls inside wait/event expression are sensitive to arguments only."cfg_alpha_perm_r4()" is called without any argument which may not unblock the wait/event expression.
WARNING: [XSIM 43-4398] File "/wrk/ci/prod/2021.2/rdi_builds/continuous/2021_10_19_3367213/data/secureip/fe/fe_002.svp" Line 134226 : Function calls inside wait/event expression are sensitive to arguments only."cfg_alpha_perm_r4()" is called without any argument which may not unblock the wait/event expression.
WARNING: [XSIM 43-4398] File "/wrk/ci/prod/2021.2/rdi_builds/continuous/2021_10_19_3367213/data/secureip/fe/fe_002.svp" Line 134226 : Function calls inside wait/event expression are sensitive to arguments only."cfg_alpha_perm_r4()" is called without any argument which may not unblock the wait/event expression.
WARNING: [XSIM 43-4398] File "/wrk/ci/prod/2021.2/rdi_builds/continuous/2021_10_19_3367213/data/secureip/fe/fe_002.svp" Line 134226 : Function calls inside wait/event expression are sensitive to arguments only."cfg_alpha_perm_r4()" is called without any argument which may not unblock the wait/event expression.
WARNING: [XSIM 43-4398] File "/wrk/ci/prod/2021.2/rdi_builds/continuous/2021_10_19_3367213/data/secureip/fe/fe_002.svp" Line 134226 : Function calls inside wait/event expression are sensitive to arguments only."cfg_alpha_perm_r4()" is called without any argument which may not unblock the wait/event expression.
WARNING: [XSIM 43-4398] File "/wrk/ci/prod/2021.2/rdi_builds/continuous/2021_10_19_3367213/data/secureip/fe/fe_002.svp" Line 134226 : Function calls inside wait/event expression are sensitive to arguments only."cfg_alpha_perm_r4()" is called without any argument which may not unblock the wait/event expression.
WARNING: [XSIM 43-4398] File "/wrk/ci/prod/2021.2/rdi_builds/continuous/2021_10_19_3367213/data/secureip/fe/fe_002.svp" Line 131216 : Function calls inside wait/event expression are sensitive to arguments only."cfg_bm_perm_r4()" is called without any argument which may not unblock the wait/event expression.
WARNING: [XSIM 43-4398] File "/wrk/ci/prod/2021.2/rdi_builds/continuous/2021_10_19_3367213/data/secureip/fe/fe_002.svp" Line 131216 : Function calls inside wait/event expression are sensitive to arguments only."cfg_bm_perm_r4()" is called without any argument which may not unblock the wait/event expression.
WARNING: [XSIM 43-4398] File "/wrk/ci/prod/2021.2/rdi_builds/continuous/2021_10_19_3367213/data/secureip/fe/fe_002.svp" Line 131216 : Function calls inside wait/event expression are sensitive to arguments only."cfg_bm_perm_r4()" is called without any argument which may not unblock the wait/event expression.
WARNING: [XSIM 43-4398] File "/wrk/ci/prod/2021.2/rdi_builds/continuous/2021_10_19_3367213/data/secureip/fe/fe_002.svp" Line 131216 : Function calls inside wait/event expression are sensitive to arguments only."cfg_bm_perm_r4()" is called without any argument which may not unblock the wait/event expression.
WARNING: [XSIM 43-4398] File "/wrk/ci/prod/2021.2/rdi_builds/continuous/2021_10_19_3367213/data/secureip/fe/fe_002.svp" Line 131216 : Function calls inside wait/event expression are sensitive to arguments only."cfg_bm_perm_r4()" is called without any argument which may not unblock the wait/event expression.
WARNING: [XSIM 43-4398] File "/wrk/ci/prod/2021.2/rdi_builds/continuous/2021_10_19_3367213/data/secureip/fe/fe_002.svp" Line 131216 : Function calls inside wait/event expression are sensitive to arguments only."cfg_bm_perm_r4()" is called without any argument which may not unblock the wait/event expression.
WARNING: [XSIM 43-4398] File "/wrk/ci/prod/2021.2/rdi_builds/continuous/2021_10_19_3367213/data/secureip/fe/fe_002.svp" Line 131216 : Function calls inside wait/event expression are sensitive to arguments only."cfg_bm_perm_r4()" is called without any argument which may not unblock the wait/event expression.
WARNING: [XSIM 43-4398] File "/wrk/ci/prod/2021.2/rdi_builds/continuous/2021_10_19_3367213/data/secureip/fe/fe_002.svp" Line 131216 : Function calls inside wait/event expression are sensitive to arguments only."cfg_bm_perm_r4()" is called without any argument which may not unblock the wait/event expression.
WARNING: [XSIM 43-4398] File "/wrk/ci/prod/2021.2/rdi_builds/continuous/2021_10_19_3367213/data/secureip/fe/fe_002.svp" Line 131216 : Function calls inside wait/event expression are sensitive to arguments only."cfg_bm_perm_r4()" is called without any argument which may not unblock the wait/event expression.
WARNING: [XSIM 43-4398] File "/wrk/ci/prod/2021.2/rdi_builds/continuous/2021_10_19_3367213/data/secureip/fe/fe_002.svp" Line 131216 : Function calls inside wait/event expression are sensitive to arguments only."cfg_bm_perm_r4()" is called without any argument which may not unblock the wait/event expression.
WARNING: [XSIM 43-4398] File "/wrk/ci/prod/2021.2/rdi_builds/continuous/2021_10_19_3367213/data/secureip/fe/fe_002.svp" Line 131216 : Function calls inside wait/event expression are sensitive to arguments only."cfg_bm_perm_r4()" is called without any argument which may not unblock the wait/event expression.
WARNING: [XSIM 43-4398] File "/wrk/ci/prod/2021.2/rdi_builds/continuous/2021_10_19_3367213/data/secureip/fe/fe_002.svp" Line 131216 : Function calls inside wait/event expression are sensitive to arguments only."cfg_bm_perm_r4()" is called without any argument which may not unblock the wait/event expression.
WARNING: [XSIM 43-4398] File "/wrk/ci/prod/2021.2/rdi_builds/continuous/2021_10_19_3367213/data/secureip/fe/fe_002.svp" Line 131216 : Function calls inside wait/event expression are sensitive to arguments only."cfg_bm_perm_r4()" is called without any argument which may not unblock the wait/event expression.
WARNING: [XSIM 43-4398] File "/wrk/ci/prod/2021.2/rdi_builds/continuous/2021_10_19_3367213/data/secureip/fe/fe_002.svp" Line 131216 : Function calls inside wait/event expression are sensitive to arguments only."cfg_bm_perm_r4()" is called without any argument which may not unblock the wait/event expression.
WARNING: [XSIM 43-4398] File "/wrk/ci/prod/2021.2/rdi_builds/continuous/2021_10_19_3367213/data/secureip/fe/fe_002.svp" Line 131216 : Function calls inside wait/event expression are sensitive to arguments only."cfg_bm_perm_r4()" is called without any argument which may not unblock the wait/event expression.
WARNING: [XSIM 43-4398] File "/wrk/ci/prod/2021.2/rdi_builds/continuous/2021_10_19_3367213/data/secureip/fe/fe_002.svp" Line 131216 : Function calls inside wait/event expression are sensitive to arguments only."cfg_bm_perm_r4()" is called without any argument which may not unblock the wait/event expression.
WARNING: [XSIM 43-4398] File "/wrk/ci/prod/2021.2/rdi_builds/continuous/2021_10_19_3367213/data/secureip/fe/fe_002.svp" Line 129263 : Function calls inside wait/event expression are sensitive to arguments only."cfg_bi_perm_r4()" is called without any argument which may not unblock the wait/event expression.
WARNING: [XSIM 43-4398] File "/wrk/ci/prod/2021.2/rdi_builds/continuous/2021_10_19_3367213/data/secureip/fe/fe_002.svp" Line 134226 : Function calls inside wait/event expression are sensitive to arguments only."cfg_beta_perm_r4()" is called without any argument which may not unblock the wait/event expression.
WARNING: [XSIM 43-4398] File "/wrk/ci/prod/2021.2/rdi_builds/continuous/2021_10_19_3367213/data/secureip/fe/fe_002.svp" Line 134226 : Function calls inside wait/event expression are sensitive to arguments only."cfg_beta_perm_r4()" is called without any argument which may not unblock the wait/event expression.
WARNING: [XSIM 43-4398] File "/wrk/ci/prod/2021.2/rdi_builds/continuous/2021_10_19_3367213/data/secureip/fe/fe_002.svp" Line 134226 : Function calls inside wait/event expression are sensitive to arguments only."cfg_beta_perm_r4()" is called without any argument which may not unblock the wait/event expression.
WARNING: [XSIM 43-4398] File "/wrk/ci/prod/2021.2/rdi_builds/continuous/2021_10_19_3367213/data/secureip/fe/fe_002.svp" Line 134226 : Function calls inside wait/event expression are sensitive to arguments only."cfg_beta_perm_r4()" is called without any argument which may not unblock the wait/event expression.
WARNING: [XSIM 43-4398] File "/wrk/ci/prod/2021.2/rdi_builds/continuous/2021_10_19_3367213/data/secureip/fe/fe_002.svp" Line 134226 : Function calls inside wait/event expression are sensitive to arguments only."cfg_beta_perm_r4()" is called without any argument which may not unblock the wait/event expression.
WARNING: [XSIM 43-4398] File "/wrk/ci/prod/2021.2/rdi_builds/continuous/2021_10_19_3367213/data/secureip/fe/fe_002.svp" Line 134226 : Function calls inside wait/event expression are sensitive to arguments only."cfg_beta_perm_r4()" is called without any argument which may not unblock the wait/event expression.
WARNING: [XSIM 43-4398] File "/wrk/ci/prod/2021.2/rdi_builds/continuous/2021_10_19_3367213/data/secureip/fe/fe_002.svp" Line 134226 : Function calls inside wait/event expression are sensitive to arguments only."cfg_beta_perm_r4()" is called without any argument which may not unblock the wait/event expression.
WARNING: [XSIM 43-4398] File "/wrk/ci/prod/2021.2/rdi_builds/continuous/2021_10_19_3367213/data/secureip/fe/fe_002.svp" Line 134226 : Function calls inside wait/event expression are sensitive to arguments only."cfg_beta_perm_r4()" is called without any argument which may not unblock the wait/event expression.
WARNING: [XSIM 43-4398] File "/wrk/ci/prod/2021.2/rdi_builds/continuous/2021_10_19_3367213/data/secureip/fe/fe_002.svp" Line 134226 : Function calls inside wait/event expression are sensitive to arguments only."cfg_beta_perm_r4()" is called without any argument which may not unblock the wait/event expression.
WARNING: [XSIM 43-4398] File "/wrk/ci/prod/2021.2/rdi_builds/continuous/2021_10_19_3367213/data/secureip/fe/fe_002.svp" Line 134226 : Function calls inside wait/event expression are sensitive to arguments only."cfg_beta_perm_r4()" is called without any argument which may not unblock the wait/event expression.
WARNING: [XSIM 43-4398] File "/wrk/ci/prod/2021.2/rdi_builds/continuous/2021_10_19_3367213/data/secureip/fe/fe_002.svp" Line 134226 : Function calls inside wait/event expression are sensitive to arguments only."cfg_beta_perm_r4()" is called without any argument which may not unblock the wait/event expression.
WARNING: [XSIM 43-4398] File "/wrk/ci/prod/2021.2/rdi_builds/continuous/2021_10_19_3367213/data/secureip/fe/fe_002.svp" Line 134226 : Function calls inside wait/event expression are sensitive to arguments only."cfg_beta_perm_r4()" is called without any argument which may not unblock the wait/event expression.
WARNING: [XSIM 43-4398] File "/wrk/ci/prod/2021.2/rdi_builds/continuous/2021_10_19_3367213/data/secureip/fe/fe_002.svp" Line 134226 : Function calls inside wait/event expression are sensitive to arguments only."cfg_beta_perm_r4()" is called without any argument which may not unblock the wait/event expression.
WARNING: [XSIM 43-4398] File "/wrk/ci/prod/2021.2/rdi_builds/continuous/2021_10_19_3367213/data/secureip/fe/fe_002.svp" Line 134226 : Function calls inside wait/event expression are sensitive to arguments only."cfg_beta_perm_r4()" is called without any argument which may not unblock the wait/event expression.
WARNING: [XSIM 43-4398] File "/wrk/ci/prod/2021.2/rdi_builds/continuous/2021_10_19_3367213/data/secureip/fe/fe_002.svp" Line 134226 : Function calls inside wait/event expression are sensitive to arguments only."cfg_beta_perm_r4()" is called without any argument which may not unblock the wait/event expression.
WARNING: [XSIM 43-4398] File "/wrk/ci/prod/2021.2/rdi_builds/continuous/2021_10_19_3367213/data/secureip/fe/fe_002.svp" Line 134226 : Function calls inside wait/event expression are sensitive to arguments only."cfg_beta_perm_r4()" is called without any argument which may not unblock the wait/event expression.
WARNING: [XSIM 43-4398] File "/wrk/ci/prod/2021.2/rdi_builds/continuous/2021_10_19_3367213/data/secureip/fe/fe_002.svp" Line 132100 : Function calls inside wait/event expression are sensitive to arguments only."cfg_tr_perm_r4()" is called without any argument which may not unblock the wait/event expression.
WARNING: [XSIM 43-4398] File "/wrk/ci/prod/2021.2/rdi_builds/continuous/2021_10_19_3367213/data/secureip/fe/fe_002.svp" Line 132101 : Function calls inside wait/event expression are sensitive to arguments only."cfg_llr_perm_r4()" is called without any argument which may not unblock the wait/event expression.
WARNING: [XSIM 43-4398] File "/wrk/ci/prod/2021.2/rdi_builds/continuous/2021_10_19_3367213/data/secureip/fe/fe_002.svp" Line 132102 : Function calls inside wait/event expression are sensitive to arguments only."cfg_sym_perm_r4()" is called without any argument which may not unblock the wait/event expression.
WARNING: [XSIM 43-4398] File "/wrk/ci/prod/2021.2/rdi_builds/continuous/2021_10_19_3367213/data/secureip/fe/fe_002.svp" Line 132137 : Function calls inside wait/event expression are sensitive to arguments only."cfg_tr_perm_sh_r4()" is called without any argument which may not unblock the wait/event expression.
WARNING: [XSIM 43-4398] File "/wrk/ci/prod/2021.2/rdi_builds/continuous/2021_10_19_3367213/data/secureip/fe/fe_002.svp" Line 132100 : Function calls inside wait/event expression are sensitive to arguments only."cfg_tr_perm_r4()" is called without any argument which may not unblock the wait/event expression.
WARNING: [XSIM 43-4398] File "/wrk/ci/prod/2021.2/rdi_builds/continuous/2021_10_19_3367213/data/secureip/fe/fe_002.svp" Line 132101 : Function calls inside wait/event expression are sensitive to arguments only."cfg_llr_perm_r4()" is called without any argument which may not unblock the wait/event expression.
WARNING: [XSIM 43-4398] File "/wrk/ci/prod/2021.2/rdi_builds/continuous/2021_10_19_3367213/data/secureip/fe/fe_002.svp" Line 132102 : Function calls inside wait/event expression are sensitive to arguments only."cfg_sym_perm_r4()" is called without any argument which may not unblock the wait/event expression.
WARNING: [XSIM 43-4398] File "/wrk/ci/prod/2021.2/rdi_builds/continuous/2021_10_19_3367213/data/secureip/fe/fe_002.svp" Line 132137 : Function calls inside wait/event expression are sensitive to arguments only."cfg_tr_perm_sh_r4()" is called without any argument which may not unblock the wait/event expression.
WARNING: [XSIM 43-4398] File "/wrk/ci/prod/2021.2/rdi_builds/continuous/2021_10_19_3367213/data/secureip/fe/fe_002.svp" Line 132100 : Function calls inside wait/event expression are sensitive to arguments only."cfg_tr_perm_r4()" is called without any argument which may not unblock the wait/event expression.
WARNING: [XSIM 43-4398] File "/wrk/ci/prod/2021.2/rdi_builds/continuous/2021_10_19_3367213/data/secureip/fe/fe_002.svp" Line 132101 : Function calls inside wait/event expression are sensitive to arguments only."cfg_llr_perm_r4()" is called without any argument which may not unblock the wait/event expression.
WARNING: [XSIM 43-4398] File "/wrk/ci/prod/2021.2/rdi_builds/continuous/2021_10_19_3367213/data/secureip/fe/fe_002.svp" Line 132102 : Function calls inside wait/event expression are sensitive to arguments only."cfg_sym_perm_r4()" is called without any argument which may not unblock the wait/event expression.
WARNING: [XSIM 43-4398] File "/wrk/ci/prod/2021.2/rdi_builds/continuous/2021_10_19_3367213/data/secureip/fe/fe_002.svp" Line 132137 : Function calls inside wait/event expression are sensitive to arguments only."cfg_tr_perm_sh_r4()" is called without any argument which may not unblock the wait/event expression.
WARNING: [XSIM 43-4398] File "/wrk/ci/prod/2021.2/rdi_builds/continuous/2021_10_19_3367213/data/secureip/fe/fe_002.svp" Line 132100 : Function calls inside wait/event expression are sensitive to arguments only."cfg_tr_perm_r4()" is called without any argument which may not unblock the wait/event expression.
WARNING: [XSIM 43-4398] File "/wrk/ci/prod/2021.2/rdi_builds/continuous/2021_10_19_3367213/data/secureip/fe/fe_002.svp" Line 132101 : Function calls inside wait/event expression are sensitive to arguments only."cfg_llr_perm_r4()" is called without any argument which may not unblock the wait/event expression.
WARNING: [XSIM 43-4398] File "/wrk/ci/prod/2021.2/rdi_builds/continuous/2021_10_19_3367213/data/secureip/fe/fe_002.svp" Line 132102 : Function calls inside wait/event expression are sensitive to arguments only."cfg_sym_perm_r4()" is called without any argument which may not unblock the wait/event expression.
WARNING: [XSIM 43-4398] File "/wrk/ci/prod/2021.2/rdi_builds/continuous/2021_10_19_3367213/data/secureip/fe/fe_002.svp" Line 132137 : Function calls inside wait/event expression are sensitive to arguments only."cfg_tr_perm_sh_r4()" is called without any argument which may not unblock the wait/event expression.
WARNING: [XSIM 43-4398] File "/wrk/ci/prod/2021.2/rdi_builds/continuous/2021_10_19_3367213/data/secureip/fe/fe_002.svp" Line 132100 : Function calls inside wait/event expression are sensitive to arguments only."cfg_tr_perm_r4()" is called without any argument which may not unblock the wait/event expression.
WARNING: [XSIM 43-4398] File "/wrk/ci/prod/2021.2/rdi_builds/continuous/2021_10_19_3367213/data/secureip/fe/fe_002.svp" Line 132101 : Function calls inside wait/event expression are sensitive to arguments only."cfg_llr_perm_r4()" is called without any argument which may not unblock the wait/event expression.
WARNING: [XSIM 43-4398] File "/wrk/ci/prod/2021.2/rdi_builds/continuous/2021_10_19_3367213/data/secureip/fe/fe_002.svp" Line 132102 : Function calls inside wait/event expression are sensitive to arguments only."cfg_sym_perm_r4()" is called without any argument which may not unblock the wait/event expression.
WARNING: [XSIM 43-4398] File "/wrk/ci/prod/2021.2/rdi_builds/continuous/2021_10_19_3367213/data/secureip/fe/fe_002.svp" Line 132137 : Function calls inside wait/event expression are sensitive to arguments only."cfg_tr_perm_sh_r4()" is called without any argument which may not unblock the wait/event expression.
WARNING: [XSIM 43-4398] File "/wrk/ci/prod/2021.2/rdi_builds/continuous/2021_10_19_3367213/data/secureip/fe/fe_002.svp" Line 132100 : Function calls inside wait/event expression are sensitive to arguments only."cfg_tr_perm_r4()" is called without any argument which may not unblock the wait/event expression.
WARNING: [XSIM 43-4398] File "/wrk/ci/prod/2021.2/rdi_builds/continuous/2021_10_19_3367213/data/secureip/fe/fe_002.svp" Line 132101 : Function calls inside wait/event expression are sensitive to arguments only."cfg_llr_perm_r4()" is called without any argument which may not unblock the wait/event expression.
WARNING: [XSIM 43-4398] File "/wrk/ci/prod/2021.2/rdi_builds/continuous/2021_10_19_3367213/data/secureip/fe/fe_002.svp" Line 132102 : Function calls inside wait/event expression are sensitive to arguments only."cfg_sym_perm_r4()" is called without any argument which may not unblock the wait/event expression.
WARNING: [XSIM 43-4398] File "/wrk/ci/prod/2021.2/rdi_builds/continuous/2021_10_19_3367213/data/secureip/fe/fe_002.svp" Line 132137 : Function calls inside wait/event expression are sensitive to arguments only."cfg_tr_perm_sh_r4()" is called without any argument which may not unblock the wait/event expression.
WARNING: [XSIM 43-4398] File "/wrk/ci/prod/2021.2/rdi_builds/continuous/2021_10_19_3367213/data/secureip/fe/fe_002.svp" Line 132100 : Function calls inside wait/event expression are sensitive to arguments only."cfg_tr_perm_r4()" is called without any argument which may not unblock the wait/event expression.
WARNING: [XSIM 43-4398] File "/wrk/ci/prod/2021.2/rdi_builds/continuous/2021_10_19_3367213/data/secureip/fe/fe_002.svp" Line 132101 : Function calls inside wait/event expression are sensitive to arguments only."cfg_llr_perm_r4()" is called without any argument which may not unblock the wait/event expression.
WARNING: [XSIM 43-4398] File "/wrk/ci/prod/2021.2/rdi_builds/continuous/2021_10_19_3367213/data/secureip/fe/fe_002.svp" Line 132102 : Function calls inside wait/event expression are sensitive to arguments only."cfg_sym_perm_r4()" is called without any argument which may not unblock the wait/event expression.
WARNING: [XSIM 43-4398] File "/wrk/ci/prod/2021.2/rdi_builds/continuous/2021_10_19_3367213/data/secureip/fe/fe_002.svp" Line 132137 : Function calls inside wait/event expression are sensitive to arguments only."cfg_tr_perm_sh_r4()" is called without any argument which may not unblock the wait/event expression.
WARNING: [XSIM 43-4398] File "/wrk/ci/prod/2021.2/rdi_builds/continuous/2021_10_19_3367213/data/secureip/fe/fe_002.svp" Line 132100 : Function calls inside wait/event expression are sensitive to arguments only."cfg_tr_perm_r4()" is called without any argument which may not unblock the wait/event expression.
WARNING: [XSIM 43-4398] File "/wrk/ci/prod/2021.2/rdi_builds/continuous/2021_10_19_3367213/data/secureip/fe/fe_002.svp" Line 132101 : Function calls inside wait/event expression are sensitive to arguments only."cfg_llr_perm_r4()" is called without any argument which may not unblock the wait/event expression.
WARNING: [XSIM 43-4398] File "/wrk/ci/prod/2021.2/rdi_builds/continuous/2021_10_19_3367213/data/secureip/fe/fe_002.svp" Line 132102 : Function calls inside wait/event expression are sensitive to arguments only."cfg_sym_perm_r4()" is called without any argument which may not unblock the wait/event expression.
WARNING: [XSIM 43-4398] File "/wrk/ci/prod/2021.2/rdi_builds/continuous/2021_10_19_3367213/data/secureip/fe/fe_002.svp" Line 132137 : Function calls inside wait/event expression are sensitive to arguments only."cfg_tr_perm_sh_r4()" is called without any argument which may not unblock the wait/event expression.
WARNING: [XSIM 43-4398] File "/wrk/ci/prod/2021.2/rdi_builds/continuous/2021_10_19_3367213/data/secureip/fe/fe_002.svp" Line 132100 : Function calls inside wait/event expression are sensitive to arguments only."cfg_tr_perm_r4()" is called without any argument which may not unblock the wait/event expression.
WARNING: [XSIM 43-4398] File "/wrk/ci/prod/2021.2/rdi_builds/continuous/2021_10_19_3367213/data/secureip/fe/fe_002.svp" Line 132101 : Function calls inside wait/event expression are sensitive to arguments only."cfg_llr_perm_r4()" is called without any argument which may not unblock the wait/event expression.
WARNING: [XSIM 43-4398] File "/wrk/ci/prod/2021.2/rdi_builds/continuous/2021_10_19_3367213/data/secureip/fe/fe_002.svp" Line 132102 : Function calls inside wait/event expression are sensitive to arguments only."cfg_sym_perm_r4()" is called without any argument which may not unblock the wait/event expression.
WARNING: [XSIM 43-4398] File "/wrk/ci/prod/2021.2/rdi_builds/continuous/2021_10_19_3367213/data/secureip/fe/fe_002.svp" Line 132137 : Function calls inside wait/event expression are sensitive to arguments only."cfg_tr_perm_sh_r4()" is called without any argument which may not unblock the wait/event expression.
WARNING: [XSIM 43-4398] File "/wrk/ci/prod/2021.2/rdi_builds/continuous/2021_10_19_3367213/data/secureip/fe/fe_002.svp" Line 132100 : Function calls inside wait/event expression are sensitive to arguments only."cfg_tr_perm_r4()" is called without any argument which may not unblock the wait/event expression.
WARNING: [XSIM 43-4398] File "/wrk/ci/prod/2021.2/rdi_builds/continuous/2021_10_19_3367213/data/secureip/fe/fe_002.svp" Line 132101 : Function calls inside wait/event expression are sensitive to arguments only."cfg_llr_perm_r4()" is called without any argument which may not unblock the wait/event expression.
WARNING: [XSIM 43-4398] File "/wrk/ci/prod/2021.2/rdi_builds/continuous/2021_10_19_3367213/data/secureip/fe/fe_002.svp" Line 132102 : Function calls inside wait/event expression are sensitive to arguments only."cfg_sym_perm_r4()" is called without any argument which may not unblock the wait/event expression.
WARNING: [XSIM 43-4398] File "/wrk/ci/prod/2021.2/rdi_builds/continuous/2021_10_19_3367213/data/secureip/fe/fe_002.svp" Line 132137 : Function calls inside wait/event expression are sensitive to arguments only."cfg_tr_perm_sh_r4()" is called without any argument which may not unblock the wait/event expression.
WARNING: [XSIM 43-4398] File "/wrk/ci/prod/2021.2/rdi_builds/continuous/2021_10_19_3367213/data/secureip/fe/fe_002.svp" Line 132100 : Function calls inside wait/event expression are sensitive to arguments only."cfg_tr_perm_r4()" is called without any argument which may not unblock the wait/event expression.
WARNING: [XSIM 43-4398] File "/wrk/ci/prod/2021.2/rdi_builds/continuous/2021_10_19_3367213/data/secureip/fe/fe_002.svp" Line 132101 : Function calls inside wait/event expression are sensitive to arguments only."cfg_llr_perm_r4()" is called without any argument which may not unblock the wait/event expression.
WARNING: [XSIM 43-4398] File "/wrk/ci/prod/2021.2/rdi_builds/continuous/2021_10_19_3367213/data/secureip/fe/fe_002.svp" Line 132102 : Function calls inside wait/event expression are sensitive to arguments only."cfg_sym_perm_r4()" is called without any argument which may not unblock the wait/event expression.
WARNING: [XSIM 43-4398] File "/wrk/ci/prod/2021.2/rdi_builds/continuous/2021_10_19_3367213/data/secureip/fe/fe_002.svp" Line 132137 : Function calls inside wait/event expression are sensitive to arguments only."cfg_tr_perm_sh_r4()" is called without any argument which may not unblock the wait/event expression.
WARNING: [XSIM 43-4398] File "/wrk/ci/prod/2021.2/rdi_builds/continuous/2021_10_19_3367213/data/secureip/fe/fe_002.svp" Line 132100 : Function calls inside wait/event expression are sensitive to arguments only."cfg_tr_perm_r4()" is called without any argument which may not unblock the wait/event expression.
WARNING: [XSIM 43-4398] File "/wrk/ci/prod/2021.2/rdi_builds/continuous/2021_10_19_3367213/data/secureip/fe/fe_002.svp" Line 132101 : Function calls inside wait/event expression are sensitive to arguments only."cfg_llr_perm_r4()" is called without any argument which may not unblock the wait/event expression.
WARNING: [XSIM 43-4398] File "/wrk/ci/prod/2021.2/rdi_builds/continuous/2021_10_19_3367213/data/secureip/fe/fe_002.svp" Line 132102 : Function calls inside wait/event expression are sensitive to arguments only."cfg_sym_perm_r4()" is called without any argument which may not unblock the wait/event expression.
WARNING: [XSIM 43-4398] File "/wrk/ci/prod/2021.2/rdi_builds/continuous/2021_10_19_3367213/data/secureip/fe/fe_002.svp" Line 132137 : Function calls inside wait/event expression are sensitive to arguments only."cfg_tr_perm_sh_r4()" is called without any argument which may not unblock the wait/event expression.
WARNING: [XSIM 43-4398] File "/wrk/ci/prod/2021.2/rdi_builds/continuous/2021_10_19_3367213/data/secureip/fe/fe_002.svp" Line 132100 : Function calls inside wait/event expression are sensitive to arguments only."cfg_tr_perm_r4()" is called without any argument which may not unblock the wait/event expression.
WARNING: [XSIM 43-4398] File "/wrk/ci/prod/2021.2/rdi_builds/continuous/2021_10_19_3367213/data/secureip/fe/fe_002.svp" Line 132101 : Function calls inside wait/event expression are sensitive to arguments only."cfg_llr_perm_r4()" is called without any argument which may not unblock the wait/event expression.
WARNING: [XSIM 43-4398] File "/wrk/ci/prod/2021.2/rdi_builds/continuous/2021_10_19_3367213/data/secureip/fe/fe_002.svp" Line 132102 : Function calls inside wait/event expression are sensitive to arguments only."cfg_sym_perm_r4()" is called without any argument which may not unblock the wait/event expression.
WARNING: [XSIM 43-4398] File "/wrk/ci/prod/2021.2/rdi_builds/continuous/2021_10_19_3367213/data/secureip/fe/fe_002.svp" Line 132137 : Function calls inside wait/event expression are sensitive to arguments only."cfg_tr_perm_sh_r4()" is called without any argument which may not unblock the wait/event expression.
WARNING: [XSIM 43-4398] File "/wrk/ci/prod/2021.2/rdi_builds/continuous/2021_10_19_3367213/data/secureip/fe/fe_002.svp" Line 132100 : Function calls inside wait/event expression are sensitive to arguments only."cfg_tr_perm_r4()" is called without any argument which may not unblock the wait/event expression.
WARNING: [XSIM 43-4398] File "/wrk/ci/prod/2021.2/rdi_builds/continuous/2021_10_19_3367213/data/secureip/fe/fe_002.svp" Line 132101 : Function calls inside wait/event expression are sensitive to arguments only."cfg_llr_perm_r4()" is called without any argument which may not unblock the wait/event expression.
WARNING: [XSIM 43-4398] File "/wrk/ci/prod/2021.2/rdi_builds/continuous/2021_10_19_3367213/data/secureip/fe/fe_002.svp" Line 132102 : Function calls inside wait/event expression are sensitive to arguments only."cfg_sym_perm_r4()" is called without any argument which may not unblock the wait/event expression.
WARNING: [XSIM 43-4398] File "/wrk/ci/prod/2021.2/rdi_builds/continuous/2021_10_19_3367213/data/secureip/fe/fe_002.svp" Line 132137 : Function calls inside wait/event expression are sensitive to arguments only."cfg_tr_perm_sh_r4()" is called without any argument which may not unblock the wait/event expression.
WARNING: [XSIM 43-4398] File "/wrk/ci/prod/2021.2/rdi_builds/continuous/2021_10_19_3367213/data/secureip/fe/fe_002.svp" Line 132100 : Function calls inside wait/event expression are sensitive to arguments only."cfg_tr_perm_r4()" is called without any argument which may not unblock the wait/event expression.
WARNING: [XSIM 43-4398] File "/wrk/ci/prod/2021.2/rdi_builds/continuous/2021_10_19_3367213/data/secureip/fe/fe_002.svp" Line 132101 : Function calls inside wait/event expression are sensitive to arguments only."cfg_llr_perm_r4()" is called without any argument which may not unblock the wait/event expression.
WARNING: [XSIM 43-4398] File "/wrk/ci/prod/2021.2/rdi_builds/continuous/2021_10_19_3367213/data/secureip/fe/fe_002.svp" Line 132102 : Function calls inside wait/event expression are sensitive to arguments only."cfg_sym_perm_r4()" is called without any argument which may not unblock the wait/event expression.
WARNING: [XSIM 43-4398] File "/wrk/ci/prod/2021.2/rdi_builds/continuous/2021_10_19_3367213/data/secureip/fe/fe_002.svp" Line 132137 : Function calls inside wait/event expression are sensitive to arguments only."cfg_tr_perm_sh_r4()" is called without any argument which may not unblock the wait/event expression.
WARNING: [XSIM 43-4398] File "/wrk/ci/prod/2021.2/rdi_builds/continuous/2021_10_19_3367213/data/secureip/fe/fe_002.svp" Line 132100 : Function calls inside wait/event expression are sensitive to arguments only."cfg_tr_perm_r4()" is called without any argument which may not unblock the wait/event expression.
WARNING: [XSIM 43-4398] File "/wrk/ci/prod/2021.2/rdi_builds/continuous/2021_10_19_3367213/data/secureip/fe/fe_002.svp" Line 132101 : Function calls inside wait/event expression are sensitive to arguments only."cfg_llr_perm_r4()" is called without any argument which may not unblock the wait/event expression.
WARNING: [XSIM 43-4398] File "/wrk/ci/prod/2021.2/rdi_builds/continuous/2021_10_19_3367213/data/secureip/fe/fe_002.svp" Line 132102 : Function calls inside wait/event expression are sensitive to arguments only."cfg_sym_perm_r4()" is called without any argument which may not unblock the wait/event expression.
WARNING: [XSIM 43-4398] File "/wrk/ci/prod/2021.2/rdi_builds/continuous/2021_10_19_3367213/data/secureip/fe/fe_002.svp" Line 132137 : Function calls inside wait/event expression are sensitive to arguments only."cfg_tr_perm_sh_r4()" is called without any argument which may not unblock the wait/event expression.
WARNING: [XSIM 43-4398] File "/wrk/ci/prod/2021.2/rdi_builds/continuous/2021_10_19_3367213/data/secureip/fe/fe_002.svp" Line 134806 : Function calls inside wait/event expression are sensitive to arguments only."crc24b_par4_mask()" is called without any argument which may not unblock the wait/event expression.
WARNING: [XSIM 43-4398] File "/wrk/ci/prod/2021.2/rdi_builds/continuous/2021_10_19_3367213/data/secureip/fe/fe_002.svp" Line 134806 : Function calls inside wait/event expression are sensitive to arguments only."crc24a_par4_mask()" is called without any argument which may not unblock the wait/event expression.
WARNING: [XSIM 43-4398] File "/wrk/ci/prod/2021.2/rdi_builds/continuous/2021_10_19_3367213/data/secureip/fe/fe_002.svp" Line 134807 : Function calls inside wait/event expression are sensitive to arguments only."crc24b_par2_mask()" is called without any argument which may not unblock the wait/event expression.
WARNING: [XSIM 43-4398] File "/wrk/ci/prod/2021.2/rdi_builds/continuous/2021_10_19_3367213/data/secureip/fe/fe_002.svp" Line 134807 : Function calls inside wait/event expression are sensitive to arguments only."crc24a_par2_mask()" is called without any argument which may not unblock the wait/event expression.
WARNING: [XSIM 43-4398] File "/wrk/ci/prod/2021.2/rdi_builds/continuous/2021_10_19_3367213/data/secureip/fe/fe_002.svp" Line 134808 : Function calls inside wait/event expression are sensitive to arguments only."crc24b_adv()" is called without any argument which may not unblock the wait/event expression.
WARNING: [XSIM 43-4398] File "/wrk/ci/prod/2021.2/rdi_builds/continuous/2021_10_19_3367213/data/secureip/fe/fe_002.svp" Line 134808 : Function calls inside wait/event expression are sensitive to arguments only."crc24a_adv()" is called without any argument which may not unblock the wait/event expression.
WARNING: [XSIM 43-4398] File "/wrk/ci/prod/2021.2/rdi_builds/continuous/2021_10_19_3367213/data/secureip/fe/fe_002.svp" Line 134969 : Function calls inside wait/event expression are sensitive to arguments only."crc24b_adv()" is called without any argument which may not unblock the wait/event expression.
WARNING: [XSIM 43-4398] File "/wrk/ci/prod/2021.2/rdi_builds/continuous/2021_10_19_3367213/data/secureip/fe/fe_002.svp" Line 134969 : Function calls inside wait/event expression are sensitive to arguments only."crc24a_adv()" is called without any argument which may not unblock the wait/event expression.
Completed simulation data flow analysis
INFO: [XSIM 43-3451] SDF backannotation process started with SDF file "LDPC_encoder_tb_time_synth.sdf", for root module "LDPC_encoder_tb/uut".
INFO: [XSIM 43-3452] SDF backannotation was successful for SDF file "LDPC_encoder_tb_time_synth.sdf", for root module "LDPC_encoder_tb/uut".
Time Resolution for simulation is 1ps
Compiling package std.standard
Compiling package std.textio
Compiling package ieee.std_logic_1164
Compiling package ieee.numeric_std
Compiling package vl.vl_types
Compiling module xil_defaultlib.glbl
Compiling module simprims_ver.GND
Compiling module simprims_ver.RAMB36E2(DOA_REG=0,DOB_REG=0,INI...
Compiling module simprims_ver.RAMB36E2(DOA_REG=0,DOB_REG=0,INI...
Compiling module simprims_ver.RAMB36E2(DOA_REG=0,DOB_REG=0,INI...
Compiling module simprims_ver.RAMB36E2(DOA_REG=0,DOB_REG=0,INI...
Compiling module simprims_ver.FE(MODE="LDPC_ENCODE",PHYSICAL_U...
Compiling module simprims_ver.LUT5
Compiling module simprims_ver.x_lut2_mux4
Compiling module simprims_ver.LUT2
Compiling module simprims_ver.LUT6
Compiling module simprims_ver.x_lut3_mux8
Compiling module simprims_ver.LUT3
Compiling module simprims_ver.FDSE_default
Compiling module simprims_ver.FDRE_default
Compiling module simprims_ver.LUT4
Compiling module simprims_ver.FDRE(XON="FALSE")
Compiling module simprims_ver.RAMD32
Compiling module simprims_ver.RAMS32
Compiling module simprims_ver.x_lut1_mux2
Compiling module simprims_ver.LUT1
Compiling module simprims_ver.SRL16E_default
Compiling module simprims_ver.CARRY8
Compiling module xil_defaultlib.sd_fec_0
Compiling module xil_defaultlib.sd_fec_0_HD1155
Compiling module xil_defaultlib.sd_fec_0_HD1192
Compiling module xil_defaultlib.sd_fec_0_HD1229
Compiling module simprims_ver.FDCE_default
Compiling module xil_defaultlib.Cores_controller
Compiling module xil_defaultlib.axis_data_fifo_1_xpm_cdc_sync_rs...
Compiling module simprims_ver.RAMB36E2(CASCADE_ORDER_B="FIRST"...
Compiling module simprims_ver.RAMB36E2(CASCADE_ORDER_B="MIDDLE...
Compiling module simprims_ver.RAMB36E2(CASCADE_ORDER_B="LAST",...
Compiling module simprims_ver.RAMB36E2(CASCADE_ORDER_B="FIRST"...
Compiling module simprims_ver.RAMB36E2(CASCADE_ORDER_B="LAST",...
Compiling module simprims_ver.RAMB36E2(CLOCK_DOMAINS="COMMON",...
Compiling module simprims_ver.RAMB18E2(CLOCK_DOMAINS="COMMON",...
Compiling module xil_defaultlib.axis_data_fifo_1_xpm_memory_base
Compiling module xil_defaultlib.axis_data_fifo_1_xpm_counter_upd...
Compiling module xil_defaultlib.axis_data_fifo_1_xpm_counter_upd...
Compiling module xil_defaultlib.axis_data_fifo_1_xpm_fifo_reg_bi...
Compiling module xil_defaultlib.axis_data_fifo_1_xpm_counter_upd...
Compiling module xil_defaultlib.axis_data_fifo_1_xpm_counter_upd...
Compiling module xil_defaultlib.axis_data_fifo_1_xpm_counter_upd...
Compiling module xil_defaultlib.axis_data_fifo_1_xpm_fifo_rst
Compiling module xil_defaultlib.axis_data_fifo_1_xpm_fifo_base
Compiling module xil_defaultlib.axis_data_fifo_1_xpm_fifo_axis
Compiling module xil_defaultlib.axis_data_fifo_1_axis_data_fifo_...
Compiling module xil_defaultlib.axis_data_fifo_1
Compiling module xil_defaultlib.axis_data_fifo_1_xpm_cdc_sync_rs...
Compiling module xil_defaultlib.axis_data_fifo_1_xpm_memory_base...
Compiling module xil_defaultlib.axis_data_fifo_1_xpm_counter_upd...
Compiling module xil_defaultlib.axis_data_fifo_1_xpm_counter_upd...
Compiling module xil_defaultlib.axis_data_fifo_1_xpm_fifo_reg_bi...
Compiling module xil_defaultlib.axis_data_fifo_1_xpm_counter_upd...
Compiling module xil_defaultlib.axis_data_fifo_1_xpm_counter_upd...
Compiling module xil_defaultlib.axis_data_fifo_1_xpm_counter_upd...
Compiling module xil_defaultlib.axis_data_fifo_1_xpm_fifo_rst_HD...
Compiling module xil_defaultlib.axis_data_fifo_1_xpm_fifo_base_H...
Compiling module xil_defaultlib.axis_data_fifo_1_xpm_fifo_axis_H...
Compiling module xil_defaultlib.axis_data_fifo_1_axis_data_fifo_...
Compiling module xil_defaultlib.axis_data_fifo_1_HD1068
Compiling module xil_defaultlib.axis_data_fifo_1_xpm_cdc_sync_rs...
Compiling module xil_defaultlib.axis_data_fifo_1_xpm_memory_base...
Compiling module xil_defaultlib.axis_data_fifo_1_xpm_counter_upd...
Compiling module xil_defaultlib.axis_data_fifo_1_xpm_counter_upd...
Compiling module xil_defaultlib.axis_data_fifo_1_xpm_fifo_reg_bi...
Compiling module xil_defaultlib.axis_data_fifo_1_xpm_counter_upd...
Compiling module xil_defaultlib.axis_data_fifo_1_xpm_counter_upd...
Compiling module xil_defaultlib.axis_data_fifo_1_xpm_counter_upd...
Compiling module xil_defaultlib.axis_data_fifo_1_xpm_fifo_rst_HD...
Compiling module xil_defaultlib.axis_data_fifo_1_xpm_fifo_base_H...
Compiling module xil_defaultlib.axis_data_fifo_1_xpm_fifo_axis_H...
Compiling module xil_defaultlib.axis_data_fifo_1_axis_data_fifo_...
Compiling module xil_defaultlib.axis_data_fifo_1_HD1081
Compiling module xil_defaultlib.axis_data_fifo_1_xpm_cdc_sync_rs...
Compiling module xil_defaultlib.axis_data_fifo_1_xpm_memory_base...
Compiling module xil_defaultlib.axis_data_fifo_1_xpm_counter_upd...
Compiling module xil_defaultlib.axis_data_fifo_1_xpm_counter_upd...
Compiling module xil_defaultlib.axis_data_fifo_1_xpm_fifo_reg_bi...
Compiling module xil_defaultlib.axis_data_fifo_1_xpm_counter_upd...
Compiling module xil_defaultlib.axis_data_fifo_1_xpm_counter_upd...
Compiling module xil_defaultlib.axis_data_fifo_1_xpm_counter_upd...
Compiling module xil_defaultlib.axis_data_fifo_1_xpm_fifo_rst_HD...
Compiling module xil_defaultlib.axis_data_fifo_1_xpm_fifo_base_H...
Compiling module xil_defaultlib.axis_data_fifo_1_xpm_fifo_axis_H...
Compiling module xil_defaultlib.axis_data_fifo_1_axis_data_fifo_...
Compiling module xil_defaultlib.axis_data_fifo_1_HD1094
Compiling module simprims_ver.BUFGCE(CE_TYPE="ASYNC",SIM_DEVIC...
Compiling module simprims_ver.IBUFCTRL_default
Compiling module simprims_ver.INBUF_default
Compiling module xil_defaultlib.IBUF_UNIQ_BASE_
Compiling module xil_defaultlib.IBUF_HD1293
Compiling module xil_defaultlib.IBUF_HD1294
Compiling module xil_defaultlib.IBUF_HD1295
Compiling module xil_defaultlib.IBUF_HD1296
Compiling module xil_defaultlib.IBUF_HD1297
Compiling module xil_defaultlib.IBUF_HD1298
Compiling module xil_defaultlib.IBUF_HD1299
Compiling module xil_defaultlib.IBUF_HD1300
Compiling module xil_defaultlib.IBUF_HD1301
Compiling module xil_defaultlib.IBUF_HD1302
Compiling module xil_defaultlib.IBUF_HD1303
Compiling module xil_defaultlib.IBUF_HD1304
Compiling module xil_defaultlib.IBUF_HD1305
Compiling module xil_defaultlib.IBUF_HD1306
Compiling module xil_defaultlib.IBUF_HD1307
Compiling module xil_defaultlib.IBUF_HD1308
Compiling module xil_defaultlib.IBUF_HD1309
Compiling module xil_defaultlib.IBUF_HD1310
Compiling module xil_defaultlib.IBUF_HD1311
Compiling module xil_defaultlib.IBUF_HD1312
Compiling module xil_defaultlib.IBUF_HD1313
Compiling module xil_defaultlib.IBUF_HD1314
Compiling module xil_defaultlib.IBUF_HD1315
Compiling module xil_defaultlib.IBUF_HD1316
Compiling module xil_defaultlib.IBUF_HD1317
Compiling module xil_defaultlib.IBUF_HD1318
Compiling module xil_defaultlib.IBUF_HD1319
Compiling module xil_defaultlib.IBUF_HD1320
Compiling module xil_defaultlib.IBUF_HD1321
Compiling module xil_defaultlib.IBUF_HD1322
Compiling module xil_defaultlib.IBUF_HD1323
Compiling module xil_defaultlib.IBUF_HD1324
Compiling module xil_defaultlib.IBUF_HD1325
Compiling module xil_defaultlib.IBUF_HD1326
Compiling module simprims_ver.OBUF
Compiling module simprims_ver.OBUFT
Compiling module xil_defaultlib.IBUF_HD1327
Compiling module xil_defaultlib.axis_data_fifo_0_xpm_cdc_sync_rs...
Compiling module xil_defaultlib.axis_data_fifo_0_xpm_counter_upd...
Compiling module simprims_ver.RAMB36E2(CASCADE_ORDER_B="FIRST"...
Compiling module simprims_ver.RAMB36E2(CASCADE_ORDER_B="LAST",...
Compiling module simprims_ver.RAMB36E2(CLOCK_DOMAINS="COMMON",...
Compiling module xil_defaultlib.axis_data_fifo_0_xpm_memory_base
Compiling module xil_defaultlib.axis_data_fifo_0_xpm_counter_upd...
Compiling module xil_defaultlib.axis_data_fifo_0_xpm_counter_upd...
Compiling module xil_defaultlib.axis_data_fifo_0_xpm_fifo_reg_bi...
Compiling module xil_defaultlib.axis_data_fifo_0_xpm_counter_upd...
Compiling module xil_defaultlib.axis_data_fifo_0_xpm_counter_upd...
Compiling module xil_defaultlib.axis_data_fifo_0_xpm_counter_upd...
Compiling module xil_defaultlib.axis_data_fifo_0_xpm_fifo_rst
Compiling module xil_defaultlib.axis_data_fifo_0_xpm_fifo_base
Compiling module xil_defaultlib.axis_data_fifo_0_xpm_fifo_axis
Compiling module xil_defaultlib.axis_data_fifo_0_axis_data_fifo_...
Compiling module xil_defaultlib.axis_data_fifo_0
Compiling module xil_defaultlib.axis_data_fifo_0_xpm_cdc_sync_rs...
Compiling module xil_defaultlib.axis_data_fifo_0_xpm_counter_upd...
Compiling module xil_defaultlib.axis_data_fifo_0_xpm_memory_base...
Compiling module xil_defaultlib.axis_data_fifo_0_xpm_counter_upd...
Compiling module xil_defaultlib.axis_data_fifo_0_xpm_counter_upd...
Compiling module xil_defaultlib.axis_data_fifo_0_xpm_fifo_reg_bi...
Compiling module xil_defaultlib.axis_data_fifo_0_xpm_counter_upd...
Compiling module xil_defaultlib.axis_data_fifo_0_xpm_counter_upd...
Compiling module xil_defaultlib.axis_data_fifo_0_xpm_counter_upd...
Compiling module xil_defaultlib.axis_data_fifo_0_xpm_fifo_rst_HD...
Compiling module xil_defaultlib.axis_data_fifo_0_xpm_fifo_base_H...
Compiling module xil_defaultlib.axis_data_fifo_0_xpm_fifo_axis_H...
Compiling module xil_defaultlib.axis_data_fifo_0_axis_data_fifo_...
Compiling module xil_defaultlib.axis_data_fifo_0_HD1110
Compiling module xil_defaultlib.axis_data_fifo_0_xpm_cdc_sync_rs...
Compiling module xil_defaultlib.axis_data_fifo_0_xpm_counter_upd...
Compiling module xil_defaultlib.axis_data_fifo_0_xpm_memory_base...
Compiling module xil_defaultlib.axis_data_fifo_0_xpm_counter_upd...
Compiling module xil_defaultlib.axis_data_fifo_0_xpm_counter_upd...
Compiling module xil_defaultlib.axis_data_fifo_0_xpm_fifo_reg_bi...
Compiling module xil_defaultlib.axis_data_fifo_0_xpm_counter_upd...
Compiling module xil_defaultlib.axis_data_fifo_0_xpm_counter_upd...
Compiling module xil_defaultlib.axis_data_fifo_0_xpm_counter_upd...
Compiling module xil_defaultlib.axis_data_fifo_0_xpm_fifo_rst_HD...
Compiling module xil_defaultlib.axis_data_fifo_0_xpm_fifo_base_H...
Compiling module xil_defaultlib.axis_data_fifo_0_xpm_fifo_axis_H...
Compiling module xil_defaultlib.axis_data_fifo_0_axis_data_fifo_...
Compiling module xil_defaultlib.axis_data_fifo_0_HD1124
Compiling module xil_defaultlib.axis_data_fifo_0_xpm_cdc_sync_rs...
Compiling module xil_defaultlib.axis_data_fifo_0_xpm_counter_upd...
Compiling module xil_defaultlib.axis_data_fifo_0_xpm_memory_base...
Compiling module xil_defaultlib.axis_data_fifo_0_xpm_counter_upd...
Compiling module xil_defaultlib.axis_data_fifo_0_xpm_counter_upd...
Compiling module xil_defaultlib.axis_data_fifo_0_xpm_fifo_reg_bi...
Compiling module xil_defaultlib.axis_data_fifo_0_xpm_counter_upd...
Compiling module xil_defaultlib.axis_data_fifo_0_xpm_counter_upd...
Compiling module xil_defaultlib.axis_data_fifo_0_xpm_counter_upd...
Compiling module xil_defaultlib.axis_data_fifo_0_xpm_fifo_rst_HD...
Compiling module xil_defaultlib.axis_data_fifo_0_xpm_fifo_base_H...
Compiling module xil_defaultlib.axis_data_fifo_0_xpm_fifo_axis_H...
Compiling module xil_defaultlib.axis_data_fifo_0_axis_data_fifo_...
Compiling module xil_defaultlib.axis_data_fifo_0_HD1138
Compiling module xil_defaultlib.IBUF_HD1328
Compiling module xil_defaultlib.IBUF_HD1329
Compiling module xil_defaultlib.IBUF_HD1330
Compiling module xil_defaultlib.LDPC_encoder
Compiling package secureip.xil_fe_pack1
Compiling package secureip.xil_fe_pack0
Compiling package secureip.xil_fe_pack7
Compiling package secureip.xil_fe_pack2
Compiling package secureip.xil_fe_pack3
Compiling package secureip.xil_fe_pack9
Compiling package secureip.xil_fe_pack6
Compiling package secureip.xil_fe_pack5
Compiling package secureip.xil_fe_pack4
Compiling package secureip.xil_fe_pack8
Compiling architecture behavioral of entity xil_defaultlib.ldpc_encoder_tb
Built simulation snapshot LDPC_encoder_tb_time_synth
