xmelab(64): 20.09-s007: (c) Copyright 1995-2020 Cadence Design Systems, Inc.
TOOL:	xmelab(64)	20.09-s007: Started on Jun 09, 2025 at 14:02:43 CEST
xmelab
    -64bit
    -relax
    -access +rwc
    -namemap_mixgen
    -messages
    -logfile elaborate.log
    -FAULT_WORK fault_db
    -fault_dbg
    -fault_top mapper_tb
    -fault_overwrite
    -fault_file ./fault_list
    -libname xil_defaultlib
    -libname secureip
    xil_defaultlib.mapper_tb

xmelab: *N,FLTOVR: [FLT] An existing fault directory (fault_db) has been overwritten.
xmelab: *N,SPUNSP: -sparsearray is not supported with Fault Simulation. Disabling the default -sparsearray=100000 option.
xmelab: *W,ARCMRA: Elaborating the XIL_DEFAULTLIB.MAPPER_TB:BEHAVIOR, MRA (most recently analyzed) architecture.
	Elaborating the design hierarchy:
xmelab: *W,CUDEFB: default binding occurred for component instance (:mapper_tb(behavior):uut) with design unit (XIL_DEFAULTLIB.MAPPER:STRUCTURE).
xmelab: *W,CUDEFB: default binding occurred for component instance (:mapper_tb(behavior):uut@mapper(STRUCTURE):\buff_counter[0]_i_1\) with design unit (UNISIM.LUT5:LUT5_V).
xmelab: *W,CUDEFB: default binding occurred for component instance (:mapper_tb(behavior):uut@mapper(STRUCTURE):\buff_counter[0]_i_10\) with design unit (UNISIM.LUT1:LUT1_V).
xmelab: *W,CUDEFB: default binding occurred for component instance (:mapper_tb(behavior):uut@mapper(STRUCTURE):\buff_counter[0]_i_3\) with design unit (UNISIM.LUT2:LUT2_V).
xmelab: *W,CUDEFB: default binding occurred for component instance (:mapper_tb(behavior):uut@mapper(STRUCTURE):\buff_counter[0]_i_4\) with design unit (UNISIM.LUT2:LUT2_V).
xmelab: *W,CUDEFB: default binding occurred for component instance (:mapper_tb(behavior):uut@mapper(STRUCTURE):\buff_counter[0]_i_5\) with design unit (UNISIM.LUT2:LUT2_V).
xmelab: *W,CUDEFB: default binding occurred for component instance (:mapper_tb(behavior):uut@mapper(STRUCTURE):\buff_counter[0]_i_6\) with design unit (UNISIM.LUT2:LUT2_V).
xmelab: *W,CUDEFB: default binding occurred for component instance (:mapper_tb(behavior):uut@mapper(STRUCTURE):\buff_counter[0]_i_7\) with design unit (UNISIM.LUT2:LUT2_V).
xmelab: *W,CUDEFB: default binding occurred for component instance (:mapper_tb(behavior):uut@mapper(STRUCTURE):\buff_counter[0]_i_8\) with design unit (UNISIM.LUT2:LUT2_V).
xmelab: *W,CUDEFB: default binding occurred for component instance (:mapper_tb(behavior):uut@mapper(STRUCTURE):\buff_counter[0]_i_9\) with design unit (UNISIM.LUT2:LUT2_V).
xmelab: *W,CUDEFB: default binding occurred for component instance (:mapper_tb(behavior):uut@mapper(STRUCTURE):\buff_counter[16]_i_2\) with design unit (UNISIM.LUT2:LUT2_V).
xmelab: *W,CUDEFB: default binding occurred for component instance (:mapper_tb(behavior):uut@mapper(STRUCTURE):\buff_counter[16]_i_3\) with design unit (UNISIM.LUT2:LUT2_V).
xmelab: *W,CUDEFB: default binding occurred for component instance (:mapper_tb(behavior):uut@mapper(STRUCTURE):\buff_counter[16]_i_4\) with design unit (UNISIM.LUT2:LUT2_V).
xmelab: *W,CUDEFB: default binding occurred for component instance (:mapper_tb(behavior):uut@mapper(STRUCTURE):\buff_counter[16]_i_5\) with design unit (UNISIM.LUT2:LUT2_V).
xmelab: *W,CUDEFB: default binding occurred for component instance (:mapper_tb(behavior):uut@mapper(STRUCTURE):\buff_counter[16]_i_6\) with design unit (UNISIM.LUT2:LUT2_V).
xmelab: *W,CUDEFB: default binding occurred for component instance (:mapper_tb(behavior):uut@mapper(STRUCTURE):\buff_counter[16]_i_7\) with design unit (UNISIM.LUT2:LUT2_V).
xmelab: *W,CUDEFB: default binding occurred for component instance (:mapper_tb(behavior):uut@mapper(STRUCTURE):\buff_counter[16]_i_8\) with design unit (UNISIM.LUT2:LUT2_V).
xmelab: *W,CUDEFB: default binding occurred for component instance (:mapper_tb(behavior):uut@mapper(STRUCTURE):\buff_counter[16]_i_9\) with design unit (UNISIM.LUT2:LUT2_V).
xmelab: *W,CUDEFB: default binding occurred for component instance (:mapper_tb(behavior):uut@mapper(STRUCTURE):\buff_counter[24]_i_2\) with design unit (UNISIM.LUT2:LUT2_V).
xmelab: *W,CUDEFB: default binding occurred for component instance (:mapper_tb(behavior):uut@mapper(STRUCTURE):\buff_counter[24]_i_3\) with design unit (UNISIM.LUT2:LUT2_V).
xmelab: *W,CUDEFB: default binding occurred for component instance (:mapper_tb(behavior):uut@mapper(STRUCTURE):\buff_counter[24]_i_4\) with design unit (UNISIM.LUT2:LUT2_V).
xmelab: *W,CUDEFB: default binding occurred for component instance (:mapper_tb(behavior):uut@mapper(STRUCTURE):\buff_counter[24]_i_5\) with design unit (UNISIM.LUT2:LUT2_V).
xmelab: *W,CUDEFB: default binding occurred for component instance (:mapper_tb(behavior):uut@mapper(STRUCTURE):\buff_counter[24]_i_6\) with design unit (UNISIM.LUT2:LUT2_V).
xmelab: *W,CUDEFB: default binding occurred for component instance (:mapper_tb(behavior):uut@mapper(STRUCTURE):\buff_counter[24]_i_7\) with design unit (UNISIM.LUT2:LUT2_V).
xmelab: *W,CUDEFB: default binding occurred for component instance (:mapper_tb(behavior):uut@mapper(STRUCTURE):\buff_counter[24]_i_8\) with design unit (UNISIM.LUT2:LUT2_V).
xmelab: *W,CUDEFB: default binding occurred for component instance (:mapper_tb(behavior):uut@mapper(STRUCTURE):\buff_counter[24]_i_9\) with design unit (UNISIM.LUT2:LUT2_V).
xmelab: *W,CUDEFB: default binding occurred for component instance (:mapper_tb(behavior):uut@mapper(STRUCTURE):\buff_counter[8]_i_2\) with design unit (UNISIM.LUT2:LUT2_V).
xmelab: *W,CUDEFB: default binding occurred for component instance (:mapper_tb(behavior):uut@mapper(STRUCTURE):\buff_counter[8]_i_3\) with design unit (UNISIM.LUT2:LUT2_V).
xmelab: *W,CUDEFB: default binding occurred for component instance (:mapper_tb(behavior):uut@mapper(STRUCTURE):\buff_counter[8]_i_4\) with design unit (UNISIM.LUT2:LUT2_V).
xmelab: *W,CUDEFB: default binding occurred for component instance (:mapper_tb(behavior):uut@mapper(STRUCTURE):\buff_counter[8]_i_5\) with design unit (UNISIM.LUT2:LUT2_V).
xmelab: *W,CUDEFB: default binding occurred for component instance (:mapper_tb(behavior):uut@mapper(STRUCTURE):\buff_counter[8]_i_6\) with design unit (UNISIM.LUT2:LUT2_V).
xmelab: *W,CUDEFB: default binding occurred for component instance (:mapper_tb(behavior):uut@mapper(STRUCTURE):\buff_counter[8]_i_7\) with design unit (UNISIM.LUT2:LUT2_V).
xmelab: *W,CUDEFB: default binding occurred for component instance (:mapper_tb(behavior):uut@mapper(STRUCTURE):\buff_counter[8]_i_8\) with design unit (UNISIM.LUT2:LUT2_V).
xmelab: *W,CUDEFB: default binding occurred for component instance (:mapper_tb(behavior):uut@mapper(STRUCTURE):\buff_counter[8]_i_9\) with design unit (UNISIM.LUT2:LUT2_V).
xmelab: *W,CUDEFB: default binding occurred for component instance (:mapper_tb(behavior):uut@mapper(STRUCTURE):\buff_counter_reg[0]\) with design unit (UNISIM.FDCE:FDCE_V).
xmelab: *W,CUDEFB: default binding occurred for component instance (:mapper_tb(behavior):uut@mapper(STRUCTURE):\buff_counter_reg[0]_i_2\) with design unit (UNISIM.CARRY8:CARRY8_V).
xmelab: *W,CUDEFB: default binding occurred for component instance (:mapper_tb(behavior):uut@mapper(STRUCTURE):\buff_counter_reg[10]\) with design unit (UNISIM.FDCE:FDCE_V).
xmelab: *W,CUDEFB: default binding occurred for component instance (:mapper_tb(behavior):uut@mapper(STRUCTURE):\buff_counter_reg[11]\) with design unit (UNISIM.FDCE:FDCE_V).
xmelab: *W,CUDEFB: default binding occurred for component instance (:mapper_tb(behavior):uut@mapper(STRUCTURE):\buff_counter_reg[12]\) with design unit (UNISIM.FDCE:FDCE_V).
xmelab: *W,CUDEFB: default binding occurred for component instance (:mapper_tb(behavior):uut@mapper(STRUCTURE):\buff_counter_reg[13]\) with design unit (UNISIM.FDCE:FDCE_V).
xmelab: *W,CUDEFB: default binding occurred for component instance (:mapper_tb(behavior):uut@mapper(STRUCTURE):\buff_counter_reg[14]\) with design unit (UNISIM.FDCE:FDCE_V).
xmelab: *W,CUDEFB: default binding occurred for component instance (:mapper_tb(behavior):uut@mapper(STRUCTURE):\buff_counter_reg[15]\) with design unit (UNISIM.FDCE:FDCE_V).
xmelab: *W,CUDEFB: default binding occurred for component instance (:mapper_tb(behavior):uut@mapper(STRUCTURE):\buff_counter_reg[16]\) with design unit (UNISIM.FDCE:FDCE_V).
xmelab: *W,CUDEFB: default binding occurred for component instance (:mapper_tb(behavior):uut@mapper(STRUCTURE):\buff_counter_reg[16]_i_1\) with design unit (UNISIM.CARRY8:CARRY8_V).
xmelab: *W,CUDEFB: default binding occurred for component instance (:mapper_tb(behavior):uut@mapper(STRUCTURE):\buff_counter_reg[17]\) with design unit (UNISIM.FDCE:FDCE_V).
xmelab: *W,CUDEFB: default binding occurred for component instance (:mapper_tb(behavior):uut@mapper(STRUCTURE):\buff_counter_reg[18]\) with design unit (UNISIM.FDCE:FDCE_V).
xmelab: *W,CUDEFB: default binding occurred for component instance (:mapper_tb(behavior):uut@mapper(STRUCTURE):\buff_counter_reg[19]\) with design unit (UNISIM.FDCE:FDCE_V).
xmelab: *W,CUDEFB: default binding occurred for component instance (:mapper_tb(behavior):uut@mapper(STRUCTURE):\buff_counter_reg[1]\) with design unit (UNISIM.FDCE:FDCE_V).
xmelab: *W,CUDEFB: default binding occurred for component instance (:mapper_tb(behavior):uut@mapper(STRUCTURE):\buff_counter_reg[20]\) with design unit (UNISIM.FDCE:FDCE_V).
xmelab: *W,CUDEFB: default binding occurred for component instance (:mapper_tb(behavior):uut@mapper(STRUCTURE):\buff_counter_reg[21]\) with design unit (UNISIM.FDCE:FDCE_V).
xmelab: *W,CUDEFB: default binding occurred for component instance (:mapper_tb(behavior):uut@mapper(STRUCTURE):\buff_counter_reg[22]\) with design unit (UNISIM.FDCE:FDCE_V).
xmelab: *W,CUDEFB: default binding occurred for component instance (:mapper_tb(behavior):uut@mapper(STRUCTURE):\buff_counter_reg[23]\) with design unit (UNISIM.FDCE:FDCE_V).
xmelab: *W,CUDEFB: default binding occurred for component instance (:mapper_tb(behavior):uut@mapper(STRUCTURE):\buff_counter_reg[24]\) with design unit (UNISIM.FDCE:FDCE_V).
xmelab: *W,CUDEFB: default binding occurred for component instance (:mapper_tb(behavior):uut@mapper(STRUCTURE):\buff_counter_reg[24]_i_1\) with design unit (UNISIM.CARRY8:CARRY8_V).
xmelab: *W,CUDEFB: default binding occurred for component instance (:mapper_tb(behavior):uut@mapper(STRUCTURE):\buff_counter_reg[25]\) with design unit (UNISIM.FDCE:FDCE_V).
xmelab: *W,CUDEFB: default binding occurred for component instance (:mapper_tb(behavior):uut@mapper(STRUCTURE):\buff_counter_reg[26]\) with design unit (UNISIM.FDCE:FDCE_V).
xmelab: *W,CUDEFB: default binding occurred for component instance (:mapper_tb(behavior):uut@mapper(STRUCTURE):\buff_counter_reg[27]\) with design unit (UNISIM.FDCE:FDCE_V).
xmelab: *W,CUDEFB: default binding occurred for component instance (:mapper_tb(behavior):uut@mapper(STRUCTURE):\buff_counter_reg[28]\) with design unit (UNISIM.FDCE:FDCE_V).
xmelab: *W,CUDEFB: default binding occurred for component instance (:mapper_tb(behavior):uut@mapper(STRUCTURE):\buff_counter_reg[29]\) with design unit (UNISIM.FDCE:FDCE_V).
xmelab: *W,CUDEFB: default binding occurred for component instance (:mapper_tb(behavior):uut@mapper(STRUCTURE):\buff_counter_reg[2]\) with design unit (UNISIM.FDCE:FDCE_V).
xmelab: *W,CUDEFB: default binding occurred for component instance (:mapper_tb(behavior):uut@mapper(STRUCTURE):\buff_counter_reg[30]\) with design unit (UNISIM.FDCE:FDCE_V).
xmelab: *W,CUDEFB: default binding occurred for component instance (:mapper_tb(behavior):uut@mapper(STRUCTURE):\buff_counter_reg[31]\) with design unit (UNISIM.FDCE:FDCE_V).
xmelab: *W,CUDEFB: default binding occurred for component instance (:mapper_tb(behavior):uut@mapper(STRUCTURE):\buff_counter_reg[3]\) with design unit (UNISIM.FDCE:FDCE_V).
xmelab: *W,CUDEFB: default binding occurred for component instance (:mapper_tb(behavior):uut@mapper(STRUCTURE):\buff_counter_reg[4]\) with design unit (UNISIM.FDCE:FDCE_V).
xmelab: *W,CUDEFB: default binding occurred for component instance (:mapper_tb(behavior):uut@mapper(STRUCTURE):\buff_counter_reg[5]\) with design unit (UNISIM.FDCE:FDCE_V).
xmelab: *W,CUDEFB: default binding occurred for component instance (:mapper_tb(behavior):uut@mapper(STRUCTURE):\buff_counter_reg[6]\) with design unit (UNISIM.FDCE:FDCE_V).
xmelab: *W,CUDEFB: default binding occurred for component instance (:mapper_tb(behavior):uut@mapper(STRUCTURE):\buff_counter_reg[7]\) with design unit (UNISIM.FDCE:FDCE_V).
xmelab: *W,CUDEFB: default binding occurred for component instance (:mapper_tb(behavior):uut@mapper(STRUCTURE):\buff_counter_reg[8]\) with design unit (UNISIM.FDCE:FDCE_V).
xmelab: *W,CUDEFB: default binding occurred for component instance (:mapper_tb(behavior):uut@mapper(STRUCTURE):\buff_counter_reg[8]_i_1\) with design unit (UNISIM.CARRY8:CARRY8_V).
xmelab: *W,CUDEFB: default binding occurred for component instance (:mapper_tb(behavior):uut@mapper(STRUCTURE):\buff_counter_reg[9]\) with design unit (UNISIM.FDCE:FDCE_V).
xmelab: *W,CUDEFB: default binding occurred for component instance (:mapper_tb(behavior):uut@mapper(STRUCTURE):\buff_reg[0][5]_i_1\) with design unit (UNISIM.LUT6:LUT6_V).
xmelab: *W,CUDEFB: default binding occurred for component instance (:mapper_tb(behavior):uut@mapper(STRUCTURE):\buff_reg[1][5]_i_1\) with design unit (UNISIM.LUT6:LUT6_V).
xmelab: *W,CUDEFB: default binding occurred for component instance (:mapper_tb(behavior):uut@mapper(STRUCTURE):\buff_reg[2][5]_i_1\) with design unit (UNISIM.LUT6:LUT6_V).
xmelab: *W,CUDEFB: default binding occurred for component instance (:mapper_tb(behavior):uut@mapper(STRUCTURE):\buff_reg[2][5]_i_10\) with design unit (UNISIM.LUT6:LUT6_V).
xmelab: *W,CUDEFB: default binding occurred for component instance (:mapper_tb(behavior):uut@mapper(STRUCTURE):\buff_reg[2][5]_i_2\) with design unit (UNISIM.LUT6:LUT6_V).
xmelab: *W,CUDEFB: default binding occurred for component instance (:mapper_tb(behavior):uut@mapper(STRUCTURE):\buff_reg[2][5]_i_3\) with design unit (UNISIM.LUT4:LUT4_V).
xmelab: *W,CUDEFB: default binding occurred for component instance (:mapper_tb(behavior):uut@mapper(STRUCTURE):\buff_reg[2][5]_i_4\) with design unit (UNISIM.LUT2:LUT2_V).
xmelab: *W,CUDEFB: default binding occurred for component instance (:mapper_tb(behavior):uut@mapper(STRUCTURE):\buff_reg[2][5]_i_5\) with design unit (UNISIM.LUT4:LUT4_V).
xmelab: *W,CUDEFB: default binding occurred for component instance (:mapper_tb(behavior):uut@mapper(STRUCTURE):\buff_reg[2][5]_i_6\) with design unit (UNISIM.LUT4:LUT4_V).
xmelab: *W,CUDEFB: default binding occurred for component instance (:mapper_tb(behavior):uut@mapper(STRUCTURE):\buff_reg[2][5]_i_7\) with design unit (UNISIM.LUT2:LUT2_V).
xmelab: *W,CUDEFB: default binding occurred for component instance (:mapper_tb(behavior):uut@mapper(STRUCTURE):\buff_reg[2][5]_i_8\) with design unit (UNISIM.LUT4:LUT4_V).
xmelab: *W,CUDEFB: default binding occurred for component instance (:mapper_tb(behavior):uut@mapper(STRUCTURE):\buff_reg[2][5]_i_9\) with design unit (UNISIM.LUT6:LUT6_V).
xmelab: *W,CUDEFB: default binding occurred for component instance (:mapper_tb(behavior):uut@mapper(STRUCTURE):\buff_reg[3][5]_i_1\) with design unit (UNISIM.LUT6:LUT6_V).
xmelab: *W,CUDEFB: default binding occurred for component instance (:mapper_tb(behavior):uut@mapper(STRUCTURE):\buff_reg[3][5]_i_2\) with design unit (UNISIM.LUT6:LUT6_V).
xmelab: *W,CUDEFB: default binding occurred for component instance (:mapper_tb(behavior):uut@mapper(STRUCTURE):\buff_reg[3][5]_i_3\) with design unit (UNISIM.LUT2:LUT2_V).
xmelab: *W,CUDEFB: default binding occurred for component instance (:mapper_tb(behavior):uut@mapper(STRUCTURE):\buff_reg[3][5]_i_4\) with design unit (UNISIM.LUT6:LUT6_V).
xmelab: *W,CUDEFB: default binding occurred for component instance (:mapper_tb(behavior):uut@mapper(STRUCTURE):\buff_reg[3][5]_i_5\) with design unit (UNISIM.LUT6:LUT6_V).
xmelab: *W,CUDEFB: default binding occurred for component instance (:mapper_tb(behavior):uut@mapper(STRUCTURE):\buff_reg[3][5]_i_6\) with design unit (UNISIM.LUT2:LUT2_V).
xmelab: *W,CUDEFB: default binding occurred for component instance (:mapper_tb(behavior):uut@mapper(STRUCTURE):\buff_reg[3][5]_i_7\) with design unit (UNISIM.LUT6:LUT6_V).
xmelab: *W,CUDEFB: default binding occurred for component instance (:mapper_tb(behavior):uut@mapper(STRUCTURE):\buff_reg[3][5]_i_8\) with design unit (UNISIM.LUT2:LUT2_V).
xmelab: *W,CUDEFB: default binding occurred for component instance (:mapper_tb(behavior):uut@mapper(STRUCTURE):\buff_reg[3][5]_i_9\) with design unit (UNISIM.LUT2:LUT2_V).
xmelab: *W,CUDEFB: default binding occurred for component instance (:mapper_tb(behavior):uut@mapper(STRUCTURE):\buff_reg[4][5]_i_1\) with design unit (UNISIM.LUT6:LUT6_V).
xmelab: *W,CUDEFB: default binding occurred for component instance (:mapper_tb(behavior):uut@mapper(STRUCTURE):\buff_reg[4][5]_i_2\) with design unit (UNISIM.LUT2:LUT2_V).
xmelab: *W,CUDEFB: default binding occurred for component instance (:mapper_tb(behavior):uut@mapper(STRUCTURE):\buff_reg[5][5]_i_1\) with design unit (UNISIM.LUT5:LUT5_V).
xmelab: *W,CUDEFB: default binding occurred for component instance (:mapper_tb(behavior):uut@mapper(STRUCTURE):\buff_reg[5][5]_i_10\) with design unit (UNISIM.LUT2:LUT2_V).
xmelab: *W,CUDEFB: default binding occurred for component instance (:mapper_tb(behavior):uut@mapper(STRUCTURE):\buff_reg[5][5]_i_11\) with design unit (UNISIM.LUT2:LUT2_V).
xmelab: *W,CUDEFB: default binding occurred for component instance (:mapper_tb(behavior):uut@mapper(STRUCTURE):\buff_reg[5][5]_i_12\) with design unit (UNISIM.LUT2:LUT2_V).
xmelab: *W,CUDEFB: default binding occurred for component instance (:mapper_tb(behavior):uut@mapper(STRUCTURE):\buff_reg[5][5]_i_13\) with design unit (UNISIM.LUT2:LUT2_V).
xmelab: *W,CUDEFB: default binding occurred for component instance (:mapper_tb(behavior):uut@mapper(STRUCTURE):\buff_reg[5][5]_i_14\) with design unit (UNISIM.LUT2:LUT2_V).
xmelab: *W,CUDEFB: default binding occurred for component instance (:mapper_tb(behavior):uut@mapper(STRUCTURE):\buff_reg[5][5]_i_15\) with design unit (UNISIM.LUT2:LUT2_V).
xmelab: *W,CUDEFB: default binding occurred for component instance (:mapper_tb(behavior):uut@mapper(STRUCTURE):\buff_reg[5][5]_i_16\) with design unit (UNISIM.LUT2:LUT2_V).
xmelab: *W,CUDEFB: default binding occurred for component instance (:mapper_tb(behavior):uut@mapper(STRUCTURE):\buff_reg[5][5]_i_17\) with design unit (UNISIM.LUT2:LUT2_V).
xmelab: *W,CUDEFB: default binding occurred for component instance (:mapper_tb(behavior):uut@mapper(STRUCTURE):\buff_reg[5][5]_i_18\) with design unit (UNISIM.LUT2:LUT2_V).
xmelab: *W,CUDEFB: default binding occurred for component instance (:mapper_tb(behavior):uut@mapper(STRUCTURE):\buff_reg[5][5]_i_19\) with design unit (UNISIM.LUT2:LUT2_V).
xmelab: *W,CUDEFB: default binding occurred for component instance (:mapper_tb(behavior):uut@mapper(STRUCTURE):\buff_reg[5][5]_i_2\) with design unit (UNISIM.LUT3:LUT3_V).
xmelab: *W,CUDEFB: default binding occurred for component instance (:mapper_tb(behavior):uut@mapper(STRUCTURE):\buff_reg[5][5]_i_20\) with design unit (UNISIM.LUT2:LUT2_V).
xmelab: *W,CUDEFB: default binding occurred for component instance (:mapper_tb(behavior):uut@mapper(STRUCTURE):\buff_reg[5][5]_i_21\) with design unit (UNISIM.LUT2:LUT2_V).
xmelab: *W,CUDEFB: default binding occurred for component instance (:mapper_tb(behavior):uut@mapper(STRUCTURE):\buff_reg[5][5]_i_22\) with design unit (UNISIM.LUT2:LUT2_V).
xmelab: *W,CUDEFB: default binding occurred for component instance (:mapper_tb(behavior):uut@mapper(STRUCTURE):\buff_reg[5][5]_i_23\) with design unit (UNISIM.LUT2:LUT2_V).
xmelab: *W,CUDEFB: default binding occurred for component instance (:mapper_tb(behavior):uut@mapper(STRUCTURE):\buff_reg[5][5]_i_24\) with design unit (UNISIM.LUT2:LUT2_V).
xmelab: *W,CUDEFB: default binding occurred for component instance (:mapper_tb(behavior):uut@mapper(STRUCTURE):\buff_reg[5][5]_i_3\) with design unit (UNISIM.LUT6:LUT6_V).
xmelab: *W,CUDEFB: default binding occurred for component instance (:mapper_tb(behavior):uut@mapper(STRUCTURE):\buff_reg[5][5]_i_5\) with design unit (UNISIM.LUT2:LUT2_V).
xmelab: *W,CUDEFB: default binding occurred for component instance (:mapper_tb(behavior):uut@mapper(STRUCTURE):\buff_reg[5][5]_i_7\) with design unit (UNISIM.LUT2:LUT2_V).
xmelab: *W,CUDEFB: default binding occurred for component instance (:mapper_tb(behavior):uut@mapper(STRUCTURE):\buff_reg[5][5]_i_8\) with design unit (UNISIM.LUT2:LUT2_V).
xmelab: *W,CUDEFB: default binding occurred for component instance (:mapper_tb(behavior):uut@mapper(STRUCTURE):\buff_reg[5][5]_i_9\) with design unit (UNISIM.LUT2:LUT2_V).
xmelab: *W,CUDEFB: default binding occurred for component instance (:mapper_tb(behavior):uut@mapper(STRUCTURE):\buff_reg_reg[0][0]\) with design unit (UNISIM.FDCE:FDCE_V).
xmelab: *W,CUDEFB: default binding occurred for component instance (:mapper_tb(behavior):uut@mapper(STRUCTURE):\buff_reg_reg[0][1]\) with design unit (UNISIM.FDCE:FDCE_V).
xmelab: *W,CUDEFB: default binding occurred for component instance (:mapper_tb(behavior):uut@mapper(STRUCTURE):\buff_reg_reg[0][2]\) with design unit (UNISIM.FDCE:FDCE_V).
xmelab: *W,CUDEFB: default binding occurred for component instance (:mapper_tb(behavior):uut@mapper(STRUCTURE):\buff_reg_reg[0][3]\) with design unit (UNISIM.FDCE:FDCE_V).
xmelab: *W,CUDEFB: default binding occurred for component instance (:mapper_tb(behavior):uut@mapper(STRUCTURE):\buff_reg_reg[0][4]\) with design unit (UNISIM.FDCE:FDCE_V).
xmelab: *W,CUDEFB: default binding occurred for component instance (:mapper_tb(behavior):uut@mapper(STRUCTURE):\buff_reg_reg[0][5]\) with design unit (UNISIM.FDCE:FDCE_V).
xmelab: *W,CUDEFB: default binding occurred for component instance (:mapper_tb(behavior):uut@mapper(STRUCTURE):\buff_reg_reg[1][0]\) with design unit (UNISIM.FDCE:FDCE_V).
xmelab: *W,CUDEFB: default binding occurred for component instance (:mapper_tb(behavior):uut@mapper(STRUCTURE):\buff_reg_reg[1][1]\) with design unit (UNISIM.FDCE:FDCE_V).
xmelab: *W,CUDEFB: default binding occurred for component instance (:mapper_tb(behavior):uut@mapper(STRUCTURE):\buff_reg_reg[1][2]\) with design unit (UNISIM.FDCE:FDCE_V).
xmelab: *W,CUDEFB: default binding occurred for component instance (:mapper_tb(behavior):uut@mapper(STRUCTURE):\buff_reg_reg[1][3]\) with design unit (UNISIM.FDCE:FDCE_V).
xmelab: *W,CUDEFB: default binding occurred for component instance (:mapper_tb(behavior):uut@mapper(STRUCTURE):\buff_reg_reg[1][4]\) with design unit (UNISIM.FDCE:FDCE_V).
xmelab: *W,CUDEFB: default binding occurred for component instance (:mapper_tb(behavior):uut@mapper(STRUCTURE):\buff_reg_reg[1][5]\) with design unit (UNISIM.FDCE:FDCE_V).
xmelab: *W,CUDEFB: default binding occurred for component instance (:mapper_tb(behavior):uut@mapper(STRUCTURE):\buff_reg_reg[2][0]\) with design unit (UNISIM.FDCE:FDCE_V).
xmelab: *W,CUDEFB: default binding occurred for component instance (:mapper_tb(behavior):uut@mapper(STRUCTURE):\buff_reg_reg[2][1]\) with design unit (UNISIM.FDCE:FDCE_V).
xmelab: *W,CUDEFB: default binding occurred for component instance (:mapper_tb(behavior):uut@mapper(STRUCTURE):\buff_reg_reg[2][2]\) with design unit (UNISIM.FDCE:FDCE_V).
xmelab: *W,CUDEFB: default binding occurred for component instance (:mapper_tb(behavior):uut@mapper(STRUCTURE):\buff_reg_reg[2][3]\) with design unit (UNISIM.FDCE:FDCE_V).
xmelab: *W,CUDEFB: default binding occurred for component instance (:mapper_tb(behavior):uut@mapper(STRUCTURE):\buff_reg_reg[2][4]\) with design unit (UNISIM.FDCE:FDCE_V).
xmelab: *W,CUDEFB: default binding occurred for component instance (:mapper_tb(behavior):uut@mapper(STRUCTURE):\buff_reg_reg[2][5]\) with design unit (UNISIM.FDCE:FDCE_V).
xmelab: *W,CUDEFB: default binding occurred for component instance (:mapper_tb(behavior):uut@mapper(STRUCTURE):\buff_reg_reg[3][0]\) with design unit (UNISIM.FDCE:FDCE_V).
xmelab: *W,CUDEFB: default binding occurred for component instance (:mapper_tb(behavior):uut@mapper(STRUCTURE):\buff_reg_reg[3][1]\) with design unit (UNISIM.FDCE:FDCE_V).
xmelab: *W,CUDEFB: default binding occurred for component instance (:mapper_tb(behavior):uut@mapper(STRUCTURE):\buff_reg_reg[3][2]\) with design unit (UNISIM.FDCE:FDCE_V).
xmelab: *W,CUDEFB: default binding occurred for component instance (:mapper_tb(behavior):uut@mapper(STRUCTURE):\buff_reg_reg[3][3]\) with design unit (UNISIM.FDCE:FDCE_V).
xmelab: *W,CUDEFB: default binding occurred for component instance (:mapper_tb(behavior):uut@mapper(STRUCTURE):\buff_reg_reg[3][4]\) with design unit (UNISIM.FDCE:FDCE_V).
xmelab: *W,CUDEFB: default binding occurred for component instance (:mapper_tb(behavior):uut@mapper(STRUCTURE):\buff_reg_reg[3][5]\) with design unit (UNISIM.FDCE:FDCE_V).
xmelab: *W,CUDEFB: default binding occurred for component instance (:mapper_tb(behavior):uut@mapper(STRUCTURE):\buff_reg_reg[4][0]\) with design unit (UNISIM.FDCE:FDCE_V).
xmelab: *W,CUDEFB: default binding occurred for component instance (:mapper_tb(behavior):uut@mapper(STRUCTURE):\buff_reg_reg[4][1]\) with design unit (UNISIM.FDCE:FDCE_V).
xmelab: *W,CUDEFB: default binding occurred for component instance (:mapper_tb(behavior):uut@mapper(STRUCTURE):\buff_reg_reg[4][2]\) with design unit (UNISIM.FDCE:FDCE_V).
xmelab: *W,CUDEFB: default binding occurred for component instance (:mapper_tb(behavior):uut@mapper(STRUCTURE):\buff_reg_reg[4][3]\) with design unit (UNISIM.FDCE:FDCE_V).
xmelab: *W,CUDEFB: default binding occurred for component instance (:mapper_tb(behavior):uut@mapper(STRUCTURE):\buff_reg_reg[4][4]\) with design unit (UNISIM.FDCE:FDCE_V).
xmelab: *W,CUDEFB: default binding occurred for component instance (:mapper_tb(behavior):uut@mapper(STRUCTURE):\buff_reg_reg[4][5]\) with design unit (UNISIM.FDCE:FDCE_V).
xmelab: *W,CUDEFB: default binding occurred for component instance (:mapper_tb(behavior):uut@mapper(STRUCTURE):\buff_reg_reg[5][0]\) with design unit (UNISIM.FDCE:FDCE_V).
xmelab: *W,CUDEFB: default binding occurred for component instance (:mapper_tb(behavior):uut@mapper(STRUCTURE):\buff_reg_reg[5][1]\) with design unit (UNISIM.FDCE:FDCE_V).
xmelab: *W,CUDEFB: default binding occurred for component instance (:mapper_tb(behavior):uut@mapper(STRUCTURE):\buff_reg_reg[5][2]\) with design unit (UNISIM.FDCE:FDCE_V).
xmelab: *W,CUDEFB: default binding occurred for component instance (:mapper_tb(behavior):uut@mapper(STRUCTURE):\buff_reg_reg[5][3]\) with design unit (UNISIM.FDCE:FDCE_V).
xmelab: *W,CUDEFB: default binding occurred for component instance (:mapper_tb(behavior):uut@mapper(STRUCTURE):\buff_reg_reg[5][4]\) with design unit (UNISIM.FDCE:FDCE_V).
xmelab: *W,CUDEFB: default binding occurred for component instance (:mapper_tb(behavior):uut@mapper(STRUCTURE):\buff_reg_reg[5][5]\) with design unit (UNISIM.FDCE:FDCE_V).
xmelab: *W,CUDEFB: default binding occurred for component instance (:mapper_tb(behavior):uut@mapper(STRUCTURE):\buff_reg_reg[5][5]_i_4\) with design unit (UNISIM.CARRY8:CARRY8_V).
xmelab: *W,CUDEFB: default binding occurred for component instance (:mapper_tb(behavior):uut@mapper(STRUCTURE):\buff_reg_reg[5][5]_i_6\) with design unit (UNISIM.CARRY8:CARRY8_V).
xmelab: *W,CUDEFB: default binding occurred for component instance (:mapper_tb(behavior):uut@mapper(STRUCTURE):clk_IBUF_BUFG_inst) with design unit (UNISIM.BUFGCE:BUFGCE_V).
xmelab: *W,CUDEFB: default binding occurred for component instance (:mapper_tb(behavior):uut@mapper(STRUCTURE):clk_IBUF_inst) with design unit (UNISIM.IBUF:IBUF_V).
xmelab: *W,CUDEFB: default binding occurred for component instance (:mapper_tb(behavior):uut@mapper(STRUCTURE):\data_in_IBUF[0]_inst\) with design unit (UNISIM.IBUF:IBUF_V).
xmelab: *W,CUDEFB: default binding occurred for component instance (:mapper_tb(behavior):uut@mapper(STRUCTURE):\data_in_IBUF[1]_inst\) with design unit (UNISIM.IBUF:IBUF_V).
xmelab: *W,CUDEFB: default binding occurred for component instance (:mapper_tb(behavior):uut@mapper(STRUCTURE):\data_in_IBUF[2]_inst\) with design unit (UNISIM.IBUF:IBUF_V).
xmelab: *W,CUDEFB: default binding occurred for component instance (:mapper_tb(behavior):uut@mapper(STRUCTURE):\data_in_IBUF[3]_inst\) with design unit (UNISIM.IBUF:IBUF_V).
xmelab: *W,CUDEFB: default binding occurred for component instance (:mapper_tb(behavior):uut@mapper(STRUCTURE):\data_in_IBUF[4]_inst\) with design unit (UNISIM.IBUF:IBUF_V).
xmelab: *W,CUDEFB: default binding occurred for component instance (:mapper_tb(behavior):uut@mapper(STRUCTURE):\data_in_IBUF[5]_inst\) with design unit (UNISIM.IBUF:IBUF_V).
xmelab: *W,CUDEFB: default binding occurred for component instance (:mapper_tb(behavior):uut@mapper(STRUCTURE):data_in_ready_IBUF_inst) with design unit (UNISIM.IBUF:IBUF_V).
xmelab: *W,CUDEFB: default binding occurred for component instance (:mapper_tb(behavior):uut@mapper(STRUCTURE):data_in_valid_IBUF_inst) with design unit (UNISIM.IBUF:IBUF_V).
xmelab: *W,CUDEFB: default binding occurred for component instance (:mapper_tb(behavior):uut@mapper(STRUCTURE):data_out_last_OBUF_inst) with design unit (UNISIM.OBUF:OBUF_V).
xmelab: *W,CUDEFB: default binding occurred for component instance (:mapper_tb(behavior):uut@mapper(STRUCTURE):data_out_last_i_1) with design unit (UNISIM.LUT1:LUT1_V).
xmelab: *W,CUDEFB: default binding occurred for component instance (:mapper_tb(behavior):uut@mapper(STRUCTURE):data_out_last_i_2) with design unit (UNISIM.LUT5:LUT5_V).
xmelab: *W,CUDEFB: default binding occurred for component instance (:mapper_tb(behavior):uut@mapper(STRUCTURE):data_out_last_i_3) with design unit (UNISIM.LUT5:LUT5_V).
xmelab: *W,CUDEFB: default binding occurred for component instance (:mapper_tb(behavior):uut@mapper(STRUCTURE):data_out_last_i_4) with design unit (UNISIM.LUT6:LUT6_V).
xmelab: *W,CUDEFB: default binding occurred for component instance (:mapper_tb(behavior):uut@mapper(STRUCTURE):data_out_last_i_5) with design unit (UNISIM.LUT6:LUT6_V).
xmelab: *W,CUDEFB: default binding occurred for component instance (:mapper_tb(behavior):uut@mapper(STRUCTURE):data_out_last_i_6) with design unit (UNISIM.LUT6:LUT6_V).
xmelab: *W,CUDEFB: default binding occurred for component instance (:mapper_tb(behavior):uut@mapper(STRUCTURE):data_out_last_i_7) with design unit (UNISIM.LUT6:LUT6_V).
xmelab: *W,CUDEFB: default binding occurred for component instance (:mapper_tb(behavior):uut@mapper(STRUCTURE):data_out_last_i_8) with design unit (UNISIM.LUT6:LUT6_V).
xmelab: *W,CUDEFB: default binding occurred for component instance (:mapper_tb(behavior):uut@mapper(STRUCTURE):data_out_last_reg) with design unit (UNISIM.FDRE:FDRE_V).
xmelab: *W,CUDEFB: default binding occurred for component instance (:mapper_tb(behavior):uut@mapper(STRUCTURE):data_out_ready_OBUF_inst) with design unit (UNISIM.OBUF:OBUF_V).
xmelab: *W,CUDEFB: default binding occurred for component instance (:mapper_tb(behavior):uut@mapper(STRUCTURE):data_out_ready_i_1) with design unit (UNISIM.LUT5:LUT5_V).
xmelab: *W,CUDEFB: default binding occurred for component instance (:mapper_tb(behavior):uut@mapper(STRUCTURE):data_out_ready_i_2) with design unit (UNISIM.LUT2:LUT2_V).
xmelab: *W,CUDEFB: default binding occurred for component instance (:mapper_tb(behavior):uut@mapper(STRUCTURE):data_out_ready_i_3) with design unit (UNISIM.LUT3:LUT3_V).
xmelab: *W,CUDEFB: default binding occurred for component instance (:mapper_tb(behavior):uut@mapper(STRUCTURE):data_out_ready_reg) with design unit (UNISIM.FDRE:FDRE_V).
xmelab: *W,CUDEFB: default binding occurred for component instance (:mapper_tb(behavior):uut@mapper(STRUCTURE):data_out_valid_OBUF_inst) with design unit (UNISIM.OBUF:OBUF_V).
xmelab: *W,CUDEFB: default binding occurred for component instance (:mapper_tb(behavior):uut@mapper(STRUCTURE):data_out_valid_reg) with design unit (UNISIM.FDCE:FDCE_V).
xmelab: *W,CUDEFB: default binding occurred for component instance (:mapper_tb(behavior):uut@mapper(STRUCTURE):end_of_frame_IBUF_inst) with design unit (UNISIM.IBUF:IBUF_V).
xmelab: *W,CUDEFB: default binding occurred for component instance (:mapper_tb(behavior):uut@mapper(STRUCTURE):g0_b0) with design unit (UNISIM.LUT2:LUT2_V).
xmelab: *W,CUDEFB: default binding occurred for component instance (:mapper_tb(behavior):uut@mapper(STRUCTURE):\g0_b0__0\) with design unit (UNISIM.LUT3:LUT3_V).
xmelab: *W,CUDEFB: default binding occurred for component instance (:mapper_tb(behavior):uut@mapper(STRUCTURE):\g0_b0__1\) with design unit (UNISIM.LUT3:LUT3_V).
xmelab: *W,CUDEFB: default binding occurred for component instance (:mapper_tb(behavior):uut@mapper(STRUCTURE):\g0_b0__2\) with design unit (UNISIM.LUT3:LUT3_V).
xmelab: *W,CUDEFB: default binding occurred for component instance (:mapper_tb(behavior):uut@mapper(STRUCTURE):\g0_b0__3\) with design unit (UNISIM.LUT4:LUT4_V).
xmelab: *W,CUDEFB: default binding occurred for component instance (:mapper_tb(behavior):uut@mapper(STRUCTURE):\g0_b0__4\) with design unit (UNISIM.LUT4:LUT4_V).
xmelab: *W,CUDEFB: default binding occurred for component instance (:mapper_tb(behavior):uut@mapper(STRUCTURE):g0_b0_i_1) with design unit (UNISIM.LUT5:LUT5_V).
xmelab: *W,CUDEFB: default binding occurred for component instance (:mapper_tb(behavior):uut@mapper(STRUCTURE):g0_b0_i_2) with design unit (UNISIM.LUT5:LUT5_V).
xmelab: *W,CUDEFB: default binding occurred for component instance (:mapper_tb(behavior):uut@mapper(STRUCTURE):g0_b0_i_3) with design unit (UNISIM.LUT6:LUT6_V).
xmelab: *W,CUDEFB: default binding occurred for component instance (:mapper_tb(behavior):uut@mapper(STRUCTURE):g0_b1) with design unit (UNISIM.LUT5:LUT5_V).
xmelab: *W,CUDEFB: default binding occurred for component instance (:mapper_tb(behavior):uut@mapper(STRUCTURE):g0_b10) with design unit (UNISIM.LUT5:LUT5_V).
xmelab: *W,CUDEFB: default binding occurred for component instance (:mapper_tb(behavior):uut@mapper(STRUCTURE):\g0_b10__0\) with design unit (UNISIM.LUT6:LUT6_V).
xmelab: *W,CUDEFB: default binding occurred for component instance (:mapper_tb(behavior):uut@mapper(STRUCTURE):\g0_b10__1\) with design unit (UNISIM.LUT4:LUT4_V).
xmelab: *W,CUDEFB: default binding occurred for component instance (:mapper_tb(behavior):uut@mapper(STRUCTURE):\g0_b10__2\) with design unit (UNISIM.LUT4:LUT4_V).
xmelab: *W,CUDEFB: default binding occurred for component instance (:mapper_tb(behavior):uut@mapper(STRUCTURE):\g0_b10__3\) with design unit (UNISIM.LUT4:LUT4_V).
xmelab: *W,CUDEFB: default binding occurred for component instance (:mapper_tb(behavior):uut@mapper(STRUCTURE):\g0_b10__4\) with design unit (UNISIM.LUT5:LUT5_V).
xmelab: *W,CUDEFB: default binding occurred for component instance (:mapper_tb(behavior):uut@mapper(STRUCTURE):g0_b10_i_1) with design unit (UNISIM.LUT5:LUT5_V).
xmelab: *W,CUDEFB: default binding occurred for component instance (:mapper_tb(behavior):uut@mapper(STRUCTURE):g0_b10_i_2) with design unit (UNISIM.LUT5:LUT5_V).
xmelab: *W,CUDEFB: default binding occurred for component instance (:mapper_tb(behavior):uut@mapper(STRUCTURE):g0_b10_i_3) with design unit (UNISIM.LUT6:LUT6_V).
xmelab: *W,CUDEFB: default binding occurred for component instance (:mapper_tb(behavior):uut@mapper(STRUCTURE):g0_b11) with design unit (UNISIM.LUT6:LUT6_V).
xmelab: *W,CUDEFB: default binding occurred for component instance (:mapper_tb(behavior):uut@mapper(STRUCTURE):\g0_b1__0\) with design unit (UNISIM.LUT6:LUT6_V).
xmelab: *W,CUDEFB: default binding occurred for component instance (:mapper_tb(behavior):uut@mapper(STRUCTURE):\g0_b1__1\) with design unit (UNISIM.LUT4:LUT4_V).
xmelab: *W,CUDEFB: default binding occurred for component instance (:mapper_tb(behavior):uut@mapper(STRUCTURE):\g0_b1__2\) with design unit (UNISIM.LUT4:LUT4_V).
xmelab: *W,CUDEFB: default binding occurred for component instance (:mapper_tb(behavior):uut@mapper(STRUCTURE):\g0_b1__3\) with design unit (UNISIM.LUT4:LUT4_V).
xmelab: *W,CUDEFB: default binding occurred for component instance (:mapper_tb(behavior):uut@mapper(STRUCTURE):\g0_b1__4\) with design unit (UNISIM.LUT5:LUT5_V).
xmelab: *W,CUDEFB: default binding occurred for component instance (:mapper_tb(behavior):uut@mapper(STRUCTURE):g0_b2) with design unit (UNISIM.LUT5:LUT5_V).
xmelab: *W,CUDEFB: default binding occurred for component instance (:mapper_tb(behavior):uut@mapper(STRUCTURE):\g0_b2__0\) with design unit (UNISIM.LUT4:LUT4_V).
xmelab: *W,CUDEFB: default binding occurred for component instance (:mapper_tb(behavior):uut@mapper(STRUCTURE):\g0_b2__1\) with design unit (UNISIM.LUT4:LUT4_V).
xmelab: *W,CUDEFB: default binding occurred for component instance (:mapper_tb(behavior):uut@mapper(STRUCTURE):\g0_b2__2\) with design unit (UNISIM.LUT5:LUT5_V).
xmelab: *W,CUDEFB: default binding occurred for component instance (:mapper_tb(behavior):uut@mapper(STRUCTURE):g0_b3) with design unit (UNISIM.LUT5:LUT5_V).
xmelab: *W,CUDEFB: default binding occurred for component instance (:mapper_tb(behavior):uut@mapper(STRUCTURE):\g0_b3__0\) with design unit (UNISIM.LUT4:LUT4_V).
xmelab: *W,CUDEFB: default binding occurred for component instance (:mapper_tb(behavior):uut@mapper(STRUCTURE):\g0_b3__1\) with design unit (UNISIM.LUT4:LUT4_V).
xmelab: *W,CUDEFB: default binding occurred for component instance (:mapper_tb(behavior):uut@mapper(STRUCTURE):\g0_b3__2\) with design unit (UNISIM.LUT5:LUT5_V).
xmelab: *W,CUDEFB: default binding occurred for component instance (:mapper_tb(behavior):uut@mapper(STRUCTURE):g0_b4) with design unit (UNISIM.LUT5:LUT5_V).
xmelab: *W,CUDEFB: default binding occurred for component instance (:mapper_tb(behavior):uut@mapper(STRUCTURE):\g0_b4__0\) with design unit (UNISIM.LUT4:LUT4_V).
xmelab: *W,CUDEFB: default binding occurred for component instance (:mapper_tb(behavior):uut@mapper(STRUCTURE):\g0_b4__1\) with design unit (UNISIM.LUT4:LUT4_V).
xmelab: *W,CUDEFB: default binding occurred for component instance (:mapper_tb(behavior):uut@mapper(STRUCTURE):\g0_b4__2\) with design unit (UNISIM.LUT5:LUT5_V).
xmelab: *W,CUDEFB: default binding occurred for component instance (:mapper_tb(behavior):uut@mapper(STRUCTURE):g0_b5) with design unit (UNISIM.LUT3:LUT3_V).
xmelab: *W,CUDEFB: default binding occurred for component instance (:mapper_tb(behavior):uut@mapper(STRUCTURE):\g0_b5__0\) with design unit (UNISIM.LUT5:LUT5_V).
xmelab: *W,CUDEFB: default binding occurred for component instance (:mapper_tb(behavior):uut@mapper(STRUCTURE):\g0_b5__1\) with design unit (UNISIM.LUT5:LUT5_V).
xmelab: *W,CUDEFB: default binding occurred for component instance (:mapper_tb(behavior):uut@mapper(STRUCTURE):\g0_b5__2\) with design unit (UNISIM.LUT3:LUT3_V).
xmelab: *W,CUDEFB: default binding occurred for component instance (:mapper_tb(behavior):uut@mapper(STRUCTURE):g0_b5_i_1) with design unit (UNISIM.LUT5:LUT5_V).
xmelab: *W,CUDEFB: default binding occurred for component instance (:mapper_tb(behavior):uut@mapper(STRUCTURE):g0_b5_i_2) with design unit (UNISIM.LUT5:LUT5_V).
xmelab: *W,CUDEFB: default binding occurred for component instance (:mapper_tb(behavior):uut@mapper(STRUCTURE):g0_b5_i_3) with design unit (UNISIM.LUT6:LUT6_V).
xmelab: *W,CUDEFB: default binding occurred for component instance (:mapper_tb(behavior):uut@mapper(STRUCTURE):g0_b6) with design unit (UNISIM.LUT5:LUT5_V).
xmelab: *W,CUDEFB: default binding occurred for component instance (:mapper_tb(behavior):uut@mapper(STRUCTURE):\g0_b6__0\) with design unit (UNISIM.LUT4:LUT4_V).
xmelab: *W,CUDEFB: default binding occurred for component instance (:mapper_tb(behavior):uut@mapper(STRUCTURE):\g0_b6__1\) with design unit (UNISIM.LUT4:LUT4_V).
xmelab: *W,CUDEFB: default binding occurred for component instance (:mapper_tb(behavior):uut@mapper(STRUCTURE):\g0_b6__2\) with design unit (UNISIM.LUT5:LUT5_V).
xmelab: *W,CUDEFB: default binding occurred for component instance (:mapper_tb(behavior):uut@mapper(STRUCTURE):g0_b7) with design unit (UNISIM.LUT5:LUT5_V).
xmelab: *W,CUDEFB: default binding occurred for component instance (:mapper_tb(behavior):uut@mapper(STRUCTURE):\g0_b7__0\) with design unit (UNISIM.LUT4:LUT4_V).
xmelab: *W,CUDEFB: default binding occurred for component instance (:mapper_tb(behavior):uut@mapper(STRUCTURE):\g0_b7__1\) with design unit (UNISIM.LUT4:LUT4_V).
xmelab: *W,CUDEFB: default binding occurred for component instance (:mapper_tb(behavior):uut@mapper(STRUCTURE):\g0_b7__2\) with design unit (UNISIM.LUT5:LUT5_V).
xmelab: *W,CUDEFB: default binding occurred for component instance (:mapper_tb(behavior):uut@mapper(STRUCTURE):g0_b8) with design unit (UNISIM.LUT5:LUT5_V).
xmelab: *W,CUDEFB: default binding occurred for component instance (:mapper_tb(behavior):uut@mapper(STRUCTURE):\g0_b8__0\) with design unit (UNISIM.LUT6:LUT6_V).
xmelab: *W,CUDEFB: default binding occurred for component instance (:mapper_tb(behavior):uut@mapper(STRUCTURE):\g0_b8__1\) with design unit (UNISIM.LUT4:LUT4_V).
xmelab: *W,CUDEFB: default binding occurred for component instance (:mapper_tb(behavior):uut@mapper(STRUCTURE):\g0_b8__2\) with design unit (UNISIM.LUT4:LUT4_V).
xmelab: *W,CUDEFB: default binding occurred for component instance (:mapper_tb(behavior):uut@mapper(STRUCTURE):\g0_b8__3\) with design unit (UNISIM.LUT4:LUT4_V).
xmelab: *W,CUDEFB: default binding occurred for component instance (:mapper_tb(behavior):uut@mapper(STRUCTURE):\g0_b8__4\) with design unit (UNISIM.LUT5:LUT5_V).
xmelab: *W,CUDEFB: default binding occurred for component instance (:mapper_tb(behavior):uut@mapper(STRUCTURE):g0_b9) with design unit (UNISIM.LUT5:LUT5_V).
xmelab: *W,CUDEFB: default binding occurred for component instance (:mapper_tb(behavior):uut@mapper(STRUCTURE):\g0_b9__0\) with design unit (UNISIM.LUT6:LUT6_V).
xmelab: *W,CUDEFB: default binding occurred for component instance (:mapper_tb(behavior):uut@mapper(STRUCTURE):\g0_b9__1\) with design unit (UNISIM.LUT3:LUT3_V).
xmelab: *W,CUDEFB: default binding occurred for component instance (:mapper_tb(behavior):uut@mapper(STRUCTURE):\g0_b9__2\) with design unit (UNISIM.LUT4:LUT4_V).
xmelab: *W,CUDEFB: default binding occurred for component instance (:mapper_tb(behavior):uut@mapper(STRUCTURE):\g0_b9__3\) with design unit (UNISIM.LUT4:LUT4_V).
xmelab: *W,CUDEFB: default binding occurred for component instance (:mapper_tb(behavior):uut@mapper(STRUCTURE):\g0_b9__4\) with design unit (UNISIM.LUT5:LUT5_V).
xmelab: *W,CUDEFB: default binding occurred for component instance (:mapper_tb(behavior):uut@mapper(STRUCTURE):\i_out[0]_i_1\) with design unit (UNISIM.LUT6:LUT6_V).
xmelab: *W,CUDEFB: default binding occurred for component instance (:mapper_tb(behavior):uut@mapper(STRUCTURE):\i_out[0]_i_2\) with design unit (UNISIM.LUT6:LUT6_V).
xmelab: *W,CUDEFB: default binding occurred for component instance (:mapper_tb(behavior):uut@mapper(STRUCTURE):\i_out[0]_i_3\) with design unit (UNISIM.LUT3:LUT3_V).
xmelab: *W,CUDEFB: default binding occurred for component instance (:mapper_tb(behavior):uut@mapper(STRUCTURE):\i_out[0]_i_5\) with design unit (UNISIM.LUT3:LUT3_V).
xmelab: *W,CUDEFB: default binding occurred for component instance (:mapper_tb(behavior):uut@mapper(STRUCTURE):\i_out[0]_i_6\) with design unit (UNISIM.LUT3:LUT3_V).
xmelab: *W,CUDEFB: default binding occurred for component instance (:mapper_tb(behavior):uut@mapper(STRUCTURE):\i_out[10]_i_1\) with design unit (UNISIM.LUT6:LUT6_V).
xmelab: *W,CUDEFB: default binding occurred for component instance (:mapper_tb(behavior):uut@mapper(STRUCTURE):\i_out[10]_i_2\) with design unit (UNISIM.LUT6:LUT6_V).
xmelab: *W,CUDEFB: default binding occurred for component instance (:mapper_tb(behavior):uut@mapper(STRUCTURE):\i_out[10]_i_3\) with design unit (UNISIM.LUT5:LUT5_V).
xmelab: *W,CUDEFB: default binding occurred for component instance (:mapper_tb(behavior):uut@mapper(STRUCTURE):\i_out[10]_i_5\) with design unit (UNISIM.LUT3:LUT3_V).
xmelab: *W,CUDEFB: default binding occurred for component instance (:mapper_tb(behavior):uut@mapper(STRUCTURE):\i_out[11]_i_1\) with design unit (UNISIM.LUT5:LUT5_V).
xmelab: *W,CUDEFB: default binding occurred for component instance (:mapper_tb(behavior):uut@mapper(STRUCTURE):\i_out[11]_i_11\) with design unit (UNISIM.LUT2:LUT2_V).
xmelab: *W,CUDEFB: default binding occurred for component instance (:mapper_tb(behavior):uut@mapper(STRUCTURE):\i_out[11]_i_12\) with design unit (UNISIM.LUT2:LUT2_V).
xmelab: *W,CUDEFB: default binding occurred for component instance (:mapper_tb(behavior):uut@mapper(STRUCTURE):\i_out[11]_i_13\) with design unit (UNISIM.LUT2:LUT2_V).
xmelab: *W,CUDEFB: default binding occurred for component instance (:mapper_tb(behavior):uut@mapper(STRUCTURE):\i_out[11]_i_14\) with design unit (UNISIM.LUT2:LUT2_V).
xmelab: *W,CUDEFB: default binding occurred for component instance (:mapper_tb(behavior):uut@mapper(STRUCTURE):\i_out[11]_i_15\) with design unit (UNISIM.LUT2:LUT2_V).
xmelab: *W,CUDEFB: default binding occurred for component instance (:mapper_tb(behavior):uut@mapper(STRUCTURE):\i_out[11]_i_16\) with design unit (UNISIM.LUT2:LUT2_V).
xmelab: *W,CUDEFB: default binding occurred for component instance (:mapper_tb(behavior):uut@mapper(STRUCTURE):\i_out[11]_i_17\) with design unit (UNISIM.LUT2:LUT2_V).
xmelab: *W,CUDEFB: default binding occurred for component instance (:mapper_tb(behavior):uut@mapper(STRUCTURE):\i_out[11]_i_18\) with design unit (UNISIM.LUT2:LUT2_V).
xmelab: *W,CUDEFB: default binding occurred for component instance (:mapper_tb(behavior):uut@mapper(STRUCTURE):\i_out[11]_i_19\) with design unit (UNISIM.LUT4:LUT4_V).
xmelab: *W,CUDEFB: default binding occurred for component instance (:mapper_tb(behavior):uut@mapper(STRUCTURE):\i_out[11]_i_2\) with design unit (UNISIM.LUT6:LUT6_V).
xmelab: *W,CUDEFB: default binding occurred for component instance (:mapper_tb(behavior):uut@mapper(STRUCTURE):\i_out[11]_i_20\) with design unit (UNISIM.LUT2:LUT2_V).
xmelab: *W,CUDEFB: default binding occurred for component instance (:mapper_tb(behavior):uut@mapper(STRUCTURE):\i_out[11]_i_21\) with design unit (UNISIM.LUT2:LUT2_V).
xmelab: *W,CUDEFB: default binding occurred for component instance (:mapper_tb(behavior):uut@mapper(STRUCTURE):\i_out[11]_i_22\) with design unit (UNISIM.LUT2:LUT2_V).
xmelab: *W,CUDEFB: default binding occurred for component instance (:mapper_tb(behavior):uut@mapper(STRUCTURE):\i_out[11]_i_23\) with design unit (UNISIM.LUT2:LUT2_V).
xmelab: *W,CUDEFB: default binding occurred for component instance (:mapper_tb(behavior):uut@mapper(STRUCTURE):\i_out[11]_i_24\) with design unit (UNISIM.LUT2:LUT2_V).
xmelab: *W,CUDEFB: default binding occurred for component instance (:mapper_tb(behavior):uut@mapper(STRUCTURE):\i_out[11]_i_25\) with design unit (UNISIM.LUT2:LUT2_V).
xmelab: *W,CUDEFB: default binding occurred for component instance (:mapper_tb(behavior):uut@mapper(STRUCTURE):\i_out[11]_i_26\) with design unit (UNISIM.LUT2:LUT2_V).
xmelab: *W,CUDEFB: default binding occurred for component instance (:mapper_tb(behavior):uut@mapper(STRUCTURE):\i_out[11]_i_27\) with design unit (UNISIM.LUT2:LUT2_V).
xmelab: *W,CUDEFB: default binding occurred for component instance (:mapper_tb(behavior):uut@mapper(STRUCTURE):\i_out[11]_i_28\) with design unit (UNISIM.LUT2:LUT2_V).
xmelab: *W,CUDEFB: default binding occurred for component instance (:mapper_tb(behavior):uut@mapper(STRUCTURE):\i_out[11]_i_29\) with design unit (UNISIM.LUT2:LUT2_V).
xmelab: *W,CUDEFB: default binding occurred for component instance (:mapper_tb(behavior):uut@mapper(STRUCTURE):\i_out[11]_i_3\) with design unit (UNISIM.LUT4:LUT4_V).
xmelab: *W,CUDEFB: default binding occurred for component instance (:mapper_tb(behavior):uut@mapper(STRUCTURE):\i_out[11]_i_30\) with design unit (UNISIM.LUT2:LUT2_V).
xmelab: *W,CUDEFB: default binding occurred for component instance (:mapper_tb(behavior):uut@mapper(STRUCTURE):\i_out[11]_i_31\) with design unit (UNISIM.LUT2:LUT2_V).
xmelab: *W,CUDEFB: default binding occurred for component instance (:mapper_tb(behavior):uut@mapper(STRUCTURE):\i_out[11]_i_32\) with design unit (UNISIM.LUT2:LUT2_V).
xmelab: *W,CUDEFB: default binding occurred for component instance (:mapper_tb(behavior):uut@mapper(STRUCTURE):\i_out[11]_i_33\) with design unit (UNISIM.LUT2:LUT2_V).
xmelab: *W,CUDEFB: default binding occurred for component instance (:mapper_tb(behavior):uut@mapper(STRUCTURE):\i_out[11]_i_5\) with design unit (UNISIM.LUT6:LUT6_V).
xmelab: *W,CUDEFB: default binding occurred for component instance (:mapper_tb(behavior):uut@mapper(STRUCTURE):\i_out[11]_i_6\) with design unit (UNISIM.LUT6:LUT6_V).
xmelab: *W,CUDEFB: default binding occurred for component instance (:mapper_tb(behavior):uut@mapper(STRUCTURE):\i_out[11]_i_7\) with design unit (UNISIM.LUT6:LUT6_V).
xmelab: *W,CUDEFB: default binding occurred for component instance (:mapper_tb(behavior):uut@mapper(STRUCTURE):\i_out[11]_i_8\) with design unit (UNISIM.LUT6:LUT6_V).
xmelab: *W,CUDEFB: default binding occurred for component instance (:mapper_tb(behavior):uut@mapper(STRUCTURE):\i_out[11]_i_9\) with design unit (UNISIM.LUT6:LUT6_V).
xmelab: *W,CUDEFB: default binding occurred for component instance (:mapper_tb(behavior):uut@mapper(STRUCTURE):\i_out[1]_i_1\) with design unit (UNISIM.LUT6:LUT6_V).
xmelab: *W,CUDEFB: default binding occurred for component instance (:mapper_tb(behavior):uut@mapper(STRUCTURE):\i_out[1]_i_10\) with design unit (UNISIM.LUT2:LUT2_V).
xmelab: *W,CUDEFB: default binding occurred for component instance (:mapper_tb(behavior):uut@mapper(STRUCTURE):\i_out[1]_i_2\) with design unit (UNISIM.LUT6:LUT6_V).
xmelab: *W,CUDEFB: default binding occurred for component instance (:mapper_tb(behavior):uut@mapper(STRUCTURE):\i_out[1]_i_3\) with design unit (UNISIM.LUT6:LUT6_V).
xmelab: *W,CUDEFB: default binding occurred for component instance (:mapper_tb(behavior):uut@mapper(STRUCTURE):\i_out[1]_i_4\) with design unit (UNISIM.LUT2:LUT2_V).
xmelab: *W,CUDEFB: default binding occurred for component instance (:mapper_tb(behavior):uut@mapper(STRUCTURE):\i_out[1]_i_5\) with design unit (UNISIM.LUT6:LUT6_V).
xmelab: *W,CUDEFB: default binding occurred for component instance (:mapper_tb(behavior):uut@mapper(STRUCTURE):\i_out[1]_i_6\) with design unit (UNISIM.LUT2:LUT2_V).
xmelab: *W,CUDEFB: default binding occurred for component instance (:mapper_tb(behavior):uut@mapper(STRUCTURE):\i_out[1]_i_7\) with design unit (UNISIM.LUT2:LUT2_V).
xmelab: *W,CUDEFB: default binding occurred for component instance (:mapper_tb(behavior):uut@mapper(STRUCTURE):\i_out[1]_i_8\) with design unit (UNISIM.LUT2:LUT2_V).
xmelab: *W,CUDEFB: default binding occurred for component instance (:mapper_tb(behavior):uut@mapper(STRUCTURE):\i_out[2]_i_1\) with design unit (UNISIM.LUT6:LUT6_V).
xmelab: *W,CUDEFB: default binding occurred for component instance (:mapper_tb(behavior):uut@mapper(STRUCTURE):\i_out[2]_i_2\) with design unit (UNISIM.LUT6:LUT6_V).
xmelab: *W,CUDEFB: default binding occurred for component instance (:mapper_tb(behavior):uut@mapper(STRUCTURE):\i_out[3]_i_1\) with design unit (UNISIM.LUT6:LUT6_V).
xmelab: *W,CUDEFB: default binding occurred for component instance (:mapper_tb(behavior):uut@mapper(STRUCTURE):\i_out[3]_i_2\) with design unit (UNISIM.LUT6:LUT6_V).
xmelab: *W,CUDEFB: default binding occurred for component instance (:mapper_tb(behavior):uut@mapper(STRUCTURE):\i_out[3]_i_3\) with design unit (UNISIM.LUT6:LUT6_V).
xmelab: *W,CUDEFB: default binding occurred for component instance (:mapper_tb(behavior):uut@mapper(STRUCTURE):\i_out[4]_i_1\) with design unit (UNISIM.LUT6:LUT6_V).
xmelab: *W,CUDEFB: default binding occurred for component instance (:mapper_tb(behavior):uut@mapper(STRUCTURE):\i_out[4]_i_2\) with design unit (UNISIM.LUT6:LUT6_V).
xmelab: *W,CUDEFB: default binding occurred for component instance (:mapper_tb(behavior):uut@mapper(STRUCTURE):\i_out[4]_i_4\) with design unit (UNISIM.LUT4:LUT4_V).
xmelab: *W,CUDEFB: default binding occurred for component instance (:mapper_tb(behavior):uut@mapper(STRUCTURE):\i_out[5]_i_1\) with design unit (UNISIM.LUT6:LUT6_V).
xmelab: *W,CUDEFB: default binding occurred for component instance (:mapper_tb(behavior):uut@mapper(STRUCTURE):\i_out[5]_i_2\) with design unit (UNISIM.LUT6:LUT6_V).
xmelab: *W,CUDEFB: default binding occurred for component instance (:mapper_tb(behavior):uut@mapper(STRUCTURE):\i_out[6]_i_1\) with design unit (UNISIM.LUT6:LUT6_V).
xmelab: *W,CUDEFB: default binding occurred for component instance (:mapper_tb(behavior):uut@mapper(STRUCTURE):\i_out[6]_i_2\) with design unit (UNISIM.LUT3:LUT3_V).
xmelab: *W,CUDEFB: default binding occurred for component instance (:mapper_tb(behavior):uut@mapper(STRUCTURE):\i_out[6]_i_3\) with design unit (UNISIM.LUT5:LUT5_V).
xmelab: *W,CUDEFB: default binding occurred for component instance (:mapper_tb(behavior):uut@mapper(STRUCTURE):\i_out[6]_i_4\) with design unit (UNISIM.LUT6:LUT6_V).
xmelab: *W,CUDEFB: default binding occurred for component instance (:mapper_tb(behavior):uut@mapper(STRUCTURE):\i_out[6]_i_5\) with design unit (UNISIM.LUT3:LUT3_V).
xmelab: *W,CUDEFB: default binding occurred for component instance (:mapper_tb(behavior):uut@mapper(STRUCTURE):\i_out[6]_i_6\) with design unit (UNISIM.LUT3:LUT3_V).
xmelab: *W,CUDEFB: default binding occurred for component instance (:mapper_tb(behavior):uut@mapper(STRUCTURE):\i_out[7]_i_1\) with design unit (UNISIM.LUT6:LUT6_V).
xmelab: *W,CUDEFB: default binding occurred for component instance (:mapper_tb(behavior):uut@mapper(STRUCTURE):\i_out[7]_i_2\) with design unit (UNISIM.LUT6:LUT6_V).
xmelab: *W,CUDEFB: default binding occurred for component instance (:mapper_tb(behavior):uut@mapper(STRUCTURE):\i_out[7]_i_3\) with design unit (UNISIM.LUT5:LUT5_V).
xmelab: *W,CUDEFB: default binding occurred for component instance (:mapper_tb(behavior):uut@mapper(STRUCTURE):\i_out[8]_i_1\) with design unit (UNISIM.LUT6:LUT6_V).
xmelab: *W,CUDEFB: default binding occurred for component instance (:mapper_tb(behavior):uut@mapper(STRUCTURE):\i_out[8]_i_2\) with design unit (UNISIM.LUT6:LUT6_V).
xmelab: *W,CUDEFB: default binding occurred for component instance (:mapper_tb(behavior):uut@mapper(STRUCTURE):\i_out[8]_i_3\) with design unit (UNISIM.LUT4:LUT4_V).
xmelab: *W,CUDEFB: default binding occurred for component instance (:mapper_tb(behavior):uut@mapper(STRUCTURE):\i_out[8]_i_4\) with design unit (UNISIM.LUT6:LUT6_V).
xmelab: *W,CUDEFB: default binding occurred for component instance (:mapper_tb(behavior):uut@mapper(STRUCTURE):\i_out[8]_i_5\) with design unit (UNISIM.LUT3:LUT3_V).
xmelab: *W,CUDEFB: default binding occurred for component instance (:mapper_tb(behavior):uut@mapper(STRUCTURE):\i_out[8]_i_6\) with design unit (UNISIM.LUT6:LUT6_V).
xmelab: *W,CUDEFB: default binding occurred for component instance (:mapper_tb(behavior):uut@mapper(STRUCTURE):\i_out[8]_i_7\) with design unit (UNISIM.LUT2:LUT2_V).
xmelab: *W,CUDEFB: default binding occurred for component instance (:mapper_tb(behavior):uut@mapper(STRUCTURE):\i_out[8]_i_9\) with design unit (UNISIM.LUT6:LUT6_V).
xmelab: *W,CUDEFB: default binding occurred for component instance (:mapper_tb(behavior):uut@mapper(STRUCTURE):\i_out[9]_i_1\) with design unit (UNISIM.LUT6:LUT6_V).
xmelab: *W,CUDEFB: default binding occurred for component instance (:mapper_tb(behavior):uut@mapper(STRUCTURE):\i_out[9]_i_2\) with design unit (UNISIM.LUT6:LUT6_V).
xmelab: *W,CUDEFB: default binding occurred for component instance (:mapper_tb(behavior):uut@mapper(STRUCTURE):\i_out[9]_i_3\) with design unit (UNISIM.LUT4:LUT4_V).
xmelab: *W,CUDEFB: default binding occurred for component instance (:mapper_tb(behavior):uut@mapper(STRUCTURE):\i_out[9]_i_4\) with design unit (UNISIM.LUT5:LUT5_V).
xmelab: *W,CUDEFB: default binding occurred for component instance (:mapper_tb(behavior):uut@mapper(STRUCTURE):\i_out[9]_i_5\) with design unit (UNISIM.LUT2:LUT2_V).
xmelab: *W,CUDEFB: default binding occurred for component instance (:mapper_tb(behavior):uut@mapper(STRUCTURE):\i_out[9]_i_6\) with design unit (UNISIM.LUT4:LUT4_V).
xmelab: *W,CUDEFB: default binding occurred for component instance (:mapper_tb(behavior):uut@mapper(STRUCTURE):\i_out[9]_i_7\) with design unit (UNISIM.LUT4:LUT4_V).
xmelab: *W,CUDEFB: default binding occurred for component instance (:mapper_tb(behavior):uut@mapper(STRUCTURE):\i_out_OBUF[0]_inst\) with design unit (UNISIM.OBUF:OBUF_V).
xmelab: *W,CUDEFB: default binding occurred for component instance (:mapper_tb(behavior):uut@mapper(STRUCTURE):\i_out_OBUF[10]_inst\) with design unit (UNISIM.OBUF:OBUF_V).
xmelab: *W,CUDEFB: default binding occurred for component instance (:mapper_tb(behavior):uut@mapper(STRUCTURE):\i_out_OBUF[11]_inst\) with design unit (UNISIM.OBUF:OBUF_V).
xmelab: *W,CUDEFB: default binding occurred for component instance (:mapper_tb(behavior):uut@mapper(STRUCTURE):\i_out_OBUF[1]_inst\) with design unit (UNISIM.OBUF:OBUF_V).
xmelab: *W,CUDEFB: default binding occurred for component instance (:mapper_tb(behavior):uut@mapper(STRUCTURE):\i_out_OBUF[2]_inst\) with design unit (UNISIM.OBUF:OBUF_V).
xmelab: *W,CUDEFB: default binding occurred for component instance (:mapper_tb(behavior):uut@mapper(STRUCTURE):\i_out_OBUF[3]_inst\) with design unit (UNISIM.OBUF:OBUF_V).
xmelab: *W,CUDEFB: default binding occurred for component instance (:mapper_tb(behavior):uut@mapper(STRUCTURE):\i_out_OBUF[4]_inst\) with design unit (UNISIM.OBUF:OBUF_V).
xmelab: *W,CUDEFB: default binding occurred for component instance (:mapper_tb(behavior):uut@mapper(STRUCTURE):\i_out_OBUF[5]_inst\) with design unit (UNISIM.OBUF:OBUF_V).
xmelab: *W,CUDEFB: default binding occurred for component instance (:mapper_tb(behavior):uut@mapper(STRUCTURE):\i_out_OBUF[6]_inst\) with design unit (UNISIM.OBUF:OBUF_V).
xmelab: *W,CUDEFB: default binding occurred for component instance (:mapper_tb(behavior):uut@mapper(STRUCTURE):\i_out_OBUF[7]_inst\) with design unit (UNISIM.OBUF:OBUF_V).
xmelab: *W,CUDEFB: default binding occurred for component instance (:mapper_tb(behavior):uut@mapper(STRUCTURE):\i_out_OBUF[8]_inst\) with design unit (UNISIM.OBUF:OBUF_V).
xmelab: *W,CUDEFB: default binding occurred for component instance (:mapper_tb(behavior):uut@mapper(STRUCTURE):\i_out_OBUF[9]_inst\) with design unit (UNISIM.OBUF:OBUF_V).
xmelab: *W,CUDEFB: default binding occurred for component instance (:mapper_tb(behavior):uut@mapper(STRUCTURE):\i_out_reg[0]\) with design unit (UNISIM.FDCE:FDCE_V).
xmelab: *W,CUDEFB: default binding occurred for component instance (:mapper_tb(behavior):uut@mapper(STRUCTURE):\i_out_reg[0]_i_4\) with design unit (UNISIM.MUXF7:MUXF7_V).
xmelab: *W,CUDEFB: default binding occurred for component instance (:mapper_tb(behavior):uut@mapper(STRUCTURE):\i_out_reg[10]\) with design unit (UNISIM.FDCE:FDCE_V).
xmelab: *W,CUDEFB: default binding occurred for component instance (:mapper_tb(behavior):uut@mapper(STRUCTURE):\i_out_reg[10]_i_4\) with design unit (UNISIM.MUXF7:MUXF7_V).
xmelab: *W,CUDEFB: default binding occurred for component instance (:mapper_tb(behavior):uut@mapper(STRUCTURE):\i_out_reg[11]\) with design unit (UNISIM.FDCE:FDCE_V).
xmelab: *W,CUDEFB: default binding occurred for component instance (:mapper_tb(behavior):uut@mapper(STRUCTURE):\i_out_reg[11]_i_10\) with design unit (UNISIM.CARRY8:CARRY8_V).
xmelab: *W,CUDEFB: default binding occurred for component instance (:mapper_tb(behavior):uut@mapper(STRUCTURE):\i_out_reg[11]_i_4\) with design unit (UNISIM.CARRY8:CARRY8_V).
xmelab: *W,CUDEFB: default binding occurred for component instance (:mapper_tb(behavior):uut@mapper(STRUCTURE):\i_out_reg[1]\) with design unit (UNISIM.FDCE:FDCE_V).
xmelab: *W,CUDEFB: default binding occurred for component instance (:mapper_tb(behavior):uut@mapper(STRUCTURE):\i_out_reg[1]_i_9\) with design unit (UNISIM.MUXF7:MUXF7_V).
xmelab: *W,CUDEFB: default binding occurred for component instance (:mapper_tb(behavior):uut@mapper(STRUCTURE):\i_out_reg[2]\) with design unit (UNISIM.FDCE:FDCE_V).
xmelab: *W,CUDEFB: default binding occurred for component instance (:mapper_tb(behavior):uut@mapper(STRUCTURE):\i_out_reg[2]_i_3\) with design unit (UNISIM.MUXF7:MUXF7_V).
xmelab: *W,CUDEFB: default binding occurred for component instance (:mapper_tb(behavior):uut@mapper(STRUCTURE):\i_out_reg[3]\) with design unit (UNISIM.FDCE:FDCE_V).
xmelab: *W,CUDEFB: default binding occurred for component instance (:mapper_tb(behavior):uut@mapper(STRUCTURE):\i_out_reg[4]\) with design unit (UNISIM.FDCE:FDCE_V).
xmelab: *W,CUDEFB: default binding occurred for component instance (:mapper_tb(behavior):uut@mapper(STRUCTURE):\i_out_reg[4]_i_3\) with design unit (UNISIM.MUXF7:MUXF7_V).
xmelab: *W,CUDEFB: default binding occurred for component instance (:mapper_tb(behavior):uut@mapper(STRUCTURE):\i_out_reg[5]\) with design unit (UNISIM.FDCE:FDCE_V).
xmelab: *W,CUDEFB: default binding occurred for component instance (:mapper_tb(behavior):uut@mapper(STRUCTURE):\i_out_reg[6]\) with design unit (UNISIM.FDCE:FDCE_V).
xmelab: *W,CUDEFB: default binding occurred for component instance (:mapper_tb(behavior):uut@mapper(STRUCTURE):\i_out_reg[6]_i_7\) with design unit (UNISIM.MUXF7:MUXF7_V).
xmelab: *W,CUDEFB: default binding occurred for component instance (:mapper_tb(behavior):uut@mapper(STRUCTURE):\i_out_reg[7]\) with design unit (UNISIM.FDCE:FDCE_V).
xmelab: *W,CUDEFB: default binding occurred for component instance (:mapper_tb(behavior):uut@mapper(STRUCTURE):\i_out_reg[7]_i_4\) with design unit (UNISIM.MUXF7:MUXF7_V).
xmelab: *W,CUDEFB: default binding occurred for component instance (:mapper_tb(behavior):uut@mapper(STRUCTURE):\i_out_reg[8]\) with design unit (UNISIM.FDCE:FDCE_V).
xmelab: *W,CUDEFB: default binding occurred for component instance (:mapper_tb(behavior):uut@mapper(STRUCTURE):\i_out_reg[8]_i_8\) with design unit (UNISIM.MUXF7:MUXF7_V).
xmelab: *W,CUDEFB: default binding occurred for component instance (:mapper_tb(behavior):uut@mapper(STRUCTURE):\i_out_reg[9]\) with design unit (UNISIM.FDCE:FDCE_V).
xmelab: *W,CUDEFB: default binding occurred for component instance (:mapper_tb(behavior):uut@mapper(STRUCTURE):\input_data[0]_i_1\) with design unit (UNISIM.LUT5:LUT5_V).
xmelab: *W,CUDEFB: default binding occurred for component instance (:mapper_tb(behavior):uut@mapper(STRUCTURE):\input_data[0]_i_2\) with design unit (UNISIM.LUT5:LUT5_V).
xmelab: *W,CUDEFB: default binding occurred for component instance (:mapper_tb(behavior):uut@mapper(STRUCTURE):\input_data[0]_i_3\) with design unit (UNISIM.LUT6:LUT6_V).
xmelab: *W,CUDEFB: default binding occurred for component instance (:mapper_tb(behavior):uut@mapper(STRUCTURE):\input_data[1]_i_1\) with design unit (UNISIM.LUT1:LUT1_V).
xmelab: *W,CUDEFB: default binding occurred for component instance (:mapper_tb(behavior):uut@mapper(STRUCTURE):\input_data[2]_i_1\) with design unit (UNISIM.LUT1:LUT1_V).
xmelab: *W,CUDEFB: default binding occurred for component instance (:mapper_tb(behavior):uut@mapper(STRUCTURE):\input_data[3]_i_1\) with design unit (UNISIM.LUT1:LUT1_V).
xmelab: *W,CUDEFB: default binding occurred for component instance (:mapper_tb(behavior):uut@mapper(STRUCTURE):\input_data[4]_i_1\) with design unit (UNISIM.LUT5:LUT5_V).
xmelab: *W,CUDEFB: default binding occurred for component instance (:mapper_tb(behavior):uut@mapper(STRUCTURE):\input_data[4]_i_2\) with design unit (UNISIM.LUT5:LUT5_V).
xmelab: *W,CUDEFB: default binding occurred for component instance (:mapper_tb(behavior):uut@mapper(STRUCTURE):\input_data[4]_i_3\) with design unit (UNISIM.LUT6:LUT6_V).
xmelab: *W,CUDEFB: default binding occurred for component instance (:mapper_tb(behavior):uut@mapper(STRUCTURE):\input_data[5]_i_1\) with design unit (UNISIM.LUT2:LUT2_V).
xmelab: *W,CUDEFB: default binding occurred for component instance (:mapper_tb(behavior):uut@mapper(STRUCTURE):\input_data[5]_i_10\) with design unit (UNISIM.LUT2:LUT2_V).
xmelab: *W,CUDEFB: default binding occurred for component instance (:mapper_tb(behavior):uut@mapper(STRUCTURE):\input_data[5]_i_11\) with design unit (UNISIM.LUT2:LUT2_V).
xmelab: *W,CUDEFB: default binding occurred for component instance (:mapper_tb(behavior):uut@mapper(STRUCTURE):\input_data[5]_i_12\) with design unit (UNISIM.LUT2:LUT2_V).
xmelab: *W,CUDEFB: default binding occurred for component instance (:mapper_tb(behavior):uut@mapper(STRUCTURE):\input_data[5]_i_13\) with design unit (UNISIM.LUT2:LUT2_V).
xmelab: *W,CUDEFB: default binding occurred for component instance (:mapper_tb(behavior):uut@mapper(STRUCTURE):\input_data[5]_i_14\) with design unit (UNISIM.LUT2:LUT2_V).
xmelab: *W,CUDEFB: default binding occurred for component instance (:mapper_tb(behavior):uut@mapper(STRUCTURE):\input_data[5]_i_15\) with design unit (UNISIM.LUT2:LUT2_V).
xmelab: *W,CUDEFB: default binding occurred for component instance (:mapper_tb(behavior):uut@mapper(STRUCTURE):\input_data[5]_i_16\) with design unit (UNISIM.LUT2:LUT2_V).
xmelab: *W,CUDEFB: default binding occurred for component instance (:mapper_tb(behavior):uut@mapper(STRUCTURE):\input_data[5]_i_17\) with design unit (UNISIM.LUT2:LUT2_V).
xmelab: *W,CUDEFB: default binding occurred for component instance (:mapper_tb(behavior):uut@mapper(STRUCTURE):\input_data[5]_i_18\) with design unit (UNISIM.LUT2:LUT2_V).
xmelab: *W,CUDEFB: default binding occurred for component instance (:mapper_tb(behavior):uut@mapper(STRUCTURE):\input_data[5]_i_19\) with design unit (UNISIM.LUT2:LUT2_V).
xmelab: *W,CUDEFB: default binding occurred for component instance (:mapper_tb(behavior):uut@mapper(STRUCTURE):\input_data[5]_i_2\) with design unit (UNISIM.LUT5:LUT5_V).
xmelab: *W,CUDEFB: default binding occurred for component instance (:mapper_tb(behavior):uut@mapper(STRUCTURE):\input_data[5]_i_20\) with design unit (UNISIM.LUT2:LUT2_V).
xmelab: *W,CUDEFB: default binding occurred for component instance (:mapper_tb(behavior):uut@mapper(STRUCTURE):\input_data[5]_i_21\) with design unit (UNISIM.LUT2:LUT2_V).
xmelab: *W,CUDEFB: default binding occurred for component instance (:mapper_tb(behavior):uut@mapper(STRUCTURE):\input_data[5]_i_22\) with design unit (UNISIM.LUT2:LUT2_V).
xmelab: *W,CUDEFB: default binding occurred for component instance (:mapper_tb(behavior):uut@mapper(STRUCTURE):\input_data[5]_i_23\) with design unit (UNISIM.LUT2:LUT2_V).
xmelab: *W,CUDEFB: default binding occurred for component instance (:mapper_tb(behavior):uut@mapper(STRUCTURE):\input_data[5]_i_24\) with design unit (UNISIM.LUT2:LUT2_V).
xmelab: *W,CUDEFB: default binding occurred for component instance (:mapper_tb(behavior):uut@mapper(STRUCTURE):\input_data[5]_i_25\) with design unit (UNISIM.LUT2:LUT2_V).
xmelab: *W,CUDEFB: default binding occurred for component instance (:mapper_tb(behavior):uut@mapper(STRUCTURE):\input_data[5]_i_26\) with design unit (UNISIM.LUT2:LUT2_V).
xmelab: *W,CUDEFB: default binding occurred for component instance (:mapper_tb(behavior):uut@mapper(STRUCTURE):\input_data[5]_i_27\) with design unit (UNISIM.LUT2:LUT2_V).
xmelab: *W,CUDEFB: default binding occurred for component instance (:mapper_tb(behavior):uut@mapper(STRUCTURE):\input_data[5]_i_28\) with design unit (UNISIM.LUT2:LUT2_V).
xmelab: *W,CUDEFB: default binding occurred for component instance (:mapper_tb(behavior):uut@mapper(STRUCTURE):\input_data[5]_i_29\) with design unit (UNISIM.LUT2:LUT2_V).
xmelab: *W,CUDEFB: default binding occurred for component instance (:mapper_tb(behavior):uut@mapper(STRUCTURE):\input_data[5]_i_3\) with design unit (UNISIM.LUT4:LUT4_V).
xmelab: *W,CUDEFB: default binding occurred for component instance (:mapper_tb(behavior):uut@mapper(STRUCTURE):\input_data[5]_i_30\) with design unit (UNISIM.LUT2:LUT2_V).
xmelab: *W,CUDEFB: default binding occurred for component instance (:mapper_tb(behavior):uut@mapper(STRUCTURE):\input_data[5]_i_31\) with design unit (UNISIM.LUT2:LUT2_V).
xmelab: *W,CUDEFB: default binding occurred for component instance (:mapper_tb(behavior):uut@mapper(STRUCTURE):\input_data[5]_i_32\) with design unit (UNISIM.LUT2:LUT2_V).
xmelab: *W,CUDEFB: default binding occurred for component instance (:mapper_tb(behavior):uut@mapper(STRUCTURE):\input_data[5]_i_33\) with design unit (UNISIM.LUT2:LUT2_V).
xmelab: *W,CUDEFB: default binding occurred for component instance (:mapper_tb(behavior):uut@mapper(STRUCTURE):\input_data[5]_i_34\) with design unit (UNISIM.LUT2:LUT2_V).
xmelab: *W,CUDEFB: default binding occurred for component instance (:mapper_tb(behavior):uut@mapper(STRUCTURE):\input_data[5]_i_35\) with design unit (UNISIM.LUT2:LUT2_V).
xmelab: *W,CUDEFB: default binding occurred for component instance (:mapper_tb(behavior):uut@mapper(STRUCTURE):\input_data[5]_i_36\) with design unit (UNISIM.LUT2:LUT2_V).
xmelab: *W,CUDEFB: default binding occurred for component instance (:mapper_tb(behavior):uut@mapper(STRUCTURE):\input_data[5]_i_37\) with design unit (UNISIM.LUT2:LUT2_V).
xmelab: *W,CUDEFB: default binding occurred for component instance (:mapper_tb(behavior):uut@mapper(STRUCTURE):\input_data[5]_i_38\) with design unit (UNISIM.LUT2:LUT2_V).
xmelab: *W,CUDEFB: default binding occurred for component instance (:mapper_tb(behavior):uut@mapper(STRUCTURE):\input_data[5]_i_39\) with design unit (UNISIM.LUT2:LUT2_V).
xmelab: *W,CUDEFB: default binding occurred for component instance (:mapper_tb(behavior):uut@mapper(STRUCTURE):\input_data[5]_i_4\) with design unit (UNISIM.LUT5:LUT5_V).
xmelab: *W,CUDEFB: default binding occurred for component instance (:mapper_tb(behavior):uut@mapper(STRUCTURE):\input_data[5]_i_6\) with design unit (UNISIM.LUT6:LUT6_V).
xmelab: *W,CUDEFB: default binding occurred for component instance (:mapper_tb(behavior):uut@mapper(STRUCTURE):\input_data[5]_i_8\) with design unit (UNISIM.LUT2:LUT2_V).
xmelab: *W,CUDEFB: default binding occurred for component instance (:mapper_tb(behavior):uut@mapper(STRUCTURE):\input_data[5]_i_9\) with design unit (UNISIM.LUT2:LUT2_V).
xmelab: *W,CUDEFB: default binding occurred for component instance (:mapper_tb(behavior):uut@mapper(STRUCTURE):\input_data_reg[0]\) with design unit (UNISIM.FDRE:FDRE_V).
xmelab: *W,CUDEFB: default binding occurred for component instance (:mapper_tb(behavior):uut@mapper(STRUCTURE):\input_data_reg[1]\) with design unit (UNISIM.FDRE:FDRE_V).
xmelab: *W,CUDEFB: default binding occurred for component instance (:mapper_tb(behavior):uut@mapper(STRUCTURE):\input_data_reg[2]\) with design unit (UNISIM.FDRE:FDRE_V).
xmelab: *W,CUDEFB: default binding occurred for component instance (:mapper_tb(behavior):uut@mapper(STRUCTURE):\input_data_reg[3]\) with design unit (UNISIM.FDRE:FDRE_V).
xmelab: *W,CUDEFB: default binding occurred for component instance (:mapper_tb(behavior):uut@mapper(STRUCTURE):\input_data_reg[4]\) with design unit (UNISIM.FDRE:FDRE_V).
xmelab: *W,CUDEFB: default binding occurred for component instance (:mapper_tb(behavior):uut@mapper(STRUCTURE):\input_data_reg[5]\) with design unit (UNISIM.FDRE:FDRE_V).
xmelab: *W,CUDEFB: default binding occurred for component instance (:mapper_tb(behavior):uut@mapper(STRUCTURE):\input_data_reg[5]_i_5\) with design unit (UNISIM.CARRY8:CARRY8_V).
xmelab: *W,CUDEFB: default binding occurred for component instance (:mapper_tb(behavior):uut@mapper(STRUCTURE):\input_data_reg[5]_i_7\) with design unit (UNISIM.CARRY8:CARRY8_V).
xmelab: *W,CUDEFB: default binding occurred for component instance (:mapper_tb(behavior):uut@mapper(STRUCTURE):\k[0]_i_1\) with design unit (UNISIM.LUT4:LUT4_V).
xmelab: *W,CUDEFB: default binding occurred for component instance (:mapper_tb(behavior):uut@mapper(STRUCTURE):\k[0]_i_3\) with design unit (UNISIM.LUT2:LUT2_V).
xmelab: *W,CUDEFB: default binding occurred for component instance (:mapper_tb(behavior):uut@mapper(STRUCTURE):\k[0]_i_4\) with design unit (UNISIM.LUT2:LUT2_V).
xmelab: *W,CUDEFB: default binding occurred for component instance (:mapper_tb(behavior):uut@mapper(STRUCTURE):\k[0]_i_5\) with design unit (UNISIM.LUT2:LUT2_V).
xmelab: *W,CUDEFB: default binding occurred for component instance (:mapper_tb(behavior):uut@mapper(STRUCTURE):\k_reg[0]\) with design unit (UNISIM.FDCE:FDCE_V).
xmelab: *W,CUDEFB: default binding occurred for component instance (:mapper_tb(behavior):uut@mapper(STRUCTURE):\k_reg[0]_i_2\) with design unit (UNISIM.CARRY8:CARRY8_V).
xmelab: *W,CUDEFB: default binding occurred for component instance (:mapper_tb(behavior):uut@mapper(STRUCTURE):\k_reg[1]\) with design unit (UNISIM.FDCE:FDCE_V).
xmelab: *W,CUDEFB: default binding occurred for component instance (:mapper_tb(behavior):uut@mapper(STRUCTURE):\k_reg[2]\) with design unit (UNISIM.FDCE:FDCE_V).
xmelab: *W,CUDEFB: default binding occurred for component instance (:mapper_tb(behavior):uut@mapper(STRUCTURE):last_frame_OBUF_inst) with design unit (UNISIM.OBUF:OBUF_V).
xmelab: *W,CUDEFB: default binding occurred for component instance (:mapper_tb(behavior):uut@mapper(STRUCTURE):last_frame_i_1) with design unit (UNISIM.LUT4:LUT4_V).
xmelab: *W,CUDEFB: default binding occurred for component instance (:mapper_tb(behavior):uut@mapper(STRUCTURE):last_frame_i_2) with design unit (UNISIM.LUT2:LUT2_V).
xmelab: *W,CUDEFB: default binding occurred for component instance (:mapper_tb(behavior):uut@mapper(STRUCTURE):last_frame_reg) with design unit (UNISIM.FDRE:FDRE_V).
xmelab: *W,CUDEFB: default binding occurred for component instance (:mapper_tb(behavior):uut@mapper(STRUCTURE):\mod_type_IBUF[0]_inst\) with design unit (UNISIM.IBUF:IBUF_V).
xmelab: *W,CUDEFB: default binding occurred for component instance (:mapper_tb(behavior):uut@mapper(STRUCTURE):\mod_type_IBUF[1]_inst\) with design unit (UNISIM.IBUF:IBUF_V).
xmelab: *W,CUDEFB: default binding occurred for component instance (:mapper_tb(behavior):uut@mapper(STRUCTURE):\mod_type_IBUF[2]_inst\) with design unit (UNISIM.IBUF:IBUF_V).
xmelab: *W,CUDEFB: default binding occurred for component instance (:mapper_tb(behavior):uut@mapper(STRUCTURE):pilot_insertion_IBUF_inst) with design unit (UNISIM.IBUF:IBUF_V).
xmelab: *W,CUDEFB: default binding occurred for component instance (:mapper_tb(behavior):uut@mapper(STRUCTURE):\q_out[0]_i_1\) with design unit (UNISIM.LUT6:LUT6_V).
xmelab: *W,CUDEFB: default binding occurred for component instance (:mapper_tb(behavior):uut@mapper(STRUCTURE):\q_out[0]_i_2\) with design unit (UNISIM.LUT6:LUT6_V).
xmelab: *W,CUDEFB: default binding occurred for component instance (:mapper_tb(behavior):uut@mapper(STRUCTURE):\q_out[0]_i_3\) with design unit (UNISIM.LUT5:LUT5_V).
xmelab: *W,CUDEFB: default binding occurred for component instance (:mapper_tb(behavior):uut@mapper(STRUCTURE):\q_out[10]_i_1\) with design unit (UNISIM.LUT6:LUT6_V).
xmelab: *W,CUDEFB: default binding occurred for component instance (:mapper_tb(behavior):uut@mapper(STRUCTURE):\q_out[10]_i_2\) with design unit (UNISIM.LUT6:LUT6_V).
xmelab: *W,CUDEFB: default binding occurred for component instance (:mapper_tb(behavior):uut@mapper(STRUCTURE):\q_out[10]_i_3\) with design unit (UNISIM.LUT6:LUT6_V).
xmelab: *W,CUDEFB: default binding occurred for component instance (:mapper_tb(behavior):uut@mapper(STRUCTURE):\q_out[11]_i_1\) with design unit (UNISIM.LUT2:LUT2_V).
xmelab: *W,CUDEFB: default binding occurred for component instance (:mapper_tb(behavior):uut@mapper(STRUCTURE):\q_out[11]_i_2\) with design unit (UNISIM.LUT6:LUT6_V).
xmelab: *W,CUDEFB: default binding occurred for component instance (:mapper_tb(behavior):uut@mapper(STRUCTURE):\q_out[11]_i_3\) with design unit (UNISIM.LUT3:LUT3_V).
xmelab: *W,CUDEFB: default binding occurred for component instance (:mapper_tb(behavior):uut@mapper(STRUCTURE):\q_out[1]_i_1\) with design unit (UNISIM.LUT6:LUT6_V).
xmelab: *W,CUDEFB: default binding occurred for component instance (:mapper_tb(behavior):uut@mapper(STRUCTURE):\q_out[1]_i_2\) with design unit (UNISIM.LUT5:LUT5_V).
xmelab: *W,CUDEFB: default binding occurred for component instance (:mapper_tb(behavior):uut@mapper(STRUCTURE):\q_out[1]_i_3\) with design unit (UNISIM.LUT4:LUT4_V).
xmelab: *W,CUDEFB: default binding occurred for component instance (:mapper_tb(behavior):uut@mapper(STRUCTURE):\q_out[1]_i_5\) with design unit (UNISIM.LUT5:LUT5_V).
xmelab: *W,CUDEFB: default binding occurred for component instance (:mapper_tb(behavior):uut@mapper(STRUCTURE):\q_out[2]_i_1\) with design unit (UNISIM.LUT6:LUT6_V).
xmelab: *W,CUDEFB: default binding occurred for component instance (:mapper_tb(behavior):uut@mapper(STRUCTURE):\q_out[2]_i_2\) with design unit (UNISIM.LUT6:LUT6_V).
xmelab: *W,CUDEFB: default binding occurred for component instance (:mapper_tb(behavior):uut@mapper(STRUCTURE):\q_out[2]_i_4\) with design unit (UNISIM.LUT3:LUT3_V).
xmelab: *W,CUDEFB: default binding occurred for component instance (:mapper_tb(behavior):uut@mapper(STRUCTURE):\q_out[3]_i_1\) with design unit (UNISIM.LUT5:LUT5_V).
xmelab: *W,CUDEFB: default binding occurred for component instance (:mapper_tb(behavior):uut@mapper(STRUCTURE):\q_out[3]_i_2\) with design unit (UNISIM.LUT6:LUT6_V).
xmelab: *W,CUDEFB: default binding occurred for component instance (:mapper_tb(behavior):uut@mapper(STRUCTURE):\q_out[3]_i_3\) with design unit (UNISIM.LUT6:LUT6_V).
xmelab: *W,CUDEFB: default binding occurred for component instance (:mapper_tb(behavior):uut@mapper(STRUCTURE):\q_out[4]_i_1\) with design unit (UNISIM.LUT6:LUT6_V).
xmelab: *W,CUDEFB: default binding occurred for component instance (:mapper_tb(behavior):uut@mapper(STRUCTURE):\q_out[4]_i_2\) with design unit (UNISIM.LUT6:LUT6_V).
xmelab: *W,CUDEFB: default binding occurred for component instance (:mapper_tb(behavior):uut@mapper(STRUCTURE):\q_out[5]_i_1\) with design unit (UNISIM.LUT6:LUT6_V).
xmelab: *W,CUDEFB: default binding occurred for component instance (:mapper_tb(behavior):uut@mapper(STRUCTURE):\q_out[5]_i_2\) with design unit (UNISIM.LUT6:LUT6_V).
xmelab: *W,CUDEFB: default binding occurred for component instance (:mapper_tb(behavior):uut@mapper(STRUCTURE):\q_out[5]_i_3\) with design unit (UNISIM.LUT3:LUT3_V).
xmelab: *W,CUDEFB: default binding occurred for component instance (:mapper_tb(behavior):uut@mapper(STRUCTURE):\q_out[5]_i_4\) with design unit (UNISIM.LUT2:LUT2_V).
xmelab: *W,CUDEFB: default binding occurred for component instance (:mapper_tb(behavior):uut@mapper(STRUCTURE):\q_out[5]_i_5\) with design unit (UNISIM.LUT6:LUT6_V).
xmelab: *W,CUDEFB: default binding occurred for component instance (:mapper_tb(behavior):uut@mapper(STRUCTURE):\q_out[6]_i_1\) with design unit (UNISIM.LUT6:LUT6_V).
xmelab: *W,CUDEFB: default binding occurred for component instance (:mapper_tb(behavior):uut@mapper(STRUCTURE):\q_out[6]_i_2\) with design unit (UNISIM.LUT6:LUT6_V).
xmelab: *W,CUDEFB: default binding occurred for component instance (:mapper_tb(behavior):uut@mapper(STRUCTURE):\q_out[6]_i_3\) with design unit (UNISIM.LUT6:LUT6_V).
xmelab: *W,CUDEFB: default binding occurred for component instance (:mapper_tb(behavior):uut@mapper(STRUCTURE):\q_out[7]_i_1\) with design unit (UNISIM.LUT6:LUT6_V).
xmelab: *W,CUDEFB: default binding occurred for component instance (:mapper_tb(behavior):uut@mapper(STRUCTURE):\q_out[7]_i_2\) with design unit (UNISIM.LUT4:LUT4_V).
xmelab: *W,CUDEFB: default binding occurred for component instance (:mapper_tb(behavior):uut@mapper(STRUCTURE):\q_out[7]_i_3\) with design unit (UNISIM.LUT6:LUT6_V).
xmelab: *W,CUDEFB: default binding occurred for component instance (:mapper_tb(behavior):uut@mapper(STRUCTURE):\q_out[7]_i_4\) with design unit (UNISIM.LUT4:LUT4_V).
xmelab: *W,CUDEFB: default binding occurred for component instance (:mapper_tb(behavior):uut@mapper(STRUCTURE):\q_out[8]_i_1\) with design unit (UNISIM.LUT6:LUT6_V).
xmelab: *W,CUDEFB: default binding occurred for component instance (:mapper_tb(behavior):uut@mapper(STRUCTURE):\q_out[8]_i_2\) with design unit (UNISIM.LUT4:LUT4_V).
xmelab: *W,CUDEFB: default binding occurred for component instance (:mapper_tb(behavior):uut@mapper(STRUCTURE):\q_out[8]_i_3\) with design unit (UNISIM.LUT4:LUT4_V).
xmelab: *W,CUDEFB: default binding occurred for component instance (:mapper_tb(behavior):uut@mapper(STRUCTURE):\q_out[8]_i_4\) with design unit (UNISIM.LUT6:LUT6_V).
xmelab: *W,CUDEFB: default binding occurred for component instance (:mapper_tb(behavior):uut@mapper(STRUCTURE):\q_out[8]_i_5\) with design unit (UNISIM.LUT4:LUT4_V).
xmelab: *W,CUDEFB: default binding occurred for component instance (:mapper_tb(behavior):uut@mapper(STRUCTURE):\q_out[8]_i_6\) with design unit (UNISIM.LUT6:LUT6_V).
xmelab: *W,CUDEFB: default binding occurred for component instance (:mapper_tb(behavior):uut@mapper(STRUCTURE):\q_out[9]_i_1\) with design unit (UNISIM.LUT6:LUT6_V).
xmelab: *W,CUDEFB: default binding occurred for component instance (:mapper_tb(behavior):uut@mapper(STRUCTURE):\q_out[9]_i_2\) with design unit (UNISIM.LUT6:LUT6_V).
xmelab: *W,CUDEFB: default binding occurred for component instance (:mapper_tb(behavior):uut@mapper(STRUCTURE):\q_out[9]_i_3\) with design unit (UNISIM.LUT3:LUT3_V).
xmelab: *W,CUDEFB: default binding occurred for component instance (:mapper_tb(behavior):uut@mapper(STRUCTURE):\q_out[9]_i_4\) with design unit (UNISIM.LUT5:LUT5_V).
xmelab: *W,CUDEFB: default binding occurred for component instance (:mapper_tb(behavior):uut@mapper(STRUCTURE):\q_out[9]_i_5\) with design unit (UNISIM.LUT3:LUT3_V).
xmelab: *W,CUDEFB: default binding occurred for component instance (:mapper_tb(behavior):uut@mapper(STRUCTURE):\q_out_OBUF[0]_inst\) with design unit (UNISIM.OBUF:OBUF_V).
xmelab: *W,CUDEFB: default binding occurred for component instance (:mapper_tb(behavior):uut@mapper(STRUCTURE):\q_out_OBUF[10]_inst\) with design unit (UNISIM.OBUF:OBUF_V).
xmelab: *W,CUDEFB: default binding occurred for component instance (:mapper_tb(behavior):uut@mapper(STRUCTURE):\q_out_OBUF[11]_inst\) with design unit (UNISIM.OBUF:OBUF_V).
xmelab: *W,CUDEFB: default binding occurred for component instance (:mapper_tb(behavior):uut@mapper(STRUCTURE):\q_out_OBUF[1]_inst\) with design unit (UNISIM.OBUF:OBUF_V).
xmelab: *W,CUDEFB: default binding occurred for component instance (:mapper_tb(behavior):uut@mapper(STRUCTURE):\q_out_OBUF[2]_inst\) with design unit (UNISIM.OBUF:OBUF_V).
xmelab: *W,CUDEFB: default binding occurred for component instance (:mapper_tb(behavior):uut@mapper(STRUCTURE):\q_out_OBUF[3]_inst\) with design unit (UNISIM.OBUF:OBUF_V).
xmelab: *W,CUDEFB: default binding occurred for component instance (:mapper_tb(behavior):uut@mapper(STRUCTURE):\q_out_OBUF[4]_inst\) with design unit (UNISIM.OBUF:OBUF_V).
xmelab: *W,CUDEFB: default binding occurred for component instance (:mapper_tb(behavior):uut@mapper(STRUCTURE):\q_out_OBUF[5]_inst\) with design unit (UNISIM.OBUF:OBUF_V).
xmelab: *W,CUDEFB: default binding occurred for component instance (:mapper_tb(behavior):uut@mapper(STRUCTURE):\q_out_OBUF[6]_inst\) with design unit (UNISIM.OBUF:OBUF_V).
xmelab: *W,CUDEFB: default binding occurred for component instance (:mapper_tb(behavior):uut@mapper(STRUCTURE):\q_out_OBUF[7]_inst\) with design unit (UNISIM.OBUF:OBUF_V).
xmelab: *W,CUDEFB: default binding occurred for component instance (:mapper_tb(behavior):uut@mapper(STRUCTURE):\q_out_OBUF[8]_inst\) with design unit (UNISIM.OBUF:OBUF_V).
xmelab: *W,CUDEFB: default binding occurred for component instance (:mapper_tb(behavior):uut@mapper(STRUCTURE):\q_out_OBUF[9]_inst\) with design unit (UNISIM.OBUF:OBUF_V).
xmelab: *W,CUDEFB: default binding occurred for component instance (:mapper_tb(behavior):uut@mapper(STRUCTURE):\q_out_reg[0]\) with design unit (UNISIM.FDCE:FDCE_V).
xmelab: *W,CUDEFB: default binding occurred for component instance (:mapper_tb(behavior):uut@mapper(STRUCTURE):\q_out_reg[0]_i_4\) with design unit (UNISIM.MUXF7:MUXF7_V).
xmelab: *W,CUDEFB: default binding occurred for component instance (:mapper_tb(behavior):uut@mapper(STRUCTURE):\q_out_reg[10]\) with design unit (UNISIM.FDCE:FDCE_V).
xmelab: *W,CUDEFB: default binding occurred for component instance (:mapper_tb(behavior):uut@mapper(STRUCTURE):\q_out_reg[10]_i_4\) with design unit (UNISIM.MUXF7:MUXF7_V).
xmelab: *W,CUDEFB: default binding occurred for component instance (:mapper_tb(behavior):uut@mapper(STRUCTURE):\q_out_reg[11]\) with design unit (UNISIM.FDCE:FDCE_V).
xmelab: *W,CUDEFB: default binding occurred for component instance (:mapper_tb(behavior):uut@mapper(STRUCTURE):\q_out_reg[1]\) with design unit (UNISIM.FDCE:FDCE_V).
xmelab: *W,CUDEFB: default binding occurred for component instance (:mapper_tb(behavior):uut@mapper(STRUCTURE):\q_out_reg[1]_i_4\) with design unit (UNISIM.MUXF7:MUXF7_V).
xmelab: *W,CUDEFB: default binding occurred for component instance (:mapper_tb(behavior):uut@mapper(STRUCTURE):\q_out_reg[2]\) with design unit (UNISIM.FDCE:FDCE_V).
xmelab: *W,CUDEFB: default binding occurred for component instance (:mapper_tb(behavior):uut@mapper(STRUCTURE):\q_out_reg[2]_i_3\) with design unit (UNISIM.MUXF7:MUXF7_V).
xmelab: *W,CUDEFB: default binding occurred for component instance (:mapper_tb(behavior):uut@mapper(STRUCTURE):\q_out_reg[3]\) with design unit (UNISIM.FDCE:FDCE_V).
xmelab: *W,CUDEFB: default binding occurred for component instance (:mapper_tb(behavior):uut@mapper(STRUCTURE):\q_out_reg[4]\) with design unit (UNISIM.FDCE:FDCE_V).
xmelab: *W,CUDEFB: default binding occurred for component instance (:mapper_tb(behavior):uut@mapper(STRUCTURE):\q_out_reg[4]_i_3\) with design unit (UNISIM.MUXF7:MUXF7_V).
xmelab: *W,CUDEFB: default binding occurred for component instance (:mapper_tb(behavior):uut@mapper(STRUCTURE):\q_out_reg[5]\) with design unit (UNISIM.FDCE:FDCE_V).
xmelab: *W,CUDEFB: default binding occurred for component instance (:mapper_tb(behavior):uut@mapper(STRUCTURE):\q_out_reg[6]\) with design unit (UNISIM.FDCE:FDCE_V).
xmelab: *W,CUDEFB: default binding occurred for component instance (:mapper_tb(behavior):uut@mapper(STRUCTURE):\q_out_reg[6]_i_4\) with design unit (UNISIM.MUXF7:MUXF7_V).
xmelab: *W,CUDEFB: default binding occurred for component instance (:mapper_tb(behavior):uut@mapper(STRUCTURE):\q_out_reg[7]\) with design unit (UNISIM.FDCE:FDCE_V).
xmelab: *W,CUDEFB: default binding occurred for component instance (:mapper_tb(behavior):uut@mapper(STRUCTURE):\q_out_reg[7]_i_5\) with design unit (UNISIM.MUXF7:MUXF7_V).
xmelab: *W,CUDEFB: default binding occurred for component instance (:mapper_tb(behavior):uut@mapper(STRUCTURE):\q_out_reg[8]\) with design unit (UNISIM.FDCE:FDCE_V).
xmelab: *W,CUDEFB: default binding occurred for component instance (:mapper_tb(behavior):uut@mapper(STRUCTURE):\q_out_reg[9]\) with design unit (UNISIM.FDCE:FDCE_V).
xmelab: *W,CUDEFB: default binding occurred for component instance (:mapper_tb(behavior):uut@mapper(STRUCTURE):reset_IBUF_inst) with design unit (UNISIM.IBUF:IBUF_V).
xmelab: *W,CUDEFB: default binding occurred for component instance (:mapper_tb(behavior):uut@mapper(STRUCTURE):signal_field_en_IBUF_inst) with design unit (UNISIM.IBUF:IBUF_V).
xmelab: *W,CUDEFB: default binding occurred for component instance (:mapper_tb(behavior):uut@mapper(STRUCTURE):\symbol_counter[0]_i_1\) with design unit (UNISIM.LUT5:LUT5_V).
xmelab: *W,CUDEFB: default binding occurred for component instance (:mapper_tb(behavior):uut@mapper(STRUCTURE):\symbol_counter[0]_i_10\) with design unit (UNISIM.LUT4:LUT4_V).
xmelab: *W,CUDEFB: default binding occurred for component instance (:mapper_tb(behavior):uut@mapper(STRUCTURE):\symbol_counter[0]_i_11\) with design unit (UNISIM.LUT3:LUT3_V).
xmelab: *W,CUDEFB: default binding occurred for component instance (:mapper_tb(behavior):uut@mapper(STRUCTURE):\symbol_counter[0]_i_3\) with design unit (UNISIM.LUT5:LUT5_V).
xmelab: *W,CUDEFB: default binding occurred for component instance (:mapper_tb(behavior):uut@mapper(STRUCTURE):\symbol_counter[0]_i_4\) with design unit (UNISIM.LUT4:LUT4_V).
xmelab: *W,CUDEFB: default binding occurred for component instance (:mapper_tb(behavior):uut@mapper(STRUCTURE):\symbol_counter[0]_i_5\) with design unit (UNISIM.LUT4:LUT4_V).
xmelab: *W,CUDEFB: default binding occurred for component instance (:mapper_tb(behavior):uut@mapper(STRUCTURE):\symbol_counter[0]_i_6\) with design unit (UNISIM.LUT4:LUT4_V).
xmelab: *W,CUDEFB: default binding occurred for component instance (:mapper_tb(behavior):uut@mapper(STRUCTURE):\symbol_counter[0]_i_7\) with design unit (UNISIM.LUT4:LUT4_V).
xmelab: *W,CUDEFB: default binding occurred for component instance (:mapper_tb(behavior):uut@mapper(STRUCTURE):\symbol_counter[0]_i_8\) with design unit (UNISIM.LUT4:LUT4_V).
xmelab: *W,CUDEFB: default binding occurred for component instance (:mapper_tb(behavior):uut@mapper(STRUCTURE):\symbol_counter[0]_i_9\) with design unit (UNISIM.LUT4:LUT4_V).
xmelab: *W,CUDEFB: default binding occurred for component instance (:mapper_tb(behavior):uut@mapper(STRUCTURE):\symbol_counter[16]_i_2\) with design unit (UNISIM.LUT4:LUT4_V).
xmelab: *W,CUDEFB: default binding occurred for component instance (:mapper_tb(behavior):uut@mapper(STRUCTURE):\symbol_counter[16]_i_3\) with design unit (UNISIM.LUT4:LUT4_V).
xmelab: *W,CUDEFB: default binding occurred for component instance (:mapper_tb(behavior):uut@mapper(STRUCTURE):\symbol_counter[16]_i_4\) with design unit (UNISIM.LUT4:LUT4_V).
xmelab: *W,CUDEFB: default binding occurred for component instance (:mapper_tb(behavior):uut@mapper(STRUCTURE):\symbol_counter[16]_i_5\) with design unit (UNISIM.LUT4:LUT4_V).
xmelab: *W,CUDEFB: default binding occurred for component instance (:mapper_tb(behavior):uut@mapper(STRUCTURE):\symbol_counter[16]_i_6\) with design unit (UNISIM.LUT4:LUT4_V).
xmelab: *W,CUDEFB: default binding occurred for component instance (:mapper_tb(behavior):uut@mapper(STRUCTURE):\symbol_counter[16]_i_7\) with design unit (UNISIM.LUT4:LUT4_V).
xmelab: *W,CUDEFB: default binding occurred for component instance (:mapper_tb(behavior):uut@mapper(STRUCTURE):\symbol_counter[16]_i_8\) with design unit (UNISIM.LUT4:LUT4_V).
xmelab: *W,CUDEFB: default binding occurred for component instance (:mapper_tb(behavior):uut@mapper(STRUCTURE):\symbol_counter[16]_i_9\) with design unit (UNISIM.LUT4:LUT4_V).
xmelab: *W,CUDEFB: default binding occurred for component instance (:mapper_tb(behavior):uut@mapper(STRUCTURE):\symbol_counter[24]_i_2\) with design unit (UNISIM.LUT4:LUT4_V).
xmelab: *W,CUDEFB: default binding occurred for component instance (:mapper_tb(behavior):uut@mapper(STRUCTURE):\symbol_counter[24]_i_3\) with design unit (UNISIM.LUT4:LUT4_V).
xmelab: *W,CUDEFB: default binding occurred for component instance (:mapper_tb(behavior):uut@mapper(STRUCTURE):\symbol_counter[24]_i_4\) with design unit (UNISIM.LUT4:LUT4_V).
xmelab: *W,CUDEFB: default binding occurred for component instance (:mapper_tb(behavior):uut@mapper(STRUCTURE):\symbol_counter[24]_i_5\) with design unit (UNISIM.LUT4:LUT4_V).
xmelab: *W,CUDEFB: default binding occurred for component instance (:mapper_tb(behavior):uut@mapper(STRUCTURE):\symbol_counter[24]_i_6\) with design unit (UNISIM.LUT4:LUT4_V).
xmelab: *W,CUDEFB: default binding occurred for component instance (:mapper_tb(behavior):uut@mapper(STRUCTURE):\symbol_counter[24]_i_7\) with design unit (UNISIM.LUT4:LUT4_V).
xmelab: *W,CUDEFB: default binding occurred for component instance (:mapper_tb(behavior):uut@mapper(STRUCTURE):\symbol_counter[24]_i_8\) with design unit (UNISIM.LUT4:LUT4_V).
xmelab: *W,CUDEFB: default binding occurred for component instance (:mapper_tb(behavior):uut@mapper(STRUCTURE):\symbol_counter[24]_i_9\) with design unit (UNISIM.LUT4:LUT4_V).
xmelab: *W,CUDEFB: default binding occurred for component instance (:mapper_tb(behavior):uut@mapper(STRUCTURE):\symbol_counter[8]_i_2\) with design unit (UNISIM.LUT4:LUT4_V).
xmelab: *W,CUDEFB: default binding occurred for component instance (:mapper_tb(behavior):uut@mapper(STRUCTURE):\symbol_counter[8]_i_3\) with design unit (UNISIM.LUT4:LUT4_V).
xmelab: *W,CUDEFB: default binding occurred for component instance (:mapper_tb(behavior):uut@mapper(STRUCTURE):\symbol_counter[8]_i_4\) with design unit (UNISIM.LUT4:LUT4_V).
xmelab: *W,CUDEFB: default binding occurred for component instance (:mapper_tb(behavior):uut@mapper(STRUCTURE):\symbol_counter[8]_i_5\) with design unit (UNISIM.LUT4:LUT4_V).
xmelab: *W,CUDEFB: default binding occurred for component instance (:mapper_tb(behavior):uut@mapper(STRUCTURE):\symbol_counter[8]_i_6\) with design unit (UNISIM.LUT4:LUT4_V).
xmelab: *W,CUDEFB: default binding occurred for component instance (:mapper_tb(behavior):uut@mapper(STRUCTURE):\symbol_counter[8]_i_7\) with design unit (UNISIM.LUT4:LUT4_V).
xmelab: *W,CUDEFB: default binding occurred for component instance (:mapper_tb(behavior):uut@mapper(STRUCTURE):\symbol_counter[8]_i_8\) with design unit (UNISIM.LUT4:LUT4_V).
xmelab: *W,CUDEFB: default binding occurred for component instance (:mapper_tb(behavior):uut@mapper(STRUCTURE):\symbol_counter[8]_i_9\) with design unit (UNISIM.LUT4:LUT4_V).
xmelab: *W,CUDEFB: default binding occurred for component instance (:mapper_tb(behavior):uut@mapper(STRUCTURE):\symbol_counter_reg[0]\) with design unit (UNISIM.FDRE:FDRE_V).
xmelab: *W,CUDEFB: default binding occurred for component instance (:mapper_tb(behavior):uut@mapper(STRUCTURE):\symbol_counter_reg[0]_i_12\) with design unit (UNISIM.CARRY8:CARRY8_V).
xmelab: *W,CUDEFB: default binding occurred for component instance (:mapper_tb(behavior):uut@mapper(STRUCTURE):\symbol_counter_reg[0]_i_2\) with design unit (UNISIM.CARRY8:CARRY8_V).
xmelab: *W,CUDEFB: default binding occurred for component instance (:mapper_tb(behavior):uut@mapper(STRUCTURE):\symbol_counter_reg[10]\) with design unit (UNISIM.FDRE:FDRE_V).
xmelab: *W,CUDEFB: default binding occurred for component instance (:mapper_tb(behavior):uut@mapper(STRUCTURE):\symbol_counter_reg[11]\) with design unit (UNISIM.FDRE:FDRE_V).
xmelab: *W,CUDEFB: default binding occurred for component instance (:mapper_tb(behavior):uut@mapper(STRUCTURE):\symbol_counter_reg[12]\) with design unit (UNISIM.FDRE:FDRE_V).
xmelab: *W,CUDEFB: default binding occurred for component instance (:mapper_tb(behavior):uut@mapper(STRUCTURE):\symbol_counter_reg[13]\) with design unit (UNISIM.FDRE:FDRE_V).
xmelab: *W,CUDEFB: default binding occurred for component instance (:mapper_tb(behavior):uut@mapper(STRUCTURE):\symbol_counter_reg[14]\) with design unit (UNISIM.FDRE:FDRE_V).
xmelab: *W,CUDEFB: default binding occurred for component instance (:mapper_tb(behavior):uut@mapper(STRUCTURE):\symbol_counter_reg[15]\) with design unit (UNISIM.FDRE:FDRE_V).
xmelab: *W,CUDEFB: default binding occurred for component instance (:mapper_tb(behavior):uut@mapper(STRUCTURE):\symbol_counter_reg[16]\) with design unit (UNISIM.FDRE:FDRE_V).
xmelab: *W,CUDEFB: default binding occurred for component instance (:mapper_tb(behavior):uut@mapper(STRUCTURE):\symbol_counter_reg[16]_i_1\) with design unit (UNISIM.CARRY8:CARRY8_V).
xmelab: *W,CUDEFB: default binding occurred for component instance (:mapper_tb(behavior):uut@mapper(STRUCTURE):\symbol_counter_reg[16]_i_10\) with design unit (UNISIM.CARRY8:CARRY8_V).
xmelab: *W,CUDEFB: default binding occurred for component instance (:mapper_tb(behavior):uut@mapper(STRUCTURE):\symbol_counter_reg[17]\) with design unit (UNISIM.FDRE:FDRE_V).
xmelab: *W,CUDEFB: default binding occurred for component instance (:mapper_tb(behavior):uut@mapper(STRUCTURE):\symbol_counter_reg[18]\) with design unit (UNISIM.FDRE:FDRE_V).
xmelab: *W,CUDEFB: default binding occurred for component instance (:mapper_tb(behavior):uut@mapper(STRUCTURE):\symbol_counter_reg[19]\) with design unit (UNISIM.FDRE:FDRE_V).
xmelab: *W,CUDEFB: default binding occurred for component instance (:mapper_tb(behavior):uut@mapper(STRUCTURE):\symbol_counter_reg[1]\) with design unit (UNISIM.FDRE:FDRE_V).
xmelab: *W,CUDEFB: default binding occurred for component instance (:mapper_tb(behavior):uut@mapper(STRUCTURE):\symbol_counter_reg[20]\) with design unit (UNISIM.FDRE:FDRE_V).
xmelab: *W,CUDEFB: default binding occurred for component instance (:mapper_tb(behavior):uut@mapper(STRUCTURE):\symbol_counter_reg[21]\) with design unit (UNISIM.FDRE:FDRE_V).
xmelab: *W,CUDEFB: default binding occurred for component instance (:mapper_tb(behavior):uut@mapper(STRUCTURE):\symbol_counter_reg[22]\) with design unit (UNISIM.FDRE:FDRE_V).
xmelab: *W,CUDEFB: default binding occurred for component instance (:mapper_tb(behavior):uut@mapper(STRUCTURE):\symbol_counter_reg[23]\) with design unit (UNISIM.FDRE:FDRE_V).
xmelab: *W,CUDEFB: default binding occurred for component instance (:mapper_tb(behavior):uut@mapper(STRUCTURE):\symbol_counter_reg[24]\) with design unit (UNISIM.FDRE:FDRE_V).
xmelab: *W,CUDEFB: default binding occurred for component instance (:mapper_tb(behavior):uut@mapper(STRUCTURE):\symbol_counter_reg[24]_i_1\) with design unit (UNISIM.CARRY8:CARRY8_V).
xmelab: *W,CUDEFB: default binding occurred for component instance (:mapper_tb(behavior):uut@mapper(STRUCTURE):\symbol_counter_reg[24]_i_10\) with design unit (UNISIM.CARRY8:CARRY8_V).
xmelab: *W,CUDEFB: default binding occurred for component instance (:mapper_tb(behavior):uut@mapper(STRUCTURE):\symbol_counter_reg[25]\) with design unit (UNISIM.FDRE:FDRE_V).
xmelab: *W,CUDEFB: default binding occurred for component instance (:mapper_tb(behavior):uut@mapper(STRUCTURE):\symbol_counter_reg[26]\) with design unit (UNISIM.FDRE:FDRE_V).
xmelab: *W,CUDEFB: default binding occurred for component instance (:mapper_tb(behavior):uut@mapper(STRUCTURE):\symbol_counter_reg[27]\) with design unit (UNISIM.FDRE:FDRE_V).
xmelab: *W,CUDEFB: default binding occurred for component instance (:mapper_tb(behavior):uut@mapper(STRUCTURE):\symbol_counter_reg[28]\) with design unit (UNISIM.FDRE:FDRE_V).
xmelab: *W,CUDEFB: default binding occurred for component instance (:mapper_tb(behavior):uut@mapper(STRUCTURE):\symbol_counter_reg[29]\) with design unit (UNISIM.FDRE:FDRE_V).
xmelab: *W,CUDEFB: default binding occurred for component instance (:mapper_tb(behavior):uut@mapper(STRUCTURE):\symbol_counter_reg[2]\) with design unit (UNISIM.FDRE:FDRE_V).
xmelab: *W,CUDEFB: default binding occurred for component instance (:mapper_tb(behavior):uut@mapper(STRUCTURE):\symbol_counter_reg[30]\) with design unit (UNISIM.FDRE:FDRE_V).
xmelab: *W,CUDEFB: default binding occurred for component instance (:mapper_tb(behavior):uut@mapper(STRUCTURE):\symbol_counter_reg[31]\) with design unit (UNISIM.FDRE:FDRE_V).
xmelab: *W,CUDEFB: default binding occurred for component instance (:mapper_tb(behavior):uut@mapper(STRUCTURE):\symbol_counter_reg[3]\) with design unit (UNISIM.FDRE:FDRE_V).
xmelab: *W,CUDEFB: default binding occurred for component instance (:mapper_tb(behavior):uut@mapper(STRUCTURE):\symbol_counter_reg[4]\) with design unit (UNISIM.FDRE:FDRE_V).
xmelab: *W,CUDEFB: default binding occurred for component instance (:mapper_tb(behavior):uut@mapper(STRUCTURE):\symbol_counter_reg[5]\) with design unit (UNISIM.FDRE:FDRE_V).
xmelab: *W,CUDEFB: default binding occurred for component instance (:mapper_tb(behavior):uut@mapper(STRUCTURE):\symbol_counter_reg[6]\) with design unit (UNISIM.FDRE:FDRE_V).
xmelab: *W,CUDEFB: default binding occurred for component instance (:mapper_tb(behavior):uut@mapper(STRUCTURE):\symbol_counter_reg[7]\) with design unit (UNISIM.FDRE:FDRE_V).
xmelab: *W,CUDEFB: default binding occurred for component instance (:mapper_tb(behavior):uut@mapper(STRUCTURE):\symbol_counter_reg[8]\) with design unit (UNISIM.FDRE:FDRE_V).
xmelab: *W,CUDEFB: default binding occurred for component instance (:mapper_tb(behavior):uut@mapper(STRUCTURE):\symbol_counter_reg[8]_i_1\) with design unit (UNISIM.CARRY8:CARRY8_V).
xmelab: *W,CUDEFB: default binding occurred for component instance (:mapper_tb(behavior):uut@mapper(STRUCTURE):\symbol_counter_reg[8]_i_10\) with design unit (UNISIM.CARRY8:CARRY8_V).
xmelab: *W,CUDEFB: default binding occurred for component instance (:mapper_tb(behavior):uut@mapper(STRUCTURE):\symbol_counter_reg[9]\) with design unit (UNISIM.FDRE:FDRE_V).
xmelab: *W,FLTPROT: [FLT] Found protected module in the design. It is ignored for fault injection.
xmelab: *W,FLTPROT: [FLT] Found protected module in the design. It is ignored for fault injection.
xmelab: *W,FLTPROT: [FLT] Found protected module in the design. It is ignored for fault injection.
xmelab: *W,FLTPROT: [FLT] Found protected module in the design. It is ignored for fault injection.
xmelab: *W,FLTPROT: [FLT] Found protected module in the design. It is ignored for fault injection.
xmelab: *W,FLTPROT: [FLT] Found protected module in the design. It is ignored for fault injection.
xmelab: *W,FLTPROT: [FLT] Found protected module in the design. It is ignored for fault injection.
xmelab: *W,FLTPROT: [FLT] Found protected module in the design. It is ignored for fault injection.
xmelab: *W,FLTPROT: [FLT] Found protected module in the design. It is ignored for fault injection.
xmelab: *W,FLTPROT: [FLT] Found protected module in the design. It is ignored for fault injection.
xmelab: *W,FLTPROT: [FLT] Found protected module in the design. It is ignored for fault injection.
xmelab: *W,FLTPROT: [FLT] Found protected module in the design. It is ignored for fault injection.
xmelab: *W,FLTPROT: [FLT] Found protected module in the design. It is ignored for fault injection.
xmelab: *W,FLTPROT: [FLT] Found protected module in the design. It is ignored for fault injection.
xmelab: *W,FLTPROT: [FLT] Found protected module in the design. It is ignored for fault injection.
xmelab: *W,FLTPROT: [FLT] Found protected module in the design. It is ignored for fault injection.
xmelab: *W,FLTPROT: [FLT] Found protected module in the design. It is ignored for fault injection.
xmelab: *W,FLTPROT: [FLT] Found protected module in the design. It is ignored for fault injection.
xmelab: *W,FLTPROT: [FLT] Found protected module in the design. It is ignored for fault injection.
xmelab: *W,FLTPROT: [FLT] Found protected module in the design. It is ignored for fault injection.
xmelab: *W,FLTPROT: [FLT] Found protected module in the design. It is ignored for fault injection.
xmelab: *W,FLTPROT: [FLT] Found protected module in the design. It is ignored for fault injection.
xmelab: *W,FLTPROT: [FLT] Found protected module in the design. It is ignored for fault injection.
xmelab: *W,FLTPROT: [FLT] Found protected module in the design. It is ignored for fault injection.
xmelab: *W,FLTPROT: [FLT] Found protected module in the design. It is ignored for fault injection.
xmelab: *W,FLTPROT: [FLT] Found protected module in the design. It is ignored for fault injection.
xmelab: *W,FLTPROT: [FLT] Found protected module in the design. It is ignored for fault injection.
xmelab: *W,FLTPROT: [FLT] Found protected module in the design. It is ignored for fault injection.
xmelab: *W,FLTPROT: [FLT] Found protected module in the design. It is ignored for fault injection.
xmelab: *W,FLTPROT: [FLT] Found protected module in the design. It is ignored for fault injection.
xmelab: *W,FLTPROT: [FLT] Found protected module in the design. It is ignored for fault injection.
xmelab: *W,FLTPROT: [FLT] Found protected module in the design. It is ignored for fault injection.
xmelab: *W,FLTPROT: [FLT] Found protected module in the design. It is ignored for fault injection.
xmelab: *W,FLTPROT: [FLT] Found protected module in the design. It is ignored for fault injection.
xmelab: *W,FLTPROT: [FLT] Found protected module in the design. It is ignored for fault injection.
xmelab: *W,FLTPROT: [FLT] Found protected module in the design. It is ignored for fault injection.
xmelab: *W,FLTPROT: [FLT] Found protected module in the design. It is ignored for fault injection.
xmelab: *W,FLTPROT: [FLT] Found protected module in the design. It is ignored for fault injection.
xmelab: *W,FLTPROT: [FLT] Found protected module in the design. It is ignored for fault injection.
xmelab: *W,FLTPROT: [FLT] Found protected module in the design. It is ignored for fault injection.
xmelab: *W,FLTPROT: [FLT] Found protected module in the design. It is ignored for fault injection.
xmelab: *W,FLTPROT: [FLT] Found protected module in the design. It is ignored for fault injection.
xmelab: *W,FLTPROT: [FLT] Found protected module in the design. It is ignored for fault injection.
xmelab: *W,FLTPROT: [FLT] Found protected module in the design. It is ignored for fault injection.
xmelab: *W,FLTPROT: [FLT] Found protected module in the design. It is ignored for fault injection.
xmelab: *W,FLTPROT: [FLT] Found protected module in the design. It is ignored for fault injection.
xmelab: *W,FLTPROT: [FLT] Found protected module in the design. It is ignored for fault injection.
xmelab: *W,FLTPROT: [FLT] Found protected module in the design. It is ignored for fault injection.
xmelab: *W,FLTPROT: [FLT] Found protected module in the design. It is ignored for fault injection.
xmelab: *W,FLTPROT: [FLT] Found protected module in the design. It is ignored for fault injection.
xmelab: *W,FLTPROT: [FLT] Found protected module in the design. It is ignored for fault injection.
xmelab: *W,FLTPROT: [FLT] Found protected module in the design. It is ignored for fault injection.
xmelab: *W,FLTPROT: [FLT] Found protected module in the design. It is ignored for fault injection.
xmelab: *W,FLTPROT: [FLT] Found protected module in the design. It is ignored for fault injection.
xmelab: *W,FLTPROT: [FLT] Found protected module in the design. It is ignored for fault injection.
xmelab: *W,FLTPROT: [FLT] Found protected module in the design. It is ignored for fault injection.
xmelab: *W,FLTPROT: [FLT] Found protected module in the design. It is ignored for fault injection.
xmelab: *W,FLTPROT: [FLT] Found protected module in the design. It is ignored for fault injection.
xmelab: *W,FLTPROT: [FLT] Found protected module in the design. It is ignored for fault injection.
xmelab: *W,FLTPROT: [FLT] Found protected module in the design. It is ignored for fault injection.
xmelab: *W,FLTPROT: [FLT] Found protected module in the design. It is ignored for fault injection.
xmelab: *W,FLTPROT: [FLT] Found protected module in the design. It is ignored for fault injection.
xmelab: *W,FLTPROT: [FLT] Found protected module in the design. It is ignored for fault injection.
xmelab: *W,FLTPROT: [FLT] Found protected module in the design. It is ignored for fault injection.
xmelab: *W,FLTPROT: [FLT] Found protected module in the design. It is ignored for fault injection.
xmelab: *W,FLTPROT: [FLT] Found protected module in the design. It is ignored for fault injection.
xmelab: *W,FLTPROT: [FLT] Found protected module in the design. It is ignored for fault injection.
xmelab: *W,FLTPROT: [FLT] Found protected module in the design. It is ignored for fault injection.
xmelab: *W,FLTPROT: [FLT] Found protected module in the design. It is ignored for fault injection.
xmelab: *W,FLTPROT: [FLT] Found protected module in the design. It is ignored for fault injection.
xmelab: *W,FLTPROT: [FLT] Found protected module in the design. It is ignored for fault injection.
xmelab: *W,FLTPROT: [FLT] Found protected module in the design. It is ignored for fault injection.
xmelab: *W,FLTPROT: [FLT] Found protected module in the design. It is ignored for fault injection.
xmelab: *W,FLTPROT: [FLT] Found protected module in the design. It is ignored for fault injection.
xmelab: *W,FLTPROT: [FLT] Found protected module in the design. It is ignored for fault injection.
xmelab: *W,FLTPROT: [FLT] Found protected module in the design. It is ignored for fault injection.
xmelab: *W,FLTPROT: [FLT] Found protected module in the design. It is ignored for fault injection.
xmelab: *W,FLTPROT: [FLT] Found protected module in the design. It is ignored for fault injection.
xmelab: *W,FLTPROT: [FLT] Found protected module in the design. It is ignored for fault injection.
xmelab: *W,FLTPROT: [FLT] Found protected module in the design. It is ignored for fault injection.
xmelab: *W,FLTPROT: [FLT] Found protected module in the design. It is ignored for fault injection.
xmelab: *W,FLTPROT: [FLT] Found protected module in the design. It is ignored for fault injection.
xmelab: *W,FLTPROT: [FLT] Found protected module in the design. It is ignored for fault injection.
xmelab: *W,FLTPROT: [FLT] Found protected module in the design. It is ignored for fault injection.
xmelab: *W,FLTPROT: [FLT] Found protected module in the design. It is ignored for fault injection.
xmelab: *W,FLTPROT: [FLT] Found protected module in the design. It is ignored for fault injection.
xmelab: *W,FLTPROT: [FLT] Found protected module in the design. It is ignored for fault injection.
xmelab: *W,FLTPROT: [FLT] Found protected module in the design. It is ignored for fault injection.
xmelab: *W,FLTPROT: [FLT] Found protected module in the design. It is ignored for fault injection.
xmelab: *W,FLTPROT: [FLT] Found protected module in the design. It is ignored for fault injection.
xmelab: *W,FLTPROT: [FLT] Found protected module in the design. It is ignored for fault injection.
xmelab: *W,FLTPROT: [FLT] Found protected module in the design. It is ignored for fault injection.
xmelab: *W,FLTPROT: [FLT] Found protected module in the design. It is ignored for fault injection.
xmelab: *W,FLTPROT: [FLT] Found protected module in the design. It is ignored for fault injection.
xmelab: *W,FLTPROT: [FLT] Found protected module in the design. It is ignored for fault injection.
xmelab: *W,FLTPROT: [FLT] Found protected module in the design. It is ignored for fault injection.
xmelab: *W,FLTPROT: [FLT] Found protected module in the design. It is ignored for fault injection.
xmelab: *W,FLTPROT: [FLT] Found protected module in the design. It is ignored for fault injection.
xmelab: *W,FLTPROT: [FLT] Found protected module in the design. It is ignored for fault injection.
xmelab: *W,FLTPROT: [FLT] Found protected module in the design. It is ignored for fault injection.
xmelab: *W,FLTPROT: [FLT] Found protected module in the design. It is ignored for fault injection.
xmelab: *W,FLTPROT: [FLT] Found protected module in the design. It is ignored for fault injection.
xmelab: *W,FLTPROT: [FLT] Found protected module in the design. It is ignored for fault injection.
xmelab: *W,FLTPROT: [FLT] Found protected module in the design. It is ignored for fault injection.
xmelab: *W,FLTPROT: [FLT] Found protected module in the design. It is ignored for fault injection.
xmelab: *W,FLTPROT: [FLT] Found protected module in the design. It is ignored for fault injection.
xmelab: *W,FLTPROT: [FLT] Found protected module in the design. It is ignored for fault injection.
xmelab: *W,FLTPROT: [FLT] Found protected module in the design. It is ignored for fault injection.
xmelab: *W,FLTPROT: [FLT] Found protected module in the design. It is ignored for fault injection.
xmelab: *W,FLTPROT: [FLT] Found protected module in the design. It is ignored for fault injection.
xmelab: *W,FLTPROT: [FLT] Found protected module in the design. It is ignored for fault injection.
xmelab: *W,FLTPROT: [FLT] Found protected module in the design. It is ignored for fault injection.
xmelab: *W,FLTPROT: [FLT] Found protected module in the design. It is ignored for fault injection.
xmelab: *W,FLTPROT: [FLT] Found protected module in the design. It is ignored for fault injection.
xmelab: *W,FLTPROT: [FLT] Found protected module in the design. It is ignored for fault injection.
xmelab: *W,FLTPROT: [FLT] Found protected module in the design. It is ignored for fault injection.
xmelab: *W,FLTPROT: [FLT] Found protected module in the design. It is ignored for fault injection.
xmelab: *W,FLTPROT: [FLT] Found protected module in the design. It is ignored for fault injection.
xmelab: *W,FLTPROT: [FLT] Found protected module in the design. It is ignored for fault injection.
xmelab: *W,FLTPROT: [FLT] Found protected module in the design. It is ignored for fault injection.
xmelab: *W,FLTPROT: [FLT] Found protected module in the design. It is ignored for fault injection.
xmelab: *W,FLTPROT: [FLT] Found protected module in the design. It is ignored for fault injection.
xmelab: *W,FLTPROT: [FLT] Found protected module in the design. It is ignored for fault injection.
xmelab: *W,FLTPROT: [FLT] Found protected module in the design. It is ignored for fault injection.
xmelab: *W,FLTPROT: [FLT] Found protected module in the design. It is ignored for fault injection.
xmelab: *W,FLTPROT: [FLT] Found protected module in the design. It is ignored for fault injection.
xmelab: *W,FLTPROT: [FLT] Found protected module in the design. It is ignored for fault injection.
xmelab: *W,FLTPROT: [FLT] Found protected module in the design. It is ignored for fault injection.
xmelab: *W,FLTPROT: [FLT] Found protected module in the design. It is ignored for fault injection.
xmelab: *W,FLTPROT: [FLT] Found protected module in the design. It is ignored for fault injection.
xmelab: *W,FLTPROT: [FLT] Found protected module in the design. It is ignored for fault injection.
xmelab: *W,FLTPROT: [FLT] Found protected module in the design. It is ignored for fault injection.
xmelab: *W,FLTPROT: [FLT] Found protected module in the design. It is ignored for fault injection.
xmelab: *W,FLTPROT: [FLT] Found protected module in the design. It is ignored for fault injection.
xmelab: *W,FLTPROT: [FLT] Found protected module in the design. It is ignored for fault injection.
xmelab: *W,FLTPROT: [FLT] Found protected module in the design. It is ignored for fault injection.
xmelab: *W,FLTPROT: [FLT] Found protected module in the design. It is ignored for fault injection.
xmelab: *W,FLTPROT: [FLT] Found protected module in the design. It is ignored for fault injection.
xmelab: *W,FLTPROT: [FLT] Found protected module in the design. It is ignored for fault injection.
xmelab: *W,FLTPROT: [FLT] Found protected module in the design. It is ignored for fault injection.
xmelab: *W,FLTPROT: [FLT] Found protected module in the design. It is ignored for fault injection.
xmelab: *W,FLTPROT: [FLT] Found protected module in the design. It is ignored for fault injection.
xmelab: *W,FLTPROT: [FLT] Found protected module in the design. It is ignored for fault injection.
xmelab: *W,FLTPROT: [FLT] Found protected module in the design. It is ignored for fault injection.
xmelab: *W,FLTPROT: [FLT] Found protected module in the design. It is ignored for fault injection.
xmelab: *W,FLTPROT: [FLT] Found protected module in the design. It is ignored for fault injection.
xmelab: *W,FLTPROT: [FLT] Found protected module in the design. It is ignored for fault injection.
xmelab: *W,FLTPROT: [FLT] Found protected module in the design. It is ignored for fault injection.
xmelab: *W,FLTPROT: [FLT] Found protected module in the design. It is ignored for fault injection.
xmelab: *W,FLTPROT: [FLT] Found protected module in the design. It is ignored for fault injection.
xmelab: *W,FLTPROT: [FLT] Found protected module in the design. It is ignored for fault injection.
xmelab: *W,FLTPROT: [FLT] Found protected module in the design. It is ignored for fault injection.
xmelab: *W,FLTPROT: [FLT] Found protected module in the design. It is ignored for fault injection.
xmelab: *W,FLTPROT: [FLT] Found protected module in the design. It is ignored for fault injection.
xmelab: *W,FLTPROT: [FLT] Found protected module in the design. It is ignored for fault injection.
xmelab: *W,FLTPROT: [FLT] Found protected module in the design. It is ignored for fault injection.
xmelab: *W,FLTPROT: [FLT] Found protected module in the design. It is ignored for fault injection.
xmelab: *W,FLTPROT: [FLT] Found protected module in the design. It is ignored for fault injection.
xmelab: *W,FLTPROT: [FLT] Found protected module in the design. It is ignored for fault injection.
xmelab: *W,FLTPROT: [FLT] Found protected module in the design. It is ignored for fault injection.
xmelab: *W,FLTPROT: [FLT] Found protected module in the design. It is ignored for fault injection.
xmelab: *W,FLTPROT: [FLT] Found protected module in the design. It is ignored for fault injection.
xmelab: *W,FLTPROT: [FLT] Found protected module in the design. It is ignored for fault injection.
xmelab: *W,FLTPROT: [FLT] Found protected module in the design. It is ignored for fault injection.
xmelab: *W,FLTPROT: [FLT] Found protected module in the design. It is ignored for fault injection.
xmelab: *W,FLTPROT: [FLT] Found protected module in the design. It is ignored for fault injection.
xmelab: *W,FLTPROT: [FLT] Found protected module in the design. It is ignored for fault injection.
xmelab: *W,FLTPROT: [FLT] Found protected module in the design. It is ignored for fault injection.
xmelab: *W,FLTPROT: [FLT] Found protected module in the design. It is ignored for fault injection.
xmelab: *W,FLTPROT: [FLT] Found protected module in the design. It is ignored for fault injection.
xmelab: *W,FLTPROT: [FLT] Found protected module in the design. It is ignored for fault injection.
xmelab: *W,FLTPROT: [FLT] Found protected module in the design. It is ignored for fault injection.
xmelab: *W,FLTPROT: [FLT] Found protected module in the design. It is ignored for fault injection.
xmelab: *W,FLTPROT: [FLT] Found protected module in the design. It is ignored for fault injection.
xmelab: *W,FLTPROT: [FLT] Found protected module in the design. It is ignored for fault injection.
xmelab: *W,FLTPROT: [FLT] Found protected module in the design. It is ignored for fault injection.
xmelab: *W,FLTPROT: [FLT] Found protected module in the design. It is ignored for fault injection.
xmelab: *W,FLTPROT: [FLT] Found protected module in the design. It is ignored for fault injection.
xmelab: *W,FLTPROT: [FLT] Found protected module in the design. It is ignored for fault injection.
xmelab: *W,FLTPROT: [FLT] Found protected module in the design. It is ignored for fault injection.
xmelab: *W,FLTPROT: [FLT] Found protected module in the design. It is ignored for fault injection.
xmelab: *W,FLTPROT: [FLT] Found protected module in the design. It is ignored for fault injection.
xmelab: *W,FLTPROT: [FLT] Found protected module in the design. It is ignored for fault injection.
xmelab: *W,FLTPROT: [FLT] Found protected module in the design. It is ignored for fault injection.
xmelab: *W,FLTPROT: [FLT] Found protected module in the design. It is ignored for fault injection.
xmelab: *W,FLTPROT: [FLT] Found protected module in the design. It is ignored for fault injection.
xmelab: *W,FLTPROT: [FLT] Found protected module in the design. It is ignored for fault injection.
xmelab: *W,FLTPROT: [FLT] Found protected module in the design. It is ignored for fault injection.
xmelab: *W,FLTPROT: [FLT] Found protected module in the design. It is ignored for fault injection.
xmelab: *W,FLTPROT: [FLT] Found protected module in the design. It is ignored for fault injection.
xmelab: *W,FLTPROT: [FLT] Found protected module in the design. It is ignored for fault injection.
xmelab: *W,FLTPROT: [FLT] Found protected module in the design. It is ignored for fault injection.
xmelab: *W,FLTPROT: [FLT] Found protected module in the design. It is ignored for fault injection.
xmelab: *W,FLTPROT: [FLT] Found protected module in the design. It is ignored for fault injection.
xmelab: *W,FLTPROT: [FLT] Found protected module in the design. It is ignored for fault injection.
xmelab: *W,FLTPROT: [FLT] Found protected module in the design. It is ignored for fault injection.
xmelab: *W,FLTPROT: [FLT] Found protected module in the design. It is ignored for fault injection.
xmelab: *W,FLTPROT: [FLT] Found protected module in the design. It is ignored for fault injection.
xmelab: *W,FLTPROT: [FLT] Found protected module in the design. It is ignored for fault injection.
xmelab: *W,FLTPROT: [FLT] Found protected module in the design. It is ignored for fault injection.
xmelab: *W,FLTPROT: [FLT] Found protected module in the design. It is ignored for fault injection.
xmelab: *W,FLTPROT: [FLT] Found protected module in the design. It is ignored for fault injection.
xmelab: *W,FLTPROT: [FLT] Found protected module in the design. It is ignored for fault injection.
xmelab: *W,FLTPROT: [FLT] Found protected module in the design. It is ignored for fault injection.
xmelab: *W,FLTPROT: [FLT] Found protected module in the design. It is ignored for fault injection.
xmelab: *W,FLTPROT: [FLT] Found protected module in the design. It is ignored for fault injection.
xmelab: *W,FLTPROT: [FLT] Found protected module in the design. It is ignored for fault injection.
xmelab: *W,FLTPROT: [FLT] Found protected module in the design. It is ignored for fault injection.
xmelab: *W,FLTPROT: [FLT] Found protected module in the design. It is ignored for fault injection.
xmelab: *W,FLTPROT: [FLT] Found protected module in the design. It is ignored for fault injection.
xmelab: *W,FLTPROT: [FLT] Found protected module in the design. It is ignored for fault injection.
xmelab: *W,FLTPROT: [FLT] Found protected module in the design. It is ignored for fault injection.
xmelab: *W,FLTPROT: [FLT] Found protected module in the design. It is ignored for fault injection.
xmelab: *W,FLTPROT: [FLT] Found protected module in the design. It is ignored for fault injection.
xmelab: *W,FLTPROT: [FLT] Found protected module in the design. It is ignored for fault injection.
xmelab: *W,FLTPROT: [FLT] Found protected module in the design. It is ignored for fault injection.
xmelab: *W,FLTPROT: [FLT] Found protected module in the design. It is ignored for fault injection.
xmelab: *W,FLTPROT: [FLT] Found protected module in the design. It is ignored for fault injection.
xmelab: *W,FLTPROT: [FLT] Found protected module in the design. It is ignored for fault injection.
xmelab: *W,FLTPROT: [FLT] Found protected module in the design. It is ignored for fault injection.
xmelab: *W,FLTPROT: [FLT] Found protected module in the design. It is ignored for fault injection.
xmelab: *W,FLTPROT: [FLT] Found protected module in the design. It is ignored for fault injection.
xmelab: *W,FLTPROT: [FLT] Found protected module in the design. It is ignored for fault injection.
xmelab: *W,FLTPROT: [FLT] Found protected module in the design. It is ignored for fault injection.
xmelab: *W,FLTPROT: [FLT] Found protected module in the design. It is ignored for fault injection.
xmelab: *W,FLTPROT: [FLT] Found protected module in the design. It is ignored for fault injection.
xmelab: *W,FLTPROT: [FLT] Found protected module in the design. It is ignored for fault injection.
xmelab: *W,FLTPROT: [FLT] Found protected module in the design. It is ignored for fault injection.
xmelab: *W,FLTPROT: [FLT] Found protected module in the design. It is ignored for fault injection.
xmelab: *W,FLTPROT: [FLT] Found protected module in the design. It is ignored for fault injection.
xmelab: *W,FLTPROT: [FLT] Found protected module in the design. It is ignored for fault injection.
xmelab: *W,FLTPROT: [FLT] Found protected module in the design. It is ignored for fault injection.
xmelab: *W,FLTPROT: [FLT] Found protected module in the design. It is ignored for fault injection.
xmelab: *W,FLTPROT: [FLT] Found protected module in the design. It is ignored for fault injection.
xmelab: *W,FLTPROT: [FLT] Found protected module in the design. It is ignored for fault injection.
xmelab: *W,FLTPROT: [FLT] Found protected module in the design. It is ignored for fault injection.
xmelab: *W,FLTPROT: [FLT] Found protected module in the design. It is ignored for fault injection.
xmelab: *W,FLTPROT: [FLT] Found protected module in the design. It is ignored for fault injection.
xmelab: *W,FLTPROT: [FLT] Found protected module in the design. It is ignored for fault injection.
xmelab: *W,FLTPROT: [FLT] Found protected module in the design. It is ignored for fault injection.
xmelab: *W,FLTPROT: [FLT] Found protected module in the design. It is ignored for fault injection.
xmelab: *W,FLTPROT: [FLT] Found protected module in the design. It is ignored for fault injection.
xmelab: *W,FLTPROT: [FLT] Found protected module in the design. It is ignored for fault injection.
xmelab: *W,FLTPROT: [FLT] Found protected module in the design. It is ignored for fault injection.
xmelab: *W,FLTPROT: [FLT] Found protected module in the design. It is ignored for fault injection.
xmelab: *W,FLTPROT: [FLT] Found protected module in the design. It is ignored for fault injection.
xmelab: *W,FLTPROT: [FLT] Found protected module in the design. It is ignored for fault injection.
xmelab: *W,FLTPROT: [FLT] Found protected module in the design. It is ignored for fault injection.
xmelab: *W,FLTPROT: [FLT] Found protected module in the design. It is ignored for fault injection.
xmelab: *W,FLTPROT: [FLT] Found protected module in the design. It is ignored for fault injection.
xmelab: *W,FLTPROT: [FLT] Found protected module in the design. It is ignored for fault injection.
xmelab: *W,FLTPROT: [FLT] Found protected module in the design. It is ignored for fault injection.
xmelab: *W,FLTPROT: [FLT] Found protected module in the design. It is ignored for fault injection.
xmelab: *W,FLTPROT: [FLT] Found protected module in the design. It is ignored for fault injection.
xmelab: *W,FLTPROT: [FLT] Found protected module in the design. It is ignored for fault injection.
xmelab: *W,FLTPROT: [FLT] Found protected module in the design. It is ignored for fault injection.
xmelab: *W,FLTPROT: [FLT] Found protected module in the design. It is ignored for fault injection.
xmelab: *W,FLTPROT: [FLT] Found protected module in the design. It is ignored for fault injection.
xmelab: *W,FLTPROT: [FLT] Found protected module in the design. It is ignored for fault injection.
xmelab: *W,FLTPROT: [FLT] Found protected module in the design. It is ignored for fault injection.
xmelab: *W,FLTPROT: [FLT] Found protected module in the design. It is ignored for fault injection.
xmelab: *W,FLTPROT: [FLT] Found protected module in the design. It is ignored for fault injection.
xmelab: *W,FLTPROT: [FLT] Found protected module in the design. It is ignored for fault injection.
xmelab: *W,FLTPROT: [FLT] Found protected module in the design. It is ignored for fault injection.
xmelab: *W,FLTPROT: [FLT] Found protected module in the design. It is ignored for fault injection.
xmelab: *W,FLTPROT: [FLT] Found protected module in the design. It is ignored for fault injection.
xmelab: *W,FLTPROT: [FLT] Found protected module in the design. It is ignored for fault injection.
xmelab: *W,FLTPROT: [FLT] Found protected module in the design. It is ignored for fault injection.
xmelab: *W,FLTPROT: [FLT] Found protected module in the design. It is ignored for fault injection.
xmelab: *W,FLTPROT: [FLT] Found protected module in the design. It is ignored for fault injection.
xmelab: *W,FLTPROT: [FLT] Found protected module in the design. It is ignored for fault injection.
xmelab: *W,FLTPROT: [FLT] Found protected module in the design. It is ignored for fault injection.
xmelab: *W,FLTPROT: [FLT] Found protected module in the design. It is ignored for fault injection.
xmelab: *W,FLTPROT: [FLT] Found protected module in the design. It is ignored for fault injection.
xmelab: *W,FLTPROT: [FLT] Found protected module in the design. It is ignored for fault injection.
xmelab: *W,FLTPROT: [FLT] Found protected module in the design. It is ignored for fault injection.
xmelab: *W,FLTPROT: [FLT] Found protected module in the design. It is ignored for fault injection.
xmelab: *W,FLTPROT: [FLT] Found protected module in the design. It is ignored for fault injection.
xmelab: *W,FLTPROT: [FLT] Found protected module in the design. It is ignored for fault injection.
xmelab: *W,FLTPROT: [FLT] Found protected module in the design. It is ignored for fault injection.
xmelab: *W,FLTPROT: [FLT] Found protected module in the design. It is ignored for fault injection.
xmelab: *W,FLTPROT: [FLT] Found protected module in the design. It is ignored for fault injection.
xmelab: *W,FLTPROT: [FLT] Found protected module in the design. It is ignored for fault injection.
xmelab: *W,FLTPROT: [FLT] Found protected module in the design. It is ignored for fault injection.
xmelab: *W,FLTPROT: [FLT] Found protected module in the design. It is ignored for fault injection.
xmelab: *W,FLTPROT: [FLT] Found protected module in the design. It is ignored for fault injection.
xmelab: *W,FLTPROT: [FLT] Found protected module in the design. It is ignored for fault injection.
xmelab: *W,FLTPROT: [FLT] Found protected module in the design. It is ignored for fault injection.
xmelab: *W,FLTPROT: [FLT] Found protected module in the design. It is ignored for fault injection.
xmelab: *W,FLTPROT: [FLT] Found protected module in the design. It is ignored for fault injection.
xmelab: *W,FLTPROT: [FLT] Found protected module in the design. It is ignored for fault injection.
xmelab: *W,FLTPROT: [FLT] Found protected module in the design. It is ignored for fault injection.
xmelab: *W,FLTPROT: [FLT] Found protected module in the design. It is ignored for fault injection.
xmelab: *W,FLTPROT: [FLT] Found protected module in the design. It is ignored for fault injection.
xmelab: *W,FLTPROT: [FLT] Found protected module in the design. It is ignored for fault injection.
xmelab: *W,FLTPROT: [FLT] Found protected module in the design. It is ignored for fault injection.
xmelab: *W,FLTPROT: [FLT] Found protected module in the design. It is ignored for fault injection.
xmelab: *W,FLTPROT: [FLT] Found protected module in the design. It is ignored for fault injection.
xmelab: *W,FLTPROT: [FLT] Found protected module in the design. It is ignored for fault injection.
xmelab: *W,FLTPROT: [FLT] Found protected module in the design. It is ignored for fault injection.
xmelab: *W,FLTPROT: [FLT] Found protected module in the design. It is ignored for fault injection.
xmelab: *W,FLTPROT: [FLT] Found protected module in the design. It is ignored for fault injection.
xmelab: *W,FLTPROT: [FLT] Found protected module in the design. It is ignored for fault injection.
xmelab: *W,FLTPROT: [FLT] Found protected module in the design. It is ignored for fault injection.
xmelab: *W,FLTPROT: [FLT] Found protected module in the design. It is ignored for fault injection.
xmelab: *W,FLTPROT: [FLT] Found protected module in the design. It is ignored for fault injection.
xmelab: *W,FLTPROT: [FLT] Found protected module in the design. It is ignored for fault injection.
xmelab: *W,FLTPROT: [FLT] Found protected module in the design. It is ignored for fault injection.
xmelab: *W,FLTPROT: [FLT] Found protected module in the design. It is ignored for fault injection.
xmelab: *W,FLTPROT: [FLT] Found protected module in the design. It is ignored for fault injection.
xmelab: *W,FLTPROT: [FLT] Found protected module in the design. It is ignored for fault injection.
xmelab: *W,FLTPROT: [FLT] Found protected module in the design. It is ignored for fault injection.
xmelab: *W,FLTPROT: [FLT] Found protected module in the design. It is ignored for fault injection.
xmelab: *W,FLTPROT: [FLT] Found protected module in the design. It is ignored for fault injection.
xmelab: *W,FLTPROT: [FLT] Found protected module in the design. It is ignored for fault injection.
xmelab: *W,FLTPROT: [FLT] Found protected module in the design. It is ignored for fault injection.
xmelab: *W,FLTPROT: [FLT] Found protected module in the design. It is ignored for fault injection.
xmelab: *W,FLTPROT: [FLT] Found protected module in the design. It is ignored for fault injection.
xmelab: *W,FLTPROT: [FLT] Found protected module in the design. It is ignored for fault injection.
xmelab: *W,FLTPROT: [FLT] Found protected module in the design. It is ignored for fault injection.
xmelab: *W,FLTPROT: [FLT] Found protected module in the design. It is ignored for fault injection.
xmelab: *W,FLTPROT: [FLT] Found protected module in the design. It is ignored for fault injection.
xmelab: *W,FLTPROT: [FLT] Found protected module in the design. It is ignored for fault injection.
xmelab: *W,FLTPROT: [FLT] Found protected module in the design. It is ignored for fault injection.
xmelab: *W,FLTPROT: [FLT] Found protected module in the design. It is ignored for fault injection.
xmelab: *W,FLTPROT: [FLT] Found protected module in the design. It is ignored for fault injection.
xmelab: *W,FLTPROT: [FLT] Found protected module in the design. It is ignored for fault injection.
xmelab: *W,FLTPROT: [FLT] Found protected module in the design. It is ignored for fault injection.
xmelab: *W,FLTPROT: [FLT] Found protected module in the design. It is ignored for fault injection.
xmelab: *W,FLTPROT: [FLT] Found protected module in the design. It is ignored for fault injection.
xmelab: *W,FLTPROT: [FLT] Found protected module in the design. It is ignored for fault injection.
xmelab: *W,FLTPROT: [FLT] Found protected module in the design. It is ignored for fault injection.
xmelab: *W,FLTPROT: [FLT] Found protected module in the design. It is ignored for fault injection.
xmelab: *W,FLTPROT: [FLT] Found protected module in the design. It is ignored for fault injection.
xmelab: *W,FLTPROT: [FLT] Found protected module in the design. It is ignored for fault injection.
xmelab: *W,FLTPROT: [FLT] Found protected module in the design. It is ignored for fault injection.
xmelab: *W,FLTPROT: [FLT] Found protected module in the design. It is ignored for fault injection.
xmelab: *W,FLTPROT: [FLT] Found protected module in the design. It is ignored for fault injection.
xmelab: *W,FLTPROT: [FLT] Found protected module in the design. It is ignored for fault injection.
xmelab: *W,FLTPROT: [FLT] Found protected module in the design. It is ignored for fault injection.
xmelab: *W,FLTPROT: [FLT] Found protected module in the design. It is ignored for fault injection.
xmelab: *W,FLTPROT: [FLT] Found protected module in the design. It is ignored for fault injection.
xmelab: *W,FLTPROT: [FLT] Found protected module in the design. It is ignored for fault injection.
xmelab: *W,FLTPROT: [FLT] Found protected module in the design. It is ignored for fault injection.
xmelab: *W,FLTPROT: [FLT] Found protected module in the design. It is ignored for fault injection.
xmelab: *W,FLTPROT: [FLT] Found protected module in the design. It is ignored for fault injection.
xmelab: *W,FLTPROT: [FLT] Found protected module in the design. It is ignored for fault injection.
xmelab: *W,FLTPROT: [FLT] Found protected module in the design. It is ignored for fault injection.
xmelab: *W,FLTPROT: [FLT] Found protected module in the design. It is ignored for fault injection.
xmelab: *W,FLTPROT: [FLT] Found protected module in the design. It is ignored for fault injection.
xmelab: *W,FLTPROT: [FLT] Found protected module in the design. It is ignored for fault injection.
xmelab: *W,FLTPROT: [FLT] Found protected module in the design. It is ignored for fault injection.
xmelab: *W,FLTPROT: [FLT] Found protected module in the design. It is ignored for fault injection.
xmelab: *W,FLTPROT: [FLT] Found protected module in the design. It is ignored for fault injection.
xmelab: *W,FLTPROT: [FLT] Found protected module in the design. It is ignored for fault injection.
xmelab: *W,FLTPROT: [FLT] Found protected module in the design. It is ignored for fault injection.
xmelab: *W,FLTPROT: [FLT] Found protected module in the design. It is ignored for fault injection.
xmelab: *W,FLTPROT: [FLT] Found protected module in the design. It is ignored for fault injection.
xmelab: *W,FLTPROT: [FLT] Found protected module in the design. It is ignored for fault injection.
xmelab: *W,FLTPROT: [FLT] Found protected module in the design. It is ignored for fault injection.
xmelab: *W,FLTPROT: [FLT] Found protected module in the design. It is ignored for fault injection.
xmelab: *W,FLTPROT: [FLT] Found protected module in the design. It is ignored for fault injection.
xmelab: *W,FLTPROT: [FLT] Found protected module in the design. It is ignored for fault injection.
xmelab: *W,FLTPROT: [FLT] Found protected module in the design. It is ignored for fault injection.
xmelab: *W,FLTPROT: [FLT] Found protected module in the design. It is ignored for fault injection.
xmelab: *W,FLTPROT: [FLT] Found protected module in the design. It is ignored for fault injection.
xmelab: *W,FLTPROT: [FLT] Found protected module in the design. It is ignored for fault injection.
xmelab: *W,FLTPROT: [FLT] Found protected module in the design. It is ignored for fault injection.
xmelab: *W,FLTPROT: [FLT] Found protected module in the design. It is ignored for fault injection.
xmelab: *W,FLTPROT: [FLT] Found protected module in the design. It is ignored for fault injection.
xmelab: *W,FLTPROT: [FLT] Found protected module in the design. It is ignored for fault injection.
xmelab: *W,FLTPROT: [FLT] Found protected module in the design. It is ignored for fault injection.
xmelab: *W,FLTPROT: [FLT] Found protected module in the design. It is ignored for fault injection.
xmelab: *W,FLTPROT: [FLT] Found protected module in the design. It is ignored for fault injection.
xmelab: *W,FLTPROT: [FLT] Found protected module in the design. It is ignored for fault injection.
xmelab: *W,FLTPROT: [FLT] Found protected module in the design. It is ignored for fault injection.
xmelab: *W,FLTPROT: [FLT] Found protected module in the design. It is ignored for fault injection.
xmelab: *W,FLTPROT: [FLT] Found protected module in the design. It is ignored for fault injection.
xmelab: *W,FLTPROT: [FLT] Found protected module in the design. It is ignored for fault injection.
xmelab: *W,FLTPROT: [FLT] Found protected module in the design. It is ignored for fault injection.
xmelab: *W,FLTPROT: [FLT] Found protected module in the design. It is ignored for fault injection.
xmelab: *W,FLTPROT: [FLT] Found protected module in the design. It is ignored for fault injection.
xmelab: *W,FLTPROT: [FLT] Found protected module in the design. It is ignored for fault injection.
xmelab: *W,FLTPROT: [FLT] Found protected module in the design. It is ignored for fault injection.
xmelab: *W,FLTPROT: [FLT] Found protected module in the design. It is ignored for fault injection.
xmelab: *W,FLTPROT: [FLT] Found protected module in the design. It is ignored for fault injection.
xmelab: *W,FLTPROT: [FLT] Found protected module in the design. It is ignored for fault injection.
xmelab: *W,FLTPROT: [FLT] Found protected module in the design. It is ignored for fault injection.
xmelab: *W,FLTPROT: [FLT] Found protected module in the design. It is ignored for fault injection.
xmelab: *W,FLTPROT: [FLT] Found protected module in the design. It is ignored for fault injection.
xmelab: *W,FLTPROT: [FLT] Found protected module in the design. It is ignored for fault injection.
xmelab: *W,FLTPROT: [FLT] Found protected module in the design. It is ignored for fault injection.
xmelab: *W,FLTPROT: [FLT] Found protected module in the design. It is ignored for fault injection.
xmelab: *W,FLTPROT: [FLT] Found protected module in the design. It is ignored for fault injection.
xmelab: *W,FLTPROT: [FLT] Found protected module in the design. It is ignored for fault injection.
xmelab: *W,FLTPROT: [FLT] Found protected module in the design. It is ignored for fault injection.
xmelab: *W,FLTPROT: [FLT] Found protected module in the design. It is ignored for fault injection.
xmelab: *W,FLTPROT: [FLT] Found protected module in the design. It is ignored for fault injection.
xmelab: *W,FLTPROT: [FLT] Found protected module in the design. It is ignored for fault injection.
xmelab: *W,FLTPROT: [FLT] Found protected module in the design. It is ignored for fault injection.
xmelab: *W,FLTPROT: [FLT] Found protected module in the design. It is ignored for fault injection.
xmelab: *W,FLTPROT: [FLT] Found protected module in the design. It is ignored for fault injection.
xmelab: *W,FLTPROT: [FLT] Found protected module in the design. It is ignored for fault injection.
xmelab: *W,FLTPROT: [FLT] Found protected module in the design. It is ignored for fault injection.
xmelab: *W,FLTPROT: [FLT] Found protected module in the design. It is ignored for fault injection.
xmelab: *W,FLTPROT: [FLT] Found protected module in the design. It is ignored for fault injection.
xmelab: *W,FLTPROT: [FLT] Found protected module in the design. It is ignored for fault injection.
xmelab: *W,FLTPROT: [FLT] Found protected module in the design. It is ignored for fault injection.
xmelab: *W,FLTPROT: [FLT] Found protected module in the design. It is ignored for fault injection.
xmelab: *W,FLTPROT: [FLT] Found protected module in the design. It is ignored for fault injection.
xmelab: *W,FLTPROT: [FLT] Found protected module in the design. It is ignored for fault injection.
xmelab: *W,FLTPROT: [FLT] Found protected module in the design. It is ignored for fault injection.
xmelab: *W,FLTPROT: [FLT] Found protected module in the design. It is ignored for fault injection.
xmelab: *W,FLTPROT: [FLT] Found protected module in the design. It is ignored for fault injection.
xmelab: *W,FLTPROT: [FLT] Found protected module in the design. It is ignored for fault injection.
xmelab: *W,FLTPROT: [FLT] Found protected module in the design. It is ignored for fault injection.
xmelab: *W,FLTPROT: [FLT] Found protected module in the design. It is ignored for fault injection.
xmelab: *W,FLTPROT: [FLT] Found protected module in the design. It is ignored for fault injection.
xmelab: *W,FLTPROT: [FLT] Found protected module in the design. It is ignored for fault injection.
xmelab: *W,FLTPROT: [FLT] Found protected module in the design. It is ignored for fault injection.
xmelab: *W,FLTPROT: [FLT] Found protected module in the design. It is ignored for fault injection.
xmelab: *W,FLTPROT: [FLT] Found protected module in the design. It is ignored for fault injection.
xmelab: *W,FLTPROT: [FLT] Found protected module in the design. It is ignored for fault injection.
xmelab: *W,FLTPROT: [FLT] Found protected module in the design. It is ignored for fault injection.
xmelab: *W,FLTPROT: [FLT] Found protected module in the design. It is ignored for fault injection.
xmelab: *W,FLTPROT: [FLT] Found protected module in the design. It is ignored for fault injection.
xmelab: *W,FLTPROT: [FLT] Found protected module in the design. It is ignored for fault injection.
xmelab: *W,FLTPROT: [FLT] Found protected module in the design. It is ignored for fault injection.
xmelab: *W,FLTPROT: [FLT] Found protected module in the design. It is ignored for fault injection.
xmelab: *W,FLTPROT: [FLT] Found protected module in the design. It is ignored for fault injection.
xmelab: *W,FLTPROT: [FLT] Found protected module in the design. It is ignored for fault injection.
xmelab: *W,FLTPROT: [FLT] Found protected module in the design. It is ignored for fault injection.
xmelab: *W,FLTPROT: [FLT] Found protected module in the design. It is ignored for fault injection.
xmelab: *W,FLTPROT: [FLT] Found protected module in the design. It is ignored for fault injection.
xmelab: *W,FLTPROT: [FLT] Found protected module in the design. It is ignored for fault injection.
xmelab: *W,FLTPROT: [FLT] Found protected module in the design. It is ignored for fault injection.
xmelab: *W,FLTPROT: [FLT] Found protected module in the design. It is ignored for fault injection.
xmelab: *W,FLTPROT: [FLT] Found protected module in the design. It is ignored for fault injection.
xmelab: *W,FLTPROT: [FLT] Found protected module in the design. It is ignored for fault injection.
xmelab: *W,FLTPROT: [FLT] Found protected module in the design. It is ignored for fault injection.
xmelab: *W,FLTPROT: [FLT] Found protected module in the design. It is ignored for fault injection.
xmelab: *W,FLTPROT: [FLT] Found protected module in the design. It is ignored for fault injection.
xmelab: *W,FLTPROT: [FLT] Found protected module in the design. It is ignored for fault injection.
xmelab: *W,FLTPROT: [FLT] Found protected module in the design. It is ignored for fault injection.
xmelab: *W,FLTPROT: [FLT] Found protected module in the design. It is ignored for fault injection.
xmelab: *W,FLTPROT: [FLT] Found protected module in the design. It is ignored for fault injection.
xmelab: *W,FLTPROT: [FLT] Found protected module in the design. It is ignored for fault injection.
xmelab: *W,FLTPROT: [FLT] Found protected module in the design. It is ignored for fault injection.
xmelab: *W,FLTPROT: [FLT] Found protected module in the design. It is ignored for fault injection.
xmelab: *W,FLTPROT: [FLT] Found protected module in the design. It is ignored for fault injection.
xmelab: *W,FLTPROT: [FLT] Found protected module in the design. It is ignored for fault injection.
xmelab: *W,FLTPROT: [FLT] Found protected module in the design. It is ignored for fault injection.
xmelab: *W,FLTPROT: [FLT] Found protected module in the design. It is ignored for fault injection.
xmelab: *W,FLTPROT: [FLT] Found protected module in the design. It is ignored for fault injection.
xmelab: *W,FLTPROT: [FLT] Found protected module in the design. It is ignored for fault injection.
xmelab: *W,FLTPROT: [FLT] Found protected module in the design. It is ignored for fault injection.
xmelab: *W,FLTPROT: [FLT] Found protected module in the design. It is ignored for fault injection.
xmelab: *W,FLTPROT: [FLT] Found protected module in the design. It is ignored for fault injection.
xmelab: *W,FLTPROT: [FLT] Found protected module in the design. It is ignored for fault injection.
xmelab: *W,FLTPROT: [FLT] Found protected module in the design. It is ignored for fault injection.
xmelab: *W,FLTPROT: [FLT] Found protected module in the design. It is ignored for fault injection.
xmelab: *W,FLTPROT: [FLT] Found protected module in the design. It is ignored for fault injection.
xmelab: *W,FLTPROT: [FLT] Found protected module in the design. It is ignored for fault injection.
xmelab: *W,FLTPROT: [FLT] Found protected module in the design. It is ignored for fault injection.
xmelab: *W,FLTPROT: [FLT] Found protected module in the design. It is ignored for fault injection.
xmelab: *W,FLTPROT: [FLT] Found protected module in the design. It is ignored for fault injection.
xmelab: *W,FLTPROT: [FLT] Found protected module in the design. It is ignored for fault injection.
xmelab: *W,FLTPROT: [FLT] Found protected module in the design. It is ignored for fault injection.
xmelab: *W,FLTPROT: [FLT] Found protected module in the design. It is ignored for fault injection.
xmelab: *W,FLTPROT: [FLT] Found protected module in the design. It is ignored for fault injection.
xmelab: *W,FLTPROT: [FLT] Found protected module in the design. It is ignored for fault injection.
xmelab: *W,FLTPROT: [FLT] Found protected module in the design. It is ignored for fault injection.
xmelab: *W,FLTPROT: [FLT] Found protected module in the design. It is ignored for fault injection.
xmelab: *W,FLTPROT: [FLT] Found protected module in the design. It is ignored for fault injection.
xmelab: *W,FLTPROT: [FLT] Found protected module in the design. It is ignored for fault injection.
xmelab: *W,FLTPROT: [FLT] Found protected module in the design. It is ignored for fault injection.
xmelab: *W,FLTPROT: [FLT] Found protected module in the design. It is ignored for fault injection.
xmelab: *W,FLTPROT: [FLT] Found protected module in the design. It is ignored for fault injection.
xmelab: *W,FLTPROT: [FLT] Found protected module in the design. It is ignored for fault injection.
xmelab: *W,FLTPROT: [FLT] Found protected module in the design. It is ignored for fault injection.
xmelab: *W,FLTPROT: [FLT] Found protected module in the design. It is ignored for fault injection.
xmelab: *W,FLTPROT: [FLT] Found protected module in the design. It is ignored for fault injection.
xmelab: *W,FLTPROT: [FLT] Found protected module in the design. It is ignored for fault injection.
xmelab: *W,FLTPROT: [FLT] Found protected module in the design. It is ignored for fault injection.
xmelab: *W,FLTPROT: [FLT] Found protected module in the design. It is ignored for fault injection.
xmelab: *W,FLTPROT: [FLT] Found protected module in the design. It is ignored for fault injection.
xmelab: *W,FLTPROT: [FLT] Found protected module in the design. It is ignored for fault injection.
xmelab: *W,FLTPROT: [FLT] Found protected module in the design. It is ignored for fault injection.
xmelab: *W,FLTPROT: [FLT] Found protected module in the design. It is ignored for fault injection.
xmelab: *W,FLTPROT: [FLT] Found protected module in the design. It is ignored for fault injection.
xmelab: *W,FLTPROT: [FLT] Found protected module in the design. It is ignored for fault injection.
xmelab: *W,FLTPROT: [FLT] Found protected module in the design. It is ignored for fault injection.
xmelab: *W,FLTPROT: [FLT] Found protected module in the design. It is ignored for fault injection.
xmelab: *W,FLTPROT: [FLT] Found protected module in the design. It is ignored for fault injection.
xmelab: *W,FLTPROT: [FLT] Found protected module in the design. It is ignored for fault injection.
xmelab: *W,FLTPROT: [FLT] Found protected module in the design. It is ignored for fault injection.
xmelab: *W,FLTPROT: [FLT] Found protected module in the design. It is ignored for fault injection.
xmelab: *W,FLTPROT: [FLT] Found protected module in the design. It is ignored for fault injection.
xmelab: *W,FLTPROT: [FLT] Found protected module in the design. It is ignored for fault injection.
xmelab: *W,FLTPROT: [FLT] Found protected module in the design. It is ignored for fault injection.
xmelab: *W,FLTPROT: [FLT] Found protected module in the design. It is ignored for fault injection.
xmelab: *W,FLTPROT: [FLT] Found protected module in the design. It is ignored for fault injection.
xmelab: *W,FLTPROT: [FLT] Found protected module in the design. It is ignored for fault injection.
xmelab: *W,FLTPROT: [FLT] Found protected module in the design. It is ignored for fault injection.
xmelab: *W,FLTPROT: [FLT] Found protected module in the design. It is ignored for fault injection.
xmelab: *W,FLTPROT: [FLT] Found protected module in the design. It is ignored for fault injection.
xmelab: *W,FLTPROT: [FLT] Found protected module in the design. It is ignored for fault injection.
xmelab: *W,FLTPROT: [FLT] Found protected module in the design. It is ignored for fault injection.
xmelab: *W,FLTPROT: [FLT] Found protected module in the design. It is ignored for fault injection.
xmelab: *W,FLTPROT: [FLT] Found protected module in the design. It is ignored for fault injection.
xmelab: *W,FLTPROT: [FLT] Found protected module in the design. It is ignored for fault injection.
xmelab: *W,FLTPROT: [FLT] Found protected module in the design. It is ignored for fault injection.
xmelab: *W,FLTPROT: [FLT] Found protected module in the design. It is ignored for fault injection.
xmelab: *W,FLTPROT: [FLT] Found protected module in the design. It is ignored for fault injection.
xmelab: *W,FLTPROT: [FLT] Found protected module in the design. It is ignored for fault injection.
xmelab: *W,FLTPROT: [FLT] Found protected module in the design. It is ignored for fault injection.
xmelab: *W,FLTPROT: [FLT] Found protected module in the design. It is ignored for fault injection.
xmelab: *W,FLTPROT: [FLT] Found protected module in the design. It is ignored for fault injection.
xmelab: *W,FLTPROT: [FLT] Found protected module in the design. It is ignored for fault injection.
xmelab: *W,FLTPROT: [FLT] Found protected module in the design. It is ignored for fault injection.
xmelab: *W,FLTPROT: [FLT] Found protected module in the design. It is ignored for fault injection.
xmelab: *W,FLTPROT: [FLT] Found protected module in the design. It is ignored for fault injection.
xmelab: *W,FLTPROT: [FLT] Found protected module in the design. It is ignored for fault injection.
xmelab: *W,FLTPROT: [FLT] Found protected module in the design. It is ignored for fault injection.
xmelab: *W,FLTPROT: [FLT] Found protected module in the design. It is ignored for fault injection.
xmelab: *W,FLTPROT: [FLT] Found protected module in the design. It is ignored for fault injection.
xmelab: *W,FLTPROT: [FLT] Found protected module in the design. It is ignored for fault injection.
xmelab: *W,FLTPROT: [FLT] Found protected module in the design. It is ignored for fault injection.
xmelab: *W,FLTPROT: [FLT] Found protected module in the design. It is ignored for fault injection.
xmelab: *W,FLTPROT: [FLT] Found protected module in the design. It is ignored for fault injection.
xmelab: *W,FLTPROT: [FLT] Found protected module in the design. It is ignored for fault injection.
xmelab: *W,FLTPROT: [FLT] Found protected module in the design. It is ignored for fault injection.
xmelab: *W,FLTPROT: [FLT] Found protected module in the design. It is ignored for fault injection.
xmelab: *W,FLTPROT: [FLT] Found protected module in the design. It is ignored for fault injection.
xmelab: *W,FLTPROT: [FLT] Found protected module in the design. It is ignored for fault injection.
xmelab: *W,FLTPROT: [FLT] Found protected module in the design. It is ignored for fault injection.
xmelab: *W,FLTPROT: [FLT] Found protected module in the design. It is ignored for fault injection.
xmelab: *W,FLTPROT: [FLT] Found protected module in the design. It is ignored for fault injection.
xmelab: *W,FLTPROT: [FLT] Found protected module in the design. It is ignored for fault injection.
xmelab: *W,FLTPROT: [FLT] Found protected module in the design. It is ignored for fault injection.
xmelab: *W,FLTPROT: [FLT] Found protected module in the design. It is ignored for fault injection.
xmelab: *W,FLTPROT: [FLT] Found protected module in the design. It is ignored for fault injection.
xmelab: *W,FLTPROT: [FLT] Found protected module in the design. It is ignored for fault injection.
xmelab: *W,FLTPROT: [FLT] Found protected module in the design. It is ignored for fault injection.
xmelab: *W,FLTPROT: [FLT] Found protected module in the design. It is ignored for fault injection.
xmelab: *W,FLTPROT: [FLT] Found protected module in the design. It is ignored for fault injection.
xmelab: *W,FLTPROT: [FLT] Found protected module in the design. It is ignored for fault injection.
xmelab: *W,FLTPROT: [FLT] Found protected module in the design. It is ignored for fault injection.
xmelab: *W,FLTPROT: [FLT] Found protected module in the design. It is ignored for fault injection.
xmelab: *W,FLTPROT: [FLT] Found protected module in the design. It is ignored for fault injection.
xmelab: *W,FLTPROT: [FLT] Found protected module in the design. It is ignored for fault injection.
xmelab: *W,FLTPROT: [FLT] Found protected module in the design. It is ignored for fault injection.
xmelab: *W,FLTPROT: [FLT] Found protected module in the design. It is ignored for fault injection.
xmelab: *W,FLTPROT: [FLT] Found protected module in the design. It is ignored for fault injection.
xmelab: *W,FLTPROT: [FLT] Found protected module in the design. It is ignored for fault injection.
xmelab: *W,FLTPROT: [FLT] Found protected module in the design. It is ignored for fault injection.
xmelab: *W,FLTPROT: [FLT] Found protected module in the design. It is ignored for fault injection.
xmelab: *W,FLTPROT: [FLT] Found protected module in the design. It is ignored for fault injection.
xmelab: *W,FLTPROT: [FLT] Found protected module in the design. It is ignored for fault injection.
xmelab: *W,FLTPROT: [FLT] Found protected module in the design. It is ignored for fault injection.
xmelab: *W,FLTPROT: [FLT] Found protected module in the design. It is ignored for fault injection.
xmelab: *W,FLTPROT: [FLT] Found protected module in the design. It is ignored for fault injection.
xmelab: *W,FLTPROT: [FLT] Found protected module in the design. It is ignored for fault injection.
xmelab: *W,FLTPROT: [FLT] Found protected module in the design. It is ignored for fault injection.
xmelab: *W,FLTPROT: [FLT] Found protected module in the design. It is ignored for fault injection.
xmelab: *W,FLTPROT: [FLT] Found protected module in the design. It is ignored for fault injection.
xmelab: *W,FLTPROT: [FLT] Found protected module in the design. It is ignored for fault injection.
xmelab: *W,FLTPROT: [FLT] Found protected module in the design. It is ignored for fault injection.
xmelab: *W,FLTPROT: [FLT] Found protected module in the design. It is ignored for fault injection.
xmelab: *W,FLTPROT: [FLT] Found protected module in the design. It is ignored for fault injection.
xmelab: *W,FLTPROT: [FLT] Found protected module in the design. It is ignored for fault injection.
xmelab: *W,FLTPROT: [FLT] Found protected module in the design. It is ignored for fault injection.
xmelab: *W,FLTPROT: [FLT] Found protected module in the design. It is ignored for fault injection.
xmelab: *W,FLTPROT: [FLT] Found protected module in the design. It is ignored for fault injection.
xmelab: *W,FLTPROT: [FLT] Found protected module in the design. It is ignored for fault injection.
xmelab: *W,FLTPROT: [FLT] Found protected module in the design. It is ignored for fault injection.
xmelab: *W,FLTPROT: [FLT] Found protected module in the design. It is ignored for fault injection.
xmelab: *W,FLTPROT: [FLT] Found protected module in the design. It is ignored for fault injection.
xmelab: *W,FLTPROT: [FLT] Found protected module in the design. It is ignored for fault injection.
xmelab: *W,FLTPROT: [FLT] Found protected module in the design. It is ignored for fault injection.
xmelab: *W,FLTPROT: [FLT] Found protected module in the design. It is ignored for fault injection.
xmelab: *W,FLTPROT: [FLT] Found protected module in the design. It is ignored for fault injection.
xmelab: *W,FLTPROT: [FLT] Found protected module in the design. It is ignored for fault injection.
xmelab: *W,FLTPROT: [FLT] Found protected module in the design. It is ignored for fault injection.
xmelab: *W,FLTPROT: [FLT] Found protected module in the design. It is ignored for fault injection.
xmelab: *W,FLTPROT: [FLT] Found protected module in the design. It is ignored for fault injection.
xmelab: *W,FLTPROT: [FLT] Found protected module in the design. It is ignored for fault injection.
xmelab: *W,FLTPROT: [FLT] Found protected module in the design. It is ignored for fault injection.
xmelab: *W,FLTPROT: [FLT] Found protected module in the design. It is ignored for fault injection.
xmelab: *W,FLTPROT: [FLT] Found protected module in the design. It is ignored for fault injection.
xmelab: *W,FLTPROT: [FLT] Found protected module in the design. It is ignored for fault injection.
xmelab: *W,FLTPROT: [FLT] Found protected module in the design. It is ignored for fault injection.
xmelab: *W,FLTPROT: [FLT] Found protected module in the design. It is ignored for fault injection.
xmelab: *W,FLTPROT: [FLT] Found protected module in the design. It is ignored for fault injection.
xmelab: *W,FLTPROT: [FLT] Found protected module in the design. It is ignored for fault injection.
xmelab: *W,FLTPROT: [FLT] Found protected module in the design. It is ignored for fault injection.
xmelab: *W,FLTPROT: [FLT] Found protected module in the design. It is ignored for fault injection.
xmelab: *W,FLTPROT: [FLT] Found protected module in the design. It is ignored for fault injection.
xmelab: *W,FLTPROT: [FLT] Found protected module in the design. It is ignored for fault injection.
xmelab: *W,FLTPROT: [FLT] Found protected module in the design. It is ignored for fault injection.
xmelab: *W,FLTPROT: [FLT] Found protected module in the design. It is ignored for fault injection.
xmelab: *W,FLTPROT: [FLT] Found protected module in the design. It is ignored for fault injection.
xmelab: *W,FLTPROT: [FLT] Found protected module in the design. It is ignored for fault injection.
xmelab: *W,FLTPROT: [FLT] Found protected module in the design. It is ignored for fault injection.
xmelab: *W,FLTPROT: [FLT] Found protected module in the design. It is ignored for fault injection.
xmelab: *W,FLTPROT: [FLT] Found protected module in the design. It is ignored for fault injection.
xmelab: *W,FLTPROT: [FLT] Found protected module in the design. It is ignored for fault injection.
xmelab: *W,FLTPROT: [FLT] Found protected module in the design. It is ignored for fault injection.
xmelab: *W,FLTPROT: [FLT] Found protected module in the design. It is ignored for fault injection.
xmelab: *W,FLTPROT: [FLT] Found protected module in the design. It is ignored for fault injection.
xmelab: *W,FLTPROT: [FLT] Found protected module in the design. It is ignored for fault injection.
xmelab: *W,FLTPROT: [FLT] Found protected module in the design. It is ignored for fault injection.
xmelab: *W,FLTPROT: [FLT] Found protected module in the design. It is ignored for fault injection.
xmelab: *W,FLTPROT: [FLT] Found protected module in the design. It is ignored for fault injection.
xmelab: *W,FLTPROT: [FLT] Found protected module in the design. It is ignored for fault injection.
xmelab: *W,FLTPROT: [FLT] Found protected module in the design. It is ignored for fault injection.
xmelab: *W,FLTPROT: [FLT] Found protected module in the design. It is ignored for fault injection.
xmelab: *W,FLTPROT: [FLT] Found protected module in the design. It is ignored for fault injection.
xmelab: *W,FLTPROT: [FLT] Found protected module in the design. It is ignored for fault injection.
xmelab: *W,FLTPROT: [FLT] Found protected module in the design. It is ignored for fault injection.
xmelab: *W,FLTPROT: [FLT] Found protected module in the design. It is ignored for fault injection.
xmelab: *W,FLTPROT: [FLT] Found protected module in the design. It is ignored for fault injection.
xmelab: *W,FLTPROT: [FLT] Found protected module in the design. It is ignored for fault injection.
xmelab: *W,FLTPROT: [FLT] Found protected module in the design. It is ignored for fault injection.
xmelab: *W,FLTPROT: [FLT] Found protected module in the design. It is ignored for fault injection.
xmelab: *W,FLTPROT: [FLT] Found protected module in the design. It is ignored for fault injection.
xmelab: *W,FLTPROT: [FLT] Found protected module in the design. It is ignored for fault injection.
xmelab: *W,FLTPROT: [FLT] Found protected module in the design. It is ignored for fault injection.
xmelab: *W,FLTPROT: [FLT] Found protected module in the design. It is ignored for fault injection.
xmelab: *W,FLTPROT: [FLT] Found protected module in the design. It is ignored for fault injection.
xmelab: *W,FLTPROT: [FLT] Found protected module in the design. It is ignored for fault injection.
xmelab: *W,FLTPROT: [FLT] Found protected module in the design. It is ignored for fault injection.
xmelab: *W,FLTPROT: [FLT] Found protected module in the design. It is ignored for fault injection.
xmelab: *W,FLTPROT: [FLT] Found protected module in the design. It is ignored for fault injection.
xmelab: *W,FLTPROT: [FLT] Found protected module in the design. It is ignored for fault injection.
xmelab: *W,FLTPROT: [FLT] Found protected module in the design. It is ignored for fault injection.
xmelab: *W,FLTPROT: [FLT] Found protected module in the design. It is ignored for fault injection.
xmelab: *W,FLTPROT: [FLT] Found protected module in the design. It is ignored for fault injection.
xmelab: *W,FLTPROT: [FLT] Found protected module in the design. It is ignored for fault injection.
xmelab: *W,FLTPROT: [FLT] Found protected module in the design. It is ignored for fault injection.
xmelab: *W,FLTPROT: [FLT] Found protected module in the design. It is ignored for fault injection.
xmelab: *W,FLTPROT: [FLT] Found protected module in the design. It is ignored for fault injection.
xmelab: *W,FLTPROT: [FLT] Found protected module in the design. It is ignored for fault injection.
xmelab: *W,FLTPROT: [FLT] Found protected module in the design. It is ignored for fault injection.
xmelab: *W,FLTPROT: [FLT] Found protected module in the design. It is ignored for fault injection.
xmelab: *W,FLTPROT: [FLT] Found protected module in the design. It is ignored for fault injection.
xmelab: *W,FLTPROT: [FLT] Found protected module in the design. It is ignored for fault injection.
xmelab: *W,FLTPROT: [FLT] Found protected module in the design. It is ignored for fault injection.
xmelab: *W,FLTPROT: [FLT] Found protected module in the design. It is ignored for fault injection.
xmelab: *W,FLTPROT: [FLT] Found protected module in the design. It is ignored for fault injection.
xmelab: *W,FLTPROT: [FLT] Found protected module in the design. It is ignored for fault injection.
xmelab: *W,FLTPROT: [FLT] Found protected module in the design. It is ignored for fault injection.
xmelab: *W,FLTPROT: [FLT] Found protected module in the design. It is ignored for fault injection.
xmelab: *W,FLTPROT: [FLT] Found protected module in the design. It is ignored for fault injection.
xmelab: *W,FLTPROT: [FLT] Found protected module in the design. It is ignored for fault injection.
xmelab: *W,FLTPROT: [FLT] Found protected module in the design. It is ignored for fault injection.
xmelab: *W,FLTPROT: [FLT] Found protected module in the design. It is ignored for fault injection.
xmelab: *W,FLTPROT: [FLT] Found protected module in the design. It is ignored for fault injection.
xmelab: *W,FLTPROT: [FLT] Found protected module in the design. It is ignored for fault injection.
xmelab: *W,FLTPROT: [FLT] Found protected module in the design. It is ignored for fault injection.
xmelab: *W,FLTPROT: [FLT] Found protected module in the design. It is ignored for fault injection.
xmelab: *W,FLTPROT: [FLT] Found protected module in the design. It is ignored for fault injection.
xmelab: *W,FLTPROT: [FLT] Found protected module in the design. It is ignored for fault injection.
xmelab: *W,FLTPROT: [FLT] Found protected module in the design. It is ignored for fault injection.
xmelab: *W,FLTPROT: [FLT] Found protected module in the design. It is ignored for fault injection.
xmelab: *W,FLTPROT: [FLT] Found protected module in the design. It is ignored for fault injection.
xmelab: *W,FLTPROT: [FLT] Found protected module in the design. It is ignored for fault injection.
xmelab: *W,FLTPROT: [FLT] Found protected module in the design. It is ignored for fault injection.
xmelab: *W,FLTPROT: [FLT] Found protected module in the design. It is ignored for fault injection.
xmelab: *W,FLTPROT: [FLT] Found protected module in the design. It is ignored for fault injection.
xmelab: *W,FLTPROT: [FLT] Found protected module in the design. It is ignored for fault injection.
xmelab: *W,FLTPROT: [FLT] Found protected module in the design. It is ignored for fault injection.
xmelab: *W,FLTPROT: [FLT] Found protected module in the design. It is ignored for fault injection.
xmelab: *W,FLTPROT: [FLT] Found protected module in the design. It is ignored for fault injection.
xmelab: *W,FLTPROT: [FLT] Found protected module in the design. It is ignored for fault injection.
xmelab: *W,FLTPROT: [FLT] Found protected module in the design. It is ignored for fault injection.
xmelab: *W,FLTPROT: [FLT] Found protected module in the design. It is ignored for fault injection.
xmelab: *W,FLTPROT: [FLT] Found protected module in the design. It is ignored for fault injection.
xmelab: *W,FLTPROT: [FLT] Found protected module in the design. It is ignored for fault injection.
xmelab: *W,FLTPROT: [FLT] Found protected module in the design. It is ignored for fault injection.
xmelab: *W,FLTPROT: [FLT] Found protected module in the design. It is ignored for fault injection.
xmelab: *W,FLTPROT: [FLT] Found protected module in the design. It is ignored for fault injection.
xmelab: *W,FLTPROT: [FLT] Found protected module in the design. It is ignored for fault injection.
xmelab: *W,FLTPROT: [FLT] Found protected module in the design. It is ignored for fault injection.
xmelab: *W,FLTPROT: [FLT] Found protected module in the design. It is ignored for fault injection.
xmelab: *W,FLTPROT: [FLT] Found protected module in the design. It is ignored for fault injection.
xmelab: *W,FLTPROT: [FLT] Found protected module in the design. It is ignored for fault injection.
xmelab: *W,FLTPROT: [FLT] Found protected module in the design. It is ignored for fault injection.
xmelab: *W,FLTPROT: [FLT] Found protected module in the design. It is ignored for fault injection.
xmelab: *W,FLTPROT: [FLT] Found protected module in the design. It is ignored for fault injection.
xmelab: *W,FLTPROT: [FLT] Found protected module in the design. It is ignored for fault injection.
xmelab: *W,FLTPROT: [FLT] Found protected module in the design. It is ignored for fault injection.
xmelab: *W,FLTPROT: [FLT] Found protected module in the design. It is ignored for fault injection.
xmelab: *W,FLTPROT: [FLT] Found protected module in the design. It is ignored for fault injection.
xmelab: *W,FLTPROT: [FLT] Found protected module in the design. It is ignored for fault injection.
xmelab: *W,FLTPROT: [FLT] Found protected module in the design. It is ignored for fault injection.
xmelab: *W,FLTPROT: [FLT] Found protected module in the design. It is ignored for fault injection.
xmelab: *W,FLTPROT: [FLT] Found protected module in the design. It is ignored for fault injection.
xmelab: *W,FLTPROT: [FLT] Found protected module in the design. It is ignored for fault injection.
xmelab: *W,FLTPROT: [FLT] Found protected module in the design. It is ignored for fault injection.
xmelab: *W,FLTPROT: [FLT] Found protected module in the design. It is ignored for fault injection.
xmelab: *W,FLTPROT: [FLT] Found protected module in the design. It is ignored for fault injection.
xmelab: *W,FLTPROT: [FLT] Found protected module in the design. It is ignored for fault injection.
xmelab: *W,FLTPROT: [FLT] Found protected module in the design. It is ignored for fault injection.
xmelab: *W,FLTPROT: [FLT] Found protected module in the design. It is ignored for fault injection.
xmelab: *W,FLTPROT: [FLT] Found protected module in the design. It is ignored for fault injection.
xmelab: *W,FLTPROT: [FLT] Found protected module in the design. It is ignored for fault injection.
xmelab: *W,FLTPROT: [FLT] Found protected module in the design. It is ignored for fault injection.
xmelab: *W,FLTPROT: [FLT] Found protected module in the design. It is ignored for fault injection.
xmelab: *W,FLTPROT: [FLT] Found protected module in the design. It is ignored for fault injection.
xmelab: *W,FLTPROT: [FLT] Found protected module in the design. It is ignored for fault injection.
xmelab: *W,FLTPROT: [FLT] Found protected module in the design. It is ignored for fault injection.
xmelab: *W,FLTPROT: [FLT] Found protected module in the design. It is ignored for fault injection.
xmelab: *W,FLTPROT: [FLT] Found protected module in the design. It is ignored for fault injection.
xmelab: *W,FLTPROT: [FLT] Found protected module in the design. It is ignored for fault injection.
xmelab: *W,FLTPROT: [FLT] Found protected module in the design. It is ignored for fault injection.
xmelab: *W,FLTPROT: [FLT] Found protected module in the design. It is ignored for fault injection.
xmelab: *W,FLTPROT: [FLT] Found protected module in the design. It is ignored for fault injection.
xmelab: *W,FLTPROT: [FLT] Found protected module in the design. It is ignored for fault injection.
xmelab: *W,FLTPROT: [FLT] Found protected module in the design. It is ignored for fault injection.
xmelab: *W,FLTPROT: [FLT] Found protected module in the design. It is ignored for fault injection.
xmelab: *W,FLTPROT: [FLT] Found protected module in the design. It is ignored for fault injection.
xmelab: *W,FLTPROT: [FLT] Found protected module in the design. It is ignored for fault injection.
xmelab: *W,FLTPROT: [FLT] Found protected module in the design. It is ignored for fault injection.
xmelab: *W,FLTPROT: [FLT] Found protected module in the design. It is ignored for fault injection.
xmelab: *W,FLTPROT: [FLT] Found protected module in the design. It is ignored for fault injection.
xmelab: *W,FLTPROT: [FLT] Found protected module in the design. It is ignored for fault injection.
xmelab: *W,FLTPROT: [FLT] Found protected module in the design. It is ignored for fault injection.
xmelab: *W,FLTPROT: [FLT] Found protected module in the design. It is ignored for fault injection.
xmelab: *W,FLTPROT: [FLT] Found protected module in the design. It is ignored for fault injection.
xmelab: *W,FLTPROT: [FLT] Found protected module in the design. It is ignored for fault injection.
xmelab: *W,FLTPROT: [FLT] Found protected module in the design. It is ignored for fault injection.
xmelab: *W,FLTPROT: [FLT] Found protected module in the design. It is ignored for fault injection.
xmelab: *W,FLTPROT: [FLT] Found protected module in the design. It is ignored for fault injection.
xmelab: *W,FLTPROT: [FLT] Found protected module in the design. It is ignored for fault injection.
xmelab: *W,FLTPROT: [FLT] Found protected module in the design. It is ignored for fault injection.
xmelab: *W,FLTPROT: [FLT] Found protected module in the design. It is ignored for fault injection.
xmelab: *W,FLTPROT: [FLT] Found protected module in the design. It is ignored for fault injection.
xmelab: *W,FLTPROT: [FLT] Found protected module in the design. It is ignored for fault injection.
xmelab: *W,FLTPROT: [FLT] Found protected module in the design. It is ignored for fault injection.
xmelab: *N,FTUDPT: [FLT] Fault database data file is generated at /home/miglioranza/Mapper/Mapper.sim/sim_1/behav/xcelium_FI/fault_db/db_scope/test_uxsrv005_9552971749470564612/xfs_68f0cfdf.ucd.
	Building instance specific data structures.
	Design hierarchy summary:
		              Instances  Unique
		Components:         585      15
		Default bindings:   583     569
		Processes:         1526      69
		Signals:           1913     770
	Writing initial simulation snapshot: XIL_DEFAULTLIB.MAPPER_TB:BEHAVIOR


####   Fault Instrumentation Information  ####

   Total number of faults instrumented: 5515
   Number of fault nodes excluded: 0
   Number of fault nodes ignored: 0
   Number of faultable nodes: 5515
   Number of Untestable faults: 24
       Number of SA0 faults: 0 [Prime: 0]
       Number of SA1 faults: 0 [Prime: 0]
       Number of SET faults: 0 [Prime: 0]
       Number of SEU faults: 5491 [Prime: 5491]

#### End of Fault Instrumentation Information ####


xmelab: *N,FTUMPT: [FLT] Fault database model file is generated at /home/miglioranza/Mapper/Mapper.sim/sim_1/behav/xcelium_FI/fault_db/db_scope/xfs_68f0cfdf.ucm.
TOOL:	xmelab(64)	20.09-s007: Exiting on Jun 09, 2025 at 14:02:44 CEST  (total: 00:00:01)
