Vivado Simulator v2021.2
Copyright 1986-1999, 2001-2021 Xilinx, Inc. All Rights Reserved.
Running: /ihpusr/xilinx/vivado2021.2/Vivado/2021.2/bin/unwrapped/lnx64.o/xelab --incr --debug typical --relax --mt 8 -cc_db Encoder_code_coverage -cc_dir Encoder.sim -cc_type sbc -L xil_defaultlib -L unisims_ver -L secureip --snapshot LDPC_encoder_tb_func_synth xil_defaultlib.LDPC_encoder_tb xil_defaultlib.glbl -log elaborate.log 
Using 8 slave threads.
WARNING: [XSIM 43-3431] One or more environment variables have been detected which affect the operation of the C compiler. These are typically not set in standard installations and are not tested by Xilinx, however they may be appropriate for your system, so the flow will attempt to continue.  If errors occur, try running xelab with the "-mt off -v 1" switches to see more information from the C compiler. The following environment variables have been detected:
Starting static elaboration
Pass Through NonSizing Optimizer
WARNING: [VRFC 10-4969] module 'SIP_FE' is instantiated multiple times from VHDL or from both Verilog and VHDL, elaboration result may be incorrect [/wrk/ci/prod/2021.2/rdi_builds/continuous/2021_10_19_3367213/data/secureip/fe/fe_001.svp:16]
Completed static elaboration
Starting simulation data flow analysis
WARNING: [XSIM 43-4398] File "/wrk/ci/prod/2021.2/rdi_builds/continuous/2021_10_19_3367213/data/secureip/fe/fe_002.svp" Line 127127 : Function calls inside wait/event expression are sensitive to arguments only."init_alpha()" is called without any argument which may not unblock the wait/event expression.
WARNING: [XSIM 43-4398] File "/wrk/ci/prod/2021.2/rdi_builds/continuous/2021_10_19_3367213/data/secureip/fe/fe_002.svp" Line 131216 : Function calls inside wait/event expression are sensitive to arguments only."cfg_bm_perm_r4()" is called without any argument which may not unblock the wait/event expression.
WARNING: [XSIM 43-4398] File "/wrk/ci/prod/2021.2/rdi_builds/continuous/2021_10_19_3367213/data/secureip/fe/fe_002.svp" Line 131216 : Function calls inside wait/event expression are sensitive to arguments only."cfg_bm_perm_r4()" is called without any argument which may not unblock the wait/event expression.
WARNING: [XSIM 43-4398] File "/wrk/ci/prod/2021.2/rdi_builds/continuous/2021_10_19_3367213/data/secureip/fe/fe_002.svp" Line 131216 : Function calls inside wait/event expression are sensitive to arguments only."cfg_bm_perm_r4()" is called without any argument which may not unblock the wait/event expression.
WARNING: [XSIM 43-4398] File "/wrk/ci/prod/2021.2/rdi_builds/continuous/2021_10_19_3367213/data/secureip/fe/fe_002.svp" Line 131216 : Function calls inside wait/event expression are sensitive to arguments only."cfg_bm_perm_r4()" is called without any argument which may not unblock the wait/event expression.
WARNING: [XSIM 43-4398] File "/wrk/ci/prod/2021.2/rdi_builds/continuous/2021_10_19_3367213/data/secureip/fe/fe_002.svp" Line 131216 : Function calls inside wait/event expression are sensitive to arguments only."cfg_bm_perm_r4()" is called without any argument which may not unblock the wait/event expression.
WARNING: [XSIM 43-4398] File "/wrk/ci/prod/2021.2/rdi_builds/continuous/2021_10_19_3367213/data/secureip/fe/fe_002.svp" Line 131216 : Function calls inside wait/event expression are sensitive to arguments only."cfg_bm_perm_r4()" is called without any argument which may not unblock the wait/event expression.
WARNING: [XSIM 43-4398] File "/wrk/ci/prod/2021.2/rdi_builds/continuous/2021_10_19_3367213/data/secureip/fe/fe_002.svp" Line 131216 : Function calls inside wait/event expression are sensitive to arguments only."cfg_bm_perm_r4()" is called without any argument which may not unblock the wait/event expression.
WARNING: [XSIM 43-4398] File "/wrk/ci/prod/2021.2/rdi_builds/continuous/2021_10_19_3367213/data/secureip/fe/fe_002.svp" Line 131216 : Function calls inside wait/event expression are sensitive to arguments only."cfg_bm_perm_r4()" is called without any argument which may not unblock the wait/event expression.
WARNING: [XSIM 43-4398] File "/wrk/ci/prod/2021.2/rdi_builds/continuous/2021_10_19_3367213/data/secureip/fe/fe_002.svp" Line 131216 : Function calls inside wait/event expression are sensitive to arguments only."cfg_bm_perm_r4()" is called without any argument which may not unblock the wait/event expression.
WARNING: [XSIM 43-4398] File "/wrk/ci/prod/2021.2/rdi_builds/continuous/2021_10_19_3367213/data/secureip/fe/fe_002.svp" Line 131216 : Function calls inside wait/event expression are sensitive to arguments only."cfg_bm_perm_r4()" is called without any argument which may not unblock the wait/event expression.
WARNING: [XSIM 43-4398] File "/wrk/ci/prod/2021.2/rdi_builds/continuous/2021_10_19_3367213/data/secureip/fe/fe_002.svp" Line 131216 : Function calls inside wait/event expression are sensitive to arguments only."cfg_bm_perm_r4()" is called without any argument which may not unblock the wait/event expression.
WARNING: [XSIM 43-4398] File "/wrk/ci/prod/2021.2/rdi_builds/continuous/2021_10_19_3367213/data/secureip/fe/fe_002.svp" Line 131216 : Function calls inside wait/event expression are sensitive to arguments only."cfg_bm_perm_r4()" is called without any argument which may not unblock the wait/event expression.
WARNING: [XSIM 43-4398] File "/wrk/ci/prod/2021.2/rdi_builds/continuous/2021_10_19_3367213/data/secureip/fe/fe_002.svp" Line 131216 : Function calls inside wait/event expression are sensitive to arguments only."cfg_bm_perm_r4()" is called without any argument which may not unblock the wait/event expression.
WARNING: [XSIM 43-4398] File "/wrk/ci/prod/2021.2/rdi_builds/continuous/2021_10_19_3367213/data/secureip/fe/fe_002.svp" Line 131216 : Function calls inside wait/event expression are sensitive to arguments only."cfg_bm_perm_r4()" is called without any argument which may not unblock the wait/event expression.
WARNING: [XSIM 43-4398] File "/wrk/ci/prod/2021.2/rdi_builds/continuous/2021_10_19_3367213/data/secureip/fe/fe_002.svp" Line 131216 : Function calls inside wait/event expression are sensitive to arguments only."cfg_bm_perm_r4()" is called without any argument which may not unblock the wait/event expression.
WARNING: [XSIM 43-4398] File "/wrk/ci/prod/2021.2/rdi_builds/continuous/2021_10_19_3367213/data/secureip/fe/fe_002.svp" Line 131216 : Function calls inside wait/event expression are sensitive to arguments only."cfg_bm_perm_r4()" is called without any argument which may not unblock the wait/event expression.
WARNING: [XSIM 43-4398] File "/wrk/ci/prod/2021.2/rdi_builds/continuous/2021_10_19_3367213/data/secureip/fe/fe_002.svp" Line 134226 : Function calls inside wait/event expression are sensitive to arguments only."cfg_alpha_perm_r4()" is called without any argument which may not unblock the wait/event expression.
WARNING: [XSIM 43-4398] File "/wrk/ci/prod/2021.2/rdi_builds/continuous/2021_10_19_3367213/data/secureip/fe/fe_002.svp" Line 134226 : Function calls inside wait/event expression are sensitive to arguments only."cfg_alpha_perm_r4()" is called without any argument which may not unblock the wait/event expression.
WARNING: [XSIM 43-4398] File "/wrk/ci/prod/2021.2/rdi_builds/continuous/2021_10_19_3367213/data/secureip/fe/fe_002.svp" Line 134226 : Function calls inside wait/event expression are sensitive to arguments only."cfg_alpha_perm_r4()" is called without any argument which may not unblock the wait/event expression.
WARNING: [XSIM 43-4398] File "/wrk/ci/prod/2021.2/rdi_builds/continuous/2021_10_19_3367213/data/secureip/fe/fe_002.svp" Line 134226 : Function calls inside wait/event expression are sensitive to arguments only."cfg_alpha_perm_r4()" is called without any argument which may not unblock the wait/event expression.
WARNING: [XSIM 43-4398] File "/wrk/ci/prod/2021.2/rdi_builds/continuous/2021_10_19_3367213/data/secureip/fe/fe_002.svp" Line 134226 : Function calls inside wait/event expression are sensitive to arguments only."cfg_alpha_perm_r4()" is called without any argument which may not unblock the wait/event expression.
WARNING: [XSIM 43-4398] File "/wrk/ci/prod/2021.2/rdi_builds/continuous/2021_10_19_3367213/data/secureip/fe/fe_002.svp" Line 134226 : Function calls inside wait/event expression are sensitive to arguments only."cfg_alpha_perm_r4()" is called without any argument which may not unblock the wait/event expression.
WARNING: [XSIM 43-4398] File "/wrk/ci/prod/2021.2/rdi_builds/continuous/2021_10_19_3367213/data/secureip/fe/fe_002.svp" Line 134226 : Function calls inside wait/event expression are sensitive to arguments only."cfg_alpha_perm_r4()" is called without any argument which may not unblock the wait/event expression.
WARNING: [XSIM 43-4398] File "/wrk/ci/prod/2021.2/rdi_builds/continuous/2021_10_19_3367213/data/secureip/fe/fe_002.svp" Line 134226 : Function calls inside wait/event expression are sensitive to arguments only."cfg_alpha_perm_r4()" is called without any argument which may not unblock the wait/event expression.
WARNING: [XSIM 43-4398] File "/wrk/ci/prod/2021.2/rdi_builds/continuous/2021_10_19_3367213/data/secureip/fe/fe_002.svp" Line 134226 : Function calls inside wait/event expression are sensitive to arguments only."cfg_alpha_perm_r4()" is called without any argument which may not unblock the wait/event expression.
WARNING: [XSIM 43-4398] File "/wrk/ci/prod/2021.2/rdi_builds/continuous/2021_10_19_3367213/data/secureip/fe/fe_002.svp" Line 134226 : Function calls inside wait/event expression are sensitive to arguments only."cfg_alpha_perm_r4()" is called without any argument which may not unblock the wait/event expression.
WARNING: [XSIM 43-4398] File "/wrk/ci/prod/2021.2/rdi_builds/continuous/2021_10_19_3367213/data/secureip/fe/fe_002.svp" Line 134226 : Function calls inside wait/event expression are sensitive to arguments only."cfg_alpha_perm_r4()" is called without any argument which may not unblock the wait/event expression.
WARNING: [XSIM 43-4398] File "/wrk/ci/prod/2021.2/rdi_builds/continuous/2021_10_19_3367213/data/secureip/fe/fe_002.svp" Line 134226 : Function calls inside wait/event expression are sensitive to arguments only."cfg_alpha_perm_r4()" is called without any argument which may not unblock the wait/event expression.
WARNING: [XSIM 43-4398] File "/wrk/ci/prod/2021.2/rdi_builds/continuous/2021_10_19_3367213/data/secureip/fe/fe_002.svp" Line 134226 : Function calls inside wait/event expression are sensitive to arguments only."cfg_alpha_perm_r4()" is called without any argument which may not unblock the wait/event expression.
WARNING: [XSIM 43-4398] File "/wrk/ci/prod/2021.2/rdi_builds/continuous/2021_10_19_3367213/data/secureip/fe/fe_002.svp" Line 134226 : Function calls inside wait/event expression are sensitive to arguments only."cfg_alpha_perm_r4()" is called without any argument which may not unblock the wait/event expression.
WARNING: [XSIM 43-4398] File "/wrk/ci/prod/2021.2/rdi_builds/continuous/2021_10_19_3367213/data/secureip/fe/fe_002.svp" Line 134226 : Function calls inside wait/event expression are sensitive to arguments only."cfg_alpha_perm_r4()" is called without any argument which may not unblock the wait/event expression.
WARNING: [XSIM 43-4398] File "/wrk/ci/prod/2021.2/rdi_builds/continuous/2021_10_19_3367213/data/secureip/fe/fe_002.svp" Line 134226 : Function calls inside wait/event expression are sensitive to arguments only."cfg_alpha_perm_r4()" is called without any argument which may not unblock the wait/event expression.
WARNING: [XSIM 43-4398] File "/wrk/ci/prod/2021.2/rdi_builds/continuous/2021_10_19_3367213/data/secureip/fe/fe_002.svp" Line 131216 : Function calls inside wait/event expression are sensitive to arguments only."cfg_bm_perm_r4()" is called without any argument which may not unblock the wait/event expression.
WARNING: [XSIM 43-4398] File "/wrk/ci/prod/2021.2/rdi_builds/continuous/2021_10_19_3367213/data/secureip/fe/fe_002.svp" Line 131216 : Function calls inside wait/event expression are sensitive to arguments only."cfg_bm_perm_r4()" is called without any argument which may not unblock the wait/event expression.
WARNING: [XSIM 43-4398] File "/wrk/ci/prod/2021.2/rdi_builds/continuous/2021_10_19_3367213/data/secureip/fe/fe_002.svp" Line 131216 : Function calls inside wait/event expression are sensitive to arguments only."cfg_bm_perm_r4()" is called without any argument which may not unblock the wait/event expression.
WARNING: [XSIM 43-4398] File "/wrk/ci/prod/2021.2/rdi_builds/continuous/2021_10_19_3367213/data/secureip/fe/fe_002.svp" Line 131216 : Function calls inside wait/event expression are sensitive to arguments only."cfg_bm_perm_r4()" is called without any argument which may not unblock the wait/event expression.
WARNING: [XSIM 43-4398] File "/wrk/ci/prod/2021.2/rdi_builds/continuous/2021_10_19_3367213/data/secureip/fe/fe_002.svp" Line 131216 : Function calls inside wait/event expression are sensitive to arguments only."cfg_bm_perm_r4()" is called without any argument which may not unblock the wait/event expression.
WARNING: [XSIM 43-4398] File "/wrk/ci/prod/2021.2/rdi_builds/continuous/2021_10_19_3367213/data/secureip/fe/fe_002.svp" Line 131216 : Function calls inside wait/event expression are sensitive to arguments only."cfg_bm_perm_r4()" is called without any argument which may not unblock the wait/event expression.
WARNING: [XSIM 43-4398] File "/wrk/ci/prod/2021.2/rdi_builds/continuous/2021_10_19_3367213/data/secureip/fe/fe_002.svp" Line 131216 : Function calls inside wait/event expression are sensitive to arguments only."cfg_bm_perm_r4()" is called without any argument which may not unblock the wait/event expression.
WARNING: [XSIM 43-4398] File "/wrk/ci/prod/2021.2/rdi_builds/continuous/2021_10_19_3367213/data/secureip/fe/fe_002.svp" Line 131216 : Function calls inside wait/event expression are sensitive to arguments only."cfg_bm_perm_r4()" is called without any argument which may not unblock the wait/event expression.
WARNING: [XSIM 43-4398] File "/wrk/ci/prod/2021.2/rdi_builds/continuous/2021_10_19_3367213/data/secureip/fe/fe_002.svp" Line 131216 : Function calls inside wait/event expression are sensitive to arguments only."cfg_bm_perm_r4()" is called without any argument which may not unblock the wait/event expression.
WARNING: [XSIM 43-4398] File "/wrk/ci/prod/2021.2/rdi_builds/continuous/2021_10_19_3367213/data/secureip/fe/fe_002.svp" Line 131216 : Function calls inside wait/event expression are sensitive to arguments only."cfg_bm_perm_r4()" is called without any argument which may not unblock the wait/event expression.
WARNING: [XSIM 43-4398] File "/wrk/ci/prod/2021.2/rdi_builds/continuous/2021_10_19_3367213/data/secureip/fe/fe_002.svp" Line 131216 : Function calls inside wait/event expression are sensitive to arguments only."cfg_bm_perm_r4()" is called without any argument which may not unblock the wait/event expression.
WARNING: [XSIM 43-4398] File "/wrk/ci/prod/2021.2/rdi_builds/continuous/2021_10_19_3367213/data/secureip/fe/fe_002.svp" Line 131216 : Function calls inside wait/event expression are sensitive to arguments only."cfg_bm_perm_r4()" is called without any argument which may not unblock the wait/event expression.
WARNING: [XSIM 43-4398] File "/wrk/ci/prod/2021.2/rdi_builds/continuous/2021_10_19_3367213/data/secureip/fe/fe_002.svp" Line 131216 : Function calls inside wait/event expression are sensitive to arguments only."cfg_bm_perm_r4()" is called without any argument which may not unblock the wait/event expression.
WARNING: [XSIM 43-4398] File "/wrk/ci/prod/2021.2/rdi_builds/continuous/2021_10_19_3367213/data/secureip/fe/fe_002.svp" Line 131216 : Function calls inside wait/event expression are sensitive to arguments only."cfg_bm_perm_r4()" is called without any argument which may not unblock the wait/event expression.
WARNING: [XSIM 43-4398] File "/wrk/ci/prod/2021.2/rdi_builds/continuous/2021_10_19_3367213/data/secureip/fe/fe_002.svp" Line 131216 : Function calls inside wait/event expression are sensitive to arguments only."cfg_bm_perm_r4()" is called without any argument which may not unblock the wait/event expression.
WARNING: [XSIM 43-4398] File "/wrk/ci/prod/2021.2/rdi_builds/continuous/2021_10_19_3367213/data/secureip/fe/fe_002.svp" Line 131216 : Function calls inside wait/event expression are sensitive to arguments only."cfg_bm_perm_r4()" is called without any argument which may not unblock the wait/event expression.
WARNING: [XSIM 43-4398] File "/wrk/ci/prod/2021.2/rdi_builds/continuous/2021_10_19_3367213/data/secureip/fe/fe_002.svp" Line 129263 : Function calls inside wait/event expression are sensitive to arguments only."cfg_bi_perm_r4()" is called without any argument which may not unblock the wait/event expression.
WARNING: [XSIM 43-4398] File "/wrk/ci/prod/2021.2/rdi_builds/continuous/2021_10_19_3367213/data/secureip/fe/fe_002.svp" Line 134226 : Function calls inside wait/event expression are sensitive to arguments only."cfg_beta_perm_r4()" is called without any argument which may not unblock the wait/event expression.
WARNING: [XSIM 43-4398] File "/wrk/ci/prod/2021.2/rdi_builds/continuous/2021_10_19_3367213/data/secureip/fe/fe_002.svp" Line 134226 : Function calls inside wait/event expression are sensitive to arguments only."cfg_beta_perm_r4()" is called without any argument which may not unblock the wait/event expression.
WARNING: [XSIM 43-4398] File "/wrk/ci/prod/2021.2/rdi_builds/continuous/2021_10_19_3367213/data/secureip/fe/fe_002.svp" Line 134226 : Function calls inside wait/event expression are sensitive to arguments only."cfg_beta_perm_r4()" is called without any argument which may not unblock the wait/event expression.
WARNING: [XSIM 43-4398] File "/wrk/ci/prod/2021.2/rdi_builds/continuous/2021_10_19_3367213/data/secureip/fe/fe_002.svp" Line 134226 : Function calls inside wait/event expression are sensitive to arguments only."cfg_beta_perm_r4()" is called without any argument which may not unblock the wait/event expression.
WARNING: [XSIM 43-4398] File "/wrk/ci/prod/2021.2/rdi_builds/continuous/2021_10_19_3367213/data/secureip/fe/fe_002.svp" Line 134226 : Function calls inside wait/event expression are sensitive to arguments only."cfg_beta_perm_r4()" is called without any argument which may not unblock the wait/event expression.
WARNING: [XSIM 43-4398] File "/wrk/ci/prod/2021.2/rdi_builds/continuous/2021_10_19_3367213/data/secureip/fe/fe_002.svp" Line 134226 : Function calls inside wait/event expression are sensitive to arguments only."cfg_beta_perm_r4()" is called without any argument which may not unblock the wait/event expression.
WARNING: [XSIM 43-4398] File "/wrk/ci/prod/2021.2/rdi_builds/continuous/2021_10_19_3367213/data/secureip/fe/fe_002.svp" Line 134226 : Function calls inside wait/event expression are sensitive to arguments only."cfg_beta_perm_r4()" is called without any argument which may not unblock the wait/event expression.
WARNING: [XSIM 43-4398] File "/wrk/ci/prod/2021.2/rdi_builds/continuous/2021_10_19_3367213/data/secureip/fe/fe_002.svp" Line 134226 : Function calls inside wait/event expression are sensitive to arguments only."cfg_beta_perm_r4()" is called without any argument which may not unblock the wait/event expression.
WARNING: [XSIM 43-4398] File "/wrk/ci/prod/2021.2/rdi_builds/continuous/2021_10_19_3367213/data/secureip/fe/fe_002.svp" Line 134226 : Function calls inside wait/event expression are sensitive to arguments only."cfg_beta_perm_r4()" is called without any argument which may not unblock the wait/event expression.
WARNING: [XSIM 43-4398] File "/wrk/ci/prod/2021.2/rdi_builds/continuous/2021_10_19_3367213/data/secureip/fe/fe_002.svp" Line 134226 : Function calls inside wait/event expression are sensitive to arguments only."cfg_beta_perm_r4()" is called without any argument which may not unblock the wait/event expression.
WARNING: [XSIM 43-4398] File "/wrk/ci/prod/2021.2/rdi_builds/continuous/2021_10_19_3367213/data/secureip/fe/fe_002.svp" Line 134226 : Function calls inside wait/event expression are sensitive to arguments only."cfg_beta_perm_r4()" is called without any argument which may not unblock the wait/event expression.
WARNING: [XSIM 43-4398] File "/wrk/ci/prod/2021.2/rdi_builds/continuous/2021_10_19_3367213/data/secureip/fe/fe_002.svp" Line 134226 : Function calls inside wait/event expression are sensitive to arguments only."cfg_beta_perm_r4()" is called without any argument which may not unblock the wait/event expression.
WARNING: [XSIM 43-4398] File "/wrk/ci/prod/2021.2/rdi_builds/continuous/2021_10_19_3367213/data/secureip/fe/fe_002.svp" Line 134226 : Function calls inside wait/event expression are sensitive to arguments only."cfg_beta_perm_r4()" is called without any argument which may not unblock the wait/event expression.
WARNING: [XSIM 43-4398] File "/wrk/ci/prod/2021.2/rdi_builds/continuous/2021_10_19_3367213/data/secureip/fe/fe_002.svp" Line 134226 : Function calls inside wait/event expression are sensitive to arguments only."cfg_beta_perm_r4()" is called without any argument which may not unblock the wait/event expression.
WARNING: [XSIM 43-4398] File "/wrk/ci/prod/2021.2/rdi_builds/continuous/2021_10_19_3367213/data/secureip/fe/fe_002.svp" Line 134226 : Function calls inside wait/event expression are sensitive to arguments only."cfg_beta_perm_r4()" is called without any argument which may not unblock the wait/event expression.
WARNING: [XSIM 43-4398] File "/wrk/ci/prod/2021.2/rdi_builds/continuous/2021_10_19_3367213/data/secureip/fe/fe_002.svp" Line 134226 : Function calls inside wait/event expression are sensitive to arguments only."cfg_beta_perm_r4()" is called without any argument which may not unblock the wait/event expression.
WARNING: [XSIM 43-4398] File "/wrk/ci/prod/2021.2/rdi_builds/continuous/2021_10_19_3367213/data/secureip/fe/fe_002.svp" Line 132100 : Function calls inside wait/event expression are sensitive to arguments only."cfg_tr_perm_r4()" is called without any argument which may not unblock the wait/event expression.
WARNING: [XSIM 43-4398] File "/wrk/ci/prod/2021.2/rdi_builds/continuous/2021_10_19_3367213/data/secureip/fe/fe_002.svp" Line 132101 : Function calls inside wait/event expression are sensitive to arguments only."cfg_llr_perm_r4()" is called without any argument which may not unblock the wait/event expression.
WARNING: [XSIM 43-4398] File "/wrk/ci/prod/2021.2/rdi_builds/continuous/2021_10_19_3367213/data/secureip/fe/fe_002.svp" Line 132102 : Function calls inside wait/event expression are sensitive to arguments only."cfg_sym_perm_r4()" is called without any argument which may not unblock the wait/event expression.
WARNING: [XSIM 43-4398] File "/wrk/ci/prod/2021.2/rdi_builds/continuous/2021_10_19_3367213/data/secureip/fe/fe_002.svp" Line 132137 : Function calls inside wait/event expression are sensitive to arguments only."cfg_tr_perm_sh_r4()" is called without any argument which may not unblock the wait/event expression.
WARNING: [XSIM 43-4398] File "/wrk/ci/prod/2021.2/rdi_builds/continuous/2021_10_19_3367213/data/secureip/fe/fe_002.svp" Line 132100 : Function calls inside wait/event expression are sensitive to arguments only."cfg_tr_perm_r4()" is called without any argument which may not unblock the wait/event expression.
WARNING: [XSIM 43-4398] File "/wrk/ci/prod/2021.2/rdi_builds/continuous/2021_10_19_3367213/data/secureip/fe/fe_002.svp" Line 132101 : Function calls inside wait/event expression are sensitive to arguments only."cfg_llr_perm_r4()" is called without any argument which may not unblock the wait/event expression.
WARNING: [XSIM 43-4398] File "/wrk/ci/prod/2021.2/rdi_builds/continuous/2021_10_19_3367213/data/secureip/fe/fe_002.svp" Line 132102 : Function calls inside wait/event expression are sensitive to arguments only."cfg_sym_perm_r4()" is called without any argument which may not unblock the wait/event expression.
WARNING: [XSIM 43-4398] File "/wrk/ci/prod/2021.2/rdi_builds/continuous/2021_10_19_3367213/data/secureip/fe/fe_002.svp" Line 132137 : Function calls inside wait/event expression are sensitive to arguments only."cfg_tr_perm_sh_r4()" is called without any argument which may not unblock the wait/event expression.
WARNING: [XSIM 43-4398] File "/wrk/ci/prod/2021.2/rdi_builds/continuous/2021_10_19_3367213/data/secureip/fe/fe_002.svp" Line 132100 : Function calls inside wait/event expression are sensitive to arguments only."cfg_tr_perm_r4()" is called without any argument which may not unblock the wait/event expression.
WARNING: [XSIM 43-4398] File "/wrk/ci/prod/2021.2/rdi_builds/continuous/2021_10_19_3367213/data/secureip/fe/fe_002.svp" Line 132101 : Function calls inside wait/event expression are sensitive to arguments only."cfg_llr_perm_r4()" is called without any argument which may not unblock the wait/event expression.
WARNING: [XSIM 43-4398] File "/wrk/ci/prod/2021.2/rdi_builds/continuous/2021_10_19_3367213/data/secureip/fe/fe_002.svp" Line 132102 : Function calls inside wait/event expression are sensitive to arguments only."cfg_sym_perm_r4()" is called without any argument which may not unblock the wait/event expression.
WARNING: [XSIM 43-4398] File "/wrk/ci/prod/2021.2/rdi_builds/continuous/2021_10_19_3367213/data/secureip/fe/fe_002.svp" Line 132137 : Function calls inside wait/event expression are sensitive to arguments only."cfg_tr_perm_sh_r4()" is called without any argument which may not unblock the wait/event expression.
WARNING: [XSIM 43-4398] File "/wrk/ci/prod/2021.2/rdi_builds/continuous/2021_10_19_3367213/data/secureip/fe/fe_002.svp" Line 132100 : Function calls inside wait/event expression are sensitive to arguments only."cfg_tr_perm_r4()" is called without any argument which may not unblock the wait/event expression.
WARNING: [XSIM 43-4398] File "/wrk/ci/prod/2021.2/rdi_builds/continuous/2021_10_19_3367213/data/secureip/fe/fe_002.svp" Line 132101 : Function calls inside wait/event expression are sensitive to arguments only."cfg_llr_perm_r4()" is called without any argument which may not unblock the wait/event expression.
WARNING: [XSIM 43-4398] File "/wrk/ci/prod/2021.2/rdi_builds/continuous/2021_10_19_3367213/data/secureip/fe/fe_002.svp" Line 132102 : Function calls inside wait/event expression are sensitive to arguments only."cfg_sym_perm_r4()" is called without any argument which may not unblock the wait/event expression.
WARNING: [XSIM 43-4398] File "/wrk/ci/prod/2021.2/rdi_builds/continuous/2021_10_19_3367213/data/secureip/fe/fe_002.svp" Line 132137 : Function calls inside wait/event expression are sensitive to arguments only."cfg_tr_perm_sh_r4()" is called without any argument which may not unblock the wait/event expression.
WARNING: [XSIM 43-4398] File "/wrk/ci/prod/2021.2/rdi_builds/continuous/2021_10_19_3367213/data/secureip/fe/fe_002.svp" Line 132100 : Function calls inside wait/event expression are sensitive to arguments only."cfg_tr_perm_r4()" is called without any argument which may not unblock the wait/event expression.
WARNING: [XSIM 43-4398] File "/wrk/ci/prod/2021.2/rdi_builds/continuous/2021_10_19_3367213/data/secureip/fe/fe_002.svp" Line 132101 : Function calls inside wait/event expression are sensitive to arguments only."cfg_llr_perm_r4()" is called without any argument which may not unblock the wait/event expression.
WARNING: [XSIM 43-4398] File "/wrk/ci/prod/2021.2/rdi_builds/continuous/2021_10_19_3367213/data/secureip/fe/fe_002.svp" Line 132102 : Function calls inside wait/event expression are sensitive to arguments only."cfg_sym_perm_r4()" is called without any argument which may not unblock the wait/event expression.
WARNING: [XSIM 43-4398] File "/wrk/ci/prod/2021.2/rdi_builds/continuous/2021_10_19_3367213/data/secureip/fe/fe_002.svp" Line 132137 : Function calls inside wait/event expression are sensitive to arguments only."cfg_tr_perm_sh_r4()" is called without any argument which may not unblock the wait/event expression.
WARNING: [XSIM 43-4398] File "/wrk/ci/prod/2021.2/rdi_builds/continuous/2021_10_19_3367213/data/secureip/fe/fe_002.svp" Line 132100 : Function calls inside wait/event expression are sensitive to arguments only."cfg_tr_perm_r4()" is called without any argument which may not unblock the wait/event expression.
WARNING: [XSIM 43-4398] File "/wrk/ci/prod/2021.2/rdi_builds/continuous/2021_10_19_3367213/data/secureip/fe/fe_002.svp" Line 132101 : Function calls inside wait/event expression are sensitive to arguments only."cfg_llr_perm_r4()" is called without any argument which may not unblock the wait/event expression.
WARNING: [XSIM 43-4398] File "/wrk/ci/prod/2021.2/rdi_builds/continuous/2021_10_19_3367213/data/secureip/fe/fe_002.svp" Line 132102 : Function calls inside wait/event expression are sensitive to arguments only."cfg_sym_perm_r4()" is called without any argument which may not unblock the wait/event expression.
WARNING: [XSIM 43-4398] File "/wrk/ci/prod/2021.2/rdi_builds/continuous/2021_10_19_3367213/data/secureip/fe/fe_002.svp" Line 132137 : Function calls inside wait/event expression are sensitive to arguments only."cfg_tr_perm_sh_r4()" is called without any argument which may not unblock the wait/event expression.
WARNING: [XSIM 43-4398] File "/wrk/ci/prod/2021.2/rdi_builds/continuous/2021_10_19_3367213/data/secureip/fe/fe_002.svp" Line 132100 : Function calls inside wait/event expression are sensitive to arguments only."cfg_tr_perm_r4()" is called without any argument which may not unblock the wait/event expression.
WARNING: [XSIM 43-4398] File "/wrk/ci/prod/2021.2/rdi_builds/continuous/2021_10_19_3367213/data/secureip/fe/fe_002.svp" Line 132101 : Function calls inside wait/event expression are sensitive to arguments only."cfg_llr_perm_r4()" is called without any argument which may not unblock the wait/event expression.
WARNING: [XSIM 43-4398] File "/wrk/ci/prod/2021.2/rdi_builds/continuous/2021_10_19_3367213/data/secureip/fe/fe_002.svp" Line 132102 : Function calls inside wait/event expression are sensitive to arguments only."cfg_sym_perm_r4()" is called without any argument which may not unblock the wait/event expression.
WARNING: [XSIM 43-4398] File "/wrk/ci/prod/2021.2/rdi_builds/continuous/2021_10_19_3367213/data/secureip/fe/fe_002.svp" Line 132137 : Function calls inside wait/event expression are sensitive to arguments only."cfg_tr_perm_sh_r4()" is called without any argument which may not unblock the wait/event expression.
WARNING: [XSIM 43-4398] File "/wrk/ci/prod/2021.2/rdi_builds/continuous/2021_10_19_3367213/data/secureip/fe/fe_002.svp" Line 132100 : Function calls inside wait/event expression are sensitive to arguments only."cfg_tr_perm_r4()" is called without any argument which may not unblock the wait/event expression.
WARNING: [XSIM 43-4398] File "/wrk/ci/prod/2021.2/rdi_builds/continuous/2021_10_19_3367213/data/secureip/fe/fe_002.svp" Line 132101 : Function calls inside wait/event expression are sensitive to arguments only."cfg_llr_perm_r4()" is called without any argument which may not unblock the wait/event expression.
WARNING: [XSIM 43-4398] File "/wrk/ci/prod/2021.2/rdi_builds/continuous/2021_10_19_3367213/data/secureip/fe/fe_002.svp" Line 132102 : Function calls inside wait/event expression are sensitive to arguments only."cfg_sym_perm_r4()" is called without any argument which may not unblock the wait/event expression.
WARNING: [XSIM 43-4398] File "/wrk/ci/prod/2021.2/rdi_builds/continuous/2021_10_19_3367213/data/secureip/fe/fe_002.svp" Line 132137 : Function calls inside wait/event expression are sensitive to arguments only."cfg_tr_perm_sh_r4()" is called without any argument which may not unblock the wait/event expression.
WARNING: [XSIM 43-4398] File "/wrk/ci/prod/2021.2/rdi_builds/continuous/2021_10_19_3367213/data/secureip/fe/fe_002.svp" Line 132100 : Function calls inside wait/event expression are sensitive to arguments only."cfg_tr_perm_r4()" is called without any argument which may not unblock the wait/event expression.
WARNING: [XSIM 43-4398] File "/wrk/ci/prod/2021.2/rdi_builds/continuous/2021_10_19_3367213/data/secureip/fe/fe_002.svp" Line 132101 : Function calls inside wait/event expression are sensitive to arguments only."cfg_llr_perm_r4()" is called without any argument which may not unblock the wait/event expression.
WARNING: [XSIM 43-4398] File "/wrk/ci/prod/2021.2/rdi_builds/continuous/2021_10_19_3367213/data/secureip/fe/fe_002.svp" Line 132102 : Function calls inside wait/event expression are sensitive to arguments only."cfg_sym_perm_r4()" is called without any argument which may not unblock the wait/event expression.
WARNING: [XSIM 43-4398] File "/wrk/ci/prod/2021.2/rdi_builds/continuous/2021_10_19_3367213/data/secureip/fe/fe_002.svp" Line 132137 : Function calls inside wait/event expression are sensitive to arguments only."cfg_tr_perm_sh_r4()" is called without any argument which may not unblock the wait/event expression.
WARNING: [XSIM 43-4398] File "/wrk/ci/prod/2021.2/rdi_builds/continuous/2021_10_19_3367213/data/secureip/fe/fe_002.svp" Line 132100 : Function calls inside wait/event expression are sensitive to arguments only."cfg_tr_perm_r4()" is called without any argument which may not unblock the wait/event expression.
WARNING: [XSIM 43-4398] File "/wrk/ci/prod/2021.2/rdi_builds/continuous/2021_10_19_3367213/data/secureip/fe/fe_002.svp" Line 132101 : Function calls inside wait/event expression are sensitive to arguments only."cfg_llr_perm_r4()" is called without any argument which may not unblock the wait/event expression.
WARNING: [XSIM 43-4398] File "/wrk/ci/prod/2021.2/rdi_builds/continuous/2021_10_19_3367213/data/secureip/fe/fe_002.svp" Line 132102 : Function calls inside wait/event expression are sensitive to arguments only."cfg_sym_perm_r4()" is called without any argument which may not unblock the wait/event expression.
WARNING: [XSIM 43-4398] File "/wrk/ci/prod/2021.2/rdi_builds/continuous/2021_10_19_3367213/data/secureip/fe/fe_002.svp" Line 132137 : Function calls inside wait/event expression are sensitive to arguments only."cfg_tr_perm_sh_r4()" is called without any argument which may not unblock the wait/event expression.
WARNING: [XSIM 43-4398] File "/wrk/ci/prod/2021.2/rdi_builds/continuous/2021_10_19_3367213/data/secureip/fe/fe_002.svp" Line 132100 : Function calls inside wait/event expression are sensitive to arguments only."cfg_tr_perm_r4()" is called without any argument which may not unblock the wait/event expression.
WARNING: [XSIM 43-4398] File "/wrk/ci/prod/2021.2/rdi_builds/continuous/2021_10_19_3367213/data/secureip/fe/fe_002.svp" Line 132101 : Function calls inside wait/event expression are sensitive to arguments only."cfg_llr_perm_r4()" is called without any argument which may not unblock the wait/event expression.
WARNING: [XSIM 43-4398] File "/wrk/ci/prod/2021.2/rdi_builds/continuous/2021_10_19_3367213/data/secureip/fe/fe_002.svp" Line 132102 : Function calls inside wait/event expression are sensitive to arguments only."cfg_sym_perm_r4()" is called without any argument which may not unblock the wait/event expression.
WARNING: [XSIM 43-4398] File "/wrk/ci/prod/2021.2/rdi_builds/continuous/2021_10_19_3367213/data/secureip/fe/fe_002.svp" Line 132137 : Function calls inside wait/event expression are sensitive to arguments only."cfg_tr_perm_sh_r4()" is called without any argument which may not unblock the wait/event expression.
WARNING: [XSIM 43-4398] File "/wrk/ci/prod/2021.2/rdi_builds/continuous/2021_10_19_3367213/data/secureip/fe/fe_002.svp" Line 132100 : Function calls inside wait/event expression are sensitive to arguments only."cfg_tr_perm_r4()" is called without any argument which may not unblock the wait/event expression.
WARNING: [XSIM 43-4398] File "/wrk/ci/prod/2021.2/rdi_builds/continuous/2021_10_19_3367213/data/secureip/fe/fe_002.svp" Line 132101 : Function calls inside wait/event expression are sensitive to arguments only."cfg_llr_perm_r4()" is called without any argument which may not unblock the wait/event expression.
WARNING: [XSIM 43-4398] File "/wrk/ci/prod/2021.2/rdi_builds/continuous/2021_10_19_3367213/data/secureip/fe/fe_002.svp" Line 132102 : Function calls inside wait/event expression are sensitive to arguments only."cfg_sym_perm_r4()" is called without any argument which may not unblock the wait/event expression.
WARNING: [XSIM 43-4398] File "/wrk/ci/prod/2021.2/rdi_builds/continuous/2021_10_19_3367213/data/secureip/fe/fe_002.svp" Line 132137 : Function calls inside wait/event expression are sensitive to arguments only."cfg_tr_perm_sh_r4()" is called without any argument which may not unblock the wait/event expression.
WARNING: [XSIM 43-4398] File "/wrk/ci/prod/2021.2/rdi_builds/continuous/2021_10_19_3367213/data/secureip/fe/fe_002.svp" Line 132100 : Function calls inside wait/event expression are sensitive to arguments only."cfg_tr_perm_r4()" is called without any argument which may not unblock the wait/event expression.
WARNING: [XSIM 43-4398] File "/wrk/ci/prod/2021.2/rdi_builds/continuous/2021_10_19_3367213/data/secureip/fe/fe_002.svp" Line 132101 : Function calls inside wait/event expression are sensitive to arguments only."cfg_llr_perm_r4()" is called without any argument which may not unblock the wait/event expression.
WARNING: [XSIM 43-4398] File "/wrk/ci/prod/2021.2/rdi_builds/continuous/2021_10_19_3367213/data/secureip/fe/fe_002.svp" Line 132102 : Function calls inside wait/event expression are sensitive to arguments only."cfg_sym_perm_r4()" is called without any argument which may not unblock the wait/event expression.
WARNING: [XSIM 43-4398] File "/wrk/ci/prod/2021.2/rdi_builds/continuous/2021_10_19_3367213/data/secureip/fe/fe_002.svp" Line 132137 : Function calls inside wait/event expression are sensitive to arguments only."cfg_tr_perm_sh_r4()" is called without any argument which may not unblock the wait/event expression.
WARNING: [XSIM 43-4398] File "/wrk/ci/prod/2021.2/rdi_builds/continuous/2021_10_19_3367213/data/secureip/fe/fe_002.svp" Line 132100 : Function calls inside wait/event expression are sensitive to arguments only."cfg_tr_perm_r4()" is called without any argument which may not unblock the wait/event expression.
WARNING: [XSIM 43-4398] File "/wrk/ci/prod/2021.2/rdi_builds/continuous/2021_10_19_3367213/data/secureip/fe/fe_002.svp" Line 132101 : Function calls inside wait/event expression are sensitive to arguments only."cfg_llr_perm_r4()" is called without any argument which may not unblock the wait/event expression.
WARNING: [XSIM 43-4398] File "/wrk/ci/prod/2021.2/rdi_builds/continuous/2021_10_19_3367213/data/secureip/fe/fe_002.svp" Line 132102 : Function calls inside wait/event expression are sensitive to arguments only."cfg_sym_perm_r4()" is called without any argument which may not unblock the wait/event expression.
WARNING: [XSIM 43-4398] File "/wrk/ci/prod/2021.2/rdi_builds/continuous/2021_10_19_3367213/data/secureip/fe/fe_002.svp" Line 132137 : Function calls inside wait/event expression are sensitive to arguments only."cfg_tr_perm_sh_r4()" is called without any argument which may not unblock the wait/event expression.
WARNING: [XSIM 43-4398] File "/wrk/ci/prod/2021.2/rdi_builds/continuous/2021_10_19_3367213/data/secureip/fe/fe_002.svp" Line 132100 : Function calls inside wait/event expression are sensitive to arguments only."cfg_tr_perm_r4()" is called without any argument which may not unblock the wait/event expression.
WARNING: [XSIM 43-4398] File "/wrk/ci/prod/2021.2/rdi_builds/continuous/2021_10_19_3367213/data/secureip/fe/fe_002.svp" Line 132101 : Function calls inside wait/event expression are sensitive to arguments only."cfg_llr_perm_r4()" is called without any argument which may not unblock the wait/event expression.
WARNING: [XSIM 43-4398] File "/wrk/ci/prod/2021.2/rdi_builds/continuous/2021_10_19_3367213/data/secureip/fe/fe_002.svp" Line 132102 : Function calls inside wait/event expression are sensitive to arguments only."cfg_sym_perm_r4()" is called without any argument which may not unblock the wait/event expression.
WARNING: [XSIM 43-4398] File "/wrk/ci/prod/2021.2/rdi_builds/continuous/2021_10_19_3367213/data/secureip/fe/fe_002.svp" Line 132137 : Function calls inside wait/event expression are sensitive to arguments only."cfg_tr_perm_sh_r4()" is called without any argument which may not unblock the wait/event expression.
WARNING: [XSIM 43-4398] File "/wrk/ci/prod/2021.2/rdi_builds/continuous/2021_10_19_3367213/data/secureip/fe/fe_002.svp" Line 132100 : Function calls inside wait/event expression are sensitive to arguments only."cfg_tr_perm_r4()" is called without any argument which may not unblock the wait/event expression.
WARNING: [XSIM 43-4398] File "/wrk/ci/prod/2021.2/rdi_builds/continuous/2021_10_19_3367213/data/secureip/fe/fe_002.svp" Line 132101 : Function calls inside wait/event expression are sensitive to arguments only."cfg_llr_perm_r4()" is called without any argument which may not unblock the wait/event expression.
WARNING: [XSIM 43-4398] File "/wrk/ci/prod/2021.2/rdi_builds/continuous/2021_10_19_3367213/data/secureip/fe/fe_002.svp" Line 132102 : Function calls inside wait/event expression are sensitive to arguments only."cfg_sym_perm_r4()" is called without any argument which may not unblock the wait/event expression.
WARNING: [XSIM 43-4398] File "/wrk/ci/prod/2021.2/rdi_builds/continuous/2021_10_19_3367213/data/secureip/fe/fe_002.svp" Line 132137 : Function calls inside wait/event expression are sensitive to arguments only."cfg_tr_perm_sh_r4()" is called without any argument which may not unblock the wait/event expression.
WARNING: [XSIM 43-4398] File "/wrk/ci/prod/2021.2/rdi_builds/continuous/2021_10_19_3367213/data/secureip/fe/fe_002.svp" Line 134806 : Function calls inside wait/event expression are sensitive to arguments only."crc24b_par4_mask()" is called without any argument which may not unblock the wait/event expression.
WARNING: [XSIM 43-4398] File "/wrk/ci/prod/2021.2/rdi_builds/continuous/2021_10_19_3367213/data/secureip/fe/fe_002.svp" Line 134806 : Function calls inside wait/event expression are sensitive to arguments only."crc24a_par4_mask()" is called without any argument which may not unblock the wait/event expression.
WARNING: [XSIM 43-4398] File "/wrk/ci/prod/2021.2/rdi_builds/continuous/2021_10_19_3367213/data/secureip/fe/fe_002.svp" Line 134807 : Function calls inside wait/event expression are sensitive to arguments only."crc24b_par2_mask()" is called without any argument which may not unblock the wait/event expression.
WARNING: [XSIM 43-4398] File "/wrk/ci/prod/2021.2/rdi_builds/continuous/2021_10_19_3367213/data/secureip/fe/fe_002.svp" Line 134807 : Function calls inside wait/event expression are sensitive to arguments only."crc24a_par2_mask()" is called without any argument which may not unblock the wait/event expression.
WARNING: [XSIM 43-4398] File "/wrk/ci/prod/2021.2/rdi_builds/continuous/2021_10_19_3367213/data/secureip/fe/fe_002.svp" Line 134808 : Function calls inside wait/event expression are sensitive to arguments only."crc24b_adv()" is called without any argument which may not unblock the wait/event expression.
WARNING: [XSIM 43-4398] File "/wrk/ci/prod/2021.2/rdi_builds/continuous/2021_10_19_3367213/data/secureip/fe/fe_002.svp" Line 134808 : Function calls inside wait/event expression are sensitive to arguments only."crc24a_adv()" is called without any argument which may not unblock the wait/event expression.
WARNING: [XSIM 43-4398] File "/wrk/ci/prod/2021.2/rdi_builds/continuous/2021_10_19_3367213/data/secureip/fe/fe_002.svp" Line 134969 : Function calls inside wait/event expression are sensitive to arguments only."crc24b_adv()" is called without any argument which may not unblock the wait/event expression.
WARNING: [XSIM 43-4398] File "/wrk/ci/prod/2021.2/rdi_builds/continuous/2021_10_19_3367213/data/secureip/fe/fe_002.svp" Line 134969 : Function calls inside wait/event expression are sensitive to arguments only."crc24a_adv()" is called without any argument which may not unblock the wait/event expression.
WARNING: [XSIM 43-4398] File "/wrk/ci/prod/2021.2/rdi_builds/continuous/2021_10_19_3367213/data/secureip/fe/fe_002.svp" Line 127127 : Function calls inside wait/event expression are sensitive to arguments only."init_alpha()" is called without any argument which may not unblock the wait/event expression.
WARNING: [XSIM 43-4398] File "/wrk/ci/prod/2021.2/rdi_builds/continuous/2021_10_19_3367213/data/secureip/fe/fe_002.svp" Line 131216 : Function calls inside wait/event expression are sensitive to arguments only."cfg_bm_perm_r4()" is called without any argument which may not unblock the wait/event expression.
WARNING: [XSIM 43-4398] File "/wrk/ci/prod/2021.2/rdi_builds/continuous/2021_10_19_3367213/data/secureip/fe/fe_002.svp" Line 131216 : Function calls inside wait/event expression are sensitive to arguments only."cfg_bm_perm_r4()" is called without any argument which may not unblock the wait/event expression.
WARNING: [XSIM 43-4398] File "/wrk/ci/prod/2021.2/rdi_builds/continuous/2021_10_19_3367213/data/secureip/fe/fe_002.svp" Line 131216 : Function calls inside wait/event expression are sensitive to arguments only."cfg_bm_perm_r4()" is called without any argument which may not unblock the wait/event expression.
WARNING: [XSIM 43-4398] File "/wrk/ci/prod/2021.2/rdi_builds/continuous/2021_10_19_3367213/data/secureip/fe/fe_002.svp" Line 131216 : Function calls inside wait/event expression are sensitive to arguments only."cfg_bm_perm_r4()" is called without any argument which may not unblock the wait/event expression.
WARNING: [XSIM 43-4398] File "/wrk/ci/prod/2021.2/rdi_builds/continuous/2021_10_19_3367213/data/secureip/fe/fe_002.svp" Line 131216 : Function calls inside wait/event expression are sensitive to arguments only."cfg_bm_perm_r4()" is called without any argument which may not unblock the wait/event expression.
WARNING: [XSIM 43-4398] File "/wrk/ci/prod/2021.2/rdi_builds/continuous/2021_10_19_3367213/data/secureip/fe/fe_002.svp" Line 131216 : Function calls inside wait/event expression are sensitive to arguments only."cfg_bm_perm_r4()" is called without any argument which may not unblock the wait/event expression.
WARNING: [XSIM 43-4398] File "/wrk/ci/prod/2021.2/rdi_builds/continuous/2021_10_19_3367213/data/secureip/fe/fe_002.svp" Line 131216 : Function calls inside wait/event expression are sensitive to arguments only."cfg_bm_perm_r4()" is called without any argument which may not unblock the wait/event expression.
WARNING: [XSIM 43-4398] File "/wrk/ci/prod/2021.2/rdi_builds/continuous/2021_10_19_3367213/data/secureip/fe/fe_002.svp" Line 131216 : Function calls inside wait/event expression are sensitive to arguments only."cfg_bm_perm_r4()" is called without any argument which may not unblock the wait/event expression.
WARNING: [XSIM 43-4398] File "/wrk/ci/prod/2021.2/rdi_builds/continuous/2021_10_19_3367213/data/secureip/fe/fe_002.svp" Line 131216 : Function calls inside wait/event expression are sensitive to arguments only."cfg_bm_perm_r4()" is called without any argument which may not unblock the wait/event expression.
WARNING: [XSIM 43-4398] File "/wrk/ci/prod/2021.2/rdi_builds/continuous/2021_10_19_3367213/data/secureip/fe/fe_002.svp" Line 131216 : Function calls inside wait/event expression are sensitive to arguments only."cfg_bm_perm_r4()" is called without any argument which may not unblock the wait/event expression.
WARNING: [XSIM 43-4398] File "/wrk/ci/prod/2021.2/rdi_builds/continuous/2021_10_19_3367213/data/secureip/fe/fe_002.svp" Line 131216 : Function calls inside wait/event expression are sensitive to arguments only."cfg_bm_perm_r4()" is called without any argument which may not unblock the wait/event expression.
WARNING: [XSIM 43-4398] File "/wrk/ci/prod/2021.2/rdi_builds/continuous/2021_10_19_3367213/data/secureip/fe/fe_002.svp" Line 131216 : Function calls inside wait/event expression are sensitive to arguments only."cfg_bm_perm_r4()" is called without any argument which may not unblock the wait/event expression.
WARNING: [XSIM 43-4398] File "/wrk/ci/prod/2021.2/rdi_builds/continuous/2021_10_19_3367213/data/secureip/fe/fe_002.svp" Line 131216 : Function calls inside wait/event expression are sensitive to arguments only."cfg_bm_perm_r4()" is called without any argument which may not unblock the wait/event expression.
WARNING: [XSIM 43-4398] File "/wrk/ci/prod/2021.2/rdi_builds/continuous/2021_10_19_3367213/data/secureip/fe/fe_002.svp" Line 131216 : Function calls inside wait/event expression are sensitive to arguments only."cfg_bm_perm_r4()" is called without any argument which may not unblock the wait/event expression.
WARNING: [XSIM 43-4398] File "/wrk/ci/prod/2021.2/rdi_builds/continuous/2021_10_19_3367213/data/secureip/fe/fe_002.svp" Line 131216 : Function calls inside wait/event expression are sensitive to arguments only."cfg_bm_perm_r4()" is called without any argument which may not unblock the wait/event expression.
WARNING: [XSIM 43-4398] File "/wrk/ci/prod/2021.2/rdi_builds/continuous/2021_10_19_3367213/data/secureip/fe/fe_002.svp" Line 131216 : Function calls inside wait/event expression are sensitive to arguments only."cfg_bm_perm_r4()" is called without any argument which may not unblock the wait/event expression.
WARNING: [XSIM 43-4398] File "/wrk/ci/prod/2021.2/rdi_builds/continuous/2021_10_19_3367213/data/secureip/fe/fe_002.svp" Line 134226 : Function calls inside wait/event expression are sensitive to arguments only."cfg_alpha_perm_r4()" is called without any argument which may not unblock the wait/event expression.
WARNING: [XSIM 43-4398] File "/wrk/ci/prod/2021.2/rdi_builds/continuous/2021_10_19_3367213/data/secureip/fe/fe_002.svp" Line 134226 : Function calls inside wait/event expression are sensitive to arguments only."cfg_alpha_perm_r4()" is called without any argument which may not unblock the wait/event expression.
WARNING: [XSIM 43-4398] File "/wrk/ci/prod/2021.2/rdi_builds/continuous/2021_10_19_3367213/data/secureip/fe/fe_002.svp" Line 134226 : Function calls inside wait/event expression are sensitive to arguments only."cfg_alpha_perm_r4()" is called without any argument which may not unblock the wait/event expression.
WARNING: [XSIM 43-4398] File "/wrk/ci/prod/2021.2/rdi_builds/continuous/2021_10_19_3367213/data/secureip/fe/fe_002.svp" Line 134226 : Function calls inside wait/event expression are sensitive to arguments only."cfg_alpha_perm_r4()" is called without any argument which may not unblock the wait/event expression.
WARNING: [XSIM 43-4398] File "/wrk/ci/prod/2021.2/rdi_builds/continuous/2021_10_19_3367213/data/secureip/fe/fe_002.svp" Line 134226 : Function calls inside wait/event expression are sensitive to arguments only."cfg_alpha_perm_r4()" is called without any argument which may not unblock the wait/event expression.
WARNING: [XSIM 43-4398] File "/wrk/ci/prod/2021.2/rdi_builds/continuous/2021_10_19_3367213/data/secureip/fe/fe_002.svp" Line 134226 : Function calls inside wait/event expression are sensitive to arguments only."cfg_alpha_perm_r4()" is called without any argument which may not unblock the wait/event expression.
WARNING: [XSIM 43-4398] File "/wrk/ci/prod/2021.2/rdi_builds/continuous/2021_10_19_3367213/data/secureip/fe/fe_002.svp" Line 134226 : Function calls inside wait/event expression are sensitive to arguments only."cfg_alpha_perm_r4()" is called without any argument which may not unblock the wait/event expression.
WARNING: [XSIM 43-4398] File "/wrk/ci/prod/2021.2/rdi_builds/continuous/2021_10_19_3367213/data/secureip/fe/fe_002.svp" Line 134226 : Function calls inside wait/event expression are sensitive to arguments only."cfg_alpha_perm_r4()" is called without any argument which may not unblock the wait/event expression.
WARNING: [XSIM 43-4398] File "/wrk/ci/prod/2021.2/rdi_builds/continuous/2021_10_19_3367213/data/secureip/fe/fe_002.svp" Line 134226 : Function calls inside wait/event expression are sensitive to arguments only."cfg_alpha_perm_r4()" is called without any argument which may not unblock the wait/event expression.
WARNING: [XSIM 43-4398] File "/wrk/ci/prod/2021.2/rdi_builds/continuous/2021_10_19_3367213/data/secureip/fe/fe_002.svp" Line 134226 : Function calls inside wait/event expression are sensitive to arguments only."cfg_alpha_perm_r4()" is called without any argument which may not unblock the wait/event expression.
WARNING: [XSIM 43-4398] File "/wrk/ci/prod/2021.2/rdi_builds/continuous/2021_10_19_3367213/data/secureip/fe/fe_002.svp" Line 134226 : Function calls inside wait/event expression are sensitive to arguments only."cfg_alpha_perm_r4()" is called without any argument which may not unblock the wait/event expression.
WARNING: [XSIM 43-4398] File "/wrk/ci/prod/2021.2/rdi_builds/continuous/2021_10_19_3367213/data/secureip/fe/fe_002.svp" Line 134226 : Function calls inside wait/event expression are sensitive to arguments only."cfg_alpha_perm_r4()" is called without any argument which may not unblock the wait/event expression.
WARNING: [XSIM 43-4398] File "/wrk/ci/prod/2021.2/rdi_builds/continuous/2021_10_19_3367213/data/secureip/fe/fe_002.svp" Line 134226 : Function calls inside wait/event expression are sensitive to arguments only."cfg_alpha_perm_r4()" is called without any argument which may not unblock the wait/event expression.
WARNING: [XSIM 43-4398] File "/wrk/ci/prod/2021.2/rdi_builds/continuous/2021_10_19_3367213/data/secureip/fe/fe_002.svp" Line 134226 : Function calls inside wait/event expression are sensitive to arguments only."cfg_alpha_perm_r4()" is called without any argument which may not unblock the wait/event expression.
WARNING: [XSIM 43-4398] File "/wrk/ci/prod/2021.2/rdi_builds/continuous/2021_10_19_3367213/data/secureip/fe/fe_002.svp" Line 134226 : Function calls inside wait/event expression are sensitive to arguments only."cfg_alpha_perm_r4()" is called without any argument which may not unblock the wait/event expression.
WARNING: [XSIM 43-4398] File "/wrk/ci/prod/2021.2/rdi_builds/continuous/2021_10_19_3367213/data/secureip/fe/fe_002.svp" Line 134226 : Function calls inside wait/event expression are sensitive to arguments only."cfg_alpha_perm_r4()" is called without any argument which may not unblock the wait/event expression.
WARNING: [XSIM 43-4398] File "/wrk/ci/prod/2021.2/rdi_builds/continuous/2021_10_19_3367213/data/secureip/fe/fe_002.svp" Line 131216 : Function calls inside wait/event expression are sensitive to arguments only."cfg_bm_perm_r4()" is called without any argument which may not unblock the wait/event expression.
WARNING: [XSIM 43-4398] File "/wrk/ci/prod/2021.2/rdi_builds/continuous/2021_10_19_3367213/data/secureip/fe/fe_002.svp" Line 131216 : Function calls inside wait/event expression are sensitive to arguments only."cfg_bm_perm_r4()" is called without any argument which may not unblock the wait/event expression.
WARNING: [XSIM 43-4398] File "/wrk/ci/prod/2021.2/rdi_builds/continuous/2021_10_19_3367213/data/secureip/fe/fe_002.svp" Line 131216 : Function calls inside wait/event expression are sensitive to arguments only."cfg_bm_perm_r4()" is called without any argument which may not unblock the wait/event expression.
WARNING: [XSIM 43-4398] File "/wrk/ci/prod/2021.2/rdi_builds/continuous/2021_10_19_3367213/data/secureip/fe/fe_002.svp" Line 131216 : Function calls inside wait/event expression are sensitive to arguments only."cfg_bm_perm_r4()" is called without any argument which may not unblock the wait/event expression.
WARNING: [XSIM 43-4398] File "/wrk/ci/prod/2021.2/rdi_builds/continuous/2021_10_19_3367213/data/secureip/fe/fe_002.svp" Line 131216 : Function calls inside wait/event expression are sensitive to arguments only."cfg_bm_perm_r4()" is called without any argument which may not unblock the wait/event expression.
WARNING: [XSIM 43-4398] File "/wrk/ci/prod/2021.2/rdi_builds/continuous/2021_10_19_3367213/data/secureip/fe/fe_002.svp" Line 131216 : Function calls inside wait/event expression are sensitive to arguments only."cfg_bm_perm_r4()" is called without any argument which may not unblock the wait/event expression.
WARNING: [XSIM 43-4398] File "/wrk/ci/prod/2021.2/rdi_builds/continuous/2021_10_19_3367213/data/secureip/fe/fe_002.svp" Line 131216 : Function calls inside wait/event expression are sensitive to arguments only."cfg_bm_perm_r4()" is called without any argument which may not unblock the wait/event expression.
WARNING: [XSIM 43-4398] File "/wrk/ci/prod/2021.2/rdi_builds/continuous/2021_10_19_3367213/data/secureip/fe/fe_002.svp" Line 131216 : Function calls inside wait/event expression are sensitive to arguments only."cfg_bm_perm_r4()" is called without any argument which may not unblock the wait/event expression.
WARNING: [XSIM 43-4398] File "/wrk/ci/prod/2021.2/rdi_builds/continuous/2021_10_19_3367213/data/secureip/fe/fe_002.svp" Line 131216 : Function calls inside wait/event expression are sensitive to arguments only."cfg_bm_perm_r4()" is called without any argument which may not unblock the wait/event expression.
WARNING: [XSIM 43-4398] File "/wrk/ci/prod/2021.2/rdi_builds/continuous/2021_10_19_3367213/data/secureip/fe/fe_002.svp" Line 131216 : Function calls inside wait/event expression are sensitive to arguments only."cfg_bm_perm_r4()" is called without any argument which may not unblock the wait/event expression.
WARNING: [XSIM 43-4398] File "/wrk/ci/prod/2021.2/rdi_builds/continuous/2021_10_19_3367213/data/secureip/fe/fe_002.svp" Line 131216 : Function calls inside wait/event expression are sensitive to arguments only."cfg_bm_perm_r4()" is called without any argument which may not unblock the wait/event expression.
WARNING: [XSIM 43-4398] File "/wrk/ci/prod/2021.2/rdi_builds/continuous/2021_10_19_3367213/data/secureip/fe/fe_002.svp" Line 131216 : Function calls inside wait/event expression are sensitive to arguments only."cfg_bm_perm_r4()" is called without any argument which may not unblock the wait/event expression.
WARNING: [XSIM 43-4398] File "/wrk/ci/prod/2021.2/rdi_builds/continuous/2021_10_19_3367213/data/secureip/fe/fe_002.svp" Line 131216 : Function calls inside wait/event expression are sensitive to arguments only."cfg_bm_perm_r4()" is called without any argument which may not unblock the wait/event expression.
WARNING: [XSIM 43-4398] File "/wrk/ci/prod/2021.2/rdi_builds/continuous/2021_10_19_3367213/data/secureip/fe/fe_002.svp" Line 131216 : Function calls inside wait/event expression are sensitive to arguments only."cfg_bm_perm_r4()" is called without any argument which may not unblock the wait/event expression.
WARNING: [XSIM 43-4398] File "/wrk/ci/prod/2021.2/rdi_builds/continuous/2021_10_19_3367213/data/secureip/fe/fe_002.svp" Line 131216 : Function calls inside wait/event expression are sensitive to arguments only."cfg_bm_perm_r4()" is called without any argument which may not unblock the wait/event expression.
WARNING: [XSIM 43-4398] File "/wrk/ci/prod/2021.2/rdi_builds/continuous/2021_10_19_3367213/data/secureip/fe/fe_002.svp" Line 131216 : Function calls inside wait/event expression are sensitive to arguments only."cfg_bm_perm_r4()" is called without any argument which may not unblock the wait/event expression.
WARNING: [XSIM 43-4398] File "/wrk/ci/prod/2021.2/rdi_builds/continuous/2021_10_19_3367213/data/secureip/fe/fe_002.svp" Line 129263 : Function calls inside wait/event expression are sensitive to arguments only."cfg_bi_perm_r4()" is called without any argument which may not unblock the wait/event expression.
WARNING: [XSIM 43-4398] File "/wrk/ci/prod/2021.2/rdi_builds/continuous/2021_10_19_3367213/data/secureip/fe/fe_002.svp" Line 134226 : Function calls inside wait/event expression are sensitive to arguments only."cfg_beta_perm_r4()" is called without any argument which may not unblock the wait/event expression.
WARNING: [XSIM 43-4398] File "/wrk/ci/prod/2021.2/rdi_builds/continuous/2021_10_19_3367213/data/secureip/fe/fe_002.svp" Line 134226 : Function calls inside wait/event expression are sensitive to arguments only."cfg_beta_perm_r4()" is called without any argument which may not unblock the wait/event expression.
WARNING: [XSIM 43-4398] File "/wrk/ci/prod/2021.2/rdi_builds/continuous/2021_10_19_3367213/data/secureip/fe/fe_002.svp" Line 134226 : Function calls inside wait/event expression are sensitive to arguments only."cfg_beta_perm_r4()" is called without any argument which may not unblock the wait/event expression.
WARNING: [XSIM 43-4398] File "/wrk/ci/prod/2021.2/rdi_builds/continuous/2021_10_19_3367213/data/secureip/fe/fe_002.svp" Line 134226 : Function calls inside wait/event expression are sensitive to arguments only."cfg_beta_perm_r4()" is called without any argument which may not unblock the wait/event expression.
WARNING: [XSIM 43-4398] File "/wrk/ci/prod/2021.2/rdi_builds/continuous/2021_10_19_3367213/data/secureip/fe/fe_002.svp" Line 134226 : Function calls inside wait/event expression are sensitive to arguments only."cfg_beta_perm_r4()" is called without any argument which may not unblock the wait/event expression.
WARNING: [XSIM 43-4398] File "/wrk/ci/prod/2021.2/rdi_builds/continuous/2021_10_19_3367213/data/secureip/fe/fe_002.svp" Line 134226 : Function calls inside wait/event expression are sensitive to arguments only."cfg_beta_perm_r4()" is called without any argument which may not unblock the wait/event expression.
WARNING: [XSIM 43-4398] File "/wrk/ci/prod/2021.2/rdi_builds/continuous/2021_10_19_3367213/data/secureip/fe/fe_002.svp" Line 134226 : Function calls inside wait/event expression are sensitive to arguments only."cfg_beta_perm_r4()" is called without any argument which may not unblock the wait/event expression.
WARNING: [XSIM 43-4398] File "/wrk/ci/prod/2021.2/rdi_builds/continuous/2021_10_19_3367213/data/secureip/fe/fe_002.svp" Line 134226 : Function calls inside wait/event expression are sensitive to arguments only."cfg_beta_perm_r4()" is called without any argument which may not unblock the wait/event expression.
WARNING: [XSIM 43-4398] File "/wrk/ci/prod/2021.2/rdi_builds/continuous/2021_10_19_3367213/data/secureip/fe/fe_002.svp" Line 134226 : Function calls inside wait/event expression are sensitive to arguments only."cfg_beta_perm_r4()" is called without any argument which may not unblock the wait/event expression.
WARNING: [XSIM 43-4398] File "/wrk/ci/prod/2021.2/rdi_builds/continuous/2021_10_19_3367213/data/secureip/fe/fe_002.svp" Line 134226 : Function calls inside wait/event expression are sensitive to arguments only."cfg_beta_perm_r4()" is called without any argument which may not unblock the wait/event expression.
WARNING: [XSIM 43-4398] File "/wrk/ci/prod/2021.2/rdi_builds/continuous/2021_10_19_3367213/data/secureip/fe/fe_002.svp" Line 134226 : Function calls inside wait/event expression are sensitive to arguments only."cfg_beta_perm_r4()" is called without any argument which may not unblock the wait/event expression.
WARNING: [XSIM 43-4398] File "/wrk/ci/prod/2021.2/rdi_builds/continuous/2021_10_19_3367213/data/secureip/fe/fe_002.svp" Line 134226 : Function calls inside wait/event expression are sensitive to arguments only."cfg_beta_perm_r4()" is called without any argument which may not unblock the wait/event expression.
WARNING: [XSIM 43-4398] File "/wrk/ci/prod/2021.2/rdi_builds/continuous/2021_10_19_3367213/data/secureip/fe/fe_002.svp" Line 134226 : Function calls inside wait/event expression are sensitive to arguments only."cfg_beta_perm_r4()" is called without any argument which may not unblock the wait/event expression.
WARNING: [XSIM 43-4398] File "/wrk/ci/prod/2021.2/rdi_builds/continuous/2021_10_19_3367213/data/secureip/fe/fe_002.svp" Line 134226 : Function calls inside wait/event expression are sensitive to arguments only."cfg_beta_perm_r4()" is called without any argument which may not unblock the wait/event expression.
WARNING: [XSIM 43-4398] File "/wrk/ci/prod/2021.2/rdi_builds/continuous/2021_10_19_3367213/data/secureip/fe/fe_002.svp" Line 134226 : Function calls inside wait/event expression are sensitive to arguments only."cfg_beta_perm_r4()" is called without any argument which may not unblock the wait/event expression.
WARNING: [XSIM 43-4398] File "/wrk/ci/prod/2021.2/rdi_builds/continuous/2021_10_19_3367213/data/secureip/fe/fe_002.svp" Line 134226 : Function calls inside wait/event expression are sensitive to arguments only."cfg_beta_perm_r4()" is called without any argument which may not unblock the wait/event expression.
WARNING: [XSIM 43-4398] File "/wrk/ci/prod/2021.2/rdi_builds/continuous/2021_10_19_3367213/data/secureip/fe/fe_002.svp" Line 132100 : Function calls inside wait/event expression are sensitive to arguments only."cfg_tr_perm_r4()" is called without any argument which may not unblock the wait/event expression.
WARNING: [XSIM 43-4398] File "/wrk/ci/prod/2021.2/rdi_builds/continuous/2021_10_19_3367213/data/secureip/fe/fe_002.svp" Line 132101 : Function calls inside wait/event expression are sensitive to arguments only."cfg_llr_perm_r4()" is called without any argument which may not unblock the wait/event expression.
WARNING: [XSIM 43-4398] File "/wrk/ci/prod/2021.2/rdi_builds/continuous/2021_10_19_3367213/data/secureip/fe/fe_002.svp" Line 132102 : Function calls inside wait/event expression are sensitive to arguments only."cfg_sym_perm_r4()" is called without any argument which may not unblock the wait/event expression.
WARNING: [XSIM 43-4398] File "/wrk/ci/prod/2021.2/rdi_builds/continuous/2021_10_19_3367213/data/secureip/fe/fe_002.svp" Line 132137 : Function calls inside wait/event expression are sensitive to arguments only."cfg_tr_perm_sh_r4()" is called without any argument which may not unblock the wait/event expression.
WARNING: [XSIM 43-4398] File "/wrk/ci/prod/2021.2/rdi_builds/continuous/2021_10_19_3367213/data/secureip/fe/fe_002.svp" Line 132100 : Function calls inside wait/event expression are sensitive to arguments only."cfg_tr_perm_r4()" is called without any argument which may not unblock the wait/event expression.
WARNING: [XSIM 43-4398] File "/wrk/ci/prod/2021.2/rdi_builds/continuous/2021_10_19_3367213/data/secureip/fe/fe_002.svp" Line 132101 : Function calls inside wait/event expression are sensitive to arguments only."cfg_llr_perm_r4()" is called without any argument which may not unblock the wait/event expression.
WARNING: [XSIM 43-4398] File "/wrk/ci/prod/2021.2/rdi_builds/continuous/2021_10_19_3367213/data/secureip/fe/fe_002.svp" Line 132102 : Function calls inside wait/event expression are sensitive to arguments only."cfg_sym_perm_r4()" is called without any argument which may not unblock the wait/event expression.
WARNING: [XSIM 43-4398] File "/wrk/ci/prod/2021.2/rdi_builds/continuous/2021_10_19_3367213/data/secureip/fe/fe_002.svp" Line 132137 : Function calls inside wait/event expression are sensitive to arguments only."cfg_tr_perm_sh_r4()" is called without any argument which may not unblock the wait/event expression.
WARNING: [XSIM 43-4398] File "/wrk/ci/prod/2021.2/rdi_builds/continuous/2021_10_19_3367213/data/secureip/fe/fe_002.svp" Line 132100 : Function calls inside wait/event expression are sensitive to arguments only."cfg_tr_perm_r4()" is called without any argument which may not unblock the wait/event expression.
WARNING: [XSIM 43-4398] File "/wrk/ci/prod/2021.2/rdi_builds/continuous/2021_10_19_3367213/data/secureip/fe/fe_002.svp" Line 132101 : Function calls inside wait/event expression are sensitive to arguments only."cfg_llr_perm_r4()" is called without any argument which may not unblock the wait/event expression.
WARNING: [XSIM 43-4398] File "/wrk/ci/prod/2021.2/rdi_builds/continuous/2021_10_19_3367213/data/secureip/fe/fe_002.svp" Line 132102 : Function calls inside wait/event expression are sensitive to arguments only."cfg_sym_perm_r4()" is called without any argument which may not unblock the wait/event expression.
WARNING: [XSIM 43-4398] File "/wrk/ci/prod/2021.2/rdi_builds/continuous/2021_10_19_3367213/data/secureip/fe/fe_002.svp" Line 132137 : Function calls inside wait/event expression are sensitive to arguments only."cfg_tr_perm_sh_r4()" is called without any argument which may not unblock the wait/event expression.
WARNING: [XSIM 43-4398] File "/wrk/ci/prod/2021.2/rdi_builds/continuous/2021_10_19_3367213/data/secureip/fe/fe_002.svp" Line 132100 : Function calls inside wait/event expression are sensitive to arguments only."cfg_tr_perm_r4()" is called without any argument which may not unblock the wait/event expression.
WARNING: [XSIM 43-4398] File "/wrk/ci/prod/2021.2/rdi_builds/continuous/2021_10_19_3367213/data/secureip/fe/fe_002.svp" Line 132101 : Function calls inside wait/event expression are sensitive to arguments only."cfg_llr_perm_r4()" is called without any argument which may not unblock the wait/event expression.
WARNING: [XSIM 43-4398] File "/wrk/ci/prod/2021.2/rdi_builds/continuous/2021_10_19_3367213/data/secureip/fe/fe_002.svp" Line 132102 : Function calls inside wait/event expression are sensitive to arguments only."cfg_sym_perm_r4()" is called without any argument which may not unblock the wait/event expression.
WARNING: [XSIM 43-4398] File "/wrk/ci/prod/2021.2/rdi_builds/continuous/2021_10_19_3367213/data/secureip/fe/fe_002.svp" Line 132137 : Function calls inside wait/event expression are sensitive to arguments only."cfg_tr_perm_sh_r4()" is called without any argument which may not unblock the wait/event expression.
WARNING: [XSIM 43-4398] File "/wrk/ci/prod/2021.2/rdi_builds/continuous/2021_10_19_3367213/data/secureip/fe/fe_002.svp" Line 132100 : Function calls inside wait/event expression are sensitive to arguments only."cfg_tr_perm_r4()" is called without any argument which may not unblock the wait/event expression.
WARNING: [XSIM 43-4398] File "/wrk/ci/prod/2021.2/rdi_builds/continuous/2021_10_19_3367213/data/secureip/fe/fe_002.svp" Line 132101 : Function calls inside wait/event expression are sensitive to arguments only."cfg_llr_perm_r4()" is called without any argument which may not unblock the wait/event expression.
WARNING: [XSIM 43-4398] File "/wrk/ci/prod/2021.2/rdi_builds/continuous/2021_10_19_3367213/data/secureip/fe/fe_002.svp" Line 132102 : Function calls inside wait/event expression are sensitive to arguments only."cfg_sym_perm_r4()" is called without any argument which may not unblock the wait/event expression.
WARNING: [XSIM 43-4398] File "/wrk/ci/prod/2021.2/rdi_builds/continuous/2021_10_19_3367213/data/secureip/fe/fe_002.svp" Line 132137 : Function calls inside wait/event expression are sensitive to arguments only."cfg_tr_perm_sh_r4()" is called without any argument which may not unblock the wait/event expression.
WARNING: [XSIM 43-4398] File "/wrk/ci/prod/2021.2/rdi_builds/continuous/2021_10_19_3367213/data/secureip/fe/fe_002.svp" Line 132100 : Function calls inside wait/event expression are sensitive to arguments only."cfg_tr_perm_r4()" is called without any argument which may not unblock the wait/event expression.
WARNING: [XSIM 43-4398] File "/wrk/ci/prod/2021.2/rdi_builds/continuous/2021_10_19_3367213/data/secureip/fe/fe_002.svp" Line 132101 : Function calls inside wait/event expression are sensitive to arguments only."cfg_llr_perm_r4()" is called without any argument which may not unblock the wait/event expression.
WARNING: [XSIM 43-4398] File "/wrk/ci/prod/2021.2/rdi_builds/continuous/2021_10_19_3367213/data/secureip/fe/fe_002.svp" Line 132102 : Function calls inside wait/event expression are sensitive to arguments only."cfg_sym_perm_r4()" is called without any argument which may not unblock the wait/event expression.
WARNING: [XSIM 43-4398] File "/wrk/ci/prod/2021.2/rdi_builds/continuous/2021_10_19_3367213/data/secureip/fe/fe_002.svp" Line 132137 : Function calls inside wait/event expression are sensitive to arguments only."cfg_tr_perm_sh_r4()" is called without any argument which may not unblock the wait/event expression.
WARNING: [XSIM 43-4398] File "/wrk/ci/prod/2021.2/rdi_builds/continuous/2021_10_19_3367213/data/secureip/fe/fe_002.svp" Line 132100 : Function calls inside wait/event expression are sensitive to arguments only."cfg_tr_perm_r4()" is called without any argument which may not unblock the wait/event expression.
WARNING: [XSIM 43-4398] File "/wrk/ci/prod/2021.2/rdi_builds/continuous/2021_10_19_3367213/data/secureip/fe/fe_002.svp" Line 132101 : Function calls inside wait/event expression are sensitive to arguments only."cfg_llr_perm_r4()" is called without any argument which may not unblock the wait/event expression.
WARNING: [XSIM 43-4398] File "/wrk/ci/prod/2021.2/rdi_builds/continuous/2021_10_19_3367213/data/secureip/fe/fe_002.svp" Line 132102 : Function calls inside wait/event expression are sensitive to arguments only."cfg_sym_perm_r4()" is called without any argument which may not unblock the wait/event expression.
WARNING: [XSIM 43-4398] File "/wrk/ci/prod/2021.2/rdi_builds/continuous/2021_10_19_3367213/data/secureip/fe/fe_002.svp" Line 132137 : Function calls inside wait/event expression are sensitive to arguments only."cfg_tr_perm_sh_r4()" is called without any argument which may not unblock the wait/event expression.
WARNING: [XSIM 43-4398] File "/wrk/ci/prod/2021.2/rdi_builds/continuous/2021_10_19_3367213/data/secureip/fe/fe_002.svp" Line 132100 : Function calls inside wait/event expression are sensitive to arguments only."cfg_tr_perm_r4()" is called without any argument which may not unblock the wait/event expression.
WARNING: [XSIM 43-4398] File "/wrk/ci/prod/2021.2/rdi_builds/continuous/2021_10_19_3367213/data/secureip/fe/fe_002.svp" Line 132101 : Function calls inside wait/event expression are sensitive to arguments only."cfg_llr_perm_r4()" is called without any argument which may not unblock the wait/event expression.
WARNING: [XSIM 43-4398] File "/wrk/ci/prod/2021.2/rdi_builds/continuous/2021_10_19_3367213/data/secureip/fe/fe_002.svp" Line 132102 : Function calls inside wait/event expression are sensitive to arguments only."cfg_sym_perm_r4()" is called without any argument which may not unblock the wait/event expression.
WARNING: [XSIM 43-4398] File "/wrk/ci/prod/2021.2/rdi_builds/continuous/2021_10_19_3367213/data/secureip/fe/fe_002.svp" Line 132137 : Function calls inside wait/event expression are sensitive to arguments only."cfg_tr_perm_sh_r4()" is called without any argument which may not unblock the wait/event expression.
WARNING: [XSIM 43-4398] File "/wrk/ci/prod/2021.2/rdi_builds/continuous/2021_10_19_3367213/data/secureip/fe/fe_002.svp" Line 132100 : Function calls inside wait/event expression are sensitive to arguments only."cfg_tr_perm_r4()" is called without any argument which may not unblock the wait/event expression.
WARNING: [XSIM 43-4398] File "/wrk/ci/prod/2021.2/rdi_builds/continuous/2021_10_19_3367213/data/secureip/fe/fe_002.svp" Line 132101 : Function calls inside wait/event expression are sensitive to arguments only."cfg_llr_perm_r4()" is called without any argument which may not unblock the wait/event expression.
WARNING: [XSIM 43-4398] File "/wrk/ci/prod/2021.2/rdi_builds/continuous/2021_10_19_3367213/data/secureip/fe/fe_002.svp" Line 132102 : Function calls inside wait/event expression are sensitive to arguments only."cfg_sym_perm_r4()" is called without any argument which may not unblock the wait/event expression.
WARNING: [XSIM 43-4398] File "/wrk/ci/prod/2021.2/rdi_builds/continuous/2021_10_19_3367213/data/secureip/fe/fe_002.svp" Line 132137 : Function calls inside wait/event expression are sensitive to arguments only."cfg_tr_perm_sh_r4()" is called without any argument which may not unblock the wait/event expression.
WARNING: [XSIM 43-4398] File "/wrk/ci/prod/2021.2/rdi_builds/continuous/2021_10_19_3367213/data/secureip/fe/fe_002.svp" Line 132100 : Function calls inside wait/event expression are sensitive to arguments only."cfg_tr_perm_r4()" is called without any argument which may not unblock the wait/event expression.
WARNING: [XSIM 43-4398] File "/wrk/ci/prod/2021.2/rdi_builds/continuous/2021_10_19_3367213/data/secureip/fe/fe_002.svp" Line 132101 : Function calls inside wait/event expression are sensitive to arguments only."cfg_llr_perm_r4()" is called without any argument which may not unblock the wait/event expression.
WARNING: [XSIM 43-4398] File "/wrk/ci/prod/2021.2/rdi_builds/continuous/2021_10_19_3367213/data/secureip/fe/fe_002.svp" Line 132102 : Function calls inside wait/event expression are sensitive to arguments only."cfg_sym_perm_r4()" is called without any argument which may not unblock the wait/event expression.
WARNING: [XSIM 43-4398] File "/wrk/ci/prod/2021.2/rdi_builds/continuous/2021_10_19_3367213/data/secureip/fe/fe_002.svp" Line 132137 : Function calls inside wait/event expression are sensitive to arguments only."cfg_tr_perm_sh_r4()" is called without any argument which may not unblock the wait/event expression.
WARNING: [XSIM 43-4398] File "/wrk/ci/prod/2021.2/rdi_builds/continuous/2021_10_19_3367213/data/secureip/fe/fe_002.svp" Line 132100 : Function calls inside wait/event expression are sensitive to arguments only."cfg_tr_perm_r4()" is called without any argument which may not unblock the wait/event expression.
WARNING: [XSIM 43-4398] File "/wrk/ci/prod/2021.2/rdi_builds/continuous/2021_10_19_3367213/data/secureip/fe/fe_002.svp" Line 132101 : Function calls inside wait/event expression are sensitive to arguments only."cfg_llr_perm_r4()" is called without any argument which may not unblock the wait/event expression.
WARNING: [XSIM 43-4398] File "/wrk/ci/prod/2021.2/rdi_builds/continuous/2021_10_19_3367213/data/secureip/fe/fe_002.svp" Line 132102 : Function calls inside wait/event expression are sensitive to arguments only."cfg_sym_perm_r4()" is called without any argument which may not unblock the wait/event expression.
WARNING: [XSIM 43-4398] File "/wrk/ci/prod/2021.2/rdi_builds/continuous/2021_10_19_3367213/data/secureip/fe/fe_002.svp" Line 132137 : Function calls inside wait/event expression are sensitive to arguments only."cfg_tr_perm_sh_r4()" is called without any argument which may not unblock the wait/event expression.
WARNING: [XSIM 43-4398] File "/wrk/ci/prod/2021.2/rdi_builds/continuous/2021_10_19_3367213/data/secureip/fe/fe_002.svp" Line 132100 : Function calls inside wait/event expression are sensitive to arguments only."cfg_tr_perm_r4()" is called without any argument which may not unblock the wait/event expression.
WARNING: [XSIM 43-4398] File "/wrk/ci/prod/2021.2/rdi_builds/continuous/2021_10_19_3367213/data/secureip/fe/fe_002.svp" Line 132101 : Function calls inside wait/event expression are sensitive to arguments only."cfg_llr_perm_r4()" is called without any argument which may not unblock the wait/event expression.
WARNING: [XSIM 43-4398] File "/wrk/ci/prod/2021.2/rdi_builds/continuous/2021_10_19_3367213/data/secureip/fe/fe_002.svp" Line 132102 : Function calls inside wait/event expression are sensitive to arguments only."cfg_sym_perm_r4()" is called without any argument which may not unblock the wait/event expression.
WARNING: [XSIM 43-4398] File "/wrk/ci/prod/2021.2/rdi_builds/continuous/2021_10_19_3367213/data/secureip/fe/fe_002.svp" Line 132137 : Function calls inside wait/event expression are sensitive to arguments only."cfg_tr_perm_sh_r4()" is called without any argument which may not unblock the wait/event expression.
WARNING: [XSIM 43-4398] File "/wrk/ci/prod/2021.2/rdi_builds/continuous/2021_10_19_3367213/data/secureip/fe/fe_002.svp" Line 132100 : Function calls inside wait/event expression are sensitive to arguments only."cfg_tr_perm_r4()" is called without any argument which may not unblock the wait/event expression.
WARNING: [XSIM 43-4398] File "/wrk/ci/prod/2021.2/rdi_builds/continuous/2021_10_19_3367213/data/secureip/fe/fe_002.svp" Line 132101 : Function calls inside wait/event expression are sensitive to arguments only."cfg_llr_perm_r4()" is called without any argument which may not unblock the wait/event expression.
WARNING: [XSIM 43-4398] File "/wrk/ci/prod/2021.2/rdi_builds/continuous/2021_10_19_3367213/data/secureip/fe/fe_002.svp" Line 132102 : Function calls inside wait/event expression are sensitive to arguments only."cfg_sym_perm_r4()" is called without any argument which may not unblock the wait/event expression.
WARNING: [XSIM 43-4398] File "/wrk/ci/prod/2021.2/rdi_builds/continuous/2021_10_19_3367213/data/secureip/fe/fe_002.svp" Line 132137 : Function calls inside wait/event expression are sensitive to arguments only."cfg_tr_perm_sh_r4()" is called without any argument which may not unblock the wait/event expression.
WARNING: [XSIM 43-4398] File "/wrk/ci/prod/2021.2/rdi_builds/continuous/2021_10_19_3367213/data/secureip/fe/fe_002.svp" Line 132100 : Function calls inside wait/event expression are sensitive to arguments only."cfg_tr_perm_r4()" is called without any argument which may not unblock the wait/event expression.
WARNING: [XSIM 43-4398] File "/wrk/ci/prod/2021.2/rdi_builds/continuous/2021_10_19_3367213/data/secureip/fe/fe_002.svp" Line 132101 : Function calls inside wait/event expression are sensitive to arguments only."cfg_llr_perm_r4()" is called without any argument which may not unblock the wait/event expression.
WARNING: [XSIM 43-4398] File "/wrk/ci/prod/2021.2/rdi_builds/continuous/2021_10_19_3367213/data/secureip/fe/fe_002.svp" Line 132102 : Function calls inside wait/event expression are sensitive to arguments only."cfg_sym_perm_r4()" is called without any argument which may not unblock the wait/event expression.
WARNING: [XSIM 43-4398] File "/wrk/ci/prod/2021.2/rdi_builds/continuous/2021_10_19_3367213/data/secureip/fe/fe_002.svp" Line 132137 : Function calls inside wait/event expression are sensitive to arguments only."cfg_tr_perm_sh_r4()" is called without any argument which may not unblock the wait/event expression.
WARNING: [XSIM 43-4398] File "/wrk/ci/prod/2021.2/rdi_builds/continuous/2021_10_19_3367213/data/secureip/fe/fe_002.svp" Line 132100 : Function calls inside wait/event expression are sensitive to arguments only."cfg_tr_perm_r4()" is called without any argument which may not unblock the wait/event expression.
WARNING: [XSIM 43-4398] File "/wrk/ci/prod/2021.2/rdi_builds/continuous/2021_10_19_3367213/data/secureip/fe/fe_002.svp" Line 132101 : Function calls inside wait/event expression are sensitive to arguments only."cfg_llr_perm_r4()" is called without any argument which may not unblock the wait/event expression.
WARNING: [XSIM 43-4398] File "/wrk/ci/prod/2021.2/rdi_builds/continuous/2021_10_19_3367213/data/secureip/fe/fe_002.svp" Line 132102 : Function calls inside wait/event expression are sensitive to arguments only."cfg_sym_perm_r4()" is called without any argument which may not unblock the wait/event expression.
WARNING: [XSIM 43-4398] File "/wrk/ci/prod/2021.2/rdi_builds/continuous/2021_10_19_3367213/data/secureip/fe/fe_002.svp" Line 132137 : Function calls inside wait/event expression are sensitive to arguments only."cfg_tr_perm_sh_r4()" is called without any argument which may not unblock the wait/event expression.
WARNING: [XSIM 43-4398] File "/wrk/ci/prod/2021.2/rdi_builds/continuous/2021_10_19_3367213/data/secureip/fe/fe_002.svp" Line 132100 : Function calls inside wait/event expression are sensitive to arguments only."cfg_tr_perm_r4()" is called without any argument which may not unblock the wait/event expression.
WARNING: [XSIM 43-4398] File "/wrk/ci/prod/2021.2/rdi_builds/continuous/2021_10_19_3367213/data/secureip/fe/fe_002.svp" Line 132101 : Function calls inside wait/event expression are sensitive to arguments only."cfg_llr_perm_r4()" is called without any argument which may not unblock the wait/event expression.
WARNING: [XSIM 43-4398] File "/wrk/ci/prod/2021.2/rdi_builds/continuous/2021_10_19_3367213/data/secureip/fe/fe_002.svp" Line 132102 : Function calls inside wait/event expression are sensitive to arguments only."cfg_sym_perm_r4()" is called without any argument which may not unblock the wait/event expression.
WARNING: [XSIM 43-4398] File "/wrk/ci/prod/2021.2/rdi_builds/continuous/2021_10_19_3367213/data/secureip/fe/fe_002.svp" Line 132137 : Function calls inside wait/event expression are sensitive to arguments only."cfg_tr_perm_sh_r4()" is called without any argument which may not unblock the wait/event expression.
WARNING: [XSIM 43-4398] File "/wrk/ci/prod/2021.2/rdi_builds/continuous/2021_10_19_3367213/data/secureip/fe/fe_002.svp" Line 134806 : Function calls inside wait/event expression are sensitive to arguments only."crc24b_par4_mask()" is called without any argument which may not unblock the wait/event expression.
WARNING: [XSIM 43-4398] File "/wrk/ci/prod/2021.2/rdi_builds/continuous/2021_10_19_3367213/data/secureip/fe/fe_002.svp" Line 134806 : Function calls inside wait/event expression are sensitive to arguments only."crc24a_par4_mask()" is called without any argument which may not unblock the wait/event expression.
WARNING: [XSIM 43-4398] File "/wrk/ci/prod/2021.2/rdi_builds/continuous/2021_10_19_3367213/data/secureip/fe/fe_002.svp" Line 134807 : Function calls inside wait/event expression are sensitive to arguments only."crc24b_par2_mask()" is called without any argument which may not unblock the wait/event expression.
WARNING: [XSIM 43-4398] File "/wrk/ci/prod/2021.2/rdi_builds/continuous/2021_10_19_3367213/data/secureip/fe/fe_002.svp" Line 134807 : Function calls inside wait/event expression are sensitive to arguments only."crc24a_par2_mask()" is called without any argument which may not unblock the wait/event expression.
WARNING: [XSIM 43-4398] File "/wrk/ci/prod/2021.2/rdi_builds/continuous/2021_10_19_3367213/data/secureip/fe/fe_002.svp" Line 134808 : Function calls inside wait/event expression are sensitive to arguments only."crc24b_adv()" is called without any argument which may not unblock the wait/event expression.
WARNING: [XSIM 43-4398] File "/wrk/ci/prod/2021.2/rdi_builds/continuous/2021_10_19_3367213/data/secureip/fe/fe_002.svp" Line 134808 : Function calls inside wait/event expression are sensitive to arguments only."crc24a_adv()" is called without any argument which may not unblock the wait/event expression.
WARNING: [XSIM 43-4398] File "/wrk/ci/prod/2021.2/rdi_builds/continuous/2021_10_19_3367213/data/secureip/fe/fe_002.svp" Line 134969 : Function calls inside wait/event expression are sensitive to arguments only."crc24b_adv()" is called without any argument which may not unblock the wait/event expression.
WARNING: [XSIM 43-4398] File "/wrk/ci/prod/2021.2/rdi_builds/continuous/2021_10_19_3367213/data/secureip/fe/fe_002.svp" Line 134969 : Function calls inside wait/event expression are sensitive to arguments only."crc24a_adv()" is called without any argument which may not unblock the wait/event expression.
WARNING: [XSIM 43-4398] File "/wrk/ci/prod/2021.2/rdi_builds/continuous/2021_10_19_3367213/data/secureip/fe/fe_002.svp" Line 127127 : Function calls inside wait/event expression are sensitive to arguments only."init_alpha()" is called without any argument which may not unblock the wait/event expression.
WARNING: [XSIM 43-4398] File "/wrk/ci/prod/2021.2/rdi_builds/continuous/2021_10_19_3367213/data/secureip/fe/fe_002.svp" Line 131216 : Function calls inside wait/event expression are sensitive to arguments only."cfg_bm_perm_r4()" is called without any argument which may not unblock the wait/event expression.
WARNING: [XSIM 43-4398] File "/wrk/ci/prod/2021.2/rdi_builds/continuous/2021_10_19_3367213/data/secureip/fe/fe_002.svp" Line 131216 : Function calls inside wait/event expression are sensitive to arguments only."cfg_bm_perm_r4()" is called without any argument which may not unblock the wait/event expression.
WARNING: [XSIM 43-4398] File "/wrk/ci/prod/2021.2/rdi_builds/continuous/2021_10_19_3367213/data/secureip/fe/fe_002.svp" Line 131216 : Function calls inside wait/event expression are sensitive to arguments only."cfg_bm_perm_r4()" is called without any argument which may not unblock the wait/event expression.
WARNING: [XSIM 43-4398] File "/wrk/ci/prod/2021.2/rdi_builds/continuous/2021_10_19_3367213/data/secureip/fe/fe_002.svp" Line 131216 : Function calls inside wait/event expression are sensitive to arguments only."cfg_bm_perm_r4()" is called without any argument which may not unblock the wait/event expression.
WARNING: [XSIM 43-4398] File "/wrk/ci/prod/2021.2/rdi_builds/continuous/2021_10_19_3367213/data/secureip/fe/fe_002.svp" Line 131216 : Function calls inside wait/event expression are sensitive to arguments only."cfg_bm_perm_r4()" is called without any argument which may not unblock the wait/event expression.
WARNING: [XSIM 43-4398] File "/wrk/ci/prod/2021.2/rdi_builds/continuous/2021_10_19_3367213/data/secureip/fe/fe_002.svp" Line 131216 : Function calls inside wait/event expression are sensitive to arguments only."cfg_bm_perm_r4()" is called without any argument which may not unblock the wait/event expression.
WARNING: [XSIM 43-4398] File "/wrk/ci/prod/2021.2/rdi_builds/continuous/2021_10_19_3367213/data/secureip/fe/fe_002.svp" Line 131216 : Function calls inside wait/event expression are sensitive to arguments only."cfg_bm_perm_r4()" is called without any argument which may not unblock the wait/event expression.
WARNING: [XSIM 43-4398] File "/wrk/ci/prod/2021.2/rdi_builds/continuous/2021_10_19_3367213/data/secureip/fe/fe_002.svp" Line 131216 : Function calls inside wait/event expression are sensitive to arguments only."cfg_bm_perm_r4()" is called without any argument which may not unblock the wait/event expression.
WARNING: [XSIM 43-4398] File "/wrk/ci/prod/2021.2/rdi_builds/continuous/2021_10_19_3367213/data/secureip/fe/fe_002.svp" Line 131216 : Function calls inside wait/event expression are sensitive to arguments only."cfg_bm_perm_r4()" is called without any argument which may not unblock the wait/event expression.
WARNING: [XSIM 43-4398] File "/wrk/ci/prod/2021.2/rdi_builds/continuous/2021_10_19_3367213/data/secureip/fe/fe_002.svp" Line 131216 : Function calls inside wait/event expression are sensitive to arguments only."cfg_bm_perm_r4()" is called without any argument which may not unblock the wait/event expression.
WARNING: [XSIM 43-4398] File "/wrk/ci/prod/2021.2/rdi_builds/continuous/2021_10_19_3367213/data/secureip/fe/fe_002.svp" Line 131216 : Function calls inside wait/event expression are sensitive to arguments only."cfg_bm_perm_r4()" is called without any argument which may not unblock the wait/event expression.
WARNING: [XSIM 43-4398] File "/wrk/ci/prod/2021.2/rdi_builds/continuous/2021_10_19_3367213/data/secureip/fe/fe_002.svp" Line 131216 : Function calls inside wait/event expression are sensitive to arguments only."cfg_bm_perm_r4()" is called without any argument which may not unblock the wait/event expression.
WARNING: [XSIM 43-4398] File "/wrk/ci/prod/2021.2/rdi_builds/continuous/2021_10_19_3367213/data/secureip/fe/fe_002.svp" Line 131216 : Function calls inside wait/event expression are sensitive to arguments only."cfg_bm_perm_r4()" is called without any argument which may not unblock the wait/event expression.
WARNING: [XSIM 43-4398] File "/wrk/ci/prod/2021.2/rdi_builds/continuous/2021_10_19_3367213/data/secureip/fe/fe_002.svp" Line 131216 : Function calls inside wait/event expression are sensitive to arguments only."cfg_bm_perm_r4()" is called without any argument which may not unblock the wait/event expression.
WARNING: [XSIM 43-4398] File "/wrk/ci/prod/2021.2/rdi_builds/continuous/2021_10_19_3367213/data/secureip/fe/fe_002.svp" Line 131216 : Function calls inside wait/event expression are sensitive to arguments only."cfg_bm_perm_r4()" is called without any argument which may not unblock the wait/event expression.
WARNING: [XSIM 43-4398] File "/wrk/ci/prod/2021.2/rdi_builds/continuous/2021_10_19_3367213/data/secureip/fe/fe_002.svp" Line 131216 : Function calls inside wait/event expression are sensitive to arguments only."cfg_bm_perm_r4()" is called without any argument which may not unblock the wait/event expression.
WARNING: [XSIM 43-4398] File "/wrk/ci/prod/2021.2/rdi_builds/continuous/2021_10_19_3367213/data/secureip/fe/fe_002.svp" Line 134226 : Function calls inside wait/event expression are sensitive to arguments only."cfg_alpha_perm_r4()" is called without any argument which may not unblock the wait/event expression.
WARNING: [XSIM 43-4398] File "/wrk/ci/prod/2021.2/rdi_builds/continuous/2021_10_19_3367213/data/secureip/fe/fe_002.svp" Line 134226 : Function calls inside wait/event expression are sensitive to arguments only."cfg_alpha_perm_r4()" is called without any argument which may not unblock the wait/event expression.
WARNING: [XSIM 43-4398] File "/wrk/ci/prod/2021.2/rdi_builds/continuous/2021_10_19_3367213/data/secureip/fe/fe_002.svp" Line 134226 : Function calls inside wait/event expression are sensitive to arguments only."cfg_alpha_perm_r4()" is called without any argument which may not unblock the wait/event expression.
WARNING: [XSIM 43-4398] File "/wrk/ci/prod/2021.2/rdi_builds/continuous/2021_10_19_3367213/data/secureip/fe/fe_002.svp" Line 134226 : Function calls inside wait/event expression are sensitive to arguments only."cfg_alpha_perm_r4()" is called without any argument which may not unblock the wait/event expression.
WARNING: [XSIM 43-4398] File "/wrk/ci/prod/2021.2/rdi_builds/continuous/2021_10_19_3367213/data/secureip/fe/fe_002.svp" Line 134226 : Function calls inside wait/event expression are sensitive to arguments only."cfg_alpha_perm_r4()" is called without any argument which may not unblock the wait/event expression.
WARNING: [XSIM 43-4398] File "/wrk/ci/prod/2021.2/rdi_builds/continuous/2021_10_19_3367213/data/secureip/fe/fe_002.svp" Line 134226 : Function calls inside wait/event expression are sensitive to arguments only."cfg_alpha_perm_r4()" is called without any argument which may not unblock the wait/event expression.
WARNING: [XSIM 43-4398] File "/wrk/ci/prod/2021.2/rdi_builds/continuous/2021_10_19_3367213/data/secureip/fe/fe_002.svp" Line 134226 : Function calls inside wait/event expression are sensitive to arguments only."cfg_alpha_perm_r4()" is called without any argument which may not unblock the wait/event expression.
WARNING: [XSIM 43-4398] File "/wrk/ci/prod/2021.2/rdi_builds/continuous/2021_10_19_3367213/data/secureip/fe/fe_002.svp" Line 134226 : Function calls inside wait/event expression are sensitive to arguments only."cfg_alpha_perm_r4()" is called without any argument which may not unblock the wait/event expression.
WARNING: [XSIM 43-4398] File "/wrk/ci/prod/2021.2/rdi_builds/continuous/2021_10_19_3367213/data/secureip/fe/fe_002.svp" Line 134226 : Function calls inside wait/event expression are sensitive to arguments only."cfg_alpha_perm_r4()" is called without any argument which may not unblock the wait/event expression.
WARNING: [XSIM 43-4398] File "/wrk/ci/prod/2021.2/rdi_builds/continuous/2021_10_19_3367213/data/secureip/fe/fe_002.svp" Line 134226 : Function calls inside wait/event expression are sensitive to arguments only."cfg_alpha_perm_r4()" is called without any argument which may not unblock the wait/event expression.
WARNING: [XSIM 43-4398] File "/wrk/ci/prod/2021.2/rdi_builds/continuous/2021_10_19_3367213/data/secureip/fe/fe_002.svp" Line 134226 : Function calls inside wait/event expression are sensitive to arguments only."cfg_alpha_perm_r4()" is called without any argument which may not unblock the wait/event expression.
WARNING: [XSIM 43-4398] File "/wrk/ci/prod/2021.2/rdi_builds/continuous/2021_10_19_3367213/data/secureip/fe/fe_002.svp" Line 134226 : Function calls inside wait/event expression are sensitive to arguments only."cfg_alpha_perm_r4()" is called without any argument which may not unblock the wait/event expression.
WARNING: [XSIM 43-4398] File "/wrk/ci/prod/2021.2/rdi_builds/continuous/2021_10_19_3367213/data/secureip/fe/fe_002.svp" Line 134226 : Function calls inside wait/event expression are sensitive to arguments only."cfg_alpha_perm_r4()" is called without any argument which may not unblock the wait/event expression.
WARNING: [XSIM 43-4398] File "/wrk/ci/prod/2021.2/rdi_builds/continuous/2021_10_19_3367213/data/secureip/fe/fe_002.svp" Line 134226 : Function calls inside wait/event expression are sensitive to arguments only."cfg_alpha_perm_r4()" is called without any argument which may not unblock the wait/event expression.
WARNING: [XSIM 43-4398] File "/wrk/ci/prod/2021.2/rdi_builds/continuous/2021_10_19_3367213/data/secureip/fe/fe_002.svp" Line 134226 : Function calls inside wait/event expression are sensitive to arguments only."cfg_alpha_perm_r4()" is called without any argument which may not unblock the wait/event expression.
WARNING: [XSIM 43-4398] File "/wrk/ci/prod/2021.2/rdi_builds/continuous/2021_10_19_3367213/data/secureip/fe/fe_002.svp" Line 134226 : Function calls inside wait/event expression are sensitive to arguments only."cfg_alpha_perm_r4()" is called without any argument which may not unblock the wait/event expression.
WARNING: [XSIM 43-4398] File "/wrk/ci/prod/2021.2/rdi_builds/continuous/2021_10_19_3367213/data/secureip/fe/fe_002.svp" Line 131216 : Function calls inside wait/event expression are sensitive to arguments only."cfg_bm_perm_r4()" is called without any argument which may not unblock the wait/event expression.
WARNING: [XSIM 43-4398] File "/wrk/ci/prod/2021.2/rdi_builds/continuous/2021_10_19_3367213/data/secureip/fe/fe_002.svp" Line 131216 : Function calls inside wait/event expression are sensitive to arguments only."cfg_bm_perm_r4()" is called without any argument which may not unblock the wait/event expression.
WARNING: [XSIM 43-4398] File "/wrk/ci/prod/2021.2/rdi_builds/continuous/2021_10_19_3367213/data/secureip/fe/fe_002.svp" Line 131216 : Function calls inside wait/event expression are sensitive to arguments only."cfg_bm_perm_r4()" is called without any argument which may not unblock the wait/event expression.
WARNING: [XSIM 43-4398] File "/wrk/ci/prod/2021.2/rdi_builds/continuous/2021_10_19_3367213/data/secureip/fe/fe_002.svp" Line 131216 : Function calls inside wait/event expression are sensitive to arguments only."cfg_bm_perm_r4()" is called without any argument which may not unblock the wait/event expression.
WARNING: [XSIM 43-4398] File "/wrk/ci/prod/2021.2/rdi_builds/continuous/2021_10_19_3367213/data/secureip/fe/fe_002.svp" Line 131216 : Function calls inside wait/event expression are sensitive to arguments only."cfg_bm_perm_r4()" is called without any argument which may not unblock the wait/event expression.
WARNING: [XSIM 43-4398] File "/wrk/ci/prod/2021.2/rdi_builds/continuous/2021_10_19_3367213/data/secureip/fe/fe_002.svp" Line 131216 : Function calls inside wait/event expression are sensitive to arguments only."cfg_bm_perm_r4()" is called without any argument which may not unblock the wait/event expression.
WARNING: [XSIM 43-4398] File "/wrk/ci/prod/2021.2/rdi_builds/continuous/2021_10_19_3367213/data/secureip/fe/fe_002.svp" Line 131216 : Function calls inside wait/event expression are sensitive to arguments only."cfg_bm_perm_r4()" is called without any argument which may not unblock the wait/event expression.
WARNING: [XSIM 43-4398] File "/wrk/ci/prod/2021.2/rdi_builds/continuous/2021_10_19_3367213/data/secureip/fe/fe_002.svp" Line 131216 : Function calls inside wait/event expression are sensitive to arguments only."cfg_bm_perm_r4()" is called without any argument which may not unblock the wait/event expression.
WARNING: [XSIM 43-4398] File "/wrk/ci/prod/2021.2/rdi_builds/continuous/2021_10_19_3367213/data/secureip/fe/fe_002.svp" Line 131216 : Function calls inside wait/event expression are sensitive to arguments only."cfg_bm_perm_r4()" is called without any argument which may not unblock the wait/event expression.
WARNING: [XSIM 43-4398] File "/wrk/ci/prod/2021.2/rdi_builds/continuous/2021_10_19_3367213/data/secureip/fe/fe_002.svp" Line 131216 : Function calls inside wait/event expression are sensitive to arguments only."cfg_bm_perm_r4()" is called without any argument which may not unblock the wait/event expression.
WARNING: [XSIM 43-4398] File "/wrk/ci/prod/2021.2/rdi_builds/continuous/2021_10_19_3367213/data/secureip/fe/fe_002.svp" Line 131216 : Function calls inside wait/event expression are sensitive to arguments only."cfg_bm_perm_r4()" is called without any argument which may not unblock the wait/event expression.
WARNING: [XSIM 43-4398] File "/wrk/ci/prod/2021.2/rdi_builds/continuous/2021_10_19_3367213/data/secureip/fe/fe_002.svp" Line 131216 : Function calls inside wait/event expression are sensitive to arguments only."cfg_bm_perm_r4()" is called without any argument which may not unblock the wait/event expression.
WARNING: [XSIM 43-4398] File "/wrk/ci/prod/2021.2/rdi_builds/continuous/2021_10_19_3367213/data/secureip/fe/fe_002.svp" Line 131216 : Function calls inside wait/event expression are sensitive to arguments only."cfg_bm_perm_r4()" is called without any argument which may not unblock the wait/event expression.
WARNING: [XSIM 43-4398] File "/wrk/ci/prod/2021.2/rdi_builds/continuous/2021_10_19_3367213/data/secureip/fe/fe_002.svp" Line 131216 : Function calls inside wait/event expression are sensitive to arguments only."cfg_bm_perm_r4()" is called without any argument which may not unblock the wait/event expression.
WARNING: [XSIM 43-4398] File "/wrk/ci/prod/2021.2/rdi_builds/continuous/2021_10_19_3367213/data/secureip/fe/fe_002.svp" Line 131216 : Function calls inside wait/event expression are sensitive to arguments only."cfg_bm_perm_r4()" is called without any argument which may not unblock the wait/event expression.
WARNING: [XSIM 43-4398] File "/wrk/ci/prod/2021.2/rdi_builds/continuous/2021_10_19_3367213/data/secureip/fe/fe_002.svp" Line 131216 : Function calls inside wait/event expression are sensitive to arguments only."cfg_bm_perm_r4()" is called without any argument which may not unblock the wait/event expression.
WARNING: [XSIM 43-4398] File "/wrk/ci/prod/2021.2/rdi_builds/continuous/2021_10_19_3367213/data/secureip/fe/fe_002.svp" Line 129263 : Function calls inside wait/event expression are sensitive to arguments only."cfg_bi_perm_r4()" is called without any argument which may not unblock the wait/event expression.
WARNING: [XSIM 43-4398] File "/wrk/ci/prod/2021.2/rdi_builds/continuous/2021_10_19_3367213/data/secureip/fe/fe_002.svp" Line 134226 : Function calls inside wait/event expression are sensitive to arguments only."cfg_beta_perm_r4()" is called without any argument which may not unblock the wait/event expression.
WARNING: [XSIM 43-4398] File "/wrk/ci/prod/2021.2/rdi_builds/continuous/2021_10_19_3367213/data/secureip/fe/fe_002.svp" Line 134226 : Function calls inside wait/event expression are sensitive to arguments only."cfg_beta_perm_r4()" is called without any argument which may not unblock the wait/event expression.
WARNING: [XSIM 43-4398] File "/wrk/ci/prod/2021.2/rdi_builds/continuous/2021_10_19_3367213/data/secureip/fe/fe_002.svp" Line 134226 : Function calls inside wait/event expression are sensitive to arguments only."cfg_beta_perm_r4()" is called without any argument which may not unblock the wait/event expression.
WARNING: [XSIM 43-4398] File "/wrk/ci/prod/2021.2/rdi_builds/continuous/2021_10_19_3367213/data/secureip/fe/fe_002.svp" Line 134226 : Function calls inside wait/event expression are sensitive to arguments only."cfg_beta_perm_r4()" is called without any argument which may not unblock the wait/event expression.
WARNING: [XSIM 43-4398] File "/wrk/ci/prod/2021.2/rdi_builds/continuous/2021_10_19_3367213/data/secureip/fe/fe_002.svp" Line 134226 : Function calls inside wait/event expression are sensitive to arguments only."cfg_beta_perm_r4()" is called without any argument which may not unblock the wait/event expression.
WARNING: [XSIM 43-4398] File "/wrk/ci/prod/2021.2/rdi_builds/continuous/2021_10_19_3367213/data/secureip/fe/fe_002.svp" Line 134226 : Function calls inside wait/event expression are sensitive to arguments only."cfg_beta_perm_r4()" is called without any argument which may not unblock the wait/event expression.
WARNING: [XSIM 43-4398] File "/wrk/ci/prod/2021.2/rdi_builds/continuous/2021_10_19_3367213/data/secureip/fe/fe_002.svp" Line 134226 : Function calls inside wait/event expression are sensitive to arguments only."cfg_beta_perm_r4()" is called without any argument which may not unblock the wait/event expression.
WARNING: [XSIM 43-4398] File "/wrk/ci/prod/2021.2/rdi_builds/continuous/2021_10_19_3367213/data/secureip/fe/fe_002.svp" Line 134226 : Function calls inside wait/event expression are sensitive to arguments only."cfg_beta_perm_r4()" is called without any argument which may not unblock the wait/event expression.
WARNING: [XSIM 43-4398] File "/wrk/ci/prod/2021.2/rdi_builds/continuous/2021_10_19_3367213/data/secureip/fe/fe_002.svp" Line 134226 : Function calls inside wait/event expression are sensitive to arguments only."cfg_beta_perm_r4()" is called without any argument which may not unblock the wait/event expression.
WARNING: [XSIM 43-4398] File "/wrk/ci/prod/2021.2/rdi_builds/continuous/2021_10_19_3367213/data/secureip/fe/fe_002.svp" Line 134226 : Function calls inside wait/event expression are sensitive to arguments only."cfg_beta_perm_r4()" is called without any argument which may not unblock the wait/event expression.
WARNING: [XSIM 43-4398] File "/wrk/ci/prod/2021.2/rdi_builds/continuous/2021_10_19_3367213/data/secureip/fe/fe_002.svp" Line 134226 : Function calls inside wait/event expression are sensitive to arguments only."cfg_beta_perm_r4()" is called without any argument which may not unblock the wait/event expression.
WARNING: [XSIM 43-4398] File "/wrk/ci/prod/2021.2/rdi_builds/continuous/2021_10_19_3367213/data/secureip/fe/fe_002.svp" Line 134226 : Function calls inside wait/event expression are sensitive to arguments only."cfg_beta_perm_r4()" is called without any argument which may not unblock the wait/event expression.
WARNING: [XSIM 43-4398] File "/wrk/ci/prod/2021.2/rdi_builds/continuous/2021_10_19_3367213/data/secureip/fe/fe_002.svp" Line 134226 : Function calls inside wait/event expression are sensitive to arguments only."cfg_beta_perm_r4()" is called without any argument which may not unblock the wait/event expression.
WARNING: [XSIM 43-4398] File "/wrk/ci/prod/2021.2/rdi_builds/continuous/2021_10_19_3367213/data/secureip/fe/fe_002.svp" Line 134226 : Function calls inside wait/event expression are sensitive to arguments only."cfg_beta_perm_r4()" is called without any argument which may not unblock the wait/event expression.
WARNING: [XSIM 43-4398] File "/wrk/ci/prod/2021.2/rdi_builds/continuous/2021_10_19_3367213/data/secureip/fe/fe_002.svp" Line 134226 : Function calls inside wait/event expression are sensitive to arguments only."cfg_beta_perm_r4()" is called without any argument which may not unblock the wait/event expression.
WARNING: [XSIM 43-4398] File "/wrk/ci/prod/2021.2/rdi_builds/continuous/2021_10_19_3367213/data/secureip/fe/fe_002.svp" Line 134226 : Function calls inside wait/event expression are sensitive to arguments only."cfg_beta_perm_r4()" is called without any argument which may not unblock the wait/event expression.
WARNING: [XSIM 43-4398] File "/wrk/ci/prod/2021.2/rdi_builds/continuous/2021_10_19_3367213/data/secureip/fe/fe_002.svp" Line 132100 : Function calls inside wait/event expression are sensitive to arguments only."cfg_tr_perm_r4()" is called without any argument which may not unblock the wait/event expression.
WARNING: [XSIM 43-4398] File "/wrk/ci/prod/2021.2/rdi_builds/continuous/2021_10_19_3367213/data/secureip/fe/fe_002.svp" Line 132101 : Function calls inside wait/event expression are sensitive to arguments only."cfg_llr_perm_r4()" is called without any argument which may not unblock the wait/event expression.
WARNING: [XSIM 43-4398] File "/wrk/ci/prod/2021.2/rdi_builds/continuous/2021_10_19_3367213/data/secureip/fe/fe_002.svp" Line 132102 : Function calls inside wait/event expression are sensitive to arguments only."cfg_sym_perm_r4()" is called without any argument which may not unblock the wait/event expression.
WARNING: [XSIM 43-4398] File "/wrk/ci/prod/2021.2/rdi_builds/continuous/2021_10_19_3367213/data/secureip/fe/fe_002.svp" Line 132137 : Function calls inside wait/event expression are sensitive to arguments only."cfg_tr_perm_sh_r4()" is called without any argument which may not unblock the wait/event expression.
WARNING: [XSIM 43-4398] File "/wrk/ci/prod/2021.2/rdi_builds/continuous/2021_10_19_3367213/data/secureip/fe/fe_002.svp" Line 132100 : Function calls inside wait/event expression are sensitive to arguments only."cfg_tr_perm_r4()" is called without any argument which may not unblock the wait/event expression.
WARNING: [XSIM 43-4398] File "/wrk/ci/prod/2021.2/rdi_builds/continuous/2021_10_19_3367213/data/secureip/fe/fe_002.svp" Line 132101 : Function calls inside wait/event expression are sensitive to arguments only."cfg_llr_perm_r4()" is called without any argument which may not unblock the wait/event expression.
WARNING: [XSIM 43-4398] File "/wrk/ci/prod/2021.2/rdi_builds/continuous/2021_10_19_3367213/data/secureip/fe/fe_002.svp" Line 132102 : Function calls inside wait/event expression are sensitive to arguments only."cfg_sym_perm_r4()" is called without any argument which may not unblock the wait/event expression.
WARNING: [XSIM 43-4398] File "/wrk/ci/prod/2021.2/rdi_builds/continuous/2021_10_19_3367213/data/secureip/fe/fe_002.svp" Line 132137 : Function calls inside wait/event expression are sensitive to arguments only."cfg_tr_perm_sh_r4()" is called without any argument which may not unblock the wait/event expression.
WARNING: [XSIM 43-4398] File "/wrk/ci/prod/2021.2/rdi_builds/continuous/2021_10_19_3367213/data/secureip/fe/fe_002.svp" Line 132100 : Function calls inside wait/event expression are sensitive to arguments only."cfg_tr_perm_r4()" is called without any argument which may not unblock the wait/event expression.
WARNING: [XSIM 43-4398] File "/wrk/ci/prod/2021.2/rdi_builds/continuous/2021_10_19_3367213/data/secureip/fe/fe_002.svp" Line 132101 : Function calls inside wait/event expression are sensitive to arguments only."cfg_llr_perm_r4()" is called without any argument which may not unblock the wait/event expression.
WARNING: [XSIM 43-4398] File "/wrk/ci/prod/2021.2/rdi_builds/continuous/2021_10_19_3367213/data/secureip/fe/fe_002.svp" Line 132102 : Function calls inside wait/event expression are sensitive to arguments only."cfg_sym_perm_r4()" is called without any argument which may not unblock the wait/event expression.
WARNING: [XSIM 43-4398] File "/wrk/ci/prod/2021.2/rdi_builds/continuous/2021_10_19_3367213/data/secureip/fe/fe_002.svp" Line 132137 : Function calls inside wait/event expression are sensitive to arguments only."cfg_tr_perm_sh_r4()" is called without any argument which may not unblock the wait/event expression.
WARNING: [XSIM 43-4398] File "/wrk/ci/prod/2021.2/rdi_builds/continuous/2021_10_19_3367213/data/secureip/fe/fe_002.svp" Line 132100 : Function calls inside wait/event expression are sensitive to arguments only."cfg_tr_perm_r4()" is called without any argument which may not unblock the wait/event expression.
WARNING: [XSIM 43-4398] File "/wrk/ci/prod/2021.2/rdi_builds/continuous/2021_10_19_3367213/data/secureip/fe/fe_002.svp" Line 132101 : Function calls inside wait/event expression are sensitive to arguments only."cfg_llr_perm_r4()" is called without any argument which may not unblock the wait/event expression.
WARNING: [XSIM 43-4398] File "/wrk/ci/prod/2021.2/rdi_builds/continuous/2021_10_19_3367213/data/secureip/fe/fe_002.svp" Line 132102 : Function calls inside wait/event expression are sensitive to arguments only."cfg_sym_perm_r4()" is called without any argument which may not unblock the wait/event expression.
WARNING: [XSIM 43-4398] File "/wrk/ci/prod/2021.2/rdi_builds/continuous/2021_10_19_3367213/data/secureip/fe/fe_002.svp" Line 132137 : Function calls inside wait/event expression are sensitive to arguments only."cfg_tr_perm_sh_r4()" is called without any argument which may not unblock the wait/event expression.
WARNING: [XSIM 43-4398] File "/wrk/ci/prod/2021.2/rdi_builds/continuous/2021_10_19_3367213/data/secureip/fe/fe_002.svp" Line 132100 : Function calls inside wait/event expression are sensitive to arguments only."cfg_tr_perm_r4()" is called without any argument which may not unblock the wait/event expression.
WARNING: [XSIM 43-4398] File "/wrk/ci/prod/2021.2/rdi_builds/continuous/2021_10_19_3367213/data/secureip/fe/fe_002.svp" Line 132101 : Function calls inside wait/event expression are sensitive to arguments only."cfg_llr_perm_r4()" is called without any argument which may not unblock the wait/event expression.
WARNING: [XSIM 43-4398] File "/wrk/ci/prod/2021.2/rdi_builds/continuous/2021_10_19_3367213/data/secureip/fe/fe_002.svp" Line 132102 : Function calls inside wait/event expression are sensitive to arguments only."cfg_sym_perm_r4()" is called without any argument which may not unblock the wait/event expression.
WARNING: [XSIM 43-4398] File "/wrk/ci/prod/2021.2/rdi_builds/continuous/2021_10_19_3367213/data/secureip/fe/fe_002.svp" Line 132137 : Function calls inside wait/event expression are sensitive to arguments only."cfg_tr_perm_sh_r4()" is called without any argument which may not unblock the wait/event expression.
WARNING: [XSIM 43-4398] File "/wrk/ci/prod/2021.2/rdi_builds/continuous/2021_10_19_3367213/data/secureip/fe/fe_002.svp" Line 132100 : Function calls inside wait/event expression are sensitive to arguments only."cfg_tr_perm_r4()" is called without any argument which may not unblock the wait/event expression.
WARNING: [XSIM 43-4398] File "/wrk/ci/prod/2021.2/rdi_builds/continuous/2021_10_19_3367213/data/secureip/fe/fe_002.svp" Line 132101 : Function calls inside wait/event expression are sensitive to arguments only."cfg_llr_perm_r4()" is called without any argument which may not unblock the wait/event expression.
WARNING: [XSIM 43-4398] File "/wrk/ci/prod/2021.2/rdi_builds/continuous/2021_10_19_3367213/data/secureip/fe/fe_002.svp" Line 132102 : Function calls inside wait/event expression are sensitive to arguments only."cfg_sym_perm_r4()" is called without any argument which may not unblock the wait/event expression.
WARNING: [XSIM 43-4398] File "/wrk/ci/prod/2021.2/rdi_builds/continuous/2021_10_19_3367213/data/secureip/fe/fe_002.svp" Line 132137 : Function calls inside wait/event expression are sensitive to arguments only."cfg_tr_perm_sh_r4()" is called without any argument which may not unblock the wait/event expression.
WARNING: [XSIM 43-4398] File "/wrk/ci/prod/2021.2/rdi_builds/continuous/2021_10_19_3367213/data/secureip/fe/fe_002.svp" Line 132100 : Function calls inside wait/event expression are sensitive to arguments only."cfg_tr_perm_r4()" is called without any argument which may not unblock the wait/event expression.
WARNING: [XSIM 43-4398] File "/wrk/ci/prod/2021.2/rdi_builds/continuous/2021_10_19_3367213/data/secureip/fe/fe_002.svp" Line 132101 : Function calls inside wait/event expression are sensitive to arguments only."cfg_llr_perm_r4()" is called without any argument which may not unblock the wait/event expression.
WARNING: [XSIM 43-4398] File "/wrk/ci/prod/2021.2/rdi_builds/continuous/2021_10_19_3367213/data/secureip/fe/fe_002.svp" Line 132102 : Function calls inside wait/event expression are sensitive to arguments only."cfg_sym_perm_r4()" is called without any argument which may not unblock the wait/event expression.
WARNING: [XSIM 43-4398] File "/wrk/ci/prod/2021.2/rdi_builds/continuous/2021_10_19_3367213/data/secureip/fe/fe_002.svp" Line 132137 : Function calls inside wait/event expression are sensitive to arguments only."cfg_tr_perm_sh_r4()" is called without any argument which may not unblock the wait/event expression.
WARNING: [XSIM 43-4398] File "/wrk/ci/prod/2021.2/rdi_builds/continuous/2021_10_19_3367213/data/secureip/fe/fe_002.svp" Line 132100 : Function calls inside wait/event expression are sensitive to arguments only."cfg_tr_perm_r4()" is called without any argument which may not unblock the wait/event expression.
WARNING: [XSIM 43-4398] File "/wrk/ci/prod/2021.2/rdi_builds/continuous/2021_10_19_3367213/data/secureip/fe/fe_002.svp" Line 132101 : Function calls inside wait/event expression are sensitive to arguments only."cfg_llr_perm_r4()" is called without any argument which may not unblock the wait/event expression.
WARNING: [XSIM 43-4398] File "/wrk/ci/prod/2021.2/rdi_builds/continuous/2021_10_19_3367213/data/secureip/fe/fe_002.svp" Line 132102 : Function calls inside wait/event expression are sensitive to arguments only."cfg_sym_perm_r4()" is called without any argument which may not unblock the wait/event expression.
WARNING: [XSIM 43-4398] File "/wrk/ci/prod/2021.2/rdi_builds/continuous/2021_10_19_3367213/data/secureip/fe/fe_002.svp" Line 132137 : Function calls inside wait/event expression are sensitive to arguments only."cfg_tr_perm_sh_r4()" is called without any argument which may not unblock the wait/event expression.
WARNING: [XSIM 43-4398] File "/wrk/ci/prod/2021.2/rdi_builds/continuous/2021_10_19_3367213/data/secureip/fe/fe_002.svp" Line 132100 : Function calls inside wait/event expression are sensitive to arguments only."cfg_tr_perm_r4()" is called without any argument which may not unblock the wait/event expression.
WARNING: [XSIM 43-4398] File "/wrk/ci/prod/2021.2/rdi_builds/continuous/2021_10_19_3367213/data/secureip/fe/fe_002.svp" Line 132101 : Function calls inside wait/event expression are sensitive to arguments only."cfg_llr_perm_r4()" is called without any argument which may not unblock the wait/event expression.
WARNING: [XSIM 43-4398] File "/wrk/ci/prod/2021.2/rdi_builds/continuous/2021_10_19_3367213/data/secureip/fe/fe_002.svp" Line 132102 : Function calls inside wait/event expression are sensitive to arguments only."cfg_sym_perm_r4()" is called without any argument which may not unblock the wait/event expression.
WARNING: [XSIM 43-4398] File "/wrk/ci/prod/2021.2/rdi_builds/continuous/2021_10_19_3367213/data/secureip/fe/fe_002.svp" Line 132137 : Function calls inside wait/event expression are sensitive to arguments only."cfg_tr_perm_sh_r4()" is called without any argument which may not unblock the wait/event expression.
WARNING: [XSIM 43-4398] File "/wrk/ci/prod/2021.2/rdi_builds/continuous/2021_10_19_3367213/data/secureip/fe/fe_002.svp" Line 132100 : Function calls inside wait/event expression are sensitive to arguments only."cfg_tr_perm_r4()" is called without any argument which may not unblock the wait/event expression.
WARNING: [XSIM 43-4398] File "/wrk/ci/prod/2021.2/rdi_builds/continuous/2021_10_19_3367213/data/secureip/fe/fe_002.svp" Line 132101 : Function calls inside wait/event expression are sensitive to arguments only."cfg_llr_perm_r4()" is called without any argument which may not unblock the wait/event expression.
WARNING: [XSIM 43-4398] File "/wrk/ci/prod/2021.2/rdi_builds/continuous/2021_10_19_3367213/data/secureip/fe/fe_002.svp" Line 132102 : Function calls inside wait/event expression are sensitive to arguments only."cfg_sym_perm_r4()" is called without any argument which may not unblock the wait/event expression.
WARNING: [XSIM 43-4398] File "/wrk/ci/prod/2021.2/rdi_builds/continuous/2021_10_19_3367213/data/secureip/fe/fe_002.svp" Line 132137 : Function calls inside wait/event expression are sensitive to arguments only."cfg_tr_perm_sh_r4()" is called without any argument which may not unblock the wait/event expression.
WARNING: [XSIM 43-4398] File "/wrk/ci/prod/2021.2/rdi_builds/continuous/2021_10_19_3367213/data/secureip/fe/fe_002.svp" Line 132100 : Function calls inside wait/event expression are sensitive to arguments only."cfg_tr_perm_r4()" is called without any argument which may not unblock the wait/event expression.
WARNING: [XSIM 43-4398] File "/wrk/ci/prod/2021.2/rdi_builds/continuous/2021_10_19_3367213/data/secureip/fe/fe_002.svp" Line 132101 : Function calls inside wait/event expression are sensitive to arguments only."cfg_llr_perm_r4()" is called without any argument which may not unblock the wait/event expression.
WARNING: [XSIM 43-4398] File "/wrk/ci/prod/2021.2/rdi_builds/continuous/2021_10_19_3367213/data/secureip/fe/fe_002.svp" Line 132102 : Function calls inside wait/event expression are sensitive to arguments only."cfg_sym_perm_r4()" is called without any argument which may not unblock the wait/event expression.
WARNING: [XSIM 43-4398] File "/wrk/ci/prod/2021.2/rdi_builds/continuous/2021_10_19_3367213/data/secureip/fe/fe_002.svp" Line 132137 : Function calls inside wait/event expression are sensitive to arguments only."cfg_tr_perm_sh_r4()" is called without any argument which may not unblock the wait/event expression.
WARNING: [XSIM 43-4398] File "/wrk/ci/prod/2021.2/rdi_builds/continuous/2021_10_19_3367213/data/secureip/fe/fe_002.svp" Line 132100 : Function calls inside wait/event expression are sensitive to arguments only."cfg_tr_perm_r4()" is called without any argument which may not unblock the wait/event expression.
WARNING: [XSIM 43-4398] File "/wrk/ci/prod/2021.2/rdi_builds/continuous/2021_10_19_3367213/data/secureip/fe/fe_002.svp" Line 132101 : Function calls inside wait/event expression are sensitive to arguments only."cfg_llr_perm_r4()" is called without any argument which may not unblock the wait/event expression.
WARNING: [XSIM 43-4398] File "/wrk/ci/prod/2021.2/rdi_builds/continuous/2021_10_19_3367213/data/secureip/fe/fe_002.svp" Line 132102 : Function calls inside wait/event expression are sensitive to arguments only."cfg_sym_perm_r4()" is called without any argument which may not unblock the wait/event expression.
WARNING: [XSIM 43-4398] File "/wrk/ci/prod/2021.2/rdi_builds/continuous/2021_10_19_3367213/data/secureip/fe/fe_002.svp" Line 132137 : Function calls inside wait/event expression are sensitive to arguments only."cfg_tr_perm_sh_r4()" is called without any argument which may not unblock the wait/event expression.
WARNING: [XSIM 43-4398] File "/wrk/ci/prod/2021.2/rdi_builds/continuous/2021_10_19_3367213/data/secureip/fe/fe_002.svp" Line 132100 : Function calls inside wait/event expression are sensitive to arguments only."cfg_tr_perm_r4()" is called without any argument which may not unblock the wait/event expression.
WARNING: [XSIM 43-4398] File "/wrk/ci/prod/2021.2/rdi_builds/continuous/2021_10_19_3367213/data/secureip/fe/fe_002.svp" Line 132101 : Function calls inside wait/event expression are sensitive to arguments only."cfg_llr_perm_r4()" is called without any argument which may not unblock the wait/event expression.
WARNING: [XSIM 43-4398] File "/wrk/ci/prod/2021.2/rdi_builds/continuous/2021_10_19_3367213/data/secureip/fe/fe_002.svp" Line 132102 : Function calls inside wait/event expression are sensitive to arguments only."cfg_sym_perm_r4()" is called without any argument which may not unblock the wait/event expression.
WARNING: [XSIM 43-4398] File "/wrk/ci/prod/2021.2/rdi_builds/continuous/2021_10_19_3367213/data/secureip/fe/fe_002.svp" Line 132137 : Function calls inside wait/event expression are sensitive to arguments only."cfg_tr_perm_sh_r4()" is called without any argument which may not unblock the wait/event expression.
WARNING: [XSIM 43-4398] File "/wrk/ci/prod/2021.2/rdi_builds/continuous/2021_10_19_3367213/data/secureip/fe/fe_002.svp" Line 132100 : Function calls inside wait/event expression are sensitive to arguments only."cfg_tr_perm_r4()" is called without any argument which may not unblock the wait/event expression.
WARNING: [XSIM 43-4398] File "/wrk/ci/prod/2021.2/rdi_builds/continuous/2021_10_19_3367213/data/secureip/fe/fe_002.svp" Line 132101 : Function calls inside wait/event expression are sensitive to arguments only."cfg_llr_perm_r4()" is called without any argument which may not unblock the wait/event expression.
WARNING: [XSIM 43-4398] File "/wrk/ci/prod/2021.2/rdi_builds/continuous/2021_10_19_3367213/data/secureip/fe/fe_002.svp" Line 132102 : Function calls inside wait/event expression are sensitive to arguments only."cfg_sym_perm_r4()" is called without any argument which may not unblock the wait/event expression.
WARNING: [XSIM 43-4398] File "/wrk/ci/prod/2021.2/rdi_builds/continuous/2021_10_19_3367213/data/secureip/fe/fe_002.svp" Line 132137 : Function calls inside wait/event expression are sensitive to arguments only."cfg_tr_perm_sh_r4()" is called without any argument which may not unblock the wait/event expression.
WARNING: [XSIM 43-4398] File "/wrk/ci/prod/2021.2/rdi_builds/continuous/2021_10_19_3367213/data/secureip/fe/fe_002.svp" Line 132100 : Function calls inside wait/event expression are sensitive to arguments only."cfg_tr_perm_r4()" is called without any argument which may not unblock the wait/event expression.
WARNING: [XSIM 43-4398] File "/wrk/ci/prod/2021.2/rdi_builds/continuous/2021_10_19_3367213/data/secureip/fe/fe_002.svp" Line 132101 : Function calls inside wait/event expression are sensitive to arguments only."cfg_llr_perm_r4()" is called without any argument which may not unblock the wait/event expression.
WARNING: [XSIM 43-4398] File "/wrk/ci/prod/2021.2/rdi_builds/continuous/2021_10_19_3367213/data/secureip/fe/fe_002.svp" Line 132102 : Function calls inside wait/event expression are sensitive to arguments only."cfg_sym_perm_r4()" is called without any argument which may not unblock the wait/event expression.
WARNING: [XSIM 43-4398] File "/wrk/ci/prod/2021.2/rdi_builds/continuous/2021_10_19_3367213/data/secureip/fe/fe_002.svp" Line 132137 : Function calls inside wait/event expression are sensitive to arguments only."cfg_tr_perm_sh_r4()" is called without any argument which may not unblock the wait/event expression.
WARNING: [XSIM 43-4398] File "/wrk/ci/prod/2021.2/rdi_builds/continuous/2021_10_19_3367213/data/secureip/fe/fe_002.svp" Line 132100 : Function calls inside wait/event expression are sensitive to arguments only."cfg_tr_perm_r4()" is called without any argument which may not unblock the wait/event expression.
WARNING: [XSIM 43-4398] File "/wrk/ci/prod/2021.2/rdi_builds/continuous/2021_10_19_3367213/data/secureip/fe/fe_002.svp" Line 132101 : Function calls inside wait/event expression are sensitive to arguments only."cfg_llr_perm_r4()" is called without any argument which may not unblock the wait/event expression.
WARNING: [XSIM 43-4398] File "/wrk/ci/prod/2021.2/rdi_builds/continuous/2021_10_19_3367213/data/secureip/fe/fe_002.svp" Line 132102 : Function calls inside wait/event expression are sensitive to arguments only."cfg_sym_perm_r4()" is called without any argument which may not unblock the wait/event expression.
WARNING: [XSIM 43-4398] File "/wrk/ci/prod/2021.2/rdi_builds/continuous/2021_10_19_3367213/data/secureip/fe/fe_002.svp" Line 132137 : Function calls inside wait/event expression are sensitive to arguments only."cfg_tr_perm_sh_r4()" is called without any argument which may not unblock the wait/event expression.
WARNING: [XSIM 43-4398] File "/wrk/ci/prod/2021.2/rdi_builds/continuous/2021_10_19_3367213/data/secureip/fe/fe_002.svp" Line 134806 : Function calls inside wait/event expression are sensitive to arguments only."crc24b_par4_mask()" is called without any argument which may not unblock the wait/event expression.
WARNING: [XSIM 43-4398] File "/wrk/ci/prod/2021.2/rdi_builds/continuous/2021_10_19_3367213/data/secureip/fe/fe_002.svp" Line 134806 : Function calls inside wait/event expression are sensitive to arguments only."crc24a_par4_mask()" is called without any argument which may not unblock the wait/event expression.
WARNING: [XSIM 43-4398] File "/wrk/ci/prod/2021.2/rdi_builds/continuous/2021_10_19_3367213/data/secureip/fe/fe_002.svp" Line 134807 : Function calls inside wait/event expression are sensitive to arguments only."crc24b_par2_mask()" is called without any argument which may not unblock the wait/event expression.
WARNING: [XSIM 43-4398] File "/wrk/ci/prod/2021.2/rdi_builds/continuous/2021_10_19_3367213/data/secureip/fe/fe_002.svp" Line 134807 : Function calls inside wait/event expression are sensitive to arguments only."crc24a_par2_mask()" is called without any argument which may not unblock the wait/event expression.
WARNING: [XSIM 43-4398] File "/wrk/ci/prod/2021.2/rdi_builds/continuous/2021_10_19_3367213/data/secureip/fe/fe_002.svp" Line 134808 : Function calls inside wait/event expression are sensitive to arguments only."crc24b_adv()" is called without any argument which may not unblock the wait/event expression.
WARNING: [XSIM 43-4398] File "/wrk/ci/prod/2021.2/rdi_builds/continuous/2021_10_19_3367213/data/secureip/fe/fe_002.svp" Line 134808 : Function calls inside wait/event expression are sensitive to arguments only."crc24a_adv()" is called without any argument which may not unblock the wait/event expression.
WARNING: [XSIM 43-4398] File "/wrk/ci/prod/2021.2/rdi_builds/continuous/2021_10_19_3367213/data/secureip/fe/fe_002.svp" Line 134969 : Function calls inside wait/event expression are sensitive to arguments only."crc24b_adv()" is called without any argument which may not unblock the wait/event expression.
WARNING: [XSIM 43-4398] File "/wrk/ci/prod/2021.2/rdi_builds/continuous/2021_10_19_3367213/data/secureip/fe/fe_002.svp" Line 134969 : Function calls inside wait/event expression are sensitive to arguments only."crc24a_adv()" is called without any argument which may not unblock the wait/event expression.
WARNING: [XSIM 43-4398] File "/wrk/ci/prod/2021.2/rdi_builds/continuous/2021_10_19_3367213/data/secureip/fe/fe_002.svp" Line 127127 : Function calls inside wait/event expression are sensitive to arguments only."init_alpha()" is called without any argument which may not unblock the wait/event expression.
WARNING: [XSIM 43-4398] File "/wrk/ci/prod/2021.2/rdi_builds/continuous/2021_10_19_3367213/data/secureip/fe/fe_002.svp" Line 131216 : Function calls inside wait/event expression are sensitive to arguments only."cfg_bm_perm_r4()" is called without any argument which may not unblock the wait/event expression.
WARNING: [XSIM 43-4398] File "/wrk/ci/prod/2021.2/rdi_builds/continuous/2021_10_19_3367213/data/secureip/fe/fe_002.svp" Line 131216 : Function calls inside wait/event expression are sensitive to arguments only."cfg_bm_perm_r4()" is called without any argument which may not unblock the wait/event expression.
WARNING: [XSIM 43-4398] File "/wrk/ci/prod/2021.2/rdi_builds/continuous/2021_10_19_3367213/data/secureip/fe/fe_002.svp" Line 131216 : Function calls inside wait/event expression are sensitive to arguments only."cfg_bm_perm_r4()" is called without any argument which may not unblock the wait/event expression.
WARNING: [XSIM 43-4398] File "/wrk/ci/prod/2021.2/rdi_builds/continuous/2021_10_19_3367213/data/secureip/fe/fe_002.svp" Line 131216 : Function calls inside wait/event expression are sensitive to arguments only."cfg_bm_perm_r4()" is called without any argument which may not unblock the wait/event expression.
WARNING: [XSIM 43-4398] File "/wrk/ci/prod/2021.2/rdi_builds/continuous/2021_10_19_3367213/data/secureip/fe/fe_002.svp" Line 131216 : Function calls inside wait/event expression are sensitive to arguments only."cfg_bm_perm_r4()" is called without any argument which may not unblock the wait/event expression.
WARNING: [XSIM 43-4398] File "/wrk/ci/prod/2021.2/rdi_builds/continuous/2021_10_19_3367213/data/secureip/fe/fe_002.svp" Line 131216 : Function calls inside wait/event expression are sensitive to arguments only."cfg_bm_perm_r4()" is called without any argument which may not unblock the wait/event expression.
WARNING: [XSIM 43-4398] File "/wrk/ci/prod/2021.2/rdi_builds/continuous/2021_10_19_3367213/data/secureip/fe/fe_002.svp" Line 131216 : Function calls inside wait/event expression are sensitive to arguments only."cfg_bm_perm_r4()" is called without any argument which may not unblock the wait/event expression.
WARNING: [XSIM 43-4398] File "/wrk/ci/prod/2021.2/rdi_builds/continuous/2021_10_19_3367213/data/secureip/fe/fe_002.svp" Line 131216 : Function calls inside wait/event expression are sensitive to arguments only."cfg_bm_perm_r4()" is called without any argument which may not unblock the wait/event expression.
WARNING: [XSIM 43-4398] File "/wrk/ci/prod/2021.2/rdi_builds/continuous/2021_10_19_3367213/data/secureip/fe/fe_002.svp" Line 131216 : Function calls inside wait/event expression are sensitive to arguments only."cfg_bm_perm_r4()" is called without any argument which may not unblock the wait/event expression.
WARNING: [XSIM 43-4398] File "/wrk/ci/prod/2021.2/rdi_builds/continuous/2021_10_19_3367213/data/secureip/fe/fe_002.svp" Line 131216 : Function calls inside wait/event expression are sensitive to arguments only."cfg_bm_perm_r4()" is called without any argument which may not unblock the wait/event expression.
WARNING: [XSIM 43-4398] File "/wrk/ci/prod/2021.2/rdi_builds/continuous/2021_10_19_3367213/data/secureip/fe/fe_002.svp" Line 131216 : Function calls inside wait/event expression are sensitive to arguments only."cfg_bm_perm_r4()" is called without any argument which may not unblock the wait/event expression.
WARNING: [XSIM 43-4398] File "/wrk/ci/prod/2021.2/rdi_builds/continuous/2021_10_19_3367213/data/secureip/fe/fe_002.svp" Line 131216 : Function calls inside wait/event expression are sensitive to arguments only."cfg_bm_perm_r4()" is called without any argument which may not unblock the wait/event expression.
WARNING: [XSIM 43-4398] File "/wrk/ci/prod/2021.2/rdi_builds/continuous/2021_10_19_3367213/data/secureip/fe/fe_002.svp" Line 131216 : Function calls inside wait/event expression are sensitive to arguments only."cfg_bm_perm_r4()" is called without any argument which may not unblock the wait/event expression.
WARNING: [XSIM 43-4398] File "/wrk/ci/prod/2021.2/rdi_builds/continuous/2021_10_19_3367213/data/secureip/fe/fe_002.svp" Line 131216 : Function calls inside wait/event expression are sensitive to arguments only."cfg_bm_perm_r4()" is called without any argument which may not unblock the wait/event expression.
WARNING: [XSIM 43-4398] File "/wrk/ci/prod/2021.2/rdi_builds/continuous/2021_10_19_3367213/data/secureip/fe/fe_002.svp" Line 131216 : Function calls inside wait/event expression are sensitive to arguments only."cfg_bm_perm_r4()" is called without any argument which may not unblock the wait/event expression.
WARNING: [XSIM 43-4398] File "/wrk/ci/prod/2021.2/rdi_builds/continuous/2021_10_19_3367213/data/secureip/fe/fe_002.svp" Line 131216 : Function calls inside wait/event expression are sensitive to arguments only."cfg_bm_perm_r4()" is called without any argument which may not unblock the wait/event expression.
WARNING: [XSIM 43-4398] File "/wrk/ci/prod/2021.2/rdi_builds/continuous/2021_10_19_3367213/data/secureip/fe/fe_002.svp" Line 134226 : Function calls inside wait/event expression are sensitive to arguments only."cfg_alpha_perm_r4()" is called without any argument which may not unblock the wait/event expression.
WARNING: [XSIM 43-4398] File "/wrk/ci/prod/2021.2/rdi_builds/continuous/2021_10_19_3367213/data/secureip/fe/fe_002.svp" Line 134226 : Function calls inside wait/event expression are sensitive to arguments only."cfg_alpha_perm_r4()" is called without any argument which may not unblock the wait/event expression.
WARNING: [XSIM 43-4398] File "/wrk/ci/prod/2021.2/rdi_builds/continuous/2021_10_19_3367213/data/secureip/fe/fe_002.svp" Line 134226 : Function calls inside wait/event expression are sensitive to arguments only."cfg_alpha_perm_r4()" is called without any argument which may not unblock the wait/event expression.
WARNING: [XSIM 43-4398] File "/wrk/ci/prod/2021.2/rdi_builds/continuous/2021_10_19_3367213/data/secureip/fe/fe_002.svp" Line 134226 : Function calls inside wait/event expression are sensitive to arguments only."cfg_alpha_perm_r4()" is called without any argument which may not unblock the wait/event expression.
WARNING: [XSIM 43-4398] File "/wrk/ci/prod/2021.2/rdi_builds/continuous/2021_10_19_3367213/data/secureip/fe/fe_002.svp" Line 134226 : Function calls inside wait/event expression are sensitive to arguments only."cfg_alpha_perm_r4()" is called without any argument which may not unblock the wait/event expression.
WARNING: [XSIM 43-4398] File "/wrk/ci/prod/2021.2/rdi_builds/continuous/2021_10_19_3367213/data/secureip/fe/fe_002.svp" Line 134226 : Function calls inside wait/event expression are sensitive to arguments only."cfg_alpha_perm_r4()" is called without any argument which may not unblock the wait/event expression.
WARNING: [XSIM 43-4398] File "/wrk/ci/prod/2021.2/rdi_builds/continuous/2021_10_19_3367213/data/secureip/fe/fe_002.svp" Line 134226 : Function calls inside wait/event expression are sensitive to arguments only."cfg_alpha_perm_r4()" is called without any argument which may not unblock the wait/event expression.
WARNING: [XSIM 43-4398] File "/wrk/ci/prod/2021.2/rdi_builds/continuous/2021_10_19_3367213/data/secureip/fe/fe_002.svp" Line 134226 : Function calls inside wait/event expression are sensitive to arguments only."cfg_alpha_perm_r4()" is called without any argument which may not unblock the wait/event expression.
WARNING: [XSIM 43-4398] File "/wrk/ci/prod/2021.2/rdi_builds/continuous/2021_10_19_3367213/data/secureip/fe/fe_002.svp" Line 134226 : Function calls inside wait/event expression are sensitive to arguments only."cfg_alpha_perm_r4()" is called without any argument which may not unblock the wait/event expression.
WARNING: [XSIM 43-4398] File "/wrk/ci/prod/2021.2/rdi_builds/continuous/2021_10_19_3367213/data/secureip/fe/fe_002.svp" Line 134226 : Function calls inside wait/event expression are sensitive to arguments only."cfg_alpha_perm_r4()" is called without any argument which may not unblock the wait/event expression.
WARNING: [XSIM 43-4398] File "/wrk/ci/prod/2021.2/rdi_builds/continuous/2021_10_19_3367213/data/secureip/fe/fe_002.svp" Line 134226 : Function calls inside wait/event expression are sensitive to arguments only."cfg_alpha_perm_r4()" is called without any argument which may not unblock the wait/event expression.
WARNING: [XSIM 43-4398] File "/wrk/ci/prod/2021.2/rdi_builds/continuous/2021_10_19_3367213/data/secureip/fe/fe_002.svp" Line 134226 : Function calls inside wait/event expression are sensitive to arguments only."cfg_alpha_perm_r4()" is called without any argument which may not unblock the wait/event expression.
WARNING: [XSIM 43-4398] File "/wrk/ci/prod/2021.2/rdi_builds/continuous/2021_10_19_3367213/data/secureip/fe/fe_002.svp" Line 134226 : Function calls inside wait/event expression are sensitive to arguments only."cfg_alpha_perm_r4()" is called without any argument which may not unblock the wait/event expression.
WARNING: [XSIM 43-4398] File "/wrk/ci/prod/2021.2/rdi_builds/continuous/2021_10_19_3367213/data/secureip/fe/fe_002.svp" Line 134226 : Function calls inside wait/event expression are sensitive to arguments only."cfg_alpha_perm_r4()" is called without any argument which may not unblock the wait/event expression.
WARNING: [XSIM 43-4398] File "/wrk/ci/prod/2021.2/rdi_builds/continuous/2021_10_19_3367213/data/secureip/fe/fe_002.svp" Line 134226 : Function calls inside wait/event expression are sensitive to arguments only."cfg_alpha_perm_r4()" is called without any argument which may not unblock the wait/event expression.
WARNING: [XSIM 43-4398] File "/wrk/ci/prod/2021.2/rdi_builds/continuous/2021_10_19_3367213/data/secureip/fe/fe_002.svp" Line 134226 : Function calls inside wait/event expression are sensitive to arguments only."cfg_alpha_perm_r4()" is called without any argument which may not unblock the wait/event expression.
WARNING: [XSIM 43-4398] File "/wrk/ci/prod/2021.2/rdi_builds/continuous/2021_10_19_3367213/data/secureip/fe/fe_002.svp" Line 131216 : Function calls inside wait/event expression are sensitive to arguments only."cfg_bm_perm_r4()" is called without any argument which may not unblock the wait/event expression.
WARNING: [XSIM 43-4398] File "/wrk/ci/prod/2021.2/rdi_builds/continuous/2021_10_19_3367213/data/secureip/fe/fe_002.svp" Line 131216 : Function calls inside wait/event expression are sensitive to arguments only."cfg_bm_perm_r4()" is called without any argument which may not unblock the wait/event expression.
WARNING: [XSIM 43-4398] File "/wrk/ci/prod/2021.2/rdi_builds/continuous/2021_10_19_3367213/data/secureip/fe/fe_002.svp" Line 131216 : Function calls inside wait/event expression are sensitive to arguments only."cfg_bm_perm_r4()" is called without any argument which may not unblock the wait/event expression.
WARNING: [XSIM 43-4398] File "/wrk/ci/prod/2021.2/rdi_builds/continuous/2021_10_19_3367213/data/secureip/fe/fe_002.svp" Line 131216 : Function calls inside wait/event expression are sensitive to arguments only."cfg_bm_perm_r4()" is called without any argument which may not unblock the wait/event expression.
WARNING: [XSIM 43-4398] File "/wrk/ci/prod/2021.2/rdi_builds/continuous/2021_10_19_3367213/data/secureip/fe/fe_002.svp" Line 131216 : Function calls inside wait/event expression are sensitive to arguments only."cfg_bm_perm_r4()" is called without any argument which may not unblock the wait/event expression.
WARNING: [XSIM 43-4398] File "/wrk/ci/prod/2021.2/rdi_builds/continuous/2021_10_19_3367213/data/secureip/fe/fe_002.svp" Line 131216 : Function calls inside wait/event expression are sensitive to arguments only."cfg_bm_perm_r4()" is called without any argument which may not unblock the wait/event expression.
WARNING: [XSIM 43-4398] File "/wrk/ci/prod/2021.2/rdi_builds/continuous/2021_10_19_3367213/data/secureip/fe/fe_002.svp" Line 131216 : Function calls inside wait/event expression are sensitive to arguments only."cfg_bm_perm_r4()" is called without any argument which may not unblock the wait/event expression.
WARNING: [XSIM 43-4398] File "/wrk/ci/prod/2021.2/rdi_builds/continuous/2021_10_19_3367213/data/secureip/fe/fe_002.svp" Line 131216 : Function calls inside wait/event expression are sensitive to arguments only."cfg_bm_perm_r4()" is called without any argument which may not unblock the wait/event expression.
WARNING: [XSIM 43-4398] File "/wrk/ci/prod/2021.2/rdi_builds/continuous/2021_10_19_3367213/data/secureip/fe/fe_002.svp" Line 131216 : Function calls inside wait/event expression are sensitive to arguments only."cfg_bm_perm_r4()" is called without any argument which may not unblock the wait/event expression.
WARNING: [XSIM 43-4398] File "/wrk/ci/prod/2021.2/rdi_builds/continuous/2021_10_19_3367213/data/secureip/fe/fe_002.svp" Line 131216 : Function calls inside wait/event expression are sensitive to arguments only."cfg_bm_perm_r4()" is called without any argument which may not unblock the wait/event expression.
WARNING: [XSIM 43-4398] File "/wrk/ci/prod/2021.2/rdi_builds/continuous/2021_10_19_3367213/data/secureip/fe/fe_002.svp" Line 131216 : Function calls inside wait/event expression are sensitive to arguments only."cfg_bm_perm_r4()" is called without any argument which may not unblock the wait/event expression.
WARNING: [XSIM 43-4398] File "/wrk/ci/prod/2021.2/rdi_builds/continuous/2021_10_19_3367213/data/secureip/fe/fe_002.svp" Line 131216 : Function calls inside wait/event expression are sensitive to arguments only."cfg_bm_perm_r4()" is called without any argument which may not unblock the wait/event expression.
WARNING: [XSIM 43-4398] File "/wrk/ci/prod/2021.2/rdi_builds/continuous/2021_10_19_3367213/data/secureip/fe/fe_002.svp" Line 131216 : Function calls inside wait/event expression are sensitive to arguments only."cfg_bm_perm_r4()" is called without any argument which may not unblock the wait/event expression.
WARNING: [XSIM 43-4398] File "/wrk/ci/prod/2021.2/rdi_builds/continuous/2021_10_19_3367213/data/secureip/fe/fe_002.svp" Line 131216 : Function calls inside wait/event expression are sensitive to arguments only."cfg_bm_perm_r4()" is called without any argument which may not unblock the wait/event expression.
WARNING: [XSIM 43-4398] File "/wrk/ci/prod/2021.2/rdi_builds/continuous/2021_10_19_3367213/data/secureip/fe/fe_002.svp" Line 131216 : Function calls inside wait/event expression are sensitive to arguments only."cfg_bm_perm_r4()" is called without any argument which may not unblock the wait/event expression.
WARNING: [XSIM 43-4398] File "/wrk/ci/prod/2021.2/rdi_builds/continuous/2021_10_19_3367213/data/secureip/fe/fe_002.svp" Line 131216 : Function calls inside wait/event expression are sensitive to arguments only."cfg_bm_perm_r4()" is called without any argument which may not unblock the wait/event expression.
WARNING: [XSIM 43-4398] File "/wrk/ci/prod/2021.2/rdi_builds/continuous/2021_10_19_3367213/data/secureip/fe/fe_002.svp" Line 129263 : Function calls inside wait/event expression are sensitive to arguments only."cfg_bi_perm_r4()" is called without any argument which may not unblock the wait/event expression.
WARNING: [XSIM 43-4398] File "/wrk/ci/prod/2021.2/rdi_builds/continuous/2021_10_19_3367213/data/secureip/fe/fe_002.svp" Line 134226 : Function calls inside wait/event expression are sensitive to arguments only."cfg_beta_perm_r4()" is called without any argument which may not unblock the wait/event expression.
WARNING: [XSIM 43-4398] File "/wrk/ci/prod/2021.2/rdi_builds/continuous/2021_10_19_3367213/data/secureip/fe/fe_002.svp" Line 134226 : Function calls inside wait/event expression are sensitive to arguments only."cfg_beta_perm_r4()" is called without any argument which may not unblock the wait/event expression.
WARNING: [XSIM 43-4398] File "/wrk/ci/prod/2021.2/rdi_builds/continuous/2021_10_19_3367213/data/secureip/fe/fe_002.svp" Line 134226 : Function calls inside wait/event expression are sensitive to arguments only."cfg_beta_perm_r4()" is called without any argument which may not unblock the wait/event expression.
WARNING: [XSIM 43-4398] File "/wrk/ci/prod/2021.2/rdi_builds/continuous/2021_10_19_3367213/data/secureip/fe/fe_002.svp" Line 134226 : Function calls inside wait/event expression are sensitive to arguments only."cfg_beta_perm_r4()" is called without any argument which may not unblock the wait/event expression.
WARNING: [XSIM 43-4398] File "/wrk/ci/prod/2021.2/rdi_builds/continuous/2021_10_19_3367213/data/secureip/fe/fe_002.svp" Line 134226 : Function calls inside wait/event expression are sensitive to arguments only."cfg_beta_perm_r4()" is called without any argument which may not unblock the wait/event expression.
WARNING: [XSIM 43-4398] File "/wrk/ci/prod/2021.2/rdi_builds/continuous/2021_10_19_3367213/data/secureip/fe/fe_002.svp" Line 134226 : Function calls inside wait/event expression are sensitive to arguments only."cfg_beta_perm_r4()" is called without any argument which may not unblock the wait/event expression.
WARNING: [XSIM 43-4398] File "/wrk/ci/prod/2021.2/rdi_builds/continuous/2021_10_19_3367213/data/secureip/fe/fe_002.svp" Line 134226 : Function calls inside wait/event expression are sensitive to arguments only."cfg_beta_perm_r4()" is called without any argument which may not unblock the wait/event expression.
WARNING: [XSIM 43-4398] File "/wrk/ci/prod/2021.2/rdi_builds/continuous/2021_10_19_3367213/data/secureip/fe/fe_002.svp" Line 134226 : Function calls inside wait/event expression are sensitive to arguments only."cfg_beta_perm_r4()" is called without any argument which may not unblock the wait/event expression.
WARNING: [XSIM 43-4398] File "/wrk/ci/prod/2021.2/rdi_builds/continuous/2021_10_19_3367213/data/secureip/fe/fe_002.svp" Line 134226 : Function calls inside wait/event expression are sensitive to arguments only."cfg_beta_perm_r4()" is called without any argument which may not unblock the wait/event expression.
WARNING: [XSIM 43-4398] File "/wrk/ci/prod/2021.2/rdi_builds/continuous/2021_10_19_3367213/data/secureip/fe/fe_002.svp" Line 134226 : Function calls inside wait/event expression are sensitive to arguments only."cfg_beta_perm_r4()" is called without any argument which may not unblock the wait/event expression.
WARNING: [XSIM 43-4398] File "/wrk/ci/prod/2021.2/rdi_builds/continuous/2021_10_19_3367213/data/secureip/fe/fe_002.svp" Line 134226 : Function calls inside wait/event expression are sensitive to arguments only."cfg_beta_perm_r4()" is called without any argument which may not unblock the wait/event expression.
WARNING: [XSIM 43-4398] File "/wrk/ci/prod/2021.2/rdi_builds/continuous/2021_10_19_3367213/data/secureip/fe/fe_002.svp" Line 134226 : Function calls inside wait/event expression are sensitive to arguments only."cfg_beta_perm_r4()" is called without any argument which may not unblock the wait/event expression.
WARNING: [XSIM 43-4398] File "/wrk/ci/prod/2021.2/rdi_builds/continuous/2021_10_19_3367213/data/secureip/fe/fe_002.svp" Line 134226 : Function calls inside wait/event expression are sensitive to arguments only."cfg_beta_perm_r4()" is called without any argument which may not unblock the wait/event expression.
WARNING: [XSIM 43-4398] File "/wrk/ci/prod/2021.2/rdi_builds/continuous/2021_10_19_3367213/data/secureip/fe/fe_002.svp" Line 134226 : Function calls inside wait/event expression are sensitive to arguments only."cfg_beta_perm_r4()" is called without any argument which may not unblock the wait/event expression.
WARNING: [XSIM 43-4398] File "/wrk/ci/prod/2021.2/rdi_builds/continuous/2021_10_19_3367213/data/secureip/fe/fe_002.svp" Line 134226 : Function calls inside wait/event expression are sensitive to arguments only."cfg_beta_perm_r4()" is called without any argument which may not unblock the wait/event expression.
WARNING: [XSIM 43-4398] File "/wrk/ci/prod/2021.2/rdi_builds/continuous/2021_10_19_3367213/data/secureip/fe/fe_002.svp" Line 134226 : Function calls inside wait/event expression are sensitive to arguments only."cfg_beta_perm_r4()" is called without any argument which may not unblock the wait/event expression.
WARNING: [XSIM 43-4398] File "/wrk/ci/prod/2021.2/rdi_builds/continuous/2021_10_19_3367213/data/secureip/fe/fe_002.svp" Line 132100 : Function calls inside wait/event expression are sensitive to arguments only."cfg_tr_perm_r4()" is called without any argument which may not unblock the wait/event expression.
WARNING: [XSIM 43-4398] File "/wrk/ci/prod/2021.2/rdi_builds/continuous/2021_10_19_3367213/data/secureip/fe/fe_002.svp" Line 132101 : Function calls inside wait/event expression are sensitive to arguments only."cfg_llr_perm_r4()" is called without any argument which may not unblock the wait/event expression.
WARNING: [XSIM 43-4398] File "/wrk/ci/prod/2021.2/rdi_builds/continuous/2021_10_19_3367213/data/secureip/fe/fe_002.svp" Line 132102 : Function calls inside wait/event expression are sensitive to arguments only."cfg_sym_perm_r4()" is called without any argument which may not unblock the wait/event expression.
WARNING: [XSIM 43-4398] File "/wrk/ci/prod/2021.2/rdi_builds/continuous/2021_10_19_3367213/data/secureip/fe/fe_002.svp" Line 132137 : Function calls inside wait/event expression are sensitive to arguments only."cfg_tr_perm_sh_r4()" is called without any argument which may not unblock the wait/event expression.
WARNING: [XSIM 43-4398] File "/wrk/ci/prod/2021.2/rdi_builds/continuous/2021_10_19_3367213/data/secureip/fe/fe_002.svp" Line 132100 : Function calls inside wait/event expression are sensitive to arguments only."cfg_tr_perm_r4()" is called without any argument which may not unblock the wait/event expression.
WARNING: [XSIM 43-4398] File "/wrk/ci/prod/2021.2/rdi_builds/continuous/2021_10_19_3367213/data/secureip/fe/fe_002.svp" Line 132101 : Function calls inside wait/event expression are sensitive to arguments only."cfg_llr_perm_r4()" is called without any argument which may not unblock the wait/event expression.
WARNING: [XSIM 43-4398] File "/wrk/ci/prod/2021.2/rdi_builds/continuous/2021_10_19_3367213/data/secureip/fe/fe_002.svp" Line 132102 : Function calls inside wait/event expression are sensitive to arguments only."cfg_sym_perm_r4()" is called without any argument which may not unblock the wait/event expression.
WARNING: [XSIM 43-4398] File "/wrk/ci/prod/2021.2/rdi_builds/continuous/2021_10_19_3367213/data/secureip/fe/fe_002.svp" Line 132137 : Function calls inside wait/event expression are sensitive to arguments only."cfg_tr_perm_sh_r4()" is called without any argument which may not unblock the wait/event expression.
WARNING: [XSIM 43-4398] File "/wrk/ci/prod/2021.2/rdi_builds/continuous/2021_10_19_3367213/data/secureip/fe/fe_002.svp" Line 132100 : Function calls inside wait/event expression are sensitive to arguments only."cfg_tr_perm_r4()" is called without any argument which may not unblock the wait/event expression.
WARNING: [XSIM 43-4398] File "/wrk/ci/prod/2021.2/rdi_builds/continuous/2021_10_19_3367213/data/secureip/fe/fe_002.svp" Line 132101 : Function calls inside wait/event expression are sensitive to arguments only."cfg_llr_perm_r4()" is called without any argument which may not unblock the wait/event expression.
WARNING: [XSIM 43-4398] File "/wrk/ci/prod/2021.2/rdi_builds/continuous/2021_10_19_3367213/data/secureip/fe/fe_002.svp" Line 132102 : Function calls inside wait/event expression are sensitive to arguments only."cfg_sym_perm_r4()" is called without any argument which may not unblock the wait/event expression.
WARNING: [XSIM 43-4398] File "/wrk/ci/prod/2021.2/rdi_builds/continuous/2021_10_19_3367213/data/secureip/fe/fe_002.svp" Line 132137 : Function calls inside wait/event expression are sensitive to arguments only."cfg_tr_perm_sh_r4()" is called without any argument which may not unblock the wait/event expression.
WARNING: [XSIM 43-4398] File "/wrk/ci/prod/2021.2/rdi_builds/continuous/2021_10_19_3367213/data/secureip/fe/fe_002.svp" Line 132100 : Function calls inside wait/event expression are sensitive to arguments only."cfg_tr_perm_r4()" is called without any argument which may not unblock the wait/event expression.
WARNING: [XSIM 43-4398] File "/wrk/ci/prod/2021.2/rdi_builds/continuous/2021_10_19_3367213/data/secureip/fe/fe_002.svp" Line 132101 : Function calls inside wait/event expression are sensitive to arguments only."cfg_llr_perm_r4()" is called without any argument which may not unblock the wait/event expression.
WARNING: [XSIM 43-4398] File "/wrk/ci/prod/2021.2/rdi_builds/continuous/2021_10_19_3367213/data/secureip/fe/fe_002.svp" Line 132102 : Function calls inside wait/event expression are sensitive to arguments only."cfg_sym_perm_r4()" is called without any argument which may not unblock the wait/event expression.
WARNING: [XSIM 43-4398] File "/wrk/ci/prod/2021.2/rdi_builds/continuous/2021_10_19_3367213/data/secureip/fe/fe_002.svp" Line 132137 : Function calls inside wait/event expression are sensitive to arguments only."cfg_tr_perm_sh_r4()" is called without any argument which may not unblock the wait/event expression.
WARNING: [XSIM 43-4398] File "/wrk/ci/prod/2021.2/rdi_builds/continuous/2021_10_19_3367213/data/secureip/fe/fe_002.svp" Line 132100 : Function calls inside wait/event expression are sensitive to arguments only."cfg_tr_perm_r4()" is called without any argument which may not unblock the wait/event expression.
WARNING: [XSIM 43-4398] File "/wrk/ci/prod/2021.2/rdi_builds/continuous/2021_10_19_3367213/data/secureip/fe/fe_002.svp" Line 132101 : Function calls inside wait/event expression are sensitive to arguments only."cfg_llr_perm_r4()" is called without any argument which may not unblock the wait/event expression.
WARNING: [XSIM 43-4398] File "/wrk/ci/prod/2021.2/rdi_builds/continuous/2021_10_19_3367213/data/secureip/fe/fe_002.svp" Line 132102 : Function calls inside wait/event expression are sensitive to arguments only."cfg_sym_perm_r4()" is called without any argument which may not unblock the wait/event expression.
WARNING: [XSIM 43-4398] File "/wrk/ci/prod/2021.2/rdi_builds/continuous/2021_10_19_3367213/data/secureip/fe/fe_002.svp" Line 132137 : Function calls inside wait/event expression are sensitive to arguments only."cfg_tr_perm_sh_r4()" is called without any argument which may not unblock the wait/event expression.
WARNING: [XSIM 43-4398] File "/wrk/ci/prod/2021.2/rdi_builds/continuous/2021_10_19_3367213/data/secureip/fe/fe_002.svp" Line 132100 : Function calls inside wait/event expression are sensitive to arguments only."cfg_tr_perm_r4()" is called without any argument which may not unblock the wait/event expression.
WARNING: [XSIM 43-4398] File "/wrk/ci/prod/2021.2/rdi_builds/continuous/2021_10_19_3367213/data/secureip/fe/fe_002.svp" Line 132101 : Function calls inside wait/event expression are sensitive to arguments only."cfg_llr_perm_r4()" is called without any argument which may not unblock the wait/event expression.
WARNING: [XSIM 43-4398] File "/wrk/ci/prod/2021.2/rdi_builds/continuous/2021_10_19_3367213/data/secureip/fe/fe_002.svp" Line 132102 : Function calls inside wait/event expression are sensitive to arguments only."cfg_sym_perm_r4()" is called without any argument which may not unblock the wait/event expression.
WARNING: [XSIM 43-4398] File "/wrk/ci/prod/2021.2/rdi_builds/continuous/2021_10_19_3367213/data/secureip/fe/fe_002.svp" Line 132137 : Function calls inside wait/event expression are sensitive to arguments only."cfg_tr_perm_sh_r4()" is called without any argument which may not unblock the wait/event expression.
WARNING: [XSIM 43-4398] File "/wrk/ci/prod/2021.2/rdi_builds/continuous/2021_10_19_3367213/data/secureip/fe/fe_002.svp" Line 132100 : Function calls inside wait/event expression are sensitive to arguments only."cfg_tr_perm_r4()" is called without any argument which may not unblock the wait/event expression.
WARNING: [XSIM 43-4398] File "/wrk/ci/prod/2021.2/rdi_builds/continuous/2021_10_19_3367213/data/secureip/fe/fe_002.svp" Line 132101 : Function calls inside wait/event expression are sensitive to arguments only."cfg_llr_perm_r4()" is called without any argument which may not unblock the wait/event expression.
WARNING: [XSIM 43-4398] File "/wrk/ci/prod/2021.2/rdi_builds/continuous/2021_10_19_3367213/data/secureip/fe/fe_002.svp" Line 132102 : Function calls inside wait/event expression are sensitive to arguments only."cfg_sym_perm_r4()" is called without any argument which may not unblock the wait/event expression.
WARNING: [XSIM 43-4398] File "/wrk/ci/prod/2021.2/rdi_builds/continuous/2021_10_19_3367213/data/secureip/fe/fe_002.svp" Line 132137 : Function calls inside wait/event expression are sensitive to arguments only."cfg_tr_perm_sh_r4()" is called without any argument which may not unblock the wait/event expression.
WARNING: [XSIM 43-4398] File "/wrk/ci/prod/2021.2/rdi_builds/continuous/2021_10_19_3367213/data/secureip/fe/fe_002.svp" Line 132100 : Function calls inside wait/event expression are sensitive to arguments only."cfg_tr_perm_r4()" is called without any argument which may not unblock the wait/event expression.
WARNING: [XSIM 43-4398] File "/wrk/ci/prod/2021.2/rdi_builds/continuous/2021_10_19_3367213/data/secureip/fe/fe_002.svp" Line 132101 : Function calls inside wait/event expression are sensitive to arguments only."cfg_llr_perm_r4()" is called without any argument which may not unblock the wait/event expression.
WARNING: [XSIM 43-4398] File "/wrk/ci/prod/2021.2/rdi_builds/continuous/2021_10_19_3367213/data/secureip/fe/fe_002.svp" Line 132102 : Function calls inside wait/event expression are sensitive to arguments only."cfg_sym_perm_r4()" is called without any argument which may not unblock the wait/event expression.
WARNING: [XSIM 43-4398] File "/wrk/ci/prod/2021.2/rdi_builds/continuous/2021_10_19_3367213/data/secureip/fe/fe_002.svp" Line 132137 : Function calls inside wait/event expression are sensitive to arguments only."cfg_tr_perm_sh_r4()" is called without any argument which may not unblock the wait/event expression.
WARNING: [XSIM 43-4398] File "/wrk/ci/prod/2021.2/rdi_builds/continuous/2021_10_19_3367213/data/secureip/fe/fe_002.svp" Line 132100 : Function calls inside wait/event expression are sensitive to arguments only."cfg_tr_perm_r4()" is called without any argument which may not unblock the wait/event expression.
WARNING: [XSIM 43-4398] File "/wrk/ci/prod/2021.2/rdi_builds/continuous/2021_10_19_3367213/data/secureip/fe/fe_002.svp" Line 132101 : Function calls inside wait/event expression are sensitive to arguments only."cfg_llr_perm_r4()" is called without any argument which may not unblock the wait/event expression.
WARNING: [XSIM 43-4398] File "/wrk/ci/prod/2021.2/rdi_builds/continuous/2021_10_19_3367213/data/secureip/fe/fe_002.svp" Line 132102 : Function calls inside wait/event expression are sensitive to arguments only."cfg_sym_perm_r4()" is called without any argument which may not unblock the wait/event expression.
WARNING: [XSIM 43-4398] File "/wrk/ci/prod/2021.2/rdi_builds/continuous/2021_10_19_3367213/data/secureip/fe/fe_002.svp" Line 132137 : Function calls inside wait/event expression are sensitive to arguments only."cfg_tr_perm_sh_r4()" is called without any argument which may not unblock the wait/event expression.
WARNING: [XSIM 43-4398] File "/wrk/ci/prod/2021.2/rdi_builds/continuous/2021_10_19_3367213/data/secureip/fe/fe_002.svp" Line 132100 : Function calls inside wait/event expression are sensitive to arguments only."cfg_tr_perm_r4()" is called without any argument which may not unblock the wait/event expression.
WARNING: [XSIM 43-4398] File "/wrk/ci/prod/2021.2/rdi_builds/continuous/2021_10_19_3367213/data/secureip/fe/fe_002.svp" Line 132101 : Function calls inside wait/event expression are sensitive to arguments only."cfg_llr_perm_r4()" is called without any argument which may not unblock the wait/event expression.
WARNING: [XSIM 43-4398] File "/wrk/ci/prod/2021.2/rdi_builds/continuous/2021_10_19_3367213/data/secureip/fe/fe_002.svp" Line 132102 : Function calls inside wait/event expression are sensitive to arguments only."cfg_sym_perm_r4()" is called without any argument which may not unblock the wait/event expression.
WARNING: [XSIM 43-4398] File "/wrk/ci/prod/2021.2/rdi_builds/continuous/2021_10_19_3367213/data/secureip/fe/fe_002.svp" Line 132137 : Function calls inside wait/event expression are sensitive to arguments only."cfg_tr_perm_sh_r4()" is called without any argument which may not unblock the wait/event expression.
WARNING: [XSIM 43-4398] File "/wrk/ci/prod/2021.2/rdi_builds/continuous/2021_10_19_3367213/data/secureip/fe/fe_002.svp" Line 132100 : Function calls inside wait/event expression are sensitive to arguments only."cfg_tr_perm_r4()" is called without any argument which may not unblock the wait/event expression.
WARNING: [XSIM 43-4398] File "/wrk/ci/prod/2021.2/rdi_builds/continuous/2021_10_19_3367213/data/secureip/fe/fe_002.svp" Line 132101 : Function calls inside wait/event expression are sensitive to arguments only."cfg_llr_perm_r4()" is called without any argument which may not unblock the wait/event expression.
WARNING: [XSIM 43-4398] File "/wrk/ci/prod/2021.2/rdi_builds/continuous/2021_10_19_3367213/data/secureip/fe/fe_002.svp" Line 132102 : Function calls inside wait/event expression are sensitive to arguments only."cfg_sym_perm_r4()" is called without any argument which may not unblock the wait/event expression.
WARNING: [XSIM 43-4398] File "/wrk/ci/prod/2021.2/rdi_builds/continuous/2021_10_19_3367213/data/secureip/fe/fe_002.svp" Line 132137 : Function calls inside wait/event expression are sensitive to arguments only."cfg_tr_perm_sh_r4()" is called without any argument which may not unblock the wait/event expression.
WARNING: [XSIM 43-4398] File "/wrk/ci/prod/2021.2/rdi_builds/continuous/2021_10_19_3367213/data/secureip/fe/fe_002.svp" Line 132100 : Function calls inside wait/event expression are sensitive to arguments only."cfg_tr_perm_r4()" is called without any argument which may not unblock the wait/event expression.
WARNING: [XSIM 43-4398] File "/wrk/ci/prod/2021.2/rdi_builds/continuous/2021_10_19_3367213/data/secureip/fe/fe_002.svp" Line 132101 : Function calls inside wait/event expression are sensitive to arguments only."cfg_llr_perm_r4()" is called without any argument which may not unblock the wait/event expression.
WARNING: [XSIM 43-4398] File "/wrk/ci/prod/2021.2/rdi_builds/continuous/2021_10_19_3367213/data/secureip/fe/fe_002.svp" Line 132102 : Function calls inside wait/event expression are sensitive to arguments only."cfg_sym_perm_r4()" is called without any argument which may not unblock the wait/event expression.
WARNING: [XSIM 43-4398] File "/wrk/ci/prod/2021.2/rdi_builds/continuous/2021_10_19_3367213/data/secureip/fe/fe_002.svp" Line 132137 : Function calls inside wait/event expression are sensitive to arguments only."cfg_tr_perm_sh_r4()" is called without any argument which may not unblock the wait/event expression.
WARNING: [XSIM 43-4398] File "/wrk/ci/prod/2021.2/rdi_builds/continuous/2021_10_19_3367213/data/secureip/fe/fe_002.svp" Line 132100 : Function calls inside wait/event expression are sensitive to arguments only."cfg_tr_perm_r4()" is called without any argument which may not unblock the wait/event expression.
WARNING: [XSIM 43-4398] File "/wrk/ci/prod/2021.2/rdi_builds/continuous/2021_10_19_3367213/data/secureip/fe/fe_002.svp" Line 132101 : Function calls inside wait/event expression are sensitive to arguments only."cfg_llr_perm_r4()" is called without any argument which may not unblock the wait/event expression.
WARNING: [XSIM 43-4398] File "/wrk/ci/prod/2021.2/rdi_builds/continuous/2021_10_19_3367213/data/secureip/fe/fe_002.svp" Line 132102 : Function calls inside wait/event expression are sensitive to arguments only."cfg_sym_perm_r4()" is called without any argument which may not unblock the wait/event expression.
WARNING: [XSIM 43-4398] File "/wrk/ci/prod/2021.2/rdi_builds/continuous/2021_10_19_3367213/data/secureip/fe/fe_002.svp" Line 132137 : Function calls inside wait/event expression are sensitive to arguments only."cfg_tr_perm_sh_r4()" is called without any argument which may not unblock the wait/event expression.
WARNING: [XSIM 43-4398] File "/wrk/ci/prod/2021.2/rdi_builds/continuous/2021_10_19_3367213/data/secureip/fe/fe_002.svp" Line 132100 : Function calls inside wait/event expression are sensitive to arguments only."cfg_tr_perm_r4()" is called without any argument which may not unblock the wait/event expression.
WARNING: [XSIM 43-4398] File "/wrk/ci/prod/2021.2/rdi_builds/continuous/2021_10_19_3367213/data/secureip/fe/fe_002.svp" Line 132101 : Function calls inside wait/event expression are sensitive to arguments only."cfg_llr_perm_r4()" is called without any argument which may not unblock the wait/event expression.
WARNING: [XSIM 43-4398] File "/wrk/ci/prod/2021.2/rdi_builds/continuous/2021_10_19_3367213/data/secureip/fe/fe_002.svp" Line 132102 : Function calls inside wait/event expression are sensitive to arguments only."cfg_sym_perm_r4()" is called without any argument which may not unblock the wait/event expression.
WARNING: [XSIM 43-4398] File "/wrk/ci/prod/2021.2/rdi_builds/continuous/2021_10_19_3367213/data/secureip/fe/fe_002.svp" Line 132137 : Function calls inside wait/event expression are sensitive to arguments only."cfg_tr_perm_sh_r4()" is called without any argument which may not unblock the wait/event expression.
WARNING: [XSIM 43-4398] File "/wrk/ci/prod/2021.2/rdi_builds/continuous/2021_10_19_3367213/data/secureip/fe/fe_002.svp" Line 132100 : Function calls inside wait/event expression are sensitive to arguments only."cfg_tr_perm_r4()" is called without any argument which may not unblock the wait/event expression.
WARNING: [XSIM 43-4398] File "/wrk/ci/prod/2021.2/rdi_builds/continuous/2021_10_19_3367213/data/secureip/fe/fe_002.svp" Line 132101 : Function calls inside wait/event expression are sensitive to arguments only."cfg_llr_perm_r4()" is called without any argument which may not unblock the wait/event expression.
WARNING: [XSIM 43-4398] File "/wrk/ci/prod/2021.2/rdi_builds/continuous/2021_10_19_3367213/data/secureip/fe/fe_002.svp" Line 132102 : Function calls inside wait/event expression are sensitive to arguments only."cfg_sym_perm_r4()" is called without any argument which may not unblock the wait/event expression.
WARNING: [XSIM 43-4398] File "/wrk/ci/prod/2021.2/rdi_builds/continuous/2021_10_19_3367213/data/secureip/fe/fe_002.svp" Line 132137 : Function calls inside wait/event expression are sensitive to arguments only."cfg_tr_perm_sh_r4()" is called without any argument which may not unblock the wait/event expression.
WARNING: [XSIM 43-4398] File "/wrk/ci/prod/2021.2/rdi_builds/continuous/2021_10_19_3367213/data/secureip/fe/fe_002.svp" Line 132100 : Function calls inside wait/event expression are sensitive to arguments only."cfg_tr_perm_r4()" is called without any argument which may not unblock the wait/event expression.
WARNING: [XSIM 43-4398] File "/wrk/ci/prod/2021.2/rdi_builds/continuous/2021_10_19_3367213/data/secureip/fe/fe_002.svp" Line 132101 : Function calls inside wait/event expression are sensitive to arguments only."cfg_llr_perm_r4()" is called without any argument which may not unblock the wait/event expression.
WARNING: [XSIM 43-4398] File "/wrk/ci/prod/2021.2/rdi_builds/continuous/2021_10_19_3367213/data/secureip/fe/fe_002.svp" Line 132102 : Function calls inside wait/event expression are sensitive to arguments only."cfg_sym_perm_r4()" is called without any argument which may not unblock the wait/event expression.
WARNING: [XSIM 43-4398] File "/wrk/ci/prod/2021.2/rdi_builds/continuous/2021_10_19_3367213/data/secureip/fe/fe_002.svp" Line 132137 : Function calls inside wait/event expression are sensitive to arguments only."cfg_tr_perm_sh_r4()" is called without any argument which may not unblock the wait/event expression.
WARNING: [XSIM 43-4398] File "/wrk/ci/prod/2021.2/rdi_builds/continuous/2021_10_19_3367213/data/secureip/fe/fe_002.svp" Line 134806 : Function calls inside wait/event expression are sensitive to arguments only."crc24b_par4_mask()" is called without any argument which may not unblock the wait/event expression.
WARNING: [XSIM 43-4398] File "/wrk/ci/prod/2021.2/rdi_builds/continuous/2021_10_19_3367213/data/secureip/fe/fe_002.svp" Line 134806 : Function calls inside wait/event expression are sensitive to arguments only."crc24a_par4_mask()" is called without any argument which may not unblock the wait/event expression.
WARNING: [XSIM 43-4398] File "/wrk/ci/prod/2021.2/rdi_builds/continuous/2021_10_19_3367213/data/secureip/fe/fe_002.svp" Line 134807 : Function calls inside wait/event expression are sensitive to arguments only."crc24b_par2_mask()" is called without any argument which may not unblock the wait/event expression.
WARNING: [XSIM 43-4398] File "/wrk/ci/prod/2021.2/rdi_builds/continuous/2021_10_19_3367213/data/secureip/fe/fe_002.svp" Line 134807 : Function calls inside wait/event expression are sensitive to arguments only."crc24a_par2_mask()" is called without any argument which may not unblock the wait/event expression.
WARNING: [XSIM 43-4398] File "/wrk/ci/prod/2021.2/rdi_builds/continuous/2021_10_19_3367213/data/secureip/fe/fe_002.svp" Line 134808 : Function calls inside wait/event expression are sensitive to arguments only."crc24b_adv()" is called without any argument which may not unblock the wait/event expression.
WARNING: [XSIM 43-4398] File "/wrk/ci/prod/2021.2/rdi_builds/continuous/2021_10_19_3367213/data/secureip/fe/fe_002.svp" Line 134808 : Function calls inside wait/event expression are sensitive to arguments only."crc24a_adv()" is called without any argument which may not unblock the wait/event expression.
WARNING: [XSIM 43-4398] File "/wrk/ci/prod/2021.2/rdi_builds/continuous/2021_10_19_3367213/data/secureip/fe/fe_002.svp" Line 134969 : Function calls inside wait/event expression are sensitive to arguments only."crc24b_adv()" is called without any argument which may not unblock the wait/event expression.
WARNING: [XSIM 43-4398] File "/wrk/ci/prod/2021.2/rdi_builds/continuous/2021_10_19_3367213/data/secureip/fe/fe_002.svp" Line 134969 : Function calls inside wait/event expression are sensitive to arguments only."crc24a_adv()" is called without any argument which may not unblock the wait/event expression.
Completed simulation data flow analysis
Time Resolution for simulation is 1ps
Compiling package std.standard
Compiling package std.textio
Compiling package ieee.std_logic_1164
Compiling package ieee.numeric_std
Compiling package unisim.vcomponents
Compiling package ieee.vital_timing
Compiling package ieee.vital_primitives
Compiling package unisim.vpkg
Compiling package ieee.std_logic_textio
Compiling package vl.vl_types
Compiling module xil_defaultlib.glbl
Compiling architecture gnd_v of entity unisim.GND [gnd_default]
Compiling architecture lut2_v of entity unisim.LUT2 [\LUT2(init="0010")(0,3)\]
Compiling architecture lut3_v of entity unisim.LUT3 [\LUT3(init="00101000")(0,7)\]
Compiling architecture lut4_v of entity unisim.LUT4 [\LUT4(init="0010101010000000")(0...]
Compiling architecture lut5_v of entity unisim.LUT5 [\LUT5(init="00101010101010101000...]
Compiling architecture lut5_v of entity unisim.LUT5 [\LUT5(init="11101111111011101110...]
Compiling architecture lut4_v of entity unisim.LUT4 [\LUT4(init="0111100000000000")(0...]
Compiling architecture lut3_v of entity unisim.LUT3 [\LUT3(init="00100000")(0,7)\]
Compiling architecture lut4_v of entity unisim.LUT4 [\LUT4(init="1000000000000000")(0...]
Compiling architecture lut4_v of entity unisim.LUT4 [\LUT4(init="1100111011111110")(0...]
Compiling architecture fdce_v of entity unisim.FDCE [fdce_default]
Compiling architecture lut3_v of entity unisim.LUT3 [\LUT3(init="10000010")(0,7)\]
Compiling architecture lut4_v of entity unisim.LUT4 [\LUT4(init="1000100000101000")(0...]
Compiling architecture lut5_v of entity unisim.LUT5 [\LUT5(init="10000010100010001000...]
Compiling architecture lut5_v of entity unisim.LUT5 [\LUT5(init="10101010101010101111...]
Compiling architecture lut6_v of entity unisim.LUT6 [\LUT6(init="10101010001010100000...]
Compiling architecture lut5_v of entity unisim.LUT5 [\LUT5(init="11110000000000001110...]
Compiling architecture lut6_v of entity unisim.LUT6 [\LUT6(init="10111011111111111011...]
Compiling architecture lut2_v of entity unisim.LUT2 [\LUT2(init="0111")(0,3)\]
Compiling architecture lut6_v of entity unisim.LUT6 [\LUT6(init="10001100100011001011...]
Compiling architecture lut5_v of entity unisim.LUT5 [\LUT5(init="10100000001000101010...]
Compiling architecture lut5_v of entity unisim.LUT5 [\LUT5(init="11111110101010101010...]
Compiling architecture lut6_v of entity unisim.LUT6 [\LUT6(init="11101111111000001111...]
Compiling architecture lut6_v of entity unisim.LUT6 [\LUT6(init="01111111111111111000...]
Compiling architecture lut4_v of entity unisim.LUT4 [\LUT4(init="1110111011101010")(0...]
Compiling architecture lut4_v of entity unisim.LUT4 [\LUT4(init="1101111100000000")(0...]
Compiling architecture lut3_v of entity unisim.LUT3 [\LUT3(init="01100000")(0,7)\]
Compiling architecture lut4_v of entity unisim.LUT4 [\LUT4(init="1010001000001000")(0...]
Compiling architecture lut5_v of entity unisim.LUT5 [\LUT5(init="10100010101010100000...]
Compiling architecture lut6_v of entity unisim.LUT6 [\LUT6(init="11101110111011100010...]
Compiling architecture lut6_v of entity unisim.LUT6 [\LUT6(init="10101010001010101010...]
Compiling architecture lut6_v of entity unisim.LUT6 [\LUT6(init="10101010101010111011...]
Compiling architecture lut6_v of entity unisim.LUT6 [\LUT6(init="11110000111100001101...]
Compiling architecture lut3_v of entity unisim.LUT3 [\LUT3(init="01000000")(0,7)\]
Compiling architecture lut5_v of entity unisim.LUT5 [\LUT5(init="11111111111111110010...]
Compiling architecture lut6_v of entity unisim.LUT6 [\LUT6(init="10101010101010001000...]
Compiling architecture lut6_v of entity unisim.LUT6 [\LUT6(init="11111111001011111111...]
Compiling architecture lut6_v of entity unisim.LUT6 [\LUT6(init="11111011111110111111...]
Compiling architecture lut5_v of entity unisim.LUT5 [\LUT5(init="00000000000000001101...]
Compiling architecture lut4_v of entity unisim.LUT4 [\LUT4(init="1011100010111011")(0...]
Compiling architecture lut3_v of entity unisim.LUT3 [\LUT3(init="00001000")(0,7)\]
Compiling architecture lut6_v of entity unisim.LUT6 [\LUT6(init="11111111110001010000...]
Compiling architecture lut2_v of entity unisim.LUT2 [\LUT2(init="1000")(0,3)\]
Compiling architecture lut4_v of entity unisim.LUT4 [\LUT4(init="1010100010001000")(0...]
Compiling architecture lut4_v of entity unisim.LUT4 [\LUT4(init="1111100000000000")(0...]
Compiling architecture lut6_v of entity unisim.LUT6 [\LUT6(init="11111111111111111110...]
Compiling architecture lut6_v of entity unisim.LUT6 [\LUT6(init="00000000010000000000...]
Compiling architecture lut2_v of entity unisim.LUT2 [\LUT2(init="1011")(0,3)\]
Compiling architecture lut6_v of entity unisim.LUT6 [\LUT6(init="01000000010100000100...]
Compiling architecture lut6_v of entity unisim.LUT6 [\LUT6(init="10111111101111001011...]
Compiling architecture lut6_v of entity unisim.LUT6 [\LUT6(init="11111111111111111111...]
Compiling architecture lut5_v of entity unisim.LUT5 [\LUT5(init="00000000000000001000...]
Compiling architecture lut6_v of entity unisim.LUT6 [\LUT6(init="11111111111111111111...]
Compiling architecture lut6_v of entity unisim.LUT6 [\LUT6(init="00000000000000000000...]
Compiling architecture lut4_v of entity unisim.LUT4 [\LUT4(init="0000010000000101")(0...]
Compiling architecture lut6_v of entity unisim.LUT6 [\LUT6(init="11111111111111111111...]
Compiling architecture lut4_v of entity unisim.LUT4 [\LUT4(init="1111111100000010")(0...]
Compiling architecture lut4_v of entity unisim.LUT4 [\LUT4(init="1010101010101000")(0...]
Compiling architecture lut6_v of entity unisim.LUT6 [\LUT6(init="11111111001111111011...]
Compiling architecture lut4_v of entity unisim.LUT4 [\LUT4(init="0001010111111111")(0...]
Compiling architecture lut6_v of entity unisim.LUT6 [\LUT6(init="11111111111111111110...]
Compiling architecture lut4_v of entity unisim.LUT4 [\LUT4(init="1111111100000001")(0...]
Compiling architecture lut5_v of entity unisim.LUT5 [\LUT5(init="11111111111111111111...]
Compiling architecture lut6_v of entity unisim.LUT6 [\LUT6(init="11001110110011101100...]
Compiling architecture lut6_v of entity unisim.LUT6 [\LUT6(init="11101111111011001100...]
Compiling architecture lut4_v of entity unisim.LUT4 [\LUT4(init="0000010000000000")(0...]
Compiling architecture lut4_v of entity unisim.LUT4 [\LUT4(init="0000000000000010")(0...]
Compiling architecture lut6_v of entity unisim.LUT6 [\LUT6(init="01010101000000000101...]
Compiling architecture lut5_v of entity unisim.LUT5 [\LUT5(init="10111111101010111011...]
Compiling architecture lut6_v of entity unisim.LUT6 [\LUT6(init="00110001000000000000...]
Compiling architecture lut5_v of entity unisim.LUT5 [\LUT5(init="11111111111111111010...]
Compiling architecture lut5_v of entity unisim.LUT5 [\LUT5(init="00000000000000001010...]
Compiling architecture lut5_v of entity unisim.LUT5 [\LUT5(init="00010000000000000000...]
Compiling architecture lut5_v of entity unisim.LUT5 [\LUT5(init="00111111001111110010...]
Compiling architecture lut6_v of entity unisim.LUT6 [\LUT6(init="10101010101010101010...]
Compiling architecture lut5_v of entity unisim.LUT5 [\LUT5(init="01010101010101011111...]
Compiling architecture lut4_v of entity unisim.LUT4 [\LUT4(init="0000000000100000")(0...]
Compiling architecture lut4_v of entity unisim.LUT4 [\LUT4(init="1111110100000000")(0...]
Compiling architecture lut6_v of entity unisim.LUT6 [\LUT6(init="11110000100010001111...]
Compiling architecture lut5_v of entity unisim.LUT5 [\LUT5(init="00001000111110001111...]
Compiling architecture lut4_v of entity unisim.LUT4 [\LUT4(init="0111011101111111")(0...]
Compiling architecture lut3_v of entity unisim.LUT3 [\LUT3(init="00000100")(0,7)\]
Compiling architecture lut4_v of entity unisim.LUT4 [\LUT4(init="0100010000000100")(0...]
Compiling architecture lut6_v of entity unisim.LUT6 [\LUT6(init="10001000110011001011...]
Compiling architecture lut4_v of entity unisim.LUT4 [\LUT4(init="0110000000000000")(0...]
Compiling architecture lut3_v of entity unisim.LUT3 [\LUT3(init="11111000")(0,7)\]
Compiling architecture lut6_v of entity unisim.LUT6 [\LUT6(init="10101000101000001010...]
Compiling architecture lut6_v of entity unisim.LUT6 [\LUT6(init="11101010111110101110...]
Compiling architecture lut6_v of entity unisim.LUT6 [\LUT6(init="00010000000000000001...]
Compiling architecture lut2_v of entity unisim.LUT2 [\LUT2(init="1110")(0,3)\]
Compiling architecture lut5_v of entity unisim.LUT5 [\LUT5(init="00000001000000010011...]
Compiling architecture lut3_v of entity unisim.LUT3 [\LUT3(init="11101010")(0,7)\]
Compiling architecture lut3_v of entity unisim.LUT3 [\LUT3(init="00001101")(0,7)\]
Compiling architecture lut3_v of entity unisim.LUT3 [\LUT3(init="10101111")(0,7)\]
Compiling architecture lut4_v of entity unisim.LUT4 [\LUT4(init="0000000000100100")(0...]
Compiling architecture lut6_v of entity unisim.LUT6 [\LUT6(init="10101010101010101010...]
Compiling architecture lut6_v of entity unisim.LUT6 [\LUT6(init="10111011101110110000...]
Compiling architecture lut6_v of entity unisim.LUT6 [\LUT6(init="10000000000000001111...]
Compiling architecture lut6_v of entity unisim.LUT6 [\LUT6(init="10001111110011001000...]
Compiling architecture lut6_v of entity unisim.LUT6 [\LUT6(init="01010101010101010101...]
Compiling architecture lut4_v of entity unisim.LUT4 [\LUT4(init="0000010100000111")(0...]
Compiling architecture lut4_v of entity unisim.LUT4 [\LUT4(init="0100000000000000")(0...]
Compiling architecture lut6_v of entity unisim.LUT6 [\LUT6(init="00000000000000000000...]
Compiling architecture lut4_v of entity unisim.LUT4 [\LUT4(init="0000000010000000")(0...]
Compiling architecture lut6_v of entity unisim.LUT6 [\LUT6(init="11111111111111111111...]
Compiling architecture lut6_v of entity unisim.LUT6 [\LUT6(init="11110000000000001111...]
Compiling architecture lut3_v of entity unisim.LUT3 [\LUT3(init="11110010")(0,7)\]
Compiling architecture lut6_v of entity unisim.LUT6 [\LUT6(init="11011111111111111111...]
Compiling architecture lut4_v of entity unisim.LUT4 [\LUT4(init="1111111111111011")(0...]
Compiling architecture lut3_v of entity unisim.LUT3 [\LUT3(init="00000001")(0,7)\]
Compiling architecture lut6_v of entity unisim.LUT6 [\LUT6(init="11111111101010101111...]
Compiling architecture lut5_v of entity unisim.LUT5 [\LUT5(init="11111111111111110011...]
Compiling architecture lut4_v of entity unisim.LUT4 [\LUT4(init="0001000000000000")(0...]
Compiling architecture lut5_v of entity unisim.LUT5 [\LUT5(init="11111100111011001100...]
Compiling architecture lut6_v of entity unisim.LUT6 [\LUT6(init="11111111111111111111...]
Compiling architecture lut3_v of entity unisim.LUT3 [\LUT3(init="11011111")(0,7)\]
Compiling architecture lut4_v of entity unisim.LUT4 [\LUT4(init="0000000010111111")(0...]
Compiling architecture lut4_v of entity unisim.LUT4 [\LUT4(init="0000000111111111")(0...]
Compiling architecture lut5_v of entity unisim.LUT5 [\LUT5(init="00000000000000001000...]
Compiling architecture lut6_v of entity unisim.LUT6 [\LUT6(init="00000100010000000100...]
Compiling architecture lut5_v of entity unisim.LUT5 [\LUT5(init="00000000000000000000...]
Compiling architecture lut6_v of entity unisim.LUT6 [\LUT6(init="00000000010001000100...]
Compiling architecture lut6_v of entity unisim.LUT6 [\LUT6(init="11111111011010101111...]
Compiling architecture lut4_v of entity unisim.LUT4 [\LUT4(init="1000101011111111")(0...]
Compiling architecture lut6_v of entity unisim.LUT6 [\LUT6(init="11110111111111001111...]
Compiling architecture lut4_v of entity unisim.LUT4 [\LUT4(init="1111000011100000")(0...]
Compiling architecture lut4_v of entity unisim.LUT4 [\LUT4(init="0000100000001010")(0...]
Compiling architecture lut6_v of entity unisim.LUT6 [\LUT6(init="10001000100000000000...]
Compiling architecture lut5_v of entity unisim.LUT5 [\LUT5(init="10000000000010001000...]
Compiling architecture lut4_v of entity unisim.LUT4 [\LUT4(init="1100000010000000")(0...]
Compiling architecture lut4_v of entity unisim.LUT4 [\LUT4(init="0111111111111111")(0...]
Compiling architecture lut4_v of entity unisim.LUT4 [\LUT4(init="1110000000000000")(0...]
Compiling architecture structure of entity xil_defaultlib.Data_controller [data_controller_default]
Compiling architecture ramb36e2_v of entity unisim.RAMB36E2 [\RAMB36E2(doa_reg=0,dob_reg=0,in...]
Compiling architecture ramb36e2_v of entity unisim.RAMB36E2 [\RAMB36E2(doa_reg=0,dob_reg=0,in...]
Compiling architecture ramb36e2_v of entity unisim.RAMB36E2 [\RAMB36E2(doa_reg=0,dob_reg=0,in...]
Compiling architecture ramb36e2_v of entity unisim.RAMB36E2 [\RAMB36E2(doa_reg=0,dob_reg=0,in...]
Compiling architecture fe_v of entity unisim.FE [\FE(mode="LDPC_ENCODE",physical_...]
Compiling architecture lut5_v of entity unisim.LUT5 [\LUT5(init="11111111111111111111...]
Compiling architecture lut6_v of entity unisim.LUT6 [\LUT6(init="11111111111111111111...]
Compiling architecture lut3_v of entity unisim.LUT3 [\LUT3(init="11111110")(0,7)\]
Compiling architecture fdse_v of entity unisim.FDSE [fdse_default]
Compiling architecture fdre_v of entity unisim.FDRE [fdre_default]
Compiling architecture lut3_v of entity unisim.LUT3 [\LUT3(init="10000000")(0,7)\]
Compiling architecture lut5_v of entity unisim.LUT5 [\LUT5(init="11111111111111110000...]
Compiling architecture lut6_v of entity unisim.LUT6 [\LUT6(init="11110000000000001111...]
Compiling architecture lut6_v of entity unisim.LUT6 [\LUT6(init="11111111111111101111...]
Compiling architecture lut3_v of entity unisim.LUT3 [\LUT3(init="10111000")(0,7)\]
Compiling architecture lut6_v of entity unisim.LUT6 [\LUT6(init="11001100110011101000...]
Compiling architecture lut6_v of entity unisim.LUT6 [\LUT6(init="11111111111111111111...]
Compiling architecture lut6_v of entity unisim.LUT6 [\LUT6(init="11111111000000000000...]
Compiling architecture lut6_v of entity unisim.LUT6 [\LUT6(init="11101010010010001110...]
Compiling architecture lut6_v of entity unisim.LUT6 [\LUT6(init="11111111111111111111...]
Compiling architecture lut5_v of entity unisim.LUT5 [\LUT5(init="00010101111111111111...]
Compiling architecture lut4_v of entity unisim.LUT4 [\LUT4(init="1011100011001000")(0...]
Compiling architecture lut5_v of entity unisim.LUT5 [\LUT5(init="11100011001100110010...]
Compiling architecture lut6_v of entity unisim.LUT6 [\LUT6(init="10111100101111101011...]
Compiling architecture lut6_v of entity unisim.LUT6 [\LUT6(init="10101110110101011101...]
Compiling architecture lut6_v of entity unisim.LUT6 [\LUT6(init="11011001100110011100...]
Compiling architecture lut4_v of entity unisim.LUT4 [\LUT4(init="1111111111111000")(0...]
Compiling architecture lut5_v of entity unisim.LUT5 [\LUT5(init="01011101010010001110...]
Compiling architecture lut6_v of entity unisim.LUT6 [\LUT6(init="11111000001010001010...]
Compiling architecture lut6_v of entity unisim.LUT6 [\LUT6(init="11111111111111111111...]
Compiling architecture lut4_v of entity unisim.LUT4 [\LUT4(init="1111111011101110")(0...]
Compiling architecture lut6_v of entity unisim.LUT6 [\LUT6(init="00001000111111110000...]
Compiling architecture lut6_v of entity unisim.LUT6 [\LUT6(init="10110011100000101100...]
Compiling architecture lut6_v of entity unisim.LUT6 [\LUT6(init="11101110111011101110...]
Compiling architecture lut6_v of entity unisim.LUT6 [\LUT6(init="11111111000000001111...]
Compiling architecture structure of entity xil_defaultlib.sd_fec_0_sd_fec_v1_1_8_non_5g_code_manager [sd_fec_0_sd_fec_v1_1_8_non_5g_co...]
Compiling architecture fdre_v of entity unisim.FDRE [\FDRE(init='1')\]
Compiling architecture structure of entity xil_defaultlib.sd_fec_0_xpm_cdc_sync_rst [sd_fec_0_xpm_cdc_sync_rst_defaul...]
Compiling architecture lut3_v of entity unisim.LUT3 [\LUT3(init="10101110")(0,7)\]
Compiling architecture structure of entity xil_defaultlib.sd_fec_0_sd_fec_v1_1_8_arbiter [sd_fec_0_sd_fec_v1_1_8_arbiter_d...]
Compiling architecture lut6_v of entity unisim.LUT6 [\LUT6(init="00000000000000000000...]
Compiling architecture lut6_v of entity unisim.LUT6 [\LUT6(init="10101010101010101010...]
Compiling architecture lut6_v of entity unisim.LUT6 [\LUT6(init="00000100000001000000...]
Compiling architecture lut4_v of entity unisim.LUT4 [\LUT4(init="0000000001111000")(0...]
Compiling architecture lut6_v of entity unisim.LUT6 [\LUT6(init="01010000000000000101...]
Compiling architecture lut6_v of entity unisim.LUT6 [\LUT6(init="00000000100000000000...]
Compiling architecture lut6_v of entity unisim.LUT6 [\LUT6(init="11111111111111110000...]
Compiling architecture lut6_v of entity unisim.LUT6 [\LUT6(init="10101010111110111010...]
Compiling architecture lut6_v of entity unisim.LUT6 [\LUT6(init="00000100000001000000...]
Compiling architecture lut4_v of entity unisim.LUT4 [\LUT4(init="0110101010000101")(0...]
Compiling architecture lut3_v of entity unisim.LUT3 [\LUT3(init="01111100")(0,7)\]
Compiling architecture lut4_v of entity unisim.LUT4 [\LUT4(init="1111001110000000")(0...]
Compiling architecture ram32m16_v of entity unisim.RAM32M16 [ram32m16_default]
Compiling architecture ram32m_v of entity unisim.RAM32M [ram32m_default]
Compiling architecture structure of entity xil_defaultlib.\sd_fec_0_xpm_memory_base__parameterized0\ [\sd_fec_0_xpm_memory_base__param...]
Compiling architecture lut3_v of entity unisim.LUT3 [\LUT3(init="01100010")(0,7)\]
Compiling architecture lut4_v of entity unisim.LUT4 [\LUT4(init="0001000011101111")(0...]
Compiling architecture lut5_v of entity unisim.LUT5 [\LUT5(init="00000010111111111111...]
Compiling architecture lut3_v of entity unisim.LUT3 [\LUT3(init="01111000")(0,7)\]
Compiling architecture lut4_v of entity unisim.LUT4 [\LUT4(init="0111111110000000")(0...]
Compiling architecture lut6_v of entity unisim.LUT6 [\LUT6(init="00000000111111111111...]
Compiling architecture lut6_v of entity unisim.LUT6 [\LUT6(init="10010000000010010000...]
Compiling architecture lut3_v of entity unisim.LUT3 [\LUT3(init="10010000")(0,7)\]
Compiling architecture lut5_v of entity unisim.LUT5 [\LUT5(init="01101001011010011001...]
Compiling architecture lut6_v of entity unisim.LUT6 [\LUT6(init="00011110111000010111...]
Compiling architecture lut6_v of entity unisim.LUT6 [\LUT6(init="00000000000000001001...]
Compiling architecture lut4_v of entity unisim.LUT4 [\LUT4(init="0000000011111101")(0...]
Compiling architecture structure of entity xil_defaultlib.\sd_fec_0_xpm_counter_updn__parameterized0\ [\sd_fec_0_xpm_counter_updn__para...]
Compiling architecture structure of entity xil_defaultlib.\sd_fec_0_xpm_counter_updn__parameterized1\ [\sd_fec_0_xpm_counter_updn__para...]
Compiling architecture structure of entity xil_defaultlib.sd_fec_0_xpm_fifo_reg_bit [sd_fec_0_xpm_fifo_reg_bit_defaul...]
Compiling architecture lut1_v of entity unisim.LUT1 [\LUT1(init="0001")(0,3)\]
Compiling architecture lut2_v of entity unisim.LUT2 [\LUT2(init="0110")(0,3)\]
Compiling architecture lut5_v of entity unisim.LUT5 [\LUT5(init="00001111111111110000...]
Compiling architecture structure of entity xil_defaultlib.\sd_fec_0_xpm_counter_updn__parameterized0_1\ [\sd_fec_0_xpm_counter_updn__para...]
Compiling architecture lut2_v of entity unisim.LUT2 [\LUT2(init="1001")(0,3)\]
Compiling architecture lut4_v of entity unisim.LUT4 [\LUT4(init="1001100101101001")(0...]
Compiling architecture lut6_v of entity unisim.LUT6 [\LUT6(init="11110111010100010000...]
Compiling architecture structure of entity xil_defaultlib.\sd_fec_0_xpm_counter_updn__parameterized1_2\ [\sd_fec_0_xpm_counter_updn__para...]
Compiling architecture lut5_v of entity unisim.LUT5 [\LUT5(init="00000000000000001010...]
Compiling architecture fdse_v of entity unisim.FDSE [\FDSE(init='0')\]
Compiling architecture structure of entity xil_defaultlib.sd_fec_0_xpm_fifo_rst [sd_fec_0_xpm_fifo_rst_default]
Compiling architecture structure of entity xil_defaultlib.\sd_fec_0_xpm_fifo_base__parameterized0\ [\sd_fec_0_xpm_fifo_base__paramet...]
Compiling architecture structure of entity xil_defaultlib.\sd_fec_0_xpm_fifo_sync__parameterized0\ [\sd_fec_0_xpm_fifo_sync__paramet...]
Compiling architecture structure of entity xil_defaultlib.sd_fec_0_xpm_memory_base [sd_fec_0_xpm_memory_base_default]
Compiling architecture structure of entity xil_defaultlib.\sd_fec_0_xpm_counter_updn__parameterized0_3\ [\sd_fec_0_xpm_counter_updn__para...]
Compiling architecture structure of entity xil_defaultlib.\sd_fec_0_xpm_counter_updn__parameterized1_4\ [\sd_fec_0_xpm_counter_updn__para...]
Compiling architecture structure of entity xil_defaultlib.sd_fec_0_xpm_fifo_reg_bit_5 [sd_fec_0_xpm_fifo_reg_bit_5_defa...]
Compiling architecture structure of entity xil_defaultlib.\sd_fec_0_xpm_counter_updn__parameterized0_6\ [\sd_fec_0_xpm_counter_updn__para...]
Compiling architecture structure of entity xil_defaultlib.\sd_fec_0_xpm_counter_updn__parameterized1_7\ [\sd_fec_0_xpm_counter_updn__para...]
Compiling architecture structure of entity xil_defaultlib.sd_fec_0_xpm_fifo_rst_8 [sd_fec_0_xpm_fifo_rst_8_default]
Compiling architecture structure of entity xil_defaultlib.sd_fec_0_xpm_fifo_base [sd_fec_0_xpm_fifo_base_default]
Compiling architecture structure of entity xil_defaultlib.sd_fec_0_xpm_fifo_sync [sd_fec_0_xpm_fifo_sync_default]
Compiling architecture lut4_v of entity unisim.LUT4 [\LUT4(init="1010101011101010")(0...]
Compiling architecture lut4_v of entity unisim.LUT4 [\LUT4(init="0000000000000001")(0...]
Compiling architecture lut6_v of entity unisim.LUT6 [\LUT6(init="11111111111111111111...]
Compiling architecture lut6_v of entity unisim.LUT6 [\LUT6(init="00000000000000000000...]
Compiling architecture srl16e_v of entity unisim.SRL16E [\SRL16E(0,15)\]
Compiling architecture structure of entity xil_defaultlib.sd_fec_0_fec_5g_common_v1_1_1_srl_array [sd_fec_0_fec_5g_common_v1_1_1_sr...]
Compiling architecture lut6_v of entity unisim.LUT6 [\LUT6(init="00000000001000100000...]
Compiling architecture lut6_v of entity unisim.LUT6 [\LUT6(init="11111111111111111111...]
Compiling architecture lut6_v of entity unisim.LUT6 [\LUT6(init="10001000100010001000...]
Compiling architecture lut6_v of entity unisim.LUT6 [\LUT6(init="11111111111111111010...]
Compiling architecture lut6_v of entity unisim.LUT6 [\LUT6(init="11111111111111111111...]
Compiling architecture lut6_v of entity unisim.LUT6 [\LUT6(init="11111000100010001111...]
Compiling architecture lut5_v of entity unisim.LUT5 [\LUT5(init="11101110111010101110...]
Compiling architecture carry8_v of entity unisim.CARRY8 [\CARRY8(1,10)\]
Compiling architecture lut6_v of entity unisim.LUT6 [\LUT6(init="10101010111010101111...]
Compiling architecture lut6_v of entity unisim.LUT6 [\LUT6(init="00111111101010100011...]
Compiling architecture lut5_v of entity unisim.LUT5 [\LUT5(init="11111111111111111111...]
Compiling architecture lut6_v of entity unisim.LUT6 [\LUT6(init="00000000000000000000...]
Compiling architecture lut5_v of entity unisim.LUT5 [\LUT5(init="11111111111010101110...]
Compiling architecture lut3_v of entity unisim.LUT3 [\LUT3(init="11110100")(0,7)\]
Compiling architecture lut6_v of entity unisim.LUT6 [\LUT6(init="00000000000000101111...]
Compiling architecture lut5_v of entity unisim.LUT5 [\LUT5(init="00001000111101111111...]
Compiling architecture lut6_v of entity unisim.LUT6 [\LUT6(init="01000000101111111111...]
Compiling architecture lut5_v of entity unisim.LUT5 [\LUT5(init="10011010101010101010...]
Compiling architecture lut6_v of entity unisim.LUT6 [\LUT6(init="10011010101010101010...]
Compiling architecture lut4_v of entity unisim.LUT4 [\LUT4(init="0111100011100001")(0...]
Compiling architecture lut5_v of entity unisim.LUT5 [\LUT5(init="01010101010101001101...]
Compiling architecture lut6_v of entity unisim.LUT6 [\LUT6(init="11111111111110111111...]
Compiling architecture lut5_v of entity unisim.LUT5 [\LUT5(init="00000100000000000000...]
Compiling architecture lut6_v of entity unisim.LUT6 [\LUT6(init="00000000000000000000...]
Compiling architecture structure of entity xil_defaultlib.sd_fec_0_fec_5g_common_v1_1_1_srl_fifo [sd_fec_0_fec_5g_common_v1_1_1_sr...]
Compiling architecture lut6_v of entity unisim.LUT6 [\LUT6(init="01101001100101101001...]
Compiling architecture lut3_v of entity unisim.LUT3 [\LUT3(init="10010110")(0,7)\]
Compiling architecture lut6_v of entity unisim.LUT6 [\LUT6(init="11111111111111111111...]
Compiling architecture lut6_v of entity unisim.LUT6 [\LUT6(init="11111111110111111111...]
Compiling architecture lut3_v of entity unisim.LUT3 [\LUT3(init="00010000")(0,7)\]
Compiling architecture lut6_v of entity unisim.LUT6 [\LUT6(init="11111111111111111111...]
Compiling architecture structure of entity xil_defaultlib.\sd_fec_0_ecc_v2_0_13_reg_stage__parameterized0\ [\sd_fec_0_ecc_v2_0_13_reg_stage_...]
Compiling architecture structure of entity xil_defaultlib.sd_fec_0_ecc_v2_0_13_hsiao_dec [sd_fec_0_ecc_v2_0_13_hsiao_dec_d...]
Compiling architecture structure of entity xil_defaultlib.sd_fec_0_ecc_v2_0_13 [sd_fec_0_ecc_v2_0_13_default]
Compiling architecture structure of entity xil_defaultlib.sd_fec_0_fec_5g_common_v1_1_1_pipe_reg [sd_fec_0_fec_5g_common_v1_1_1_pi...]
Compiling architecture structure of entity xil_defaultlib.sd_fec_0_fec_5g_common_v1_1_1_pipe_reg_0 [sd_fec_0_fec_5g_common_v1_1_1_pi...]
Compiling architecture structure of entity xil_defaultlib.sd_fec_0_sd_fec_v1_1_8_sdp_ram [sd_fec_0_sd_fec_v1_1_8_sdp_ram_d...]
Compiling architecture structure of entity xil_defaultlib.sd_fec_0_sd_fec_v1_1_8_non_5g_ref_code_table_if [sd_fec_0_sd_fec_v1_1_8_non_5g_re...]
Compiling architecture lut4_v of entity unisim.LUT4 [\LUT4(init="1111010001000100")(0...]
Compiling architecture lut5_v of entity unisim.LUT5 [\LUT5(init="11111000100011111000...]
Compiling architecture lut6_v of entity unisim.LUT6 [\LUT6(init="11111000111111111000...]
Compiling architecture lut5_v of entity unisim.LUT5 [\LUT5(init="11110111111111111111...]
Compiling architecture lut5_v of entity unisim.LUT5 [\LUT5(init="10001111111110001000...]
Compiling architecture lut6_v of entity unisim.LUT6 [\LUT6(init="10001111111111111111...]
Compiling architecture lut3_v of entity unisim.LUT3 [\LUT3(init="01111111")(0,7)\]
Compiling architecture lut5_v of entity unisim.LUT5 [\LUT5(init="10000000000000000000...]
Compiling architecture lut6_v of entity unisim.LUT6 [\LUT6(init="01111111111111111111...]
Compiling architecture lut4_v of entity unisim.LUT4 [\LUT4(init="0000100000000000")(0...]
Compiling architecture lut6_v of entity unisim.LUT6 [\LUT6(init="00001000000011001111...]
Compiling architecture lut6_v of entity unisim.LUT6 [\LUT6(init="11101010101010101010...]
Compiling architecture lut5_v of entity unisim.LUT5 [\LUT5(init="00000000000000000000...]
Compiling architecture lut6_v of entity unisim.LUT6 [\LUT6(init="11111111111111111111...]
Compiling architecture lut6_v of entity unisim.LUT6 [\LUT6(init="00000000000000010000...]
Compiling architecture lut6_v of entity unisim.LUT6 [\LUT6(init="11111111111111111111...]
Compiling architecture lut5_v of entity unisim.LUT5 [\LUT5(init="00000000000000000000...]
Compiling architecture lut6_v of entity unisim.LUT6 [\LUT6(init="00000000001000100000...]
Compiling architecture lut5_v of entity unisim.LUT5 [\LUT5(init="00000000000000000000...]
Compiling architecture lut6_v of entity unisim.LUT6 [\LUT6(init="10000000111100001000...]
Compiling architecture lut6_v of entity unisim.LUT6 [\LUT6(init="00000000000001000000...]
Compiling architecture lut5_v of entity unisim.LUT5 [\LUT5(init="10001000100010001000...]
Compiling architecture lut6_v of entity unisim.LUT6 [\LUT6(init="00000000000000000000...]
Compiling architecture lut6_v of entity unisim.LUT6 [\LUT6(init="11111111000000100000...]
Compiling architecture lut4_v of entity unisim.LUT4 [\LUT4(init="0100000000000011")(0...]
Compiling architecture lut4_v of entity unisim.LUT4 [\LUT4(init="0000000000000111")(0...]
Compiling architecture lut6_v of entity unisim.LUT6 [\LUT6(init="01010000000000000101...]
Compiling architecture lut5_v of entity unisim.LUT5 [\LUT5(init="00000001101111100000...]
Compiling architecture lut6_v of entity unisim.LUT6 [\LUT6(init="00000000000000000000...]
Compiling architecture lut6_v of entity unisim.LUT6 [\LUT6(init="11111110111011101111...]
Compiling architecture lut6_v of entity unisim.LUT6 [\LUT6(init="11111111111111111111...]
Compiling architecture lut4_v of entity unisim.LUT4 [\LUT4(init="0000000001100011")(0...]
Compiling architecture lut4_v of entity unisim.LUT4 [\LUT4(init="0011001000000111")(0...]
Compiling architecture lut4_v of entity unisim.LUT4 [\LUT4(init="0101000000000010")(0...]
Compiling architecture lut5_v of entity unisim.LUT5 [\LUT5(init="00010000000000001111...]
Compiling architecture lut6_v of entity unisim.LUT6 [\LUT6(init="11111111111111100000...]
Compiling architecture lut5_v of entity unisim.LUT5 [\LUT5(init="00000000000000000000...]
Compiling architecture lut6_v of entity unisim.LUT6 [\LUT6(init="00000000000000000000...]
Compiling architecture lut6_v of entity unisim.LUT6 [\LUT6(init="10101010101010101010...]
Compiling architecture lut6_v of entity unisim.LUT6 [\LUT6(init="00100010000000000010...]
Compiling architecture lut4_v of entity unisim.LUT4 [\LUT4(init="0000000000010111")(0...]
Compiling architecture lut4_v of entity unisim.LUT4 [\LUT4(init="0000000100000000")(0...]
Compiling architecture lut6_v of entity unisim.LUT6 [\LUT6(init="11101110111011101110...]
Compiling architecture lut6_v of entity unisim.LUT6 [\LUT6(init="10101010101010100000...]
Compiling architecture lut6_v of entity unisim.LUT6 [\LUT6(init="00000000000000010000...]
Compiling architecture lut5_v of entity unisim.LUT5 [\LUT5(init="11100001000000000001...]
Compiling architecture lut4_v of entity unisim.LUT4 [\LUT4(init="1001000001000010")(0...]
Compiling architecture lut3_v of entity unisim.LUT3 [\LUT3(init="01000010")(0,7)\]
Compiling architecture lut6_v of entity unisim.LUT6 [\LUT6(init="11001100110011001100...]
Compiling architecture lut6_v of entity unisim.LUT6 [\LUT6(init="00000000000000001111...]
Compiling architecture lut6_v of entity unisim.LUT6 [\LUT6(init="10101010101010111111...]
Compiling architecture lut5_v of entity unisim.LUT5 [\LUT5(init="00110011001110000010...]
Compiling architecture lut4_v of entity unisim.LUT4 [\LUT4(init="0110001000100000")(0...]
Compiling architecture lut3_v of entity unisim.LUT3 [\LUT3(init="11100000")(0,7)\]
Compiling architecture lut6_v of entity unisim.LUT6 [\LUT6(init="00010001000100010001...]
Compiling architecture lut6_v of entity unisim.LUT6 [\LUT6(init="00000000000000011010...]
Compiling architecture lut6_v of entity unisim.LUT6 [\LUT6(init="00000000000010000000...]
Compiling architecture lut6_v of entity unisim.LUT6 [\LUT6(init="10111111111111110000...]
Compiling architecture lut6_v of entity unisim.LUT6 [\LUT6(init="11111111011111111111...]
Compiling architecture lut3_v of entity unisim.LUT3 [\LUT3(init="10000100")(0,7)\]
Compiling architecture lut4_v of entity unisim.LUT4 [\LUT4(init="1011000001000000")(0...]
Compiling architecture lut5_v of entity unisim.LUT5 [\LUT5(init="11011111000000000010...]
Compiling architecture lut3_v of entity unisim.LUT3 [\LUT3(init="01001000")(0,7)\]
Compiling architecture lut4_v of entity unisim.LUT4 [\LUT4(init="0111000010000000")(0...]
Compiling architecture lut5_v of entity unisim.LUT5 [\LUT5(init="01111111000000001000...]
Compiling architecture lut6_v of entity unisim.LUT6 [\LUT6(init="01111111111111110000...]
Compiling architecture lut6_v of entity unisim.LUT6 [\LUT6(init="11110111111111110000...]
Compiling architecture lut3_v of entity unisim.LUT3 [\LUT3(init="10000001")(0,7)\]
Compiling architecture lut3_v of entity unisim.LUT3 [\LUT3(init="00100001")(0,7)\]
Compiling architecture lut4_v of entity unisim.LUT4 [\LUT4(init="1001000000001001")(0...]
Compiling architecture lut3_v of entity unisim.LUT3 [\LUT3(init="00001110")(0,7)\]
Compiling architecture lut3_v of entity unisim.LUT3 [\LUT3(init="10110010")(0,7)\]
Compiling architecture lut4_v of entity unisim.LUT4 [\LUT4(init="0101000011010100")(0...]
Compiling architecture lut2_v of entity unisim.LUT2 [\LUT2(init="0001")(0,3)\]
Compiling architecture lut4_v of entity unisim.LUT4 [\LUT4(init="0000000000001000")(0...]
Compiling architecture structure of entity xil_defaultlib.sd_fec_0_sd_fec_v1_1_8_non_5g_code_generator [sd_fec_0_sd_fec_v1_1_8_non_5g_co...]
Compiling architecture lut3_v of entity unisim.LUT3 [\LUT3(init="10101001")(0,7)\]
Compiling architecture lut4_v of entity unisim.LUT4 [\LUT4(init="1111000011100001")(0...]
Compiling architecture lut4_v of entity unisim.LUT4 [\LUT4(init="1111000011110001")(0...]
Compiling architecture structure of entity xil_defaultlib.\sd_fec_0_fec_5g_common_v1_1_1_srl_fifo__parameterized0\ [\sd_fec_0_fec_5g_common_v1_1_1_s...]
Compiling architecture structure of entity xil_defaultlib.\sd_fec_0_fec_5g_common_v1_1_1_srl_fifo__parameterized1\ [\sd_fec_0_fec_5g_common_v1_1_1_s...]
Compiling architecture structure of entity xil_defaultlib.sd_fec_0_sd_fec_v1_1_8_error_handle [sd_fec_0_sd_fec_v1_1_8_error_han...]
Compiling architecture structure of entity xil_defaultlib.sd_fec_0_sd_fec_v1_1_8_non_5g [sd_fec_0_sd_fec_v1_1_8_non_5g_de...]
Compiling architecture structure of entity xil_defaultlib.sd_fec_0_sd_fec_v1_1_8 [sd_fec_0_sd_fec_v1_1_8_default]
Compiling architecture structure of entity xil_defaultlib.sd_fec_0 [sd_fec_0_default]
Compiling package secureip.xil_fe_pack1
Compiling package secureip.xil_fe_pack0
Compiling package secureip.xil_fe_pack7
Compiling package secureip.xil_fe_pack2
Compiling package secureip.xil_fe_pack3
Compiling package secureip.xil_fe_pack9
Compiling package secureip.xil_fe_pack6
Compiling package secureip.xil_fe_pack5
Compiling package secureip.xil_fe_pack4
Compiling package secureip.xil_fe_pack8
Compiling architecture lut5_v of entity unisim.LUT5 [\LUT5(init="01101010101010101010...]
Compiling architecture lut6_v of entity unisim.LUT6 [\LUT6(init="01111111111111110000...]
Compiling architecture lut5_v of entity unisim.LUT5 [\LUT5(init="00000000000000001111...]
Compiling architecture lut6_v of entity unisim.LUT6 [\LUT6(init="11111111111111111111...]
Compiling architecture lut5_v of entity unisim.LUT5 [\LUT5(init="10101010101010111010...]
Compiling architecture lut6_v of entity unisim.LUT6 [\LUT6(init="11111111111111111111...]
Compiling architecture structure of entity xil_defaultlib.axis_data_fifo_1_xpm_cdc_sync_rst [axis_data_fifo_1_xpm_cdc_sync_rs...]
Compiling architecture lut4_v of entity unisim.LUT4 [\LUT4(init="0011111111110000")(0...]
Compiling architecture lut5_v of entity unisim.LUT5 [\LUT5(init="11111101110111010100...]
Compiling architecture lut4_v of entity unisim.LUT4 [\LUT4(init="0011010101110101")(0...]
Compiling architecture ramb36e2_v of entity unisim.RAMB36E2 [\RAMB36E2(cascade_order_b="FIRST...]
Compiling architecture lut3_v of entity unisim.LUT3 [\LUT3(init="00000010")(0,7)\]
Compiling architecture ramb36e2_v of entity unisim.RAMB36E2 [\RAMB36E2(cascade_order_b="MIDDL...]
Compiling architecture ramb36e2_v of entity unisim.RAMB36E2 [\RAMB36E2(cascade_order_b="LAST"...]
Compiling architecture ramb36e2_v of entity unisim.RAMB36E2 [\RAMB36E2(cascade_order_b="FIRST...]
Compiling architecture ramb36e2_v of entity unisim.RAMB36E2 [\RAMB36E2(cascade_order_b="LAST"...]
Compiling architecture ramb36e2_v of entity unisim.RAMB36E2 [\RAMB36E2(clock_domains="COMMON"...]
Compiling architecture ramb18e2_v of entity unisim.RAMB18E2 [\RAMB18E2(clock_domains="COMMON"...]
Compiling architecture structure of entity xil_defaultlib.axis_data_fifo_1_xpm_memory_base [axis_data_fifo_1_xpm_memory_base...]
Compiling architecture lut5_v of entity unisim.LUT5 [\LUT5(init="01111111111111111000...]
Compiling architecture lut6_v of entity unisim.LUT6 [\LUT6(init="01111111111111111111...]
Compiling architecture lut6_v of entity unisim.LUT6 [\LUT6(init="10000000000000000000...]
Compiling architecture lut6_v of entity unisim.LUT6 [\LUT6(init="00000000000000001010...]
Compiling architecture lut4_v of entity unisim.LUT4 [\LUT4(init="1111001000000010")(0...]
Compiling architecture lut5_v of entity unisim.LUT5 [\LUT5(init="11110011111111110000...]
Compiling architecture lut6_v of entity unisim.LUT6 [\LUT6(init="10010000000000000000...]
Compiling architecture lut6_v of entity unisim.LUT6 [\LUT6(init="00000101010001010000...]
Compiling architecture lut6_v of entity unisim.LUT6 [\LUT6(init="11111010101110101111...]
Compiling architecture structure of entity xil_defaultlib.\axis_data_fifo_1_xpm_counter_updn__parameterized2\ [\axis_data_fifo_1_xpm_counter_up...]
Compiling architecture structure of entity xil_defaultlib.\axis_data_fifo_1_xpm_counter_updn__parameterized3\ [\axis_data_fifo_1_xpm_counter_up...]
Compiling architecture structure of entity xil_defaultlib.axis_data_fifo_1_xpm_fifo_reg_bit [axis_data_fifo_1_xpm_fifo_reg_bi...]
Compiling architecture lut6_v of entity unisim.LUT6 [\LUT6(init="00000000000000000000...]
Compiling architecture structure of entity xil_defaultlib.\axis_data_fifo_1_xpm_counter_updn__parameterized2_0\ [\axis_data_fifo_1_xpm_counter_up...]
Compiling architecture structure of entity xil_defaultlib.\axis_data_fifo_1_xpm_counter_updn__parameterized3_1\ [\axis_data_fifo_1_xpm_counter_up...]
Compiling architecture structure of entity xil_defaultlib.\axis_data_fifo_1_xpm_counter_updn__parameterized0\ [\axis_data_fifo_1_xpm_counter_up...]
Compiling architecture structure of entity xil_defaultlib.axis_data_fifo_1_xpm_fifo_rst [axis_data_fifo_1_xpm_fifo_rst_de...]
Compiling architecture structure of entity xil_defaultlib.axis_data_fifo_1_xpm_fifo_base [axis_data_fifo_1_xpm_fifo_base_d...]
Compiling architecture structure of entity xil_defaultlib.axis_data_fifo_1_xpm_fifo_axis [axis_data_fifo_1_xpm_fifo_axis_d...]
Compiling architecture structure of entity xil_defaultlib.axis_data_fifo_1_axis_data_fifo_v2_0_7_top [axis_data_fifo_1_axis_data_fifo_...]
Compiling architecture structure of entity xil_defaultlib.axis_data_fifo_1 [axis_data_fifo_1_default]
Compiling architecture bufgce_v of entity unisim.BUFGCE [\BUFGCE(ce_type="ASYNC",sim_devi...]
Compiling architecture ibuf_v of entity unisim.IBUF [\IBUF(1,9)(1,1)(1,4)(1,7)\]
Compiling architecture obuf_v of entity unisim.OBUF [\OBUF(1,9)(1,7)(1,4)\]
Compiling architecture obuft_v of entity unisim.OBUFT [\OBUFT(1,9)(1,7)(1,4)\]
Compiling architecture structure of entity xil_defaultlib.axis_data_fifo_0_xpm_cdc_sync_rst [axis_data_fifo_0_xpm_cdc_sync_rs...]
Compiling architecture lut5_v of entity unisim.LUT5 [\LUT5(init="01011010101010101010...]
Compiling architecture lut4_v of entity unisim.LUT4 [\LUT4(init="1100000000101111")(0...]
Compiling architecture lut6_v of entity unisim.LUT6 [\LUT6(init="10101001100110011010...]
Compiling architecture lut4_v of entity unisim.LUT4 [\LUT4(init="1001011001101001")(0...]
Compiling architecture structure of entity xil_defaultlib.\axis_data_fifo_0_xpm_counter_updn__parameterized0\ [\axis_data_fifo_0_xpm_counter_up...]
Compiling architecture ramb36e2_v of entity unisim.RAMB36E2 [\RAMB36E2(cascade_order_b="FIRST...]
Compiling architecture ramb36e2_v of entity unisim.RAMB36E2 [\RAMB36E2(cascade_order_b="LAST"...]
Compiling architecture ramb36e2_v of entity unisim.RAMB36E2 [\RAMB36E2(clock_domains="COMMON"...]
Compiling architecture structure of entity xil_defaultlib.axis_data_fifo_0_xpm_memory_base [axis_data_fifo_0_xpm_memory_base...]
Compiling architecture lut4_v of entity unisim.LUT4 [\LUT4(init="1011010001001011")(0...]
Compiling architecture lut3_v of entity unisim.LUT3 [\LUT3(init="11010100")(0,7)\]
Compiling architecture structure of entity xil_defaultlib.\axis_data_fifo_0_xpm_counter_updn__parameterized1\ [\axis_data_fifo_0_xpm_counter_up...]
Compiling architecture structure of entity xil_defaultlib.\axis_data_fifo_0_xpm_counter_updn__parameterized2\ [\axis_data_fifo_0_xpm_counter_up...]
Compiling architecture structure of entity xil_defaultlib.axis_data_fifo_0_xpm_fifo_reg_bit [axis_data_fifo_0_xpm_fifo_reg_bi...]
Compiling architecture lut5_v of entity unisim.LUT5 [\LUT5(init="01110001100011101000...]
Compiling architecture structure of entity xil_defaultlib.\axis_data_fifo_0_xpm_counter_updn__parameterized1_0\ [\axis_data_fifo_0_xpm_counter_up...]
Compiling architecture structure of entity xil_defaultlib.\axis_data_fifo_0_xpm_counter_updn__parameterized2_1\ [\axis_data_fifo_0_xpm_counter_up...]
Compiling architecture structure of entity xil_defaultlib.\axis_data_fifo_0_xpm_counter_updn__parameterized3\ [\axis_data_fifo_0_xpm_counter_up...]
Compiling architecture lut5_v of entity unisim.LUT5 [\LUT5(init="10101010101010101010...]
Compiling architecture structure of entity xil_defaultlib.axis_data_fifo_0_xpm_fifo_rst [axis_data_fifo_0_xpm_fifo_rst_de...]
Compiling architecture structure of entity xil_defaultlib.axis_data_fifo_0_xpm_fifo_base [axis_data_fifo_0_xpm_fifo_base_d...]
Compiling architecture structure of entity xil_defaultlib.axis_data_fifo_0_xpm_fifo_axis [axis_data_fifo_0_xpm_fifo_axis_d...]
Compiling architecture structure of entity xil_defaultlib.axis_data_fifo_0_axis_data_fifo_v2_0_7_top [axis_data_fifo_0_axis_data_fifo_...]
Compiling architecture structure of entity xil_defaultlib.axis_data_fifo_0 [axis_data_fifo_0_default]
Compiling architecture structure of entity xil_defaultlib.LDPC_encoder [ldpc_encoder_default]
Compiling architecture behavioral of entity xil_defaultlib.ldpc_encoder_tb
Built simulation snapshot LDPC_encoder_tb_func_synth
