#
## ./fault_db/xfr_merge.out
## File generated by TOOL:	xfr(64)	20.09-s007 on Jun 09, 2025 at 16:18:47 CEST
#

{ <list of fault nodes> } <fault_seed> <fault_type> <fault injection time> <finish time> <result>
":RESET"    0    SEU    100ns    1us    <ON_TIME,DANGEROUS_DETECTED:100100ps>
":MODE_TYPE(0)"    0    SEU    105ns    1us    <ON_TIME,DANGEROUS_DETECTED:115100ps>
":MODE_TYPE(1)"    0    SEU    411ns    1us    <ON_TIME,DANGEROUS_DETECTED:415100ps>
":MODE_TYPE(2)"    0    SEU    120ns    1us    <ON_TIME,DANGEROUS_DETECTED:125100ps>
":DATA_IN_READY"    0    SEU    137ns    1us    <ON_TIME,DANGEROUS_DETECTED:145100ps>
":DATA_OUT_READY"    0    SEU    235ns    1us    <ON_TIME,UNOBSERVED_UNDETECTED>
":DATA_IN_VALID"    0    SEU    288ns    1us    <ON_TIME,DANGEROUS_DETECTED:295100ps>
":DATA_IN(0)"    0    SEU    394ns    1us    <ON_TIME,DANGEROUS_DETECTED:395100ps>
":DATA_IN(1)"    0    SEU    265ns    1us    <ON_TIME,UNOBSERVED_UNDETECTED>
":DATA_IN(2)"    0    SEU    331ns    1us    <ON_TIME,DANGEROUS_DETECTED:335100ps>
":DATA_IN(3)"    0    SEU    97ns    1us    <ON_TIME,DANGEROUS_DETECTED:105100ps>
":DATA_IN(4)"    0    SEU    393ns    1us    <ON_TIME,DANGEROUS_DETECTED:395100ps>
":DATA_IN(5)"    0    SEU    305ns    1us    <ON_TIME,UNOBSERVED_UNDETECTED>
":UUT:\BUFF_COUNTER[0]_I_1\:I4"    0    SEU    274ns    1us    <ON_TIME,DANGEROUS_DETECTED:275100ps>
":UUT:\BUFF_COUNTER[0]_I_1\:I3"    0    SEU    269ns    1us    <ON_TIME,DANGEROUS_DETECTED:275100ps>
":UUT:\BUFF_COUNTER[0]_I_1\:I2"    0    SEU    284ns    1us    <ON_TIME,DANGEROUS_DETECTED:285100ps>
":UUT:\BUFF_COUNTER[0]_I_1\:I1"    0    SEU    142ns    1us    <ON_TIME,UNOBSERVED_UNDETECTED>
":UUT:\BUFF_COUNTER[0]_I_1\:I0"    0    SEU    178ns    1us    <ON_TIME,DANGEROUS_DETECTED:785100ps>
":UUT:\BUFF_COUNTER[0]_I_1\:O"    0    SEU    78ns    1us    <ON_TIME,UNOBSERVED_UNDETECTED>
":UUT:\BUFF_COUNTER[0]_I_1\:LUT_P:I_REG"    0    SEU    118ns    1us    <ON_TIME,UNOBSERVED_UNDETECTED>
":UUT:\BUFF_COUNTER[0]_I_10\:O"    0    SEU    87ns    1us    <ON_TIME,UNOBSERVED_UNDETECTED>
":UUT:\BUFF_COUNTER[0]_I_10\:I0"    0    SEU    334ns    1us    <ON_TIME,DANGEROUS_DETECTED:785100ps>
":UUT:\BUFF_COUNTER[0]_I_10\:FUNCTIONALBEHAVIOR:INIT_REG"    0    SEU    151ns    1us    <ON_TIME,UNOBSERVED_UNDETECTED>
":UUT:\BUFF_COUNTER[0]_I_3\:I1"    0    SEU    370ns    1us    <ON_TIME,DANGEROUS_DETECTED:785100ps>
":UUT:\BUFF_COUNTER[0]_I_3\:I0"    0    SEU    280ns    1us    <ON_TIME,DANGEROUS_DETECTED:285100ps>
":UUT:\BUFF_COUNTER[0]_I_3\:O"    0    SEU    206ns    1us    <ON_TIME,UNOBSERVED_UNDETECTED>
":UUT:\BUFF_COUNTER[0]_I_3\:FUNCTIONALBEHAVIOR:ADDRESS"    0    SEU    433ns    1us    <ON_TIME,UNOBSERVED_UNDETECTED>
":UUT:\BUFF_COUNTER[0]_I_3\:FUNCTIONALBEHAVIOR:ADDRESS_INT"    0    SEU    226ns    1us    <ON_TIME,UNOBSERVED_UNDETECTED>
":UUT:\BUFF_COUNTER[0]_I_3\:FUNCTIONALBEHAVIOR:INIT_REG"    0    SEU    160ns    1us    <ON_TIME,UNOBSERVED_UNDETECTED>
":UUT:\BUFF_COUNTER[0]_I_4\:I1"    0    SEU    165ns    1us    <ON_TIME,DANGEROUS_DETECTED:785100ps>
":UUT:\BUFF_COUNTER[0]_I_4\:I0"    0    SEU    284ns    1us    <ON_TIME,DANGEROUS_DETECTED:285100ps>
":UUT:\BUFF_COUNTER[0]_I_4\:O"    0    SEU    258ns    1us    <ON_TIME,UNOBSERVED_UNDETECTED>
":UUT:\BUFF_COUNTER[0]_I_4\:FUNCTIONALBEHAVIOR:ADDRESS"    0    SEU    365ns    1us    <ON_TIME,UNOBSERVED_UNDETECTED>
":UUT:\BUFF_COUNTER[0]_I_4\:FUNCTIONALBEHAVIOR:ADDRESS_INT"    0    SEU    412ns    1us    <ON_TIME,UNOBSERVED_UNDETECTED>
":UUT:\BUFF_COUNTER[0]_I_4\:FUNCTIONALBEHAVIOR:INIT_REG"    0    SEU    433ns    1us    <ON_TIME,UNOBSERVED_UNDETECTED>
":UUT:\BUFF_COUNTER[0]_I_5\:I1"    0    SEU    379ns    1us    <ON_TIME,DANGEROUS_DETECTED:785100ps>
":UUT:\BUFF_COUNTER[0]_I_5\:I0"    0    SEU    285ns    1us    <ON_TIME,DANGEROUS_DETECTED:295100ps>
":UUT:\BUFF_COUNTER[0]_I_5\:O"    0    SEU    86ns    1us    <ON_TIME,UNOBSERVED_UNDETECTED>
":UUT:\BUFF_COUNTER[0]_I_5\:FUNCTIONALBEHAVIOR:ADDRESS"    0    SEU    82ns    1us    <ON_TIME,UNOBSERVED_UNDETECTED>
":UUT:\BUFF_COUNTER[0]_I_5\:FUNCTIONALBEHAVIOR:ADDRESS_INT"    0    SEU    296ns    1us    <ON_TIME,UNOBSERVED_UNDETECTED>
":UUT:\BUFF_COUNTER[0]_I_5\:FUNCTIONALBEHAVIOR:INIT_REG"    0    SEU    205ns    1us    <ON_TIME,UNOBSERVED_UNDETECTED>
":UUT:\BUFF_COUNTER[0]_I_6\:I1"    0    SEU    242ns    1us    <ON_TIME,DANGEROUS_DETECTED:785100ps>
":UUT:\BUFF_COUNTER[0]_I_6\:I0"    0    SEU    174ns    1us    <ON_TIME,DANGEROUS_DETECTED:175100ps>
":UUT:\BUFF_COUNTER[0]_I_6\:O"    0    SEU    115ns    1us    <ON_TIME,UNOBSERVED_UNDETECTED>
":UUT:\BUFF_COUNTER[0]_I_6\:FUNCTIONALBEHAVIOR:ADDRESS"    0    SEU    272ns    1us    <ON_TIME,UNOBSERVED_UNDETECTED>
":UUT:\BUFF_COUNTER[0]_I_6\:FUNCTIONALBEHAVIOR:ADDRESS_INT"    0    SEU    194ns    1us    <ON_TIME,UNOBSERVED_UNDETECTED>
":UUT:\BUFF_COUNTER[0]_I_6\:FUNCTIONALBEHAVIOR:INIT_REG"    0    SEU    395ns    1us    <ON_TIME,UNOBSERVED_UNDETECTED>
":UUT:\BUFF_COUNTER[0]_I_7\:I1"    0    SEU    281ns    1us    <ON_TIME,DANGEROUS_DETECTED:785100ps>
":UUT:\BUFF_COUNTER[0]_I_7\:I0"    0    SEU    96ns    1us    <ON_TIME,DANGEROUS_DETECTED:105100ps>
":UUT:\BUFF_COUNTER[0]_I_7\:O"    0    SEU    414ns    1us    <ON_TIME,UNOBSERVED_UNDETECTED>
":UUT:\BUFF_COUNTER[0]_I_7\:FUNCTIONALBEHAVIOR:ADDRESS"    0    SEU    194ns    1us    <ON_TIME,UNOBSERVED_UNDETECTED>
":UUT:\BUFF_COUNTER[0]_I_7\:FUNCTIONALBEHAVIOR:ADDRESS_INT"    0    SEU    353ns    1us    <ON_TIME,UNOBSERVED_UNDETECTED>
":UUT:\BUFF_COUNTER[0]_I_7\:FUNCTIONALBEHAVIOR:INIT_REG"    0    SEU    270ns    1us    <ON_TIME,UNOBSERVED_UNDETECTED>
":UUT:\BUFF_COUNTER[0]_I_8\:I1"    0    SEU    334ns    1us    <ON_TIME,DANGEROUS_DETECTED:785100ps>
":UUT:\BUFF_COUNTER[0]_I_8\:I0"    0    SEU    119ns    1us    <ON_TIME,DANGEROUS_DETECTED:125100ps>
":UUT:\BUFF_COUNTER[0]_I_8\:O"    0    SEU    225ns    1us    <ON_TIME,UNOBSERVED_UNDETECTED>
":UUT:\BUFF_COUNTER[0]_I_8\:FUNCTIONALBEHAVIOR:ADDRESS"    0    SEU    80ns    1us    <ON_TIME,UNOBSERVED_UNDETECTED>
":UUT:\BUFF_COUNTER[0]_I_8\:FUNCTIONALBEHAVIOR:ADDRESS_INT"    0    SEU    358ns    1us    <ON_TIME,UNOBSERVED_UNDETECTED>
":UUT:\BUFF_COUNTER[0]_I_8\:FUNCTIONALBEHAVIOR:INIT_REG"    0    SEU    199ns    1us    <ON_TIME,UNOBSERVED_UNDETECTED>
":UUT:\BUFF_COUNTER[0]_I_9\:I1"    0    SEU    256ns    1us    <ON_TIME,DANGEROUS_DETECTED:785100ps>
":UUT:\BUFF_COUNTER[0]_I_9\:I0"    0    SEU    298ns    1us    <ON_TIME,DANGEROUS_DETECTED:305100ps>
":UUT:\BUFF_COUNTER[0]_I_9\:O"    0    SEU    231ns    1us    <ON_TIME,UNOBSERVED_UNDETECTED>
":UUT:\BUFF_COUNTER[0]_I_9\:FUNCTIONALBEHAVIOR:ADDRESS"    0    SEU    269ns    1us    <ON_TIME,UNOBSERVED_UNDETECTED>
":UUT:\BUFF_COUNTER[0]_I_9\:FUNCTIONALBEHAVIOR:ADDRESS_INT"    0    SEU    99ns    1us    <ON_TIME,UNOBSERVED_UNDETECTED>
":UUT:\BUFF_COUNTER[0]_I_9\:FUNCTIONALBEHAVIOR:INIT_REG"    0    SEU    97ns    1us    <ON_TIME,UNOBSERVED_UNDETECTED>
":UUT:\BUFF_COUNTER[16]_I_2\:I1"    0    SEU    227ns    1us    <ON_TIME,DANGEROUS_DETECTED:785100ps>
":UUT:\BUFF_COUNTER[16]_I_2\:I0"    0    SEU    430ns    1us    <ON_TIME,DANGEROUS_DETECTED:435100ps>
":UUT:\BUFF_COUNTER[16]_I_2\:O"    0    SEU    449ns    1us    <ON_TIME,UNOBSERVED_UNDETECTED>
":UUT:\BUFF_COUNTER[16]_I_2\:FUNCTIONALBEHAVIOR:ADDRESS"    0    SEU    97ns    1us    <ON_TIME,UNOBSERVED_UNDETECTED>
":UUT:\BUFF_COUNTER[16]_I_2\:FUNCTIONALBEHAVIOR:ADDRESS_INT"    0    SEU    79ns    1us    <ON_TIME,UNOBSERVED_UNDETECTED>
":UUT:\BUFF_COUNTER[16]_I_2\:FUNCTIONALBEHAVIOR:INIT_REG"    0    SEU    85ns    1us    <ON_TIME,UNOBSERVED_UNDETECTED>
":UUT:\BUFF_COUNTER[16]_I_3\:I1"    0    SEU    275ns    1us    <ON_TIME,DANGEROUS_DETECTED:785100ps>
":UUT:\BUFF_COUNTER[16]_I_3\:I0"    0    SEU    343ns    1us    <ON_TIME,DANGEROUS_DETECTED:345100ps>
":UUT:\BUFF_COUNTER[16]_I_3\:O"    0    SEU    376ns    1us    <ON_TIME,UNOBSERVED_UNDETECTED>
":UUT:\BUFF_COUNTER[16]_I_3\:FUNCTIONALBEHAVIOR:ADDRESS"    0    SEU    150ns    1us    <ON_TIME,UNOBSERVED_UNDETECTED>
":UUT:\BUFF_COUNTER[16]_I_3\:FUNCTIONALBEHAVIOR:ADDRESS_INT"    0    SEU    298ns    1us    <ON_TIME,UNOBSERVED_UNDETECTED>
":UUT:\BUFF_COUNTER[16]_I_3\:FUNCTIONALBEHAVIOR:INIT_REG"    0    SEU    198ns    1us    <ON_TIME,UNOBSERVED_UNDETECTED>
":UUT:\BUFF_COUNTER[16]_I_4\:I1"    0    SEU    109ns    1us    <ON_TIME,DANGEROUS_DETECTED:785100ps>
":UUT:\BUFF_COUNTER[16]_I_4\:I0"    0    SEU    198ns    1us    <ON_TIME,DANGEROUS_DETECTED:205100ps>
":UUT:\BUFF_COUNTER[16]_I_4\:O"    0    SEU    325ns    1us    <ON_TIME,UNOBSERVED_UNDETECTED>
":UUT:\BUFF_COUNTER[16]_I_4\:FUNCTIONALBEHAVIOR:ADDRESS"    0    SEU    394ns    1us    <ON_TIME,UNOBSERVED_UNDETECTED>
":UUT:\BUFF_COUNTER[16]_I_4\:FUNCTIONALBEHAVIOR:ADDRESS_INT"    0    SEU    66ns    1us    <ON_TIME,UNOBSERVED_UNDETECTED>
":UUT:\BUFF_COUNTER[16]_I_4\:FUNCTIONALBEHAVIOR:INIT_REG"    0    SEU    55ns    1us    <ON_TIME,UNOBSERVED_UNDETECTED>
":UUT:\BUFF_COUNTER[16]_I_5\:I1"    0    SEU    142ns    1us    <ON_TIME,DANGEROUS_DETECTED:785100ps>
":UUT:\BUFF_COUNTER[16]_I_5\:I0"    0    SEU    103ns    1us    <ON_TIME,DANGEROUS_DETECTED:105100ps>
":UUT:\BUFF_COUNTER[16]_I_5\:O"    0    SEU    379ns    1us    <ON_TIME,UNOBSERVED_UNDETECTED>
":UUT:\BUFF_COUNTER[16]_I_5\:FUNCTIONALBEHAVIOR:ADDRESS"    0    SEU    368ns    1us    <ON_TIME,UNOBSERVED_UNDETECTED>
":UUT:\BUFF_COUNTER[16]_I_5\:FUNCTIONALBEHAVIOR:ADDRESS_INT"    0    SEU    158ns    1us    <ON_TIME,UNOBSERVED_UNDETECTED>
":UUT:\BUFF_COUNTER[16]_I_5\:FUNCTIONALBEHAVIOR:INIT_REG"    0    SEU    113ns    1us    <ON_TIME,UNOBSERVED_UNDETECTED>
":UUT:\BUFF_COUNTER[16]_I_6\:I1"    0    SEU    61ns    1us    <ON_TIME,DANGEROUS_DETECTED:785100ps>
":UUT:\BUFF_COUNTER[16]_I_6\:I0"    0    SEU    135ns    1us    <ON_TIME,DANGEROUS_DETECTED:145100ps>
":UUT:\BUFF_COUNTER[16]_I_6\:O"    0    SEU    216ns    1us    <ON_TIME,UNOBSERVED_UNDETECTED>
":UUT:\BUFF_COUNTER[16]_I_6\:FUNCTIONALBEHAVIOR:ADDRESS"    0    SEU    162ns    1us    <ON_TIME,UNOBSERVED_UNDETECTED>
":UUT:\BUFF_COUNTER[16]_I_6\:FUNCTIONALBEHAVIOR:ADDRESS_INT"    0    SEU    185ns    1us    <ON_TIME,UNOBSERVED_UNDETECTED>
":UUT:\BUFF_COUNTER[16]_I_6\:FUNCTIONALBEHAVIOR:INIT_REG"    0    SEU    426ns    1us    <ON_TIME,UNOBSERVED_UNDETECTED>
":UUT:\BUFF_COUNTER[16]_I_7\:I1"    0    SEU    57ns    1us    <ON_TIME,DANGEROUS_DETECTED:785100ps>
":UUT:\BUFF_COUNTER[16]_I_7\:I0"    0    SEU    417ns    1us    <ON_TIME,DANGEROUS_DETECTED:425100ps>
":UUT:\BUFF_COUNTER[16]_I_7\:O"    0    SEU    348ns    1us    <ON_TIME,UNOBSERVED_UNDETECTED>
":UUT:\BUFF_COUNTER[16]_I_7\:FUNCTIONALBEHAVIOR:ADDRESS"    0    SEU    85ns    1us    <ON_TIME,UNOBSERVED_UNDETECTED>
":UUT:\BUFF_COUNTER[16]_I_7\:FUNCTIONALBEHAVIOR:ADDRESS_INT"    0    SEU    54ns    1us    <ON_TIME,UNOBSERVED_UNDETECTED>
":UUT:\BUFF_COUNTER[16]_I_7\:FUNCTIONALBEHAVIOR:INIT_REG"    0    SEU    163ns    1us    <ON_TIME,UNOBSERVED_UNDETECTED>
":UUT:\BUFF_COUNTER[16]_I_8\:I1"    0    SEU    110ns    1us    <ON_TIME,DANGEROUS_DETECTED:785100ps>
":UUT:\BUFF_COUNTER[16]_I_8\:I0"    0    SEU    308ns    1us    <ON_TIME,DANGEROUS_DETECTED:315100ps>
":UUT:\BUFF_COUNTER[16]_I_8\:O"    0    SEU    156ns    1us    <ON_TIME,UNOBSERVED_UNDETECTED>
":UUT:\BUFF_COUNTER[16]_I_8\:FUNCTIONALBEHAVIOR:ADDRESS"    0    SEU    269ns    1us    <ON_TIME,UNOBSERVED_UNDETECTED>
":UUT:\BUFF_COUNTER[16]_I_8\:FUNCTIONALBEHAVIOR:ADDRESS_INT"    0    SEU    367ns    1us    <ON_TIME,UNOBSERVED_UNDETECTED>
":UUT:\BUFF_COUNTER[16]_I_8\:FUNCTIONALBEHAVIOR:INIT_REG"    0    SEU    202ns    1us    <ON_TIME,UNOBSERVED_UNDETECTED>
":UUT:\BUFF_COUNTER[16]_I_9\:I1"    0    SEU    371ns    1us    <ON_TIME,DANGEROUS_DETECTED:785100ps>
":UUT:\BUFF_COUNTER[16]_I_9\:I0"    0    SEU    271ns    1us    <ON_TIME,DANGEROUS_DETECTED:275100ps>
":UUT:\BUFF_COUNTER[16]_I_9\:O"    0    SEU    136ns    1us    <ON_TIME,UNOBSERVED_UNDETECTED>
":UUT:\BUFF_COUNTER[16]_I_9\:FUNCTIONALBEHAVIOR:ADDRESS"    0    SEU    193ns    1us    <ON_TIME,UNOBSERVED_UNDETECTED>
":UUT:\BUFF_COUNTER[16]_I_9\:FUNCTIONALBEHAVIOR:ADDRESS_INT"    0    SEU    317ns    1us    <ON_TIME,UNOBSERVED_UNDETECTED>
":UUT:\BUFF_COUNTER[16]_I_9\:FUNCTIONALBEHAVIOR:INIT_REG"    0    SEU    422ns    1us    <ON_TIME,UNOBSERVED_UNDETECTED>
":UUT:\BUFF_COUNTER[24]_I_2\:I1"    0    SEU    255ns    1us    <ON_TIME,DANGEROUS_DETECTED:265100ps>
":UUT:\BUFF_COUNTER[24]_I_2\:I0"    0    SEU    142ns    1us    <ON_TIME,UNOBSERVED_UNDETECTED>
":UUT:\BUFF_COUNTER[24]_I_2\:O"    0    SEU    191ns    1us    <ON_TIME,UNOBSERVED_UNDETECTED>
":UUT:\BUFF_COUNTER[24]_I_2\:FUNCTIONALBEHAVIOR:ADDRESS"    0    SEU    96ns    1us    <ON_TIME,UNOBSERVED_UNDETECTED>
":UUT:\BUFF_COUNTER[24]_I_2\:FUNCTIONALBEHAVIOR:ADDRESS_INT"    0    SEU    353ns    1us    <ON_TIME,UNOBSERVED_UNDETECTED>
":UUT:\BUFF_COUNTER[24]_I_2\:FUNCTIONALBEHAVIOR:INIT_REG"    0    SEU    137ns    1us    <ON_TIME,UNOBSERVED_UNDETECTED>
":UUT:\BUFF_COUNTER[24]_I_3\:I1"    0    SEU    247ns    1us    <ON_TIME,DANGEROUS_DETECTED:785100ps>
":UUT:\BUFF_COUNTER[24]_I_3\:I0"    0    SEU    308ns    1us    <ON_TIME,DANGEROUS_DETECTED:315100ps>
":UUT:\BUFF_COUNTER[24]_I_3\:O"    0    SEU    127ns    1us    <ON_TIME,UNOBSERVED_UNDETECTED>
":UUT:\BUFF_COUNTER[24]_I_3\:FUNCTIONALBEHAVIOR:ADDRESS"    0    SEU    136ns    1us    <ON_TIME,UNOBSERVED_UNDETECTED>
":UUT:\BUFF_COUNTER[24]_I_3\:FUNCTIONALBEHAVIOR:ADDRESS_INT"    0    SEU    347ns    1us    <ON_TIME,UNOBSERVED_UNDETECTED>
":UUT:\BUFF_COUNTER[24]_I_3\:FUNCTIONALBEHAVIOR:INIT_REG"    0    SEU    197ns    1us    <ON_TIME,UNOBSERVED_UNDETECTED>
":UUT:\BUFF_COUNTER[24]_I_4\:I1"    0    SEU    155ns    1us    <ON_TIME,DANGEROUS_DETECTED:785100ps>
":UUT:\BUFF_COUNTER[24]_I_4\:I0"    0    SEU    229ns    1us    <ON_TIME,DANGEROUS_DETECTED:235100ps>
":UUT:\BUFF_COUNTER[24]_I_4\:O"    0    SEU    324ns    1us    <ON_TIME,UNOBSERVED_UNDETECTED>
":UUT:\BUFF_COUNTER[24]_I_4\:FUNCTIONALBEHAVIOR:ADDRESS"    0    SEU    290ns    1us    <ON_TIME,UNOBSERVED_UNDETECTED>
":UUT:\BUFF_COUNTER[24]_I_4\:FUNCTIONALBEHAVIOR:ADDRESS_INT"    0    SEU    273ns    1us    <ON_TIME,UNOBSERVED_UNDETECTED>
":UUT:\BUFF_COUNTER[24]_I_4\:FUNCTIONALBEHAVIOR:INIT_REG"    0    SEU    363ns    1us    <ON_TIME,UNOBSERVED_UNDETECTED>
":UUT:\BUFF_COUNTER[24]_I_5\:I1"    0    SEU    78ns    1us    <ON_TIME,DANGEROUS_DETECTED:785100ps>
":UUT:\BUFF_COUNTER[24]_I_5\:I0"    0    SEU    255ns    1us    <ON_TIME,DANGEROUS_DETECTED:265100ps>
":UUT:\BUFF_COUNTER[24]_I_5\:O"    0    SEU    352ns    1us    <ON_TIME,UNOBSERVED_UNDETECTED>
":UUT:\BUFF_COUNTER[24]_I_5\:FUNCTIONALBEHAVIOR:ADDRESS"    0    SEU    396ns    1us    <ON_TIME,UNOBSERVED_UNDETECTED>
":UUT:\BUFF_COUNTER[24]_I_5\:FUNCTIONALBEHAVIOR:ADDRESS_INT"    0    SEU    283ns    1us    <ON_TIME,UNOBSERVED_UNDETECTED>
":UUT:\BUFF_COUNTER[24]_I_5\:FUNCTIONALBEHAVIOR:INIT_REG"    0    SEU    320ns    1us    <ON_TIME,UNOBSERVED_UNDETECTED>
":UUT:\BUFF_COUNTER[24]_I_6\:I1"    0    SEU    377ns    1us    <ON_TIME,DANGEROUS_DETECTED:785100ps>
":UUT:\BUFF_COUNTER[24]_I_6\:I0"    0    SEU    306ns    1us    <ON_TIME,DANGEROUS_DETECTED:315100ps>
":UUT:\BUFF_COUNTER[24]_I_6\:O"    0    SEU    287ns    1us    <ON_TIME,UNOBSERVED_UNDETECTED>
":UUT:\BUFF_COUNTER[24]_I_6\:FUNCTIONALBEHAVIOR:ADDRESS"    0    SEU    374ns    1us    <ON_TIME,UNOBSERVED_UNDETECTED>
":UUT:\BUFF_COUNTER[24]_I_6\:FUNCTIONALBEHAVIOR:ADDRESS_INT"    0    SEU    240ns    1us    <ON_TIME,UNOBSERVED_UNDETECTED>
":UUT:\BUFF_COUNTER[24]_I_6\:FUNCTIONALBEHAVIOR:INIT_REG"    0    SEU    332ns    1us    <ON_TIME,UNOBSERVED_UNDETECTED>
":UUT:\BUFF_COUNTER[24]_I_7\:I1"    0    SEU    167ns    1us    <ON_TIME,DANGEROUS_DETECTED:785100ps>
":UUT:\BUFF_COUNTER[24]_I_7\:I0"    0    SEU    358ns    1us    <ON_TIME,DANGEROUS_DETECTED:365100ps>
":UUT:\BUFF_COUNTER[24]_I_7\:O"    0    SEU    406ns    1us    <ON_TIME,UNOBSERVED_UNDETECTED>
":UUT:\BUFF_COUNTER[24]_I_7\:FUNCTIONALBEHAVIOR:ADDRESS"    0    SEU    215ns    1us    <ON_TIME,UNOBSERVED_UNDETECTED>
":UUT:\BUFF_COUNTER[24]_I_7\:FUNCTIONALBEHAVIOR:ADDRESS_INT"    0    SEU    279ns    1us    <ON_TIME,UNOBSERVED_UNDETECTED>
":UUT:\BUFF_COUNTER[24]_I_7\:FUNCTIONALBEHAVIOR:INIT_REG"    0    SEU    144ns    1us    <ON_TIME,UNOBSERVED_UNDETECTED>
":UUT:\BUFF_COUNTER[24]_I_8\:I1"    0    SEU    95ns    1us    <ON_TIME,DANGEROUS_DETECTED:785100ps>
":UUT:\BUFF_COUNTER[24]_I_8\:I0"    0    SEU    258ns    1us    <ON_TIME,DANGEROUS_DETECTED:265100ps>
":UUT:\BUFF_COUNTER[24]_I_8\:O"    0    SEU    408ns    1us    <ON_TIME,UNOBSERVED_UNDETECTED>
":UUT:\BUFF_COUNTER[24]_I_8\:FUNCTIONALBEHAVIOR:ADDRESS"    0    SEU    86ns    1us    <ON_TIME,UNOBSERVED_UNDETECTED>
":UUT:\BUFF_COUNTER[24]_I_8\:FUNCTIONALBEHAVIOR:ADDRESS_INT"    0    SEU    421ns    1us    <ON_TIME,UNOBSERVED_UNDETECTED>
":UUT:\BUFF_COUNTER[24]_I_8\:FUNCTIONALBEHAVIOR:INIT_REG"    0    SEU    242ns    1us    <ON_TIME,UNOBSERVED_UNDETECTED>
":UUT:\BUFF_COUNTER[24]_I_9\:I1"    0    SEU    59ns    1us    <ON_TIME,DANGEROUS_DETECTED:785100ps>
":UUT:\BUFF_COUNTER[24]_I_9\:I0"    0    SEU    427ns    1us    <ON_TIME,DANGEROUS_DETECTED:435100ps>
":UUT:\BUFF_COUNTER[24]_I_9\:O"    0    SEU    188ns    1us    <ON_TIME,UNOBSERVED_UNDETECTED>
":UUT:\BUFF_COUNTER[24]_I_9\:FUNCTIONALBEHAVIOR:ADDRESS"    0    SEU    360ns    1us    <ON_TIME,UNOBSERVED_UNDETECTED>
":UUT:\BUFF_COUNTER[24]_I_9\:FUNCTIONALBEHAVIOR:ADDRESS_INT"    0    SEU    390ns    1us    <ON_TIME,UNOBSERVED_UNDETECTED>
":UUT:\BUFF_COUNTER[24]_I_9\:FUNCTIONALBEHAVIOR:INIT_REG"    0    SEU    326ns    1us    <ON_TIME,UNOBSERVED_UNDETECTED>
":UUT:\BUFF_COUNTER[8]_I_2\:I1"    0    SEU    56ns    1us    <ON_TIME,DANGEROUS_DETECTED:785100ps>
":UUT:\BUFF_COUNTER[8]_I_2\:I0"    0    SEU    269ns    1us    <ON_TIME,DANGEROUS_DETECTED:275100ps>
":UUT:\BUFF_COUNTER[8]_I_2\:O"    0    SEU    279ns    1us    <ON_TIME,UNOBSERVED_UNDETECTED>
":UUT:\BUFF_COUNTER[8]_I_2\:FUNCTIONALBEHAVIOR:ADDRESS"    0    SEU    124ns    1us    <ON_TIME,UNOBSERVED_UNDETECTED>
":UUT:\BUFF_COUNTER[8]_I_2\:FUNCTIONALBEHAVIOR:ADDRESS_INT"    0    SEU    237ns    1us    <ON_TIME,UNOBSERVED_UNDETECTED>
":UUT:\BUFF_COUNTER[8]_I_2\:FUNCTIONALBEHAVIOR:INIT_REG"    0    SEU    76ns    1us    <ON_TIME,UNOBSERVED_UNDETECTED>
":UUT:\BUFF_COUNTER[8]_I_3\:I1"    0    SEU    405ns    1us    <ON_TIME,DANGEROUS_DETECTED:785100ps>
":UUT:\BUFF_COUNTER[8]_I_3\:I0"    0    SEU    373ns    1us    <ON_TIME,DANGEROUS_DETECTED:375100ps>
":UUT:\BUFF_COUNTER[8]_I_3\:O"    0    SEU    120ns    1us    <ON_TIME,UNOBSERVED_UNDETECTED>
":UUT:\BUFF_COUNTER[8]_I_3\:FUNCTIONALBEHAVIOR:ADDRESS"    0    SEU    183ns    1us    <ON_TIME,UNOBSERVED_UNDETECTED>
":UUT:\BUFF_COUNTER[8]_I_3\:FUNCTIONALBEHAVIOR:ADDRESS_INT"    0    SEU    278ns    1us    <ON_TIME,UNOBSERVED_UNDETECTED>
":UUT:\BUFF_COUNTER[8]_I_3\:FUNCTIONALBEHAVIOR:INIT_REG"    0    SEU    261ns    1us    <ON_TIME,UNOBSERVED_UNDETECTED>
":UUT:\BUFF_COUNTER[8]_I_4\:I1"    0    SEU    81ns    1us    <ON_TIME,DANGEROUS_DETECTED:785100ps>
":UUT:\BUFF_COUNTER[8]_I_4\:I0"    0    SEU    337ns    1us    <ON_TIME,DANGEROUS_DETECTED:345100ps>
":UUT:\BUFF_COUNTER[8]_I_4\:O"    0    SEU    82ns    1us    <ON_TIME,UNOBSERVED_UNDETECTED>
":UUT:\BUFF_COUNTER[8]_I_4\:FUNCTIONALBEHAVIOR:ADDRESS"    0    SEU    217ns    1us    <ON_TIME,UNOBSERVED_UNDETECTED>
":UUT:\BUFF_COUNTER[8]_I_4\:FUNCTIONALBEHAVIOR:ADDRESS_INT"    0    SEU    375ns    1us    <ON_TIME,UNOBSERVED_UNDETECTED>
":UUT:\BUFF_COUNTER[8]_I_4\:FUNCTIONALBEHAVIOR:INIT_REG"    0    SEU    98ns    1us    <ON_TIME,UNOBSERVED_UNDETECTED>
":UUT:\BUFF_COUNTER[8]_I_5\:I1"    0    SEU    274ns    1us    <ON_TIME,DANGEROUS_DETECTED:785100ps>
":UUT:\BUFF_COUNTER[8]_I_5\:I0"    0    SEU    284ns    1us    <ON_TIME,DANGEROUS_DETECTED:285100ps>
":UUT:\BUFF_COUNTER[8]_I_5\:O"    0    SEU    441ns    1us    <ON_TIME,UNOBSERVED_UNDETECTED>
":UUT:\BUFF_COUNTER[8]_I_5\:FUNCTIONALBEHAVIOR:ADDRESS"    0    SEU    148ns    1us    <ON_TIME,UNOBSERVED_UNDETECTED>
":UUT:\BUFF_COUNTER[8]_I_5\:FUNCTIONALBEHAVIOR:ADDRESS_INT"    0    SEU    146ns    1us    <ON_TIME,UNOBSERVED_UNDETECTED>
":UUT:\BUFF_COUNTER[8]_I_5\:FUNCTIONALBEHAVIOR:INIT_REG"    0    SEU    398ns    1us    <ON_TIME,UNOBSERVED_UNDETECTED>
":UUT:\BUFF_COUNTER[8]_I_6\:I1"    0    SEU    360ns    1us    <ON_TIME,DANGEROUS_DETECTED:785100ps>
":UUT:\BUFF_COUNTER[8]_I_6\:I0"    0    SEU    352ns    1us    <ON_TIME,DANGEROUS_DETECTED:355100ps>
":UUT:\BUFF_COUNTER[8]_I_6\:O"    0    SEU    143ns    1us    <ON_TIME,UNOBSERVED_UNDETECTED>
":UUT:\BUFF_COUNTER[8]_I_6\:FUNCTIONALBEHAVIOR:ADDRESS"    0    SEU    431ns    1us    <ON_TIME,UNOBSERVED_UNDETECTED>
":UUT:\BUFF_COUNTER[8]_I_6\:FUNCTIONALBEHAVIOR:ADDRESS_INT"    0    SEU    256ns    1us    <ON_TIME,UNOBSERVED_UNDETECTED>
":UUT:\BUFF_COUNTER[8]_I_6\:FUNCTIONALBEHAVIOR:INIT_REG"    0    SEU    416ns    1us    <ON_TIME,UNOBSERVED_UNDETECTED>
":UUT:\BUFF_COUNTER[8]_I_7\:I1"    0    SEU    404ns    1us    <ON_TIME,DANGEROUS_DETECTED:785100ps>
":UUT:\BUFF_COUNTER[8]_I_7\:I0"    0    SEU    244ns    1us    <ON_TIME,DANGEROUS_DETECTED:245100ps>
":UUT:\BUFF_COUNTER[8]_I_7\:O"    0    SEU    284ns    1us    <ON_TIME,UNOBSERVED_UNDETECTED>
":UUT:\BUFF_COUNTER[8]_I_7\:FUNCTIONALBEHAVIOR:ADDRESS"    0    SEU    166ns    1us    <ON_TIME,UNOBSERVED_UNDETECTED>
":UUT:\BUFF_COUNTER[8]_I_7\:FUNCTIONALBEHAVIOR:ADDRESS_INT"    0    SEU    135ns    1us    <ON_TIME,UNOBSERVED_UNDETECTED>
":UUT:\BUFF_COUNTER[8]_I_7\:FUNCTIONALBEHAVIOR:INIT_REG"    0    SEU    83ns    1us    <ON_TIME,UNOBSERVED_UNDETECTED>
":UUT:\BUFF_COUNTER[8]_I_8\:I1"    0    SEU    435ns    1us    <ON_TIME,DANGEROUS_DETECTED:785100ps>
":UUT:\BUFF_COUNTER[8]_I_8\:I0"    0    SEU    139ns    1us    <ON_TIME,DANGEROUS_DETECTED:145100ps>
":UUT:\BUFF_COUNTER[8]_I_8\:O"    0    SEU    353ns    1us    <ON_TIME,UNOBSERVED_UNDETECTED>
":UUT:\BUFF_COUNTER[8]_I_8\:FUNCTIONALBEHAVIOR:ADDRESS"    0    SEU    64ns    1us    <ON_TIME,UNOBSERVED_UNDETECTED>
":UUT:\BUFF_COUNTER[8]_I_8\:FUNCTIONALBEHAVIOR:ADDRESS_INT"    0    SEU    160ns    1us    <ON_TIME,UNOBSERVED_UNDETECTED>
":UUT:\BUFF_COUNTER[8]_I_8\:FUNCTIONALBEHAVIOR:INIT_REG"    0    SEU    178ns    1us    <ON_TIME,UNOBSERVED_UNDETECTED>
":UUT:\BUFF_COUNTER[8]_I_9\:I1"    0    SEU    410ns    1us    <ON_TIME,DANGEROUS_DETECTED:785100ps>
":UUT:\BUFF_COUNTER[8]_I_9\:I0"    0    SEU    367ns    1us    <ON_TIME,DANGEROUS_DETECTED:375100ps>
":UUT:\BUFF_COUNTER[8]_I_9\:O"    0    SEU    61ns    1us    <ON_TIME,UNOBSERVED_UNDETECTED>
":UUT:\BUFF_COUNTER[8]_I_9\:FUNCTIONALBEHAVIOR:ADDRESS"    0    SEU    173ns    1us    <ON_TIME,UNOBSERVED_UNDETECTED>
":UUT:\BUFF_COUNTER[8]_I_9\:FUNCTIONALBEHAVIOR:ADDRESS_INT"    0    SEU    160ns    1us    <ON_TIME,UNOBSERVED_UNDETECTED>
":UUT:\BUFF_COUNTER[8]_I_9\:FUNCTIONALBEHAVIOR:INIT_REG"    0    SEU    319ns    1us    <ON_TIME,UNOBSERVED_UNDETECTED>
":UUT:\BUFF_COUNTER_REG[0]\:GLBLGSR"    0    SEU    328ns    1us    <ON_TIME,UNOBSERVED_UNDETECTED>
":UUT:\BUFF_COUNTER_REG[0]\:Q"    0    SEU    197ns    1us    <ON_TIME,DANGEROUS_DETECTED:785100ps>
":UUT:\BUFF_COUNTER_REG[0]\:Q_OUT"    0    SEU    250ns    1us    <ON_TIME,DANGEROUS_DETECTED:785100ps>
":UUT:\BUFF_COUNTER_REG[0]\:INIT_BIN"    0    SEU    195ns    1us    <ON_TIME,UNOBSERVED_UNDETECTED>
":UUT:\BUFF_COUNTER_REG[0]\:CLR"    0    SEU    200ns    1us    <ON_TIME,DANGEROUS_DETECTED:200100ps>
":UUT:\BUFF_COUNTER_REG[0]\:IS_CLR_INVERTED_BIN"    0    SEU    446ns    1us    <ON_TIME,UNOBSERVED_UNDETECTED>
":UUT:\BUFF_COUNTER_REG[0]\:C"    0    SEU    349ns    1us    <ON_TIME,UNOBSERVED_UNDETECTED>
":UUT:\BUFF_COUNTER_REG[0]\:IS_C_INVERTED_BIN"    0    SEU    295ns    1us    <ON_TIME,UNOBSERVED_UNDETECTED>
":UUT:\BUFF_COUNTER_REG[0]\:CE"    0    SEU    194ns    1us    <ON_TIME,UNOBSERVED_UNDETECTED>
":UUT:\BUFF_COUNTER_REG[0]\:D"    0    SEU    107ns    1us    <ON_TIME,UNOBSERVED_UNDETECTED>
":UUT:\BUFF_COUNTER_REG[0]\:IS_D_INVERTED_BIN"    0    SEU    265ns    1us    <ON_TIME,UNOBSERVED_UNDETECTED>
":UUT:\BUFF_COUNTER_REG[0]_I_2\:CO(0)"    0    SEU    245ns    1us    <ON_TIME,UNOBSERVED_UNDETECTED>
":UUT:\BUFF_COUNTER_REG[0]_I_2\:CO(1)"    0    SEU    225ns    1us    <ON_TIME,UNOBSERVED_UNDETECTED>
":UUT:\BUFF_COUNTER_REG[0]_I_2\:CO(2)"    0    SEU    210ns    1us    <ON_TIME,UNOBSERVED_UNDETECTED>
":UUT:\BUFF_COUNTER_REG[0]_I_2\:CO(3)"    0    SEU    277ns    1us    <ON_TIME,UNOBSERVED_UNDETECTED>
":UUT:\BUFF_COUNTER_REG[0]_I_2\:CO(4)"    0    SEU    56ns    1us    <ON_TIME,UNOBSERVED_UNDETECTED>
":UUT:\BUFF_COUNTER_REG[0]_I_2\:CO(5)"    0    SEU    73ns    1us    <ON_TIME,UNOBSERVED_UNDETECTED>
":UUT:\BUFF_COUNTER_REG[0]_I_2\:CO(6)"    0    SEU    333ns    1us    <ON_TIME,UNOBSERVED_UNDETECTED>
":UUT:\BUFF_COUNTER_REG[0]_I_2\:CO(7)"    0    SEU    142ns    1us    <ON_TIME,UNOBSERVED_UNDETECTED>
":UUT:\BUFF_COUNTER_REG[0]_I_2\:CO_OUT(0)"    0    SEU    332ns    1us    <ON_TIME,UNOBSERVED_UNDETECTED>
":UUT:\BUFF_COUNTER_REG[0]_I_2\:CO_OUT(1)"    0    SEU    193ns    1us    <ON_TIME,UNOBSERVED_UNDETECTED>
":UUT:\BUFF_COUNTER_REG[0]_I_2\:CO_OUT(2)"    0    SEU    389ns    1us    <ON_TIME,UNOBSERVED_UNDETECTED>
":UUT:\BUFF_COUNTER_REG[0]_I_2\:CO_OUT(3)"    0    SEU    398ns    1us    <ON_TIME,UNOBSERVED_UNDETECTED>
":UUT:\BUFF_COUNTER_REG[0]_I_2\:CO_OUT(4)"    0    SEU    427ns    1us    <ON_TIME,UNOBSERVED_UNDETECTED>
":UUT:\BUFF_COUNTER_REG[0]_I_2\:CO_OUT(5)"    0    SEU    221ns    1us    <ON_TIME,UNOBSERVED_UNDETECTED>
":UUT:\BUFF_COUNTER_REG[0]_I_2\:CO_OUT(6)"    0    SEU    133ns    1us    <ON_TIME,UNOBSERVED_UNDETECTED>
":UUT:\BUFF_COUNTER_REG[0]_I_2\:CO_OUT(7)"    0    SEU    161ns    1us    <ON_TIME,UNOBSERVED_UNDETECTED>
":UUT:\BUFF_COUNTER_REG[0]_I_2\:O(0)"    0    SEU    447ns    1us    <ON_TIME,UNOBSERVED_UNDETECTED>
":UUT:\BUFF_COUNTER_REG[0]_I_2\:O(1)"    0    SEU    299ns    1us    <ON_TIME,UNOBSERVED_UNDETECTED>
":UUT:\BUFF_COUNTER_REG[0]_I_2\:O(2)"    0    SEU    419ns    1us    <ON_TIME,UNOBSERVED_UNDETECTED>
":UUT:\BUFF_COUNTER_REG[0]_I_2\:O(3)"    0    SEU    201ns    1us    <ON_TIME,UNOBSERVED_UNDETECTED>
":UUT:\BUFF_COUNTER_REG[0]_I_2\:O(4)"    0    SEU    104ns    1us    <ON_TIME,UNOBSERVED_UNDETECTED>
":UUT:\BUFF_COUNTER_REG[0]_I_2\:O(5)"    0    SEU    447ns    1us    <ON_TIME,UNOBSERVED_UNDETECTED>
":UUT:\BUFF_COUNTER_REG[0]_I_2\:O(6)"    0    SEU    178ns    1us    <ON_TIME,UNOBSERVED_UNDETECTED>
":UUT:\BUFF_COUNTER_REG[0]_I_2\:O(7)"    0    SEU    342ns    1us    <ON_TIME,UNOBSERVED_UNDETECTED>
":UUT:\BUFF_COUNTER_REG[0]_I_2\:O_OUT(0)"    0    SEU    89ns    1us    <ON_TIME,UNOBSERVED_UNDETECTED>
":UUT:\BUFF_COUNTER_REG[0]_I_2\:O_OUT(1)"    0    SEU    353ns    1us    <ON_TIME,UNOBSERVED_UNDETECTED>
":UUT:\BUFF_COUNTER_REG[0]_I_2\:O_OUT(2)"    0    SEU    449ns    1us    <ON_TIME,UNOBSERVED_UNDETECTED>
":UUT:\BUFF_COUNTER_REG[0]_I_2\:O_OUT(3)"    0    SEU    314ns    1us    <ON_TIME,UNOBSERVED_UNDETECTED>
":UUT:\BUFF_COUNTER_REG[0]_I_2\:O_OUT(4)"    0    SEU    94ns    1us    <ON_TIME,UNOBSERVED_UNDETECTED>
":UUT:\BUFF_COUNTER_REG[0]_I_2\:O_OUT(5)"    0    SEU    219ns    1us    <ON_TIME,UNOBSERVED_UNDETECTED>
":UUT:\BUFF_COUNTER_REG[0]_I_2\:O_OUT(6)"    0    SEU    273ns    1us    <ON_TIME,UNOBSERVED_UNDETECTED>
":UUT:\BUFF_COUNTER_REG[0]_I_2\:O_OUT(7)"    0    SEU    330ns    1us    <ON_TIME,UNOBSERVED_UNDETECTED>
":UUT:\BUFF_COUNTER_REG[0]_I_2\:CI_TOP"    0    SEU    121ns    1us    <ON_TIME,UNOBSERVED_UNDETECTED>
":UUT:\BUFF_COUNTER_REG[0]_I_2\:CI_TOP_IN"    0    SEU    311ns    1us    <ON_TIME,UNOBSERVED_UNDETECTED>
":UUT:\BUFF_COUNTER_REG[0]_I_2\:CI"    0    SEU    67ns    1us    <ON_TIME,UNOBSERVED_UNDETECTED>
":UUT:\BUFF_COUNTER_REG[0]_I_2\:CI_IN"    0    SEU    183ns    1us    <ON_TIME,UNOBSERVED_UNDETECTED>
":UUT:\BUFF_COUNTER_REG[0]_I_2\:DI(0)"    0    SEU    336ns    1us    <ON_TIME,UNOBSERVED_UNDETECTED>
":UUT:\BUFF_COUNTER_REG[0]_I_2\:DI(1)"    0    SEU    121ns    1us    <ON_TIME,DANGEROUS_DETECTED:125100ps>
":UUT:\BUFF_COUNTER_REG[0]_I_2\:DI(2)"    0    SEU    285ns    1us    <ON_TIME,DANGEROUS_DETECTED:295100ps>
":UUT:\BUFF_COUNTER_REG[0]_I_2\:DI(3)"    0    SEU    124ns    1us    <ON_TIME,DANGEROUS_DETECTED:125100ps>
":UUT:\BUFF_COUNTER_REG[0]_I_2\:DI(4)"    0    SEU    196ns    1us    <ON_TIME,DANGEROUS_DETECTED:205100ps>
":UUT:\BUFF_COUNTER_REG[0]_I_2\:DI(5)"    0    SEU    176ns    1us    <ON_TIME,DANGEROUS_DETECTED:185100ps>
":UUT:\BUFF_COUNTER_REG[0]_I_2\:DI(6)"    0    SEU    348ns    1us    <ON_TIME,DANGEROUS_DETECTED:355100ps>
":UUT:\BUFF_COUNTER_REG[0]_I_2\:DI(7)"    0    SEU    295ns    1us    <ON_TIME,DANGEROUS_DETECTED:305100ps>
":UUT:\BUFF_COUNTER_REG[0]_I_2\:DI_IN(0)"    0    SEU    318ns    1us    <ON_TIME,UNOBSERVED_UNDETECTED>
":UUT:\BUFF_COUNTER_REG[0]_I_2\:DI_IN(1)"    0    SEU    416ns    1us    <ON_TIME,UNOBSERVED_UNDETECTED>
":UUT:\BUFF_COUNTER_REG[0]_I_2\:DI_IN(2)"    0    SEU    228ns    1us    <ON_TIME,UNOBSERVED_UNDETECTED>
":UUT:\BUFF_COUNTER_REG[0]_I_2\:DI_IN(3)"    0    SEU    287ns    1us    <ON_TIME,UNOBSERVED_UNDETECTED>
":UUT:\BUFF_COUNTER_REG[0]_I_2\:DI_IN(4)"    0    SEU    201ns    1us    <ON_TIME,UNOBSERVED_UNDETECTED>
":UUT:\BUFF_COUNTER_REG[0]_I_2\:DI_IN(5)"    0    SEU    79ns    1us    <ON_TIME,UNOBSERVED_UNDETECTED>
":UUT:\BUFF_COUNTER_REG[0]_I_2\:DI_IN(6)"    0    SEU    382ns    1us    <ON_TIME,UNOBSERVED_UNDETECTED>
":UUT:\BUFF_COUNTER_REG[0]_I_2\:DI_IN(7)"    0    SEU    407ns    1us    <ON_TIME,UNOBSERVED_UNDETECTED>
":UUT:\BUFF_COUNTER_REG[0]_I_2\:S(0)"    0    SEU    152ns    1us    <ON_TIME,UNOBSERVED_UNDETECTED>
":UUT:\BUFF_COUNTER_REG[0]_I_2\:S(1)"    0    SEU    299ns    1us    <ON_TIME,UNOBSERVED_UNDETECTED>
":UUT:\BUFF_COUNTER_REG[0]_I_2\:S(2)"    0    SEU    324ns    1us    <ON_TIME,UNOBSERVED_UNDETECTED>
":UUT:\BUFF_COUNTER_REG[0]_I_2\:S(3)"    0    SEU    445ns    1us    <ON_TIME,UNOBSERVED_UNDETECTED>
":UUT:\BUFF_COUNTER_REG[0]_I_2\:S(4)"    0    SEU    321ns    1us    <ON_TIME,UNOBSERVED_UNDETECTED>
":UUT:\BUFF_COUNTER_REG[0]_I_2\:S(5)"    0    SEU    130ns    1us    <ON_TIME,UNOBSERVED_UNDETECTED>
":UUT:\BUFF_COUNTER_REG[0]_I_2\:S(6)"    0    SEU    213ns    1us    <ON_TIME,UNOBSERVED_UNDETECTED>
":UUT:\BUFF_COUNTER_REG[0]_I_2\:S(7)"    0    SEU    298ns    1us    <ON_TIME,UNOBSERVED_UNDETECTED>
":UUT:\BUFF_COUNTER_REG[0]_I_2\:S_IN(0)"    0    SEU    111ns    1us    <ON_TIME,UNOBSERVED_UNDETECTED>
":UUT:\BUFF_COUNTER_REG[0]_I_2\:S_IN(1)"    0    SEU    324ns    1us    <ON_TIME,UNOBSERVED_UNDETECTED>
":UUT:\BUFF_COUNTER_REG[0]_I_2\:S_IN(2)"    0    SEU    109ns    1us    <ON_TIME,UNOBSERVED_UNDETECTED>
":UUT:\BUFF_COUNTER_REG[0]_I_2\:S_IN(3)"    0    SEU    346ns    1us    <ON_TIME,UNOBSERVED_UNDETECTED>
":UUT:\BUFF_COUNTER_REG[0]_I_2\:S_IN(4)"    0    SEU    190ns    1us    <ON_TIME,UNOBSERVED_UNDETECTED>
":UUT:\BUFF_COUNTER_REG[0]_I_2\:S_IN(5)"    0    SEU    184ns    1us    <ON_TIME,UNOBSERVED_UNDETECTED>
":UUT:\BUFF_COUNTER_REG[0]_I_2\:S_IN(6)"    0    SEU    407ns    1us    <ON_TIME,UNOBSERVED_UNDETECTED>
":UUT:\BUFF_COUNTER_REG[0]_I_2\:S_IN(7)"    0    SEU    236ns    1us    <ON_TIME,UNOBSERVED_UNDETECTED>
":UUT:\BUFF_COUNTER_REG[0]_I_2\:CARRY_TYPE_BIN"    0    SEU    133ns    1us    <ON_TIME,UNOBSERVED_UNDETECTED>
":UUT:\BUFF_COUNTER_REG[0]_I_2\:XIL_ATTR_TEST"    0    SEU    337ns    1us    <ON_TIME,UNOBSERVED_UNDETECTED>
":UUT:\BUFF_COUNTER_REG[0]_I_2\:CI_TOP_MUX"    0    SEU    444ns    1us    <ON_TIME,UNOBSERVED_UNDETECTED>
":UUT:\BUFF_COUNTER_REG[0]_I_2\:INIPROC:ATTR_ERR"    0    SEU    163ns    1us    <ON_TIME,UNOBSERVED_UNDETECTED>
":UUT:\BUFF_COUNTER_REG[10]\:GLBLGSR"    0    SEU    113ns    1us    <ON_TIME,UNOBSERVED_UNDETECTED>
":UUT:\BUFF_COUNTER_REG[10]\:Q"    0    SEU    352ns    1us    <ON_TIME,DANGEROUS_DETECTED:785100ps>
":UUT:\BUFF_COUNTER_REG[10]\:Q_OUT"    0    SEU    273ns    1us    <ON_TIME,DANGEROUS_DETECTED:785100ps>
":UUT:\BUFF_COUNTER_REG[10]\:INIT_BIN"    0    SEU    67ns    1us    <ON_TIME,UNOBSERVED_UNDETECTED>
":UUT:\BUFF_COUNTER_REG[10]\:CLR"    0    SEU    321ns    1us    <ON_TIME,DANGEROUS_DETECTED:321100ps>
":UUT:\BUFF_COUNTER_REG[10]\:IS_CLR_INVERTED_BIN"    0    SEU    151ns    1us    <ON_TIME,UNOBSERVED_UNDETECTED>
":UUT:\BUFF_COUNTER_REG[10]\:C"    0    SEU    174ns    1us    <ON_TIME,DANGEROUS_DETECTED:174100ps>
":UUT:\BUFF_COUNTER_REG[10]\:IS_C_INVERTED_BIN"    0    SEU    56ns    1us    <ON_TIME,UNOBSERVED_UNDETECTED>
":UUT:\BUFF_COUNTER_REG[10]\:CE"    0    SEU    94ns    1us    <ON_TIME,UNOBSERVED_UNDETECTED>
":UUT:\BUFF_COUNTER_REG[10]\:D"    0    SEU    421ns    1us    <ON_TIME,UNOBSERVED_UNDETECTED>
":UUT:\BUFF_COUNTER_REG[10]\:IS_D_INVERTED_BIN"    0    SEU    120ns    1us    <ON_TIME,UNOBSERVED_UNDETECTED>
":UUT:\BUFF_COUNTER_REG[11]\:GLBLGSR"    0    SEU    423ns    1us    <ON_TIME,UNOBSERVED_UNDETECTED>
":UUT:\BUFF_COUNTER_REG[11]\:Q"    0    SEU    272ns    1us    <ON_TIME,DANGEROUS_DETECTED:785100ps>
":UUT:\BUFF_COUNTER_REG[11]\:Q_OUT"    0    SEU    264ns    1us    <ON_TIME,DANGEROUS_DETECTED:785100ps>
":UUT:\BUFF_COUNTER_REG[11]\:INIT_BIN"    0    SEU    108ns    1us    <ON_TIME,UNOBSERVED_UNDETECTED>
":UUT:\BUFF_COUNTER_REG[11]\:CLR"    0    SEU    373ns    1us    <ON_TIME,DANGEROUS_DETECTED:373100ps>
":UUT:\BUFF_COUNTER_REG[11]\:IS_CLR_INVERTED_BIN"    0    SEU    349ns    1us    <ON_TIME,UNOBSERVED_UNDETECTED>
":UUT:\BUFF_COUNTER_REG[11]\:C"    0    SEU    51ns    1us    <ON_TIME,DANGEROUS_DETECTED:51100ps>
":UUT:\BUFF_COUNTER_REG[11]\:IS_C_INVERTED_BIN"    0    SEU    272ns    1us    <ON_TIME,UNOBSERVED_UNDETECTED>
":UUT:\BUFF_COUNTER_REG[11]\:CE"    0    SEU    259ns    1us    <ON_TIME,UNOBSERVED_UNDETECTED>
":UUT:\BUFF_COUNTER_REG[11]\:D"    0    SEU    211ns    1us    <ON_TIME,UNOBSERVED_UNDETECTED>
":UUT:\BUFF_COUNTER_REG[11]\:IS_D_INVERTED_BIN"    0    SEU    393ns    1us    <ON_TIME,UNOBSERVED_UNDETECTED>
":UUT:\BUFF_COUNTER_REG[12]\:GLBLGSR"    0    SEU    80ns    1us    <ON_TIME,UNOBSERVED_UNDETECTED>
":UUT:\BUFF_COUNTER_REG[12]\:Q"    0    SEU    147ns    1us    <ON_TIME,DANGEROUS_DETECTED:785100ps>
":UUT:\BUFF_COUNTER_REG[12]\:Q_OUT"    0    SEU    340ns    1us    <ON_TIME,DANGEROUS_DETECTED:785100ps>
":UUT:\BUFF_COUNTER_REG[12]\:INIT_BIN"    0    SEU    259ns    1us    <ON_TIME,UNOBSERVED_UNDETECTED>
":UUT:\BUFF_COUNTER_REG[12]\:CLR"    0    SEU    210ns    1us    <ON_TIME,DANGEROUS_DETECTED:210100ps>
":UUT:\BUFF_COUNTER_REG[12]\:IS_CLR_INVERTED_BIN"    0    SEU    156ns    1us    <ON_TIME,UNOBSERVED_UNDETECTED>
":UUT:\BUFF_COUNTER_REG[12]\:C"    0    SEU    433ns    1us    <ON_TIME,DANGEROUS_DETECTED:433100ps>
":UUT:\BUFF_COUNTER_REG[12]\:IS_C_INVERTED_BIN"    0    SEU    200ns    1us    <ON_TIME,UNOBSERVED_UNDETECTED>
":UUT:\BUFF_COUNTER_REG[12]\:CE"    0    SEU    207ns    1us    <ON_TIME,UNOBSERVED_UNDETECTED>
":UUT:\BUFF_COUNTER_REG[12]\:D"    0    SEU    334ns    1us    <ON_TIME,UNOBSERVED_UNDETECTED>
":UUT:\BUFF_COUNTER_REG[12]\:IS_D_INVERTED_BIN"    0    SEU    191ns    1us    <ON_TIME,UNOBSERVED_UNDETECTED>
":UUT:\BUFF_COUNTER_REG[13]\:GLBLGSR"    0    SEU    325ns    1us    <ON_TIME,UNOBSERVED_UNDETECTED>
":UUT:\BUFF_COUNTER_REG[13]\:Q"    0    SEU    78ns    1us    <ON_TIME,DANGEROUS_DETECTED:785100ps>
":UUT:\BUFF_COUNTER_REG[13]\:Q_OUT"    0    SEU    420ns    1us    <ON_TIME,DANGEROUS_DETECTED:785100ps>
":UUT:\BUFF_COUNTER_REG[13]\:INIT_BIN"    0    SEU    248ns    1us    <ON_TIME,UNOBSERVED_UNDETECTED>
":UUT:\BUFF_COUNTER_REG[13]\:CLR"    0    SEU    57ns    1us    <ON_TIME,DANGEROUS_DETECTED:57100ps>
":UUT:\BUFF_COUNTER_REG[13]\:IS_CLR_INVERTED_BIN"    0    SEU    333ns    1us    <ON_TIME,UNOBSERVED_UNDETECTED>
":UUT:\BUFF_COUNTER_REG[13]\:C"    0    SEU    312ns    1us    <ON_TIME,DANGEROUS_DETECTED:312100ps>
":UUT:\BUFF_COUNTER_REG[13]\:IS_C_INVERTED_BIN"    0    SEU    264ns    1us    <ON_TIME,UNOBSERVED_UNDETECTED>
":UUT:\BUFF_COUNTER_REG[13]\:CE"    0    SEU    373ns    1us    <ON_TIME,UNOBSERVED_UNDETECTED>
":UUT:\BUFF_COUNTER_REG[13]\:D"    0    SEU    443ns    1us    <ON_TIME,UNOBSERVED_UNDETECTED>
":UUT:\BUFF_COUNTER_REG[13]\:IS_D_INVERTED_BIN"    0    SEU    137ns    1us    <ON_TIME,UNOBSERVED_UNDETECTED>
":UUT:\BUFF_COUNTER_REG[14]\:GLBLGSR"    0    SEU    384ns    1us    <ON_TIME,UNOBSERVED_UNDETECTED>
":UUT:\BUFF_COUNTER_REG[14]\:Q"    0    SEU    213ns    1us    <ON_TIME,DANGEROUS_DETECTED:785100ps>
":UUT:\BUFF_COUNTER_REG[14]\:Q_OUT"    0    SEU    368ns    1us    <ON_TIME,DANGEROUS_DETECTED:785100ps>
":UUT:\BUFF_COUNTER_REG[14]\:INIT_BIN"    0    SEU    444ns    1us    <ON_TIME,UNOBSERVED_UNDETECTED>
":UUT:\BUFF_COUNTER_REG[14]\:CLR"    0    SEU    345ns    1us    <ON_TIME,DANGEROUS_DETECTED:345100ps>
":UUT:\BUFF_COUNTER_REG[14]\:IS_CLR_INVERTED_BIN"    0    SEU    66ns    1us    <ON_TIME,UNOBSERVED_UNDETECTED>
":UUT:\BUFF_COUNTER_REG[14]\:C"    0    SEU    255ns    1us    <ON_TIME,UNOBSERVED_UNDETECTED>
":UUT:\BUFF_COUNTER_REG[14]\:IS_C_INVERTED_BIN"    0    SEU    257ns    1us    <ON_TIME,UNOBSERVED_UNDETECTED>
":UUT:\BUFF_COUNTER_REG[14]\:CE"    0    SEU    113ns    1us    <ON_TIME,UNOBSERVED_UNDETECTED>
":UUT:\BUFF_COUNTER_REG[14]\:D"    0    SEU    387ns    1us    <ON_TIME,UNOBSERVED_UNDETECTED>
":UUT:\BUFF_COUNTER_REG[14]\:IS_D_INVERTED_BIN"    0    SEU    226ns    1us    <ON_TIME,UNOBSERVED_UNDETECTED>
":UUT:\BUFF_COUNTER_REG[15]\:GLBLGSR"    0    SEU    302ns    1us    <ON_TIME,UNOBSERVED_UNDETECTED>
":UUT:\BUFF_COUNTER_REG[15]\:Q"    0    SEU    144ns    1us    <ON_TIME,DANGEROUS_DETECTED:785100ps>
":UUT:\BUFF_COUNTER_REG[15]\:Q_OUT"    0    SEU    347ns    1us    <ON_TIME,DANGEROUS_DETECTED:785100ps>
":UUT:\BUFF_COUNTER_REG[15]\:INIT_BIN"    0    SEU    438ns    1us    <ON_TIME,UNOBSERVED_UNDETECTED>
":UUT:\BUFF_COUNTER_REG[15]\:CLR"    0    SEU    204ns    1us    <ON_TIME,DANGEROUS_DETECTED:204100ps>
":UUT:\BUFF_COUNTER_REG[15]\:IS_CLR_INVERTED_BIN"    0    SEU    190ns    1us    <ON_TIME,UNOBSERVED_UNDETECTED>
":UUT:\BUFF_COUNTER_REG[15]\:C"    0    SEU    204ns    1us    <ON_TIME,DANGEROUS_DETECTED:204100ps>
":UUT:\BUFF_COUNTER_REG[15]\:IS_C_INVERTED_BIN"    0    SEU    117ns    1us    <ON_TIME,UNOBSERVED_UNDETECTED>
":UUT:\BUFF_COUNTER_REG[15]\:CE"    0    SEU    298ns    1us    <ON_TIME,UNOBSERVED_UNDETECTED>
":UUT:\BUFF_COUNTER_REG[15]\:D"    0    SEU    314ns    1us    <ON_TIME,UNOBSERVED_UNDETECTED>
":UUT:\BUFF_COUNTER_REG[15]\:IS_D_INVERTED_BIN"    0    SEU    310ns    1us    <ON_TIME,UNOBSERVED_UNDETECTED>
":UUT:\BUFF_COUNTER_REG[16]\:GLBLGSR"    0    SEU    89ns    1us    <ON_TIME,UNOBSERVED_UNDETECTED>
":UUT:\BUFF_COUNTER_REG[16]\:Q"    0    SEU    317ns    1us    <ON_TIME,DANGEROUS_DETECTED:785100ps>
":UUT:\BUFF_COUNTER_REG[16]\:Q_OUT"    0    SEU    249ns    1us    <ON_TIME,DANGEROUS_DETECTED:785100ps>
":UUT:\BUFF_COUNTER_REG[16]\:INIT_BIN"    0    SEU    340ns    1us    <ON_TIME,UNOBSERVED_UNDETECTED>
":UUT:\BUFF_COUNTER_REG[16]\:CLR"    0    SEU    280ns    1us    <ON_TIME,DANGEROUS_DETECTED:280100ps>
":UUT:\BUFF_COUNTER_REG[16]\:IS_CLR_INVERTED_BIN"    0    SEU    92ns    1us    <ON_TIME,UNOBSERVED_UNDETECTED>
":UUT:\BUFF_COUNTER_REG[16]\:C"    0    SEU    209ns    1us    <ON_TIME,UNOBSERVED_UNDETECTED>
":UUT:\BUFF_COUNTER_REG[16]\:IS_C_INVERTED_BIN"    0    SEU    151ns    1us    <ON_TIME,UNOBSERVED_UNDETECTED>
":UUT:\BUFF_COUNTER_REG[16]\:CE"    0    SEU    439ns    1us    <ON_TIME,UNOBSERVED_UNDETECTED>
":UUT:\BUFF_COUNTER_REG[16]\:D"    0    SEU    419ns    1us    <ON_TIME,UNOBSERVED_UNDETECTED>
":UUT:\BUFF_COUNTER_REG[16]\:IS_D_INVERTED_BIN"    0    SEU    396ns    1us    <ON_TIME,UNOBSERVED_UNDETECTED>
":UUT:\BUFF_COUNTER_REG[16]_I_1\:CO(0)"    0    SEU    199ns    1us    <ON_TIME,UNOBSERVED_UNDETECTED>
":UUT:\BUFF_COUNTER_REG[16]_I_1\:CO(1)"    0    SEU    341ns    1us    <ON_TIME,UNOBSERVED_UNDETECTED>
":UUT:\BUFF_COUNTER_REG[16]_I_1\:CO(2)"    0    SEU    178ns    1us    <ON_TIME,UNOBSERVED_UNDETECTED>
":UUT:\BUFF_COUNTER_REG[16]_I_1\:CO(3)"    0    SEU    248ns    1us    <ON_TIME,UNOBSERVED_UNDETECTED>
":UUT:\BUFF_COUNTER_REG[16]_I_1\:CO(4)"    0    SEU    110ns    1us    <ON_TIME,UNOBSERVED_UNDETECTED>
":UUT:\BUFF_COUNTER_REG[16]_I_1\:CO(5)"    0    SEU    60ns    1us    <ON_TIME,UNOBSERVED_UNDETECTED>
":UUT:\BUFF_COUNTER_REG[16]_I_1\:CO(6)"    0    SEU    143ns    1us    <ON_TIME,UNOBSERVED_UNDETECTED>
":UUT:\BUFF_COUNTER_REG[16]_I_1\:CO(7)"    0    SEU    372ns    1us    <ON_TIME,UNOBSERVED_UNDETECTED>
":UUT:\BUFF_COUNTER_REG[16]_I_1\:CO_OUT(0)"    0    SEU    330ns    1us    <ON_TIME,UNOBSERVED_UNDETECTED>
":UUT:\BUFF_COUNTER_REG[16]_I_1\:CO_OUT(1)"    0    SEU    345ns    1us    <ON_TIME,UNOBSERVED_UNDETECTED>
":UUT:\BUFF_COUNTER_REG[16]_I_1\:CO_OUT(2)"    0    SEU    72ns    1us    <ON_TIME,UNOBSERVED_UNDETECTED>
":UUT:\BUFF_COUNTER_REG[16]_I_1\:CO_OUT(3)"    0    SEU    293ns    1us    <ON_TIME,UNOBSERVED_UNDETECTED>
":UUT:\BUFF_COUNTER_REG[16]_I_1\:CO_OUT(4)"    0    SEU    434ns    1us    <ON_TIME,UNOBSERVED_UNDETECTED>
":UUT:\BUFF_COUNTER_REG[16]_I_1\:CO_OUT(5)"    0    SEU    150ns    1us    <ON_TIME,UNOBSERVED_UNDETECTED>
":UUT:\BUFF_COUNTER_REG[16]_I_1\:CO_OUT(6)"    0    SEU    258ns    1us    <ON_TIME,UNOBSERVED_UNDETECTED>
":UUT:\BUFF_COUNTER_REG[16]_I_1\:CO_OUT(7)"    0    SEU    379ns    1us    <ON_TIME,UNOBSERVED_UNDETECTED>
":UUT:\BUFF_COUNTER_REG[16]_I_1\:O(0)"    0    SEU    196ns    1us    <ON_TIME,UNOBSERVED_UNDETECTED>
":UUT:\BUFF_COUNTER_REG[16]_I_1\:O(1)"    0    SEU    164ns    1us    <ON_TIME,UNOBSERVED_UNDETECTED>
":UUT:\BUFF_COUNTER_REG[16]_I_1\:O(2)"    0    SEU    229ns    1us    <ON_TIME,UNOBSERVED_UNDETECTED>
":UUT:\BUFF_COUNTER_REG[16]_I_1\:O(3)"    0    SEU    135ns    1us    <ON_TIME,UNOBSERVED_UNDETECTED>
":UUT:\BUFF_COUNTER_REG[16]_I_1\:O(4)"    0    SEU    236ns    1us    <ON_TIME,UNOBSERVED_UNDETECTED>
":UUT:\BUFF_COUNTER_REG[16]_I_1\:O(5)"    0    SEU    209ns    1us    <ON_TIME,UNOBSERVED_UNDETECTED>
":UUT:\BUFF_COUNTER_REG[16]_I_1\:O(6)"    0    SEU    95ns    1us    <ON_TIME,UNOBSERVED_UNDETECTED>
":UUT:\BUFF_COUNTER_REG[16]_I_1\:O(7)"    0    SEU    95ns    1us    <ON_TIME,UNOBSERVED_UNDETECTED>
":UUT:\BUFF_COUNTER_REG[16]_I_1\:O_OUT(0)"    0    SEU    134ns    1us    <ON_TIME,UNOBSERVED_UNDETECTED>
":UUT:\BUFF_COUNTER_REG[16]_I_1\:O_OUT(1)"    0    SEU    194ns    1us    <ON_TIME,UNOBSERVED_UNDETECTED>
":UUT:\BUFF_COUNTER_REG[16]_I_1\:O_OUT(2)"    0    SEU    273ns    1us    <ON_TIME,UNOBSERVED_UNDETECTED>
":UUT:\BUFF_COUNTER_REG[16]_I_1\:O_OUT(3)"    0    SEU    353ns    1us    <ON_TIME,UNOBSERVED_UNDETECTED>
":UUT:\BUFF_COUNTER_REG[16]_I_1\:O_OUT(4)"    0    SEU    202ns    1us    <ON_TIME,UNOBSERVED_UNDETECTED>
":UUT:\BUFF_COUNTER_REG[16]_I_1\:O_OUT(5)"    0    SEU    308ns    1us    <ON_TIME,UNOBSERVED_UNDETECTED>
":UUT:\BUFF_COUNTER_REG[16]_I_1\:O_OUT(6)"    0    SEU    407ns    1us    <ON_TIME,UNOBSERVED_UNDETECTED>
":UUT:\BUFF_COUNTER_REG[16]_I_1\:O_OUT(7)"    0    SEU    295ns    1us    <ON_TIME,UNOBSERVED_UNDETECTED>
":UUT:\BUFF_COUNTER_REG[16]_I_1\:CI_TOP"    0    SEU    57ns    1us    <ON_TIME,UNOBSERVED_UNDETECTED>
":UUT:\BUFF_COUNTER_REG[16]_I_1\:CI_TOP_IN"    0    SEU    108ns    1us    <ON_TIME,UNOBSERVED_UNDETECTED>
":UUT:\BUFF_COUNTER_REG[16]_I_1\:CI"    0    SEU    76ns    1us    <ON_TIME,UNOBSERVED_UNDETECTED>
":UUT:\BUFF_COUNTER_REG[16]_I_1\:CI_IN"    0    SEU    50ns    1us    <ON_TIME,UNOBSERVED_UNDETECTED>
":UUT:\BUFF_COUNTER_REG[16]_I_1\:DI(0)"    0    SEU    80ns    1us    <ON_TIME,DANGEROUS_DETECTED:85100ps>
":UUT:\BUFF_COUNTER_REG[16]_I_1\:DI(1)"    0    SEU    162ns    1us    <ON_TIME,DANGEROUS_DETECTED:165100ps>
":UUT:\BUFF_COUNTER_REG[16]_I_1\:DI(2)"    0    SEU    195ns    1us    <ON_TIME,DANGEROUS_DETECTED:205100ps>
":UUT:\BUFF_COUNTER_REG[16]_I_1\:DI(3)"    0    SEU    379ns    1us    <ON_TIME,DANGEROUS_DETECTED:385100ps>
":UUT:\BUFF_COUNTER_REG[16]_I_1\:DI(4)"    0    SEU    415ns    1us    <ON_TIME,DANGEROUS_DETECTED:425100ps>
":UUT:\BUFF_COUNTER_REG[16]_I_1\:DI(5)"    0    SEU    262ns    1us    <ON_TIME,DANGEROUS_DETECTED:265100ps>
":UUT:\BUFF_COUNTER_REG[16]_I_1\:DI(6)"    0    SEU    122ns    1us    <ON_TIME,DANGEROUS_DETECTED:125100ps>
":UUT:\BUFF_COUNTER_REG[16]_I_1\:DI(7)"    0    SEU    390ns    1us    <ON_TIME,DANGEROUS_DETECTED:395100ps>
":UUT:\BUFF_COUNTER_REG[16]_I_1\:DI_IN(0)"    0    SEU    322ns    1us    <ON_TIME,UNOBSERVED_UNDETECTED>
":UUT:\BUFF_COUNTER_REG[16]_I_1\:DI_IN(1)"    0    SEU    378ns    1us    <ON_TIME,UNOBSERVED_UNDETECTED>
":UUT:\BUFF_COUNTER_REG[16]_I_1\:DI_IN(2)"    0    SEU    252ns    1us    <ON_TIME,UNOBSERVED_UNDETECTED>
":UUT:\BUFF_COUNTER_REG[16]_I_1\:DI_IN(3)"    0    SEU    172ns    1us    <ON_TIME,UNOBSERVED_UNDETECTED>
":UUT:\BUFF_COUNTER_REG[16]_I_1\:DI_IN(4)"    0    SEU    279ns    1us    <ON_TIME,UNOBSERVED_UNDETECTED>
":UUT:\BUFF_COUNTER_REG[16]_I_1\:DI_IN(5)"    0    SEU    184ns    1us    <ON_TIME,UNOBSERVED_UNDETECTED>
":UUT:\BUFF_COUNTER_REG[16]_I_1\:DI_IN(6)"    0    SEU    396ns    1us    <ON_TIME,UNOBSERVED_UNDETECTED>
":UUT:\BUFF_COUNTER_REG[16]_I_1\:DI_IN(7)"    0    SEU    278ns    1us    <ON_TIME,UNOBSERVED_UNDETECTED>
":UUT:\BUFF_COUNTER_REG[16]_I_1\:S(0)"    0    SEU    140ns    1us    <ON_TIME,UNOBSERVED_UNDETECTED>
":UUT:\BUFF_COUNTER_REG[16]_I_1\:S(1)"    0    SEU    53ns    1us    <ON_TIME,UNOBSERVED_UNDETECTED>
":UUT:\BUFF_COUNTER_REG[16]_I_1\:S(2)"    0    SEU    132ns    1us    <ON_TIME,UNOBSERVED_UNDETECTED>
":UUT:\BUFF_COUNTER_REG[16]_I_1\:S(3)"    0    SEU    110ns    1us    <ON_TIME,UNOBSERVED_UNDETECTED>
":UUT:\BUFF_COUNTER_REG[16]_I_1\:S(4)"    0    SEU    146ns    1us    <ON_TIME,UNOBSERVED_UNDETECTED>
":UUT:\BUFF_COUNTER_REG[16]_I_1\:S(5)"    0    SEU    273ns    1us    <ON_TIME,UNOBSERVED_UNDETECTED>
":UUT:\BUFF_COUNTER_REG[16]_I_1\:S(6)"    0    SEU    114ns    1us    <ON_TIME,UNOBSERVED_UNDETECTED>
":UUT:\BUFF_COUNTER_REG[16]_I_1\:S(7)"    0    SEU    283ns    1us    <ON_TIME,UNOBSERVED_UNDETECTED>
":UUT:\BUFF_COUNTER_REG[16]_I_1\:S_IN(0)"    0    SEU    356ns    1us    <ON_TIME,UNOBSERVED_UNDETECTED>
":UUT:\BUFF_COUNTER_REG[16]_I_1\:S_IN(1)"    0    SEU    193ns    1us    <ON_TIME,UNOBSERVED_UNDETECTED>
":UUT:\BUFF_COUNTER_REG[16]_I_1\:S_IN(2)"    0    SEU    148ns    1us    <ON_TIME,UNOBSERVED_UNDETECTED>
":UUT:\BUFF_COUNTER_REG[16]_I_1\:S_IN(3)"    0    SEU    55ns    1us    <ON_TIME,UNOBSERVED_UNDETECTED>
":UUT:\BUFF_COUNTER_REG[16]_I_1\:S_IN(4)"    0    SEU    243ns    1us    <ON_TIME,UNOBSERVED_UNDETECTED>
":UUT:\BUFF_COUNTER_REG[16]_I_1\:S_IN(5)"    0    SEU    104ns    1us    <ON_TIME,UNOBSERVED_UNDETECTED>
":UUT:\BUFF_COUNTER_REG[16]_I_1\:S_IN(6)"    0    SEU    334ns    1us    <ON_TIME,UNOBSERVED_UNDETECTED>
":UUT:\BUFF_COUNTER_REG[16]_I_1\:S_IN(7)"    0    SEU    90ns    1us    <ON_TIME,UNOBSERVED_UNDETECTED>
":UUT:\BUFF_COUNTER_REG[16]_I_1\:CARRY_TYPE_BIN"    0    SEU    215ns    1us    <ON_TIME,UNOBSERVED_UNDETECTED>
":UUT:\BUFF_COUNTER_REG[16]_I_1\:XIL_ATTR_TEST"    0    SEU    96ns    1us    <ON_TIME,UNOBSERVED_UNDETECTED>
":UUT:\BUFF_COUNTER_REG[16]_I_1\:CI_TOP_MUX"    0    SEU    126ns    1us    <ON_TIME,UNOBSERVED_UNDETECTED>
":UUT:\BUFF_COUNTER_REG[16]_I_1\:INIPROC:ATTR_ERR"    0    SEU    193ns    1us    <ON_TIME,UNOBSERVED_UNDETECTED>
":UUT:\BUFF_COUNTER_REG[17]\:GLBLGSR"    0    SEU    387ns    1us    <ON_TIME,UNOBSERVED_UNDETECTED>
":UUT:\BUFF_COUNTER_REG[17]\:Q"    0    SEU    398ns    1us    <ON_TIME,DANGEROUS_DETECTED:785100ps>
":UUT:\BUFF_COUNTER_REG[17]\:Q_OUT"    0    SEU    90ns    1us    <ON_TIME,DANGEROUS_DETECTED:785100ps>
":UUT:\BUFF_COUNTER_REG[17]\:INIT_BIN"    0    SEU    400ns    1us    <ON_TIME,UNOBSERVED_UNDETECTED>
":UUT:\BUFF_COUNTER_REG[17]\:CLR"    0    SEU    66ns    1us    <ON_TIME,DANGEROUS_DETECTED:66100ps>
":UUT:\BUFF_COUNTER_REG[17]\:IS_CLR_INVERTED_BIN"    0    SEU    278ns    1us    <ON_TIME,UNOBSERVED_UNDETECTED>
":UUT:\BUFF_COUNTER_REG[17]\:C"    0    SEU    329ns    1us    <ON_TIME,UNOBSERVED_UNDETECTED>
":UUT:\BUFF_COUNTER_REG[17]\:IS_C_INVERTED_BIN"    0    SEU    332ns    1us    <ON_TIME,UNOBSERVED_UNDETECTED>
":UUT:\BUFF_COUNTER_REG[17]\:CE"    0    SEU    311ns    1us    <ON_TIME,UNOBSERVED_UNDETECTED>
":UUT:\BUFF_COUNTER_REG[17]\:D"    0    SEU    126ns    1us    <ON_TIME,UNOBSERVED_UNDETECTED>
":UUT:\BUFF_COUNTER_REG[17]\:IS_D_INVERTED_BIN"    0    SEU    275ns    1us    <ON_TIME,UNOBSERVED_UNDETECTED>
":UUT:\BUFF_COUNTER_REG[18]\:GLBLGSR"    0    SEU    432ns    1us    <ON_TIME,UNOBSERVED_UNDETECTED>
":UUT:\BUFF_COUNTER_REG[18]\:Q"    0    SEU    172ns    1us    <ON_TIME,DANGEROUS_DETECTED:785100ps>
":UUT:\BUFF_COUNTER_REG[18]\:Q_OUT"    0    SEU    440ns    1us    <ON_TIME,DANGEROUS_DETECTED:785100ps>
":UUT:\BUFF_COUNTER_REG[18]\:INIT_BIN"    0    SEU    84ns    1us    <ON_TIME,UNOBSERVED_UNDETECTED>
":UUT:\BUFF_COUNTER_REG[18]\:CLR"    0    SEU    52ns    1us    <ON_TIME,DANGEROUS_DETECTED:52100ps>
":UUT:\BUFF_COUNTER_REG[18]\:IS_CLR_INVERTED_BIN"    0    SEU    303ns    1us    <ON_TIME,UNOBSERVED_UNDETECTED>
":UUT:\BUFF_COUNTER_REG[18]\:C"    0    SEU    245ns    1us    <ON_TIME,UNOBSERVED_UNDETECTED>
":UUT:\BUFF_COUNTER_REG[18]\:IS_C_INVERTED_BIN"    0    SEU    341ns    1us    <ON_TIME,UNOBSERVED_UNDETECTED>
":UUT:\BUFF_COUNTER_REG[18]\:CE"    0    SEU    120ns    1us    <ON_TIME,UNOBSERVED_UNDETECTED>
":UUT:\BUFF_COUNTER_REG[18]\:D"    0    SEU    330ns    1us    <ON_TIME,UNOBSERVED_UNDETECTED>
":UUT:\BUFF_COUNTER_REG[18]\:IS_D_INVERTED_BIN"    0    SEU    139ns    1us    <ON_TIME,UNOBSERVED_UNDETECTED>
":UUT:\BUFF_COUNTER_REG[19]\:GLBLGSR"    0    SEU    432ns    1us    <ON_TIME,UNOBSERVED_UNDETECTED>
":UUT:\BUFF_COUNTER_REG[19]\:Q"    0    SEU    264ns    1us    <ON_TIME,DANGEROUS_DETECTED:785100ps>
":UUT:\BUFF_COUNTER_REG[19]\:Q_OUT"    0    SEU    266ns    1us    <ON_TIME,DANGEROUS_DETECTED:785100ps>
":UUT:\BUFF_COUNTER_REG[19]\:INIT_BIN"    0    SEU    362ns    1us    <ON_TIME,UNOBSERVED_UNDETECTED>
":UUT:\BUFF_COUNTER_REG[19]\:CLR"    0    SEU    89ns    1us    <ON_TIME,DANGEROUS_DETECTED:89100ps>
":UUT:\BUFF_COUNTER_REG[19]\:IS_CLR_INVERTED_BIN"    0    SEU    125ns    1us    <ON_TIME,UNOBSERVED_UNDETECTED>
":UUT:\BUFF_COUNTER_REG[19]\:C"    0    SEU    265ns    1us    <ON_TIME,UNOBSERVED_UNDETECTED>
":UUT:\BUFF_COUNTER_REG[19]\:IS_C_INVERTED_BIN"    0    SEU    104ns    1us    <ON_TIME,UNOBSERVED_UNDETECTED>
":UUT:\BUFF_COUNTER_REG[19]\:CE"    0    SEU    98ns    1us    <ON_TIME,UNOBSERVED_UNDETECTED>
":UUT:\BUFF_COUNTER_REG[19]\:D"    0    SEU    110ns    1us    <ON_TIME,UNOBSERVED_UNDETECTED>
":UUT:\BUFF_COUNTER_REG[19]\:IS_D_INVERTED_BIN"    0    SEU    160ns    1us    <ON_TIME,UNOBSERVED_UNDETECTED>
":UUT:\BUFF_COUNTER_REG[1]\:GLBLGSR"    0    SEU    228ns    1us    <ON_TIME,UNOBSERVED_UNDETECTED>
":UUT:\BUFF_COUNTER_REG[1]\:Q"    0    SEU    214ns    1us    <ON_TIME,DANGEROUS_DETECTED:785100ps>
":UUT:\BUFF_COUNTER_REG[1]\:Q_OUT"    0    SEU    194ns    1us    <ON_TIME,DANGEROUS_DETECTED:785100ps>
":UUT:\BUFF_COUNTER_REG[1]\:INIT_BIN"    0    SEU    328ns    1us    <ON_TIME,UNOBSERVED_UNDETECTED>
":UUT:\BUFF_COUNTER_REG[1]\:CLR"    0    SEU    288ns    1us    <ON_TIME,DANGEROUS_DETECTED:288100ps>
":UUT:\BUFF_COUNTER_REG[1]\:IS_CLR_INVERTED_BIN"    0    SEU    296ns    1us    <ON_TIME,UNOBSERVED_UNDETECTED>
":UUT:\BUFF_COUNTER_REG[1]\:C"    0    SEU    116ns    1us    <ON_TIME,UNOBSERVED_UNDETECTED>
":UUT:\BUFF_COUNTER_REG[1]\:IS_C_INVERTED_BIN"    0    SEU    408ns    1us    <ON_TIME,UNOBSERVED_UNDETECTED>
":UUT:\BUFF_COUNTER_REG[1]\:CE"    0    SEU    293ns    1us    <ON_TIME,UNOBSERVED_UNDETECTED>
":UUT:\BUFF_COUNTER_REG[1]\:D"    0    SEU    191ns    1us    <ON_TIME,UNOBSERVED_UNDETECTED>
":UUT:\BUFF_COUNTER_REG[1]\:IS_D_INVERTED_BIN"    0    SEU    205ns    1us    <ON_TIME,UNOBSERVED_UNDETECTED>
":UUT:\BUFF_COUNTER_REG[20]\:GLBLGSR"    0    SEU    198ns    1us    <ON_TIME,UNOBSERVED_UNDETECTED>
":UUT:\BUFF_COUNTER_REG[20]\:Q"    0    SEU    272ns    1us    <ON_TIME,DANGEROUS_DETECTED:785100ps>
":UUT:\BUFF_COUNTER_REG[20]\:Q_OUT"    0    SEU    426ns    1us    <ON_TIME,DANGEROUS_DETECTED:785100ps>
":UUT:\BUFF_COUNTER_REG[20]\:INIT_BIN"    0    SEU    430ns    1us    <ON_TIME,UNOBSERVED_UNDETECTED>
":UUT:\BUFF_COUNTER_REG[20]\:CLR"    0    SEU    164ns    1us    <ON_TIME,DANGEROUS_DETECTED:164100ps>
":UUT:\BUFF_COUNTER_REG[20]\:IS_CLR_INVERTED_BIN"    0    SEU    334ns    1us    <ON_TIME,UNOBSERVED_UNDETECTED>
":UUT:\BUFF_COUNTER_REG[20]\:C"    0    SEU    78ns    1us    <ON_TIME,UNOBSERVED_UNDETECTED>
":UUT:\BUFF_COUNTER_REG[20]\:IS_C_INVERTED_BIN"    0    SEU    53ns    1us    <ON_TIME,UNOBSERVED_UNDETECTED>
":UUT:\BUFF_COUNTER_REG[20]\:CE"    0    SEU    327ns    1us    <ON_TIME,UNOBSERVED_UNDETECTED>
":UUT:\BUFF_COUNTER_REG[20]\:D"    0    SEU    208ns    1us    <ON_TIME,UNOBSERVED_UNDETECTED>
":UUT:\BUFF_COUNTER_REG[20]\:IS_D_INVERTED_BIN"    0    SEU    328ns    1us    <ON_TIME,UNOBSERVED_UNDETECTED>
":UUT:\BUFF_COUNTER_REG[21]\:GLBLGSR"    0    SEU    141ns    1us    <ON_TIME,UNOBSERVED_UNDETECTED>
":UUT:\BUFF_COUNTER_REG[21]\:Q"    0    SEU    305ns    1us    <ON_TIME,DANGEROUS_DETECTED:785100ps>
":UUT:\BUFF_COUNTER_REG[21]\:Q_OUT"    0    SEU    55ns    1us    <ON_TIME,DANGEROUS_DETECTED:785100ps>
":UUT:\BUFF_COUNTER_REG[21]\:INIT_BIN"    0    SEU    255ns    1us    <ON_TIME,UNOBSERVED_UNDETECTED>
":UUT:\BUFF_COUNTER_REG[21]\:CLR"    0    SEU    282ns    1us    <ON_TIME,DANGEROUS_DETECTED:282100ps>
":UUT:\BUFF_COUNTER_REG[21]\:IS_CLR_INVERTED_BIN"    0    SEU    146ns    1us    <ON_TIME,UNOBSERVED_UNDETECTED>
":UUT:\BUFF_COUNTER_REG[21]\:C"    0    SEU    298ns    1us    <ON_TIME,UNOBSERVED_UNDETECTED>
":UUT:\BUFF_COUNTER_REG[21]\:IS_C_INVERTED_BIN"    0    SEU    295ns    1us    <ON_TIME,UNOBSERVED_UNDETECTED>
":UUT:\BUFF_COUNTER_REG[21]\:CE"    0    SEU    278ns    1us    <ON_TIME,UNOBSERVED_UNDETECTED>
":UUT:\BUFF_COUNTER_REG[21]\:D"    0    SEU    340ns    1us    <ON_TIME,UNOBSERVED_UNDETECTED>
":UUT:\BUFF_COUNTER_REG[21]\:IS_D_INVERTED_BIN"    0    SEU    432ns    1us    <ON_TIME,UNOBSERVED_UNDETECTED>
":UUT:\BUFF_COUNTER_REG[22]\:GLBLGSR"    0    SEU    406ns    1us    <ON_TIME,UNOBSERVED_UNDETECTED>
":UUT:\BUFF_COUNTER_REG[22]\:Q"    0    SEU    339ns    1us    <ON_TIME,DANGEROUS_DETECTED:785100ps>
":UUT:\BUFF_COUNTER_REG[22]\:Q_OUT"    0    SEU    99ns    1us    <ON_TIME,DANGEROUS_DETECTED:785100ps>
":UUT:\BUFF_COUNTER_REG[22]\:INIT_BIN"    0    SEU    184ns    1us    <ON_TIME,UNOBSERVED_UNDETECTED>
":UUT:\BUFF_COUNTER_REG[22]\:CLR"    0    SEU    137ns    1us    <ON_TIME,DANGEROUS_DETECTED:137100ps>
":UUT:\BUFF_COUNTER_REG[22]\:IS_CLR_INVERTED_BIN"    0    SEU    306ns    1us    <ON_TIME,UNOBSERVED_UNDETECTED>
":UUT:\BUFF_COUNTER_REG[22]\:C"    0    SEU    216ns    1us    <ON_TIME,UNOBSERVED_UNDETECTED>
":UUT:\BUFF_COUNTER_REG[22]\:IS_C_INVERTED_BIN"    0    SEU    155ns    1us    <ON_TIME,UNOBSERVED_UNDETECTED>
":UUT:\BUFF_COUNTER_REG[22]\:CE"    0    SEU    156ns    1us    <ON_TIME,UNOBSERVED_UNDETECTED>
":UUT:\BUFF_COUNTER_REG[22]\:D"    0    SEU    254ns    1us    <ON_TIME,UNOBSERVED_UNDETECTED>
":UUT:\BUFF_COUNTER_REG[22]\:IS_D_INVERTED_BIN"    0    SEU    320ns    1us    <ON_TIME,UNOBSERVED_UNDETECTED>
":UUT:\BUFF_COUNTER_REG[23]\:GLBLGSR"    0    SEU    362ns    1us    <ON_TIME,UNOBSERVED_UNDETECTED>
":UUT:\BUFF_COUNTER_REG[23]\:Q"    0    SEU    58ns    1us    <ON_TIME,DANGEROUS_DETECTED:785100ps>
":UUT:\BUFF_COUNTER_REG[23]\:Q_OUT"    0    SEU    64ns    1us    <ON_TIME,DANGEROUS_DETECTED:785100ps>
":UUT:\BUFF_COUNTER_REG[23]\:INIT_BIN"    0    SEU    294ns    1us    <ON_TIME,UNOBSERVED_UNDETECTED>
":UUT:\BUFF_COUNTER_REG[23]\:CLR"    0    SEU    436ns    1us    <ON_TIME,DANGEROUS_DETECTED:436100ps>
":UUT:\BUFF_COUNTER_REG[23]\:IS_CLR_INVERTED_BIN"    0    SEU    263ns    1us    <ON_TIME,UNOBSERVED_UNDETECTED>
":UUT:\BUFF_COUNTER_REG[23]\:C"    0    SEU    407ns    1us    <ON_TIME,UNOBSERVED_UNDETECTED>
":UUT:\BUFF_COUNTER_REG[23]\:IS_C_INVERTED_BIN"    0    SEU    355ns    1us    <ON_TIME,UNOBSERVED_UNDETECTED>
":UUT:\BUFF_COUNTER_REG[23]\:CE"    0    SEU    305ns    1us    <ON_TIME,UNOBSERVED_UNDETECTED>
":UUT:\BUFF_COUNTER_REG[23]\:D"    0    SEU    275ns    1us    <ON_TIME,UNOBSERVED_UNDETECTED>
":UUT:\BUFF_COUNTER_REG[23]\:IS_D_INVERTED_BIN"    0    SEU    297ns    1us    <ON_TIME,UNOBSERVED_UNDETECTED>
":UUT:\BUFF_COUNTER_REG[24]\:GLBLGSR"    0    SEU    107ns    1us    <ON_TIME,UNOBSERVED_UNDETECTED>
":UUT:\BUFF_COUNTER_REG[24]\:Q"    0    SEU    218ns    1us    <ON_TIME,DANGEROUS_DETECTED:785100ps>
":UUT:\BUFF_COUNTER_REG[24]\:Q_OUT"    0    SEU    205ns    1us    <ON_TIME,DANGEROUS_DETECTED:785100ps>
":UUT:\BUFF_COUNTER_REG[24]\:INIT_BIN"    0    SEU    235ns    1us    <ON_TIME,UNOBSERVED_UNDETECTED>
":UUT:\BUFF_COUNTER_REG[24]\:CLR"    0    SEU    162ns    1us    <ON_TIME,DANGEROUS_DETECTED:162100ps>
":UUT:\BUFF_COUNTER_REG[24]\:IS_CLR_INVERTED_BIN"    0    SEU    91ns    1us    <ON_TIME,UNOBSERVED_UNDETECTED>
":UUT:\BUFF_COUNTER_REG[24]\:C"    0    SEU    287ns    1us    <ON_TIME,UNOBSERVED_UNDETECTED>
":UUT:\BUFF_COUNTER_REG[24]\:IS_C_INVERTED_BIN"    0    SEU    82ns    1us    <ON_TIME,UNOBSERVED_UNDETECTED>
":UUT:\BUFF_COUNTER_REG[24]\:CE"    0    SEU    419ns    1us    <ON_TIME,UNOBSERVED_UNDETECTED>
":UUT:\BUFF_COUNTER_REG[24]\:D"    0    SEU    308ns    1us    <ON_TIME,UNOBSERVED_UNDETECTED>
":UUT:\BUFF_COUNTER_REG[24]\:IS_D_INVERTED_BIN"    0    SEU    268ns    1us    <ON_TIME,UNOBSERVED_UNDETECTED>
":UUT:\BUFF_COUNTER_REG[24]_I_1\:CO(0)"    0    SEU    138ns    1us    <ON_TIME,UNOBSERVED_UNDETECTED>
":UUT:\BUFF_COUNTER_REG[24]_I_1\:CO(1)"    0    SEU    243ns    1us    <ON_TIME,UNOBSERVED_UNDETECTED>
":UUT:\BUFF_COUNTER_REG[24]_I_1\:CO(2)"    0    SEU    141ns    1us    <ON_TIME,UNOBSERVED_UNDETECTED>
":UUT:\BUFF_COUNTER_REG[24]_I_1\:CO(3)"    0    SEU    149ns    1us    <ON_TIME,UNOBSERVED_UNDETECTED>
":UUT:\BUFF_COUNTER_REG[24]_I_1\:CO(4)"    0    SEU    277ns    1us    <ON_TIME,UNOBSERVED_UNDETECTED>
":UUT:\BUFF_COUNTER_REG[24]_I_1\:CO(5)"    0    SEU    66ns    1us    <ON_TIME,UNOBSERVED_UNDETECTED>
":UUT:\BUFF_COUNTER_REG[24]_I_1\:CO(6)"    0    SEU    125ns    1us    <ON_TIME,UNOBSERVED_UNDETECTED>
":UUT:\BUFF_COUNTER_REG[24]_I_1\:CO(7)"    0    SEU    73ns    1us    <ON_TIME,UNOBSERVED_UNDETECTED>
":UUT:\BUFF_COUNTER_REG[24]_I_1\:CO_OUT(0)"    0    SEU    355ns    1us    <ON_TIME,UNOBSERVED_UNDETECTED>
":UUT:\BUFF_COUNTER_REG[24]_I_1\:CO_OUT(1)"    0    SEU    286ns    1us    <ON_TIME,UNOBSERVED_UNDETECTED>
":UUT:\BUFF_COUNTER_REG[24]_I_1\:CO_OUT(2)"    0    SEU    221ns    1us    <ON_TIME,UNOBSERVED_UNDETECTED>
":UUT:\BUFF_COUNTER_REG[24]_I_1\:CO_OUT(3)"    0    SEU    358ns    1us    <ON_TIME,UNOBSERVED_UNDETECTED>
":UUT:\BUFF_COUNTER_REG[24]_I_1\:CO_OUT(4)"    0    SEU    437ns    1us    <ON_TIME,UNOBSERVED_UNDETECTED>
":UUT:\BUFF_COUNTER_REG[24]_I_1\:CO_OUT(5)"    0    SEU    304ns    1us    <ON_TIME,UNOBSERVED_UNDETECTED>
":UUT:\BUFF_COUNTER_REG[24]_I_1\:CO_OUT(6)"    0    SEU    393ns    1us    <ON_TIME,UNOBSERVED_UNDETECTED>
":UUT:\BUFF_COUNTER_REG[24]_I_1\:CO_OUT(7)"    0    SEU    448ns    1us    <ON_TIME,UNOBSERVED_UNDETECTED>
":UUT:\BUFF_COUNTER_REG[24]_I_1\:O(0)"    0    SEU    428ns    1us    <ON_TIME,UNOBSERVED_UNDETECTED>
":UUT:\BUFF_COUNTER_REG[24]_I_1\:O(1)"    0    SEU    119ns    1us    <ON_TIME,UNOBSERVED_UNDETECTED>
":UUT:\BUFF_COUNTER_REG[24]_I_1\:O(2)"    0    SEU    324ns    1us    <ON_TIME,UNOBSERVED_UNDETECTED>
":UUT:\BUFF_COUNTER_REG[24]_I_1\:O(3)"    0    SEU    375ns    1us    <ON_TIME,UNOBSERVED_UNDETECTED>
":UUT:\BUFF_COUNTER_REG[24]_I_1\:O(4)"    0    SEU    176ns    1us    <ON_TIME,UNOBSERVED_UNDETECTED>
":UUT:\BUFF_COUNTER_REG[24]_I_1\:O(5)"    0    SEU    66ns    1us    <ON_TIME,UNOBSERVED_UNDETECTED>
":UUT:\BUFF_COUNTER_REG[24]_I_1\:O(6)"    0    SEU    207ns    1us    <ON_TIME,UNOBSERVED_UNDETECTED>
":UUT:\BUFF_COUNTER_REG[24]_I_1\:O(7)"    0    SEU    109ns    1us    <ON_TIME,UNOBSERVED_UNDETECTED>
":UUT:\BUFF_COUNTER_REG[24]_I_1\:O_OUT(0)"    0    SEU    385ns    1us    <ON_TIME,UNOBSERVED_UNDETECTED>
":UUT:\BUFF_COUNTER_REG[24]_I_1\:O_OUT(1)"    0    SEU    73ns    1us    <ON_TIME,UNOBSERVED_UNDETECTED>
":UUT:\BUFF_COUNTER_REG[24]_I_1\:O_OUT(2)"    0    SEU    146ns    1us    <ON_TIME,UNOBSERVED_UNDETECTED>
":UUT:\BUFF_COUNTER_REG[24]_I_1\:O_OUT(3)"    0    SEU    169ns    1us    <ON_TIME,UNOBSERVED_UNDETECTED>
":UUT:\BUFF_COUNTER_REG[24]_I_1\:O_OUT(4)"    0    SEU    287ns    1us    <ON_TIME,UNOBSERVED_UNDETECTED>
":UUT:\BUFF_COUNTER_REG[24]_I_1\:O_OUT(5)"    0    SEU    379ns    1us    <ON_TIME,UNOBSERVED_UNDETECTED>
":UUT:\BUFF_COUNTER_REG[24]_I_1\:O_OUT(6)"    0    SEU    393ns    1us    <ON_TIME,UNOBSERVED_UNDETECTED>
":UUT:\BUFF_COUNTER_REG[24]_I_1\:O_OUT(7)"    0    SEU    246ns    1us    <ON_TIME,UNOBSERVED_UNDETECTED>
":UUT:\BUFF_COUNTER_REG[24]_I_1\:CI_TOP"    0    SEU    296ns    1us    <ON_TIME,UNOBSERVED_UNDETECTED>
":UUT:\BUFF_COUNTER_REG[24]_I_1\:CI_TOP_IN"    0    SEU    165ns    1us    <ON_TIME,UNOBSERVED_UNDETECTED>
":UUT:\BUFF_COUNTER_REG[24]_I_1\:CI"    0    SEU    344ns    1us    <ON_TIME,UNOBSERVED_UNDETECTED>
":UUT:\BUFF_COUNTER_REG[24]_I_1\:CI_IN"    0    SEU    168ns    1us    <ON_TIME,UNOBSERVED_UNDETECTED>
":UUT:\BUFF_COUNTER_REG[24]_I_1\:DI(0)"    0    SEU    444ns    1us    <ON_TIME,DANGEROUS_DETECTED:445100ps>
":UUT:\BUFF_COUNTER_REG[24]_I_1\:DI(1)"    0    SEU    219ns    1us    <ON_TIME,DANGEROUS_DETECTED:225100ps>
":UUT:\BUFF_COUNTER_REG[24]_I_1\:DI(2)"    0    SEU    166ns    1us    <ON_TIME,DANGEROUS_DETECTED:175100ps>
":UUT:\BUFF_COUNTER_REG[24]_I_1\:DI(3)"    0    SEU    121ns    1us    <ON_TIME,DANGEROUS_DETECTED:125100ps>
":UUT:\BUFF_COUNTER_REG[24]_I_1\:DI(4)"    0    SEU    88ns    1us    <ON_TIME,DANGEROUS_DETECTED:95100ps>
":UUT:\BUFF_COUNTER_REG[24]_I_1\:DI(5)"    0    SEU    298ns    1us    <ON_TIME,DANGEROUS_DETECTED:305100ps>
":UUT:\BUFF_COUNTER_REG[24]_I_1\:DI(6)"    0    SEU    362ns    1us    <ON_TIME,DANGEROUS_DETECTED:365100ps>
":UUT:\BUFF_COUNTER_REG[24]_I_1\:DI(7)"    0    SEU    271ns    1us    <ON_TIME,UNOBSERVED_UNDETECTED>
":UUT:\BUFF_COUNTER_REG[24]_I_1\:DI_IN(0)"    0    SEU    319ns    1us    <ON_TIME,UNOBSERVED_UNDETECTED>
":UUT:\BUFF_COUNTER_REG[24]_I_1\:DI_IN(1)"    0    SEU    305ns    1us    <ON_TIME,UNOBSERVED_UNDETECTED>
":UUT:\BUFF_COUNTER_REG[24]_I_1\:DI_IN(2)"    0    SEU    77ns    1us    <ON_TIME,UNOBSERVED_UNDETECTED>
":UUT:\BUFF_COUNTER_REG[24]_I_1\:DI_IN(3)"    0    SEU    79ns    1us    <ON_TIME,UNOBSERVED_UNDETECTED>
":UUT:\BUFF_COUNTER_REG[24]_I_1\:DI_IN(4)"    0    SEU    183ns    1us    <ON_TIME,UNOBSERVED_UNDETECTED>
":UUT:\BUFF_COUNTER_REG[24]_I_1\:DI_IN(5)"    0    SEU    202ns    1us    <ON_TIME,UNOBSERVED_UNDETECTED>
":UUT:\BUFF_COUNTER_REG[24]_I_1\:DI_IN(6)"    0    SEU    263ns    1us    <ON_TIME,UNOBSERVED_UNDETECTED>
":UUT:\BUFF_COUNTER_REG[24]_I_1\:DI_IN(7)"    0    SEU    446ns    1us    <ON_TIME,UNOBSERVED_UNDETECTED>
":UUT:\BUFF_COUNTER_REG[24]_I_1\:S(0)"    0    SEU    434ns    1us    <ON_TIME,UNOBSERVED_UNDETECTED>
":UUT:\BUFF_COUNTER_REG[24]_I_1\:S(1)"    0    SEU    99ns    1us    <ON_TIME,UNOBSERVED_UNDETECTED>
":UUT:\BUFF_COUNTER_REG[24]_I_1\:S(2)"    0    SEU    116ns    1us    <ON_TIME,UNOBSERVED_UNDETECTED>
":UUT:\BUFF_COUNTER_REG[24]_I_1\:S(3)"    0    SEU    60ns    1us    <ON_TIME,UNOBSERVED_UNDETECTED>
":UUT:\BUFF_COUNTER_REG[24]_I_1\:S(4)"    0    SEU    198ns    1us    <ON_TIME,UNOBSERVED_UNDETECTED>
":UUT:\BUFF_COUNTER_REG[24]_I_1\:S(5)"    0    SEU    101ns    1us    <ON_TIME,UNOBSERVED_UNDETECTED>
":UUT:\BUFF_COUNTER_REG[24]_I_1\:S(6)"    0    SEU    341ns    1us    <ON_TIME,UNOBSERVED_UNDETECTED>
":UUT:\BUFF_COUNTER_REG[24]_I_1\:S(7)"    0    SEU    310ns    1us    <ON_TIME,UNOBSERVED_UNDETECTED>
":UUT:\BUFF_COUNTER_REG[24]_I_1\:S_IN(0)"    0    SEU    131ns    1us    <ON_TIME,UNOBSERVED_UNDETECTED>
":UUT:\BUFF_COUNTER_REG[24]_I_1\:S_IN(1)"    0    SEU    96ns    1us    <ON_TIME,UNOBSERVED_UNDETECTED>
":UUT:\BUFF_COUNTER_REG[24]_I_1\:S_IN(2)"    0    SEU    393ns    1us    <ON_TIME,UNOBSERVED_UNDETECTED>
":UUT:\BUFF_COUNTER_REG[24]_I_1\:S_IN(3)"    0    SEU    300ns    1us    <ON_TIME,UNOBSERVED_UNDETECTED>
":UUT:\BUFF_COUNTER_REG[24]_I_1\:S_IN(4)"    0    SEU    445ns    1us    <ON_TIME,UNOBSERVED_UNDETECTED>
":UUT:\BUFF_COUNTER_REG[24]_I_1\:S_IN(5)"    0    SEU    449ns    1us    <ON_TIME,UNOBSERVED_UNDETECTED>
":UUT:\BUFF_COUNTER_REG[24]_I_1\:S_IN(6)"    0    SEU    261ns    1us    <ON_TIME,UNOBSERVED_UNDETECTED>
":UUT:\BUFF_COUNTER_REG[24]_I_1\:S_IN(7)"    0    SEU    100ns    1us    <ON_TIME,UNOBSERVED_UNDETECTED>
":UUT:\BUFF_COUNTER_REG[24]_I_1\:CARRY_TYPE_BIN"    0    SEU    261ns    1us    <ON_TIME,UNOBSERVED_UNDETECTED>
":UUT:\BUFF_COUNTER_REG[24]_I_1\:XIL_ATTR_TEST"    0    SEU    338ns    1us    <ON_TIME,UNOBSERVED_UNDETECTED>
":UUT:\BUFF_COUNTER_REG[24]_I_1\:CI_TOP_MUX"    0    SEU    286ns    1us    <ON_TIME,UNOBSERVED_UNDETECTED>
":UUT:\BUFF_COUNTER_REG[24]_I_1\:INIPROC:ATTR_ERR"    0    SEU    316ns    1us    <ON_TIME,UNOBSERVED_UNDETECTED>
":UUT:\BUFF_COUNTER_REG[25]\:GLBLGSR"    0    SEU    220ns    1us    <ON_TIME,UNOBSERVED_UNDETECTED>
":UUT:\BUFF_COUNTER_REG[25]\:Q"    0    SEU    114ns    1us    <ON_TIME,DANGEROUS_DETECTED:785100ps>
":UUT:\BUFF_COUNTER_REG[25]\:Q_OUT"    0    SEU    217ns    1us    <ON_TIME,DANGEROUS_DETECTED:785100ps>
":UUT:\BUFF_COUNTER_REG[25]\:INIT_BIN"    0    SEU    410ns    1us    <ON_TIME,UNOBSERVED_UNDETECTED>
":UUT:\BUFF_COUNTER_REG[25]\:CLR"    0    SEU    239ns    1us    <ON_TIME,DANGEROUS_DETECTED:239100ps>
":UUT:\BUFF_COUNTER_REG[25]\:IS_CLR_INVERTED_BIN"    0    SEU    274ns    1us    <ON_TIME,UNOBSERVED_UNDETECTED>
":UUT:\BUFF_COUNTER_REG[25]\:C"    0    SEU    71ns    1us    <ON_TIME,DANGEROUS_DETECTED:71100ps>
":UUT:\BUFF_COUNTER_REG[25]\:IS_C_INVERTED_BIN"    0    SEU    332ns    1us    <ON_TIME,UNOBSERVED_UNDETECTED>
":UUT:\BUFF_COUNTER_REG[25]\:CE"    0    SEU    101ns    1us    <ON_TIME,UNOBSERVED_UNDETECTED>
":UUT:\BUFF_COUNTER_REG[25]\:D"    0    SEU    133ns    1us    <ON_TIME,UNOBSERVED_UNDETECTED>
":UUT:\BUFF_COUNTER_REG[25]\:IS_D_INVERTED_BIN"    0    SEU    329ns    1us    <ON_TIME,UNOBSERVED_UNDETECTED>
":UUT:\BUFF_COUNTER_REG[26]\:GLBLGSR"    0    SEU    309ns    1us    <ON_TIME,UNOBSERVED_UNDETECTED>
":UUT:\BUFF_COUNTER_REG[26]\:Q"    0    SEU    260ns    1us    <ON_TIME,DANGEROUS_DETECTED:785100ps>
":UUT:\BUFF_COUNTER_REG[26]\:Q_OUT"    0    SEU    364ns    1us    <ON_TIME,DANGEROUS_DETECTED:785100ps>
":UUT:\BUFF_COUNTER_REG[26]\:INIT_BIN"    0    SEU    263ns    1us    <ON_TIME,UNOBSERVED_UNDETECTED>
":UUT:\BUFF_COUNTER_REG[26]\:CLR"    0    SEU    144ns    1us    <ON_TIME,DANGEROUS_DETECTED:144100ps>
":UUT:\BUFF_COUNTER_REG[26]\:IS_CLR_INVERTED_BIN"    0    SEU    329ns    1us    <ON_TIME,UNOBSERVED_UNDETECTED>
":UUT:\BUFF_COUNTER_REG[26]\:C"    0    SEU    397ns    1us    <ON_TIME,UNOBSERVED_UNDETECTED>
":UUT:\BUFF_COUNTER_REG[26]\:IS_C_INVERTED_BIN"    0    SEU    226ns    1us    <ON_TIME,UNOBSERVED_UNDETECTED>
":UUT:\BUFF_COUNTER_REG[26]\:CE"    0    SEU    169ns    1us    <ON_TIME,UNOBSERVED_UNDETECTED>
":UUT:\BUFF_COUNTER_REG[26]\:D"    0    SEU    52ns    1us    <ON_TIME,UNOBSERVED_UNDETECTED>
":UUT:\BUFF_COUNTER_REG[26]\:IS_D_INVERTED_BIN"    0    SEU    337ns    1us    <ON_TIME,UNOBSERVED_UNDETECTED>
":UUT:\BUFF_COUNTER_REG[27]\:GLBLGSR"    0    SEU    126ns    1us    <ON_TIME,UNOBSERVED_UNDETECTED>
":UUT:\BUFF_COUNTER_REG[27]\:Q"    0    SEU    281ns    1us    <ON_TIME,DANGEROUS_DETECTED:785100ps>
":UUT:\BUFF_COUNTER_REG[27]\:Q_OUT"    0    SEU    309ns    1us    <ON_TIME,DANGEROUS_DETECTED:785100ps>
":UUT:\BUFF_COUNTER_REG[27]\:INIT_BIN"    0    SEU    355ns    1us    <ON_TIME,UNOBSERVED_UNDETECTED>
":UUT:\BUFF_COUNTER_REG[27]\:CLR"    0    SEU    159ns    1us    <ON_TIME,DANGEROUS_DETECTED:159100ps>
":UUT:\BUFF_COUNTER_REG[27]\:IS_CLR_INVERTED_BIN"    0    SEU    297ns    1us    <ON_TIME,UNOBSERVED_UNDETECTED>
":UUT:\BUFF_COUNTER_REG[27]\:C"    0    SEU    363ns    1us    <ON_TIME,DANGEROUS_DETECTED:363100ps>
":UUT:\BUFF_COUNTER_REG[27]\:IS_C_INVERTED_BIN"    0    SEU    76ns    1us    <ON_TIME,UNOBSERVED_UNDETECTED>
":UUT:\BUFF_COUNTER_REG[27]\:CE"    0    SEU    176ns    1us    <ON_TIME,UNOBSERVED_UNDETECTED>
":UUT:\BUFF_COUNTER_REG[27]\:D"    0    SEU    436ns    1us    <ON_TIME,UNOBSERVED_UNDETECTED>
":UUT:\BUFF_COUNTER_REG[27]\:IS_D_INVERTED_BIN"    0    SEU    77ns    1us    <ON_TIME,UNOBSERVED_UNDETECTED>
":UUT:\BUFF_COUNTER_REG[28]\:GLBLGSR"    0    SEU    111ns    1us    <ON_TIME,UNOBSERVED_UNDETECTED>
":UUT:\BUFF_COUNTER_REG[28]\:Q"    0    SEU    258ns    1us    <ON_TIME,DANGEROUS_DETECTED:785100ps>
":UUT:\BUFF_COUNTER_REG[28]\:Q_OUT"    0    SEU    326ns    1us    <ON_TIME,DANGEROUS_DETECTED:785100ps>
":UUT:\BUFF_COUNTER_REG[28]\:INIT_BIN"    0    SEU    335ns    1us    <ON_TIME,UNOBSERVED_UNDETECTED>
":UUT:\BUFF_COUNTER_REG[28]\:CLR"    0    SEU    57ns    1us    <ON_TIME,DANGEROUS_DETECTED:57100ps>
":UUT:\BUFF_COUNTER_REG[28]\:IS_CLR_INVERTED_BIN"    0    SEU    279ns    1us    <ON_TIME,UNOBSERVED_UNDETECTED>
":UUT:\BUFF_COUNTER_REG[28]\:C"    0    SEU    82ns    1us    <ON_TIME,DANGEROUS_DETECTED:82100ps>
":UUT:\BUFF_COUNTER_REG[28]\:IS_C_INVERTED_BIN"    0    SEU    278ns    1us    <ON_TIME,UNOBSERVED_UNDETECTED>
":UUT:\BUFF_COUNTER_REG[28]\:CE"    0    SEU    243ns    1us    <ON_TIME,UNOBSERVED_UNDETECTED>
":UUT:\BUFF_COUNTER_REG[28]\:D"    0    SEU    189ns    1us    <ON_TIME,UNOBSERVED_UNDETECTED>
":UUT:\BUFF_COUNTER_REG[28]\:IS_D_INVERTED_BIN"    0    SEU    239ns    1us    <ON_TIME,UNOBSERVED_UNDETECTED>
":UUT:\BUFF_COUNTER_REG[29]\:GLBLGSR"    0    SEU    424ns    1us    <ON_TIME,UNOBSERVED_UNDETECTED>
":UUT:\BUFF_COUNTER_REG[29]\:Q"    0    SEU    72ns    1us    <ON_TIME,DANGEROUS_DETECTED:785100ps>
":UUT:\BUFF_COUNTER_REG[29]\:Q_OUT"    0    SEU    175ns    1us    <ON_TIME,DANGEROUS_DETECTED:785100ps>
":UUT:\BUFF_COUNTER_REG[29]\:INIT_BIN"    0    SEU    235ns    1us    <ON_TIME,UNOBSERVED_UNDETECTED>
":UUT:\BUFF_COUNTER_REG[29]\:CLR"    0    SEU    441ns    1us    <ON_TIME,DANGEROUS_DETECTED:441100ps>
":UUT:\BUFF_COUNTER_REG[29]\:IS_CLR_INVERTED_BIN"    0    SEU    304ns    1us    <ON_TIME,UNOBSERVED_UNDETECTED>
":UUT:\BUFF_COUNTER_REG[29]\:C"    0    SEU    324ns    1us    <ON_TIME,DANGEROUS_DETECTED:324100ps>
":UUT:\BUFF_COUNTER_REG[29]\:IS_C_INVERTED_BIN"    0    SEU    65ns    1us    <ON_TIME,UNOBSERVED_UNDETECTED>
":UUT:\BUFF_COUNTER_REG[29]\:CE"    0    SEU    335ns    1us    <ON_TIME,UNOBSERVED_UNDETECTED>
":UUT:\BUFF_COUNTER_REG[29]\:D"    0    SEU    97ns    1us    <ON_TIME,UNOBSERVED_UNDETECTED>
":UUT:\BUFF_COUNTER_REG[29]\:IS_D_INVERTED_BIN"    0    SEU    227ns    1us    <ON_TIME,UNOBSERVED_UNDETECTED>
":UUT:\BUFF_COUNTER_REG[2]\:GLBLGSR"    0    SEU    83ns    1us    <ON_TIME,UNOBSERVED_UNDETECTED>
":UUT:\BUFF_COUNTER_REG[2]\:Q"    0    SEU    401ns    1us    <ON_TIME,DANGEROUS_DETECTED:785100ps>
":UUT:\BUFF_COUNTER_REG[2]\:Q_OUT"    0    SEU    297ns    1us    <ON_TIME,DANGEROUS_DETECTED:785100ps>
":UUT:\BUFF_COUNTER_REG[2]\:INIT_BIN"    0    SEU    229ns    1us    <ON_TIME,UNOBSERVED_UNDETECTED>
":UUT:\BUFF_COUNTER_REG[2]\:CLR"    0    SEU    270ns    1us    <ON_TIME,DANGEROUS_DETECTED:270100ps>
":UUT:\BUFF_COUNTER_REG[2]\:IS_CLR_INVERTED_BIN"    0    SEU    416ns    1us    <ON_TIME,UNOBSERVED_UNDETECTED>
":UUT:\BUFF_COUNTER_REG[2]\:C"    0    SEU    373ns    1us    <ON_TIME,DANGEROUS_DETECTED:373100ps>
":UUT:\BUFF_COUNTER_REG[2]\:IS_C_INVERTED_BIN"    0    SEU    79ns    1us    <ON_TIME,UNOBSERVED_UNDETECTED>
":UUT:\BUFF_COUNTER_REG[2]\:CE"    0    SEU    118ns    1us    <ON_TIME,UNOBSERVED_UNDETECTED>
":UUT:\BUFF_COUNTER_REG[2]\:D"    0    SEU    316ns    1us    <ON_TIME,UNOBSERVED_UNDETECTED>
":UUT:\BUFF_COUNTER_REG[2]\:IS_D_INVERTED_BIN"    0    SEU    229ns    1us    <ON_TIME,UNOBSERVED_UNDETECTED>
":UUT:\BUFF_COUNTER_REG[30]\:GLBLGSR"    0    SEU    54ns    1us    <ON_TIME,UNOBSERVED_UNDETECTED>
":UUT:\BUFF_COUNTER_REG[30]\:Q"    0    SEU    356ns    1us    <ON_TIME,DANGEROUS_DETECTED:785100ps>
":UUT:\BUFF_COUNTER_REG[30]\:Q_OUT"    0    SEU    58ns    1us    <ON_TIME,DANGEROUS_DETECTED:785100ps>
":UUT:\BUFF_COUNTER_REG[30]\:INIT_BIN"    0    SEU    144ns    1us    <ON_TIME,UNOBSERVED_UNDETECTED>
":UUT:\BUFF_COUNTER_REG[30]\:CLR"    0    SEU    271ns    1us    <ON_TIME,DANGEROUS_DETECTED:271100ps>
":UUT:\BUFF_COUNTER_REG[30]\:IS_CLR_INVERTED_BIN"    0    SEU    136ns    1us    <ON_TIME,UNOBSERVED_UNDETECTED>
":UUT:\BUFF_COUNTER_REG[30]\:C"    0    SEU    322ns    1us    <ON_TIME,DANGEROUS_DETECTED:322100ps>
":UUT:\BUFF_COUNTER_REG[30]\:IS_C_INVERTED_BIN"    0    SEU    146ns    1us    <ON_TIME,UNOBSERVED_UNDETECTED>
":UUT:\BUFF_COUNTER_REG[30]\:CE"    0    SEU    209ns    1us    <ON_TIME,UNOBSERVED_UNDETECTED>
":UUT:\BUFF_COUNTER_REG[30]\:D"    0    SEU    281ns    1us    <ON_TIME,UNOBSERVED_UNDETECTED>
":UUT:\BUFF_COUNTER_REG[30]\:IS_D_INVERTED_BIN"    0    SEU    333ns    1us    <ON_TIME,UNOBSERVED_UNDETECTED>
":UUT:\BUFF_COUNTER_REG[31]\:GLBLGSR"    0    SEU    69ns    1us    <ON_TIME,UNOBSERVED_UNDETECTED>
":UUT:\BUFF_COUNTER_REG[31]\:Q"    0    SEU    409ns    1us    <ON_TIME,UNOBSERVED_UNDETECTED>
":UUT:\BUFF_COUNTER_REG[31]\:Q_OUT"    0    SEU    201ns    1us    <ON_TIME,UNOBSERVED_UNDETECTED>
":UUT:\BUFF_COUNTER_REG[31]\:INIT_BIN"    0    SEU    256ns    1us    <ON_TIME,UNOBSERVED_UNDETECTED>
":UUT:\BUFF_COUNTER_REG[31]\:CLR"    0    SEU    400ns    1us    <ON_TIME,DANGEROUS_DETECTED:400100ps>
":UUT:\BUFF_COUNTER_REG[31]\:IS_CLR_INVERTED_BIN"    0    SEU    291ns    1us    <ON_TIME,UNOBSERVED_UNDETECTED>
":UUT:\BUFF_COUNTER_REG[31]\:C"    0    SEU    178ns    1us    <ON_TIME,UNOBSERVED_UNDETECTED>
":UUT:\BUFF_COUNTER_REG[31]\:IS_C_INVERTED_BIN"    0    SEU    91ns    1us    <ON_TIME,UNOBSERVED_UNDETECTED>
":UUT:\BUFF_COUNTER_REG[31]\:CE"    0    SEU    392ns    1us    <ON_TIME,UNOBSERVED_UNDETECTED>
":UUT:\BUFF_COUNTER_REG[31]\:D"    0    SEU    375ns    1us    <ON_TIME,UNOBSERVED_UNDETECTED>
":UUT:\BUFF_COUNTER_REG[31]\:IS_D_INVERTED_BIN"    0    SEU    196ns    1us    <ON_TIME,UNOBSERVED_UNDETECTED>
":UUT:\BUFF_COUNTER_REG[3]\:GLBLGSR"    0    SEU    183ns    1us    <ON_TIME,UNOBSERVED_UNDETECTED>
":UUT:\BUFF_COUNTER_REG[3]\:Q"    0    SEU    85ns    1us    <ON_TIME,DANGEROUS_DETECTED:785100ps>
":UUT:\BUFF_COUNTER_REG[3]\:Q_OUT"    0    SEU    167ns    1us    <ON_TIME,DANGEROUS_DETECTED:785100ps>
":UUT:\BUFF_COUNTER_REG[3]\:INIT_BIN"    0    SEU    212ns    1us    <ON_TIME,UNOBSERVED_UNDETECTED>
":UUT:\BUFF_COUNTER_REG[3]\:CLR"    0    SEU    351ns    1us    <ON_TIME,DANGEROUS_DETECTED:351100ps>
":UUT:\BUFF_COUNTER_REG[3]\:IS_CLR_INVERTED_BIN"    0    SEU    203ns    1us    <ON_TIME,UNOBSERVED_UNDETECTED>
":UUT:\BUFF_COUNTER_REG[3]\:C"    0    SEU    386ns    1us    <ON_TIME,UNOBSERVED_UNDETECTED>
":UUT:\BUFF_COUNTER_REG[3]\:IS_C_INVERTED_BIN"    0    SEU    287ns    1us    <ON_TIME,UNOBSERVED_UNDETECTED>
":UUT:\BUFF_COUNTER_REG[3]\:CE"    0    SEU    84ns    1us    <ON_TIME,UNOBSERVED_UNDETECTED>
":UUT:\BUFF_COUNTER_REG[3]\:D"    0    SEU    245ns    1us    <ON_TIME,UNOBSERVED_UNDETECTED>
":UUT:\BUFF_COUNTER_REG[3]\:IS_D_INVERTED_BIN"    0    SEU    386ns    1us    <ON_TIME,UNOBSERVED_UNDETECTED>
":UUT:\BUFF_COUNTER_REG[4]\:GLBLGSR"    0    SEU    303ns    1us    <ON_TIME,UNOBSERVED_UNDETECTED>
":UUT:\BUFF_COUNTER_REG[4]\:Q"    0    SEU    247ns    1us    <ON_TIME,DANGEROUS_DETECTED:785100ps>
":UUT:\BUFF_COUNTER_REG[4]\:Q_OUT"    0    SEU    393ns    1us    <ON_TIME,DANGEROUS_DETECTED:785100ps>
":UUT:\BUFF_COUNTER_REG[4]\:INIT_BIN"    0    SEU    436ns    1us    <ON_TIME,UNOBSERVED_UNDETECTED>
":UUT:\BUFF_COUNTER_REG[4]\:CLR"    0    SEU    64ns    1us    <ON_TIME,DANGEROUS_DETECTED:64100ps>
":UUT:\BUFF_COUNTER_REG[4]\:IS_CLR_INVERTED_BIN"    0    SEU    253ns    1us    <ON_TIME,UNOBSERVED_UNDETECTED>
":UUT:\BUFF_COUNTER_REG[4]\:C"    0    SEU    364ns    1us    <ON_TIME,DANGEROUS_DETECTED:364100ps>
":UUT:\BUFF_COUNTER_REG[4]\:IS_C_INVERTED_BIN"    0    SEU    295ns    1us    <ON_TIME,UNOBSERVED_UNDETECTED>
":UUT:\BUFF_COUNTER_REG[4]\:CE"    0    SEU    196ns    1us    <ON_TIME,UNOBSERVED_UNDETECTED>
":UUT:\BUFF_COUNTER_REG[4]\:D"    0    SEU    99ns    1us    <ON_TIME,UNOBSERVED_UNDETECTED>
":UUT:\BUFF_COUNTER_REG[4]\:IS_D_INVERTED_BIN"    0    SEU    121ns    1us    <ON_TIME,UNOBSERVED_UNDETECTED>
":UUT:\BUFF_COUNTER_REG[5]\:GLBLGSR"    0    SEU    350ns    1us    <ON_TIME,UNOBSERVED_UNDETECTED>
":UUT:\BUFF_COUNTER_REG[5]\:Q"    0    SEU    208ns    1us    <ON_TIME,DANGEROUS_DETECTED:785100ps>
":UUT:\BUFF_COUNTER_REG[5]\:Q_OUT"    0    SEU    107ns    1us    <ON_TIME,DANGEROUS_DETECTED:785100ps>
":UUT:\BUFF_COUNTER_REG[5]\:INIT_BIN"    0    SEU    436ns    1us    <ON_TIME,UNOBSERVED_UNDETECTED>
":UUT:\BUFF_COUNTER_REG[5]\:CLR"    0    SEU    384ns    1us    <ON_TIME,DANGEROUS_DETECTED:384100ps>
":UUT:\BUFF_COUNTER_REG[5]\:IS_CLR_INVERTED_BIN"    0    SEU    386ns    1us    <ON_TIME,UNOBSERVED_UNDETECTED>
":UUT:\BUFF_COUNTER_REG[5]\:C"    0    SEU    435ns    1us    <ON_TIME,UNOBSERVED_UNDETECTED>
":UUT:\BUFF_COUNTER_REG[5]\:IS_C_INVERTED_BIN"    0    SEU    412ns    1us    <ON_TIME,UNOBSERVED_UNDETECTED>
":UUT:\BUFF_COUNTER_REG[5]\:CE"    0    SEU    158ns    1us    <ON_TIME,UNOBSERVED_UNDETECTED>
":UUT:\BUFF_COUNTER_REG[5]\:D"    0    SEU    62ns    1us    <ON_TIME,UNOBSERVED_UNDETECTED>
":UUT:\BUFF_COUNTER_REG[5]\:IS_D_INVERTED_BIN"    0    SEU    287ns    1us    <ON_TIME,UNOBSERVED_UNDETECTED>
":UUT:\BUFF_COUNTER_REG[6]\:GLBLGSR"    0    SEU    118ns    1us    <ON_TIME,UNOBSERVED_UNDETECTED>
":UUT:\BUFF_COUNTER_REG[6]\:Q"    0    SEU    402ns    1us    <ON_TIME,DANGEROUS_DETECTED:785100ps>
":UUT:\BUFF_COUNTER_REG[6]\:Q_OUT"    0    SEU    392ns    1us    <ON_TIME,DANGEROUS_DETECTED:785100ps>
":UUT:\BUFF_COUNTER_REG[6]\:INIT_BIN"    0    SEU    299ns    1us    <ON_TIME,UNOBSERVED_UNDETECTED>
":UUT:\BUFF_COUNTER_REG[6]\:CLR"    0    SEU    188ns    1us    <ON_TIME,DANGEROUS_DETECTED:188100ps>
":UUT:\BUFF_COUNTER_REG[6]\:IS_CLR_INVERTED_BIN"    0    SEU    274ns    1us    <ON_TIME,UNOBSERVED_UNDETECTED>
":UUT:\BUFF_COUNTER_REG[6]\:C"    0    SEU    250ns    1us    <ON_TIME,DANGEROUS_DETECTED:250100ps>
":UUT:\BUFF_COUNTER_REG[6]\:IS_C_INVERTED_BIN"    0    SEU    310ns    1us    <ON_TIME,UNOBSERVED_UNDETECTED>
":UUT:\BUFF_COUNTER_REG[6]\:CE"    0    SEU    262ns    1us    <ON_TIME,UNOBSERVED_UNDETECTED>
":UUT:\BUFF_COUNTER_REG[6]\:D"    0    SEU    281ns    1us    <ON_TIME,UNOBSERVED_UNDETECTED>
":UUT:\BUFF_COUNTER_REG[6]\:IS_D_INVERTED_BIN"    0    SEU    267ns    1us    <ON_TIME,UNOBSERVED_UNDETECTED>
":UUT:\BUFF_COUNTER_REG[7]\:GLBLGSR"    0    SEU    211ns    1us    <ON_TIME,UNOBSERVED_UNDETECTED>
":UUT:\BUFF_COUNTER_REG[7]\:Q"    0    SEU    100ns    1us    <ON_TIME,DANGEROUS_DETECTED:785100ps>
":UUT:\BUFF_COUNTER_REG[7]\:Q_OUT"    0    SEU    67ns    1us    <ON_TIME,DANGEROUS_DETECTED:785100ps>
":UUT:\BUFF_COUNTER_REG[7]\:INIT_BIN"    0    SEU    386ns    1us    <ON_TIME,UNOBSERVED_UNDETECTED>
":UUT:\BUFF_COUNTER_REG[7]\:CLR"    0    SEU    78ns    1us    <ON_TIME,DANGEROUS_DETECTED:78100ps>
":UUT:\BUFF_COUNTER_REG[7]\:IS_CLR_INVERTED_BIN"    0    SEU    100ns    1us    <ON_TIME,UNOBSERVED_UNDETECTED>
":UUT:\BUFF_COUNTER_REG[7]\:C"    0    SEU    409ns    1us    <ON_TIME,UNOBSERVED_UNDETECTED>
":UUT:\BUFF_COUNTER_REG[7]\:IS_C_INVERTED_BIN"    0    SEU    222ns    1us    <ON_TIME,UNOBSERVED_UNDETECTED>
":UUT:\BUFF_COUNTER_REG[7]\:CE"    0    SEU    239ns    1us    <ON_TIME,UNOBSERVED_UNDETECTED>
":UUT:\BUFF_COUNTER_REG[7]\:D"    0    SEU    352ns    1us    <ON_TIME,UNOBSERVED_UNDETECTED>
":UUT:\BUFF_COUNTER_REG[7]\:IS_D_INVERTED_BIN"    0    SEU    420ns    1us    <ON_TIME,UNOBSERVED_UNDETECTED>
":UUT:\BUFF_COUNTER_REG[8]\:GLBLGSR"    0    SEU    402ns    1us    <ON_TIME,UNOBSERVED_UNDETECTED>
":UUT:\BUFF_COUNTER_REG[8]\:Q"    0    SEU    241ns    1us    <ON_TIME,DANGEROUS_DETECTED:785100ps>
":UUT:\BUFF_COUNTER_REG[8]\:Q_OUT"    0    SEU    103ns    1us    <ON_TIME,DANGEROUS_DETECTED:785100ps>
":UUT:\BUFF_COUNTER_REG[8]\:INIT_BIN"    0    SEU    392ns    1us    <ON_TIME,UNOBSERVED_UNDETECTED>
":UUT:\BUFF_COUNTER_REG[8]\:CLR"    0    SEU    370ns    1us    <ON_TIME,DANGEROUS_DETECTED:370100ps>
":UUT:\BUFF_COUNTER_REG[8]\:IS_CLR_INVERTED_BIN"    0    SEU    415ns    1us    <ON_TIME,UNOBSERVED_UNDETECTED>
":UUT:\BUFF_COUNTER_REG[8]\:C"    0    SEU    393ns    1us    <ON_TIME,DANGEROUS_DETECTED:393100ps>
":UUT:\BUFF_COUNTER_REG[8]\:IS_C_INVERTED_BIN"    0    SEU    405ns    1us    <ON_TIME,UNOBSERVED_UNDETECTED>
":UUT:\BUFF_COUNTER_REG[8]\:CE"    0    SEU    243ns    1us    <ON_TIME,UNOBSERVED_UNDETECTED>
":UUT:\BUFF_COUNTER_REG[8]\:D"    0    SEU    135ns    1us    <ON_TIME,UNOBSERVED_UNDETECTED>
":UUT:\BUFF_COUNTER_REG[8]\:IS_D_INVERTED_BIN"    0    SEU    190ns    1us    <ON_TIME,UNOBSERVED_UNDETECTED>
":UUT:\BUFF_COUNTER_REG[8]_I_1\:CO(0)"    0    SEU    389ns    1us    <ON_TIME,UNOBSERVED_UNDETECTED>
":UUT:\BUFF_COUNTER_REG[8]_I_1\:CO(1)"    0    SEU    222ns    1us    <ON_TIME,UNOBSERVED_UNDETECTED>
":UUT:\BUFF_COUNTER_REG[8]_I_1\:CO(2)"    0    SEU    252ns    1us    <ON_TIME,UNOBSERVED_UNDETECTED>
":UUT:\BUFF_COUNTER_REG[8]_I_1\:CO(3)"    0    SEU    73ns    1us    <ON_TIME,UNOBSERVED_UNDETECTED>
":UUT:\BUFF_COUNTER_REG[8]_I_1\:CO(4)"    0    SEU    317ns    1us    <ON_TIME,UNOBSERVED_UNDETECTED>
":UUT:\BUFF_COUNTER_REG[8]_I_1\:CO(5)"    0    SEU    408ns    1us    <ON_TIME,UNOBSERVED_UNDETECTED>
":UUT:\BUFF_COUNTER_REG[8]_I_1\:CO(6)"    0    SEU    184ns    1us    <ON_TIME,UNOBSERVED_UNDETECTED>
":UUT:\BUFF_COUNTER_REG[8]_I_1\:CO(7)"    0    SEU    151ns    1us    <ON_TIME,UNOBSERVED_UNDETECTED>
":UUT:\BUFF_COUNTER_REG[8]_I_1\:CO_OUT(0)"    0    SEU    295ns    1us    <ON_TIME,UNOBSERVED_UNDETECTED>
":UUT:\BUFF_COUNTER_REG[8]_I_1\:CO_OUT(1)"    0    SEU    351ns    1us    <ON_TIME,UNOBSERVED_UNDETECTED>
":UUT:\BUFF_COUNTER_REG[8]_I_1\:CO_OUT(2)"    0    SEU    243ns    1us    <ON_TIME,UNOBSERVED_UNDETECTED>
":UUT:\BUFF_COUNTER_REG[8]_I_1\:CO_OUT(3)"    0    SEU    384ns    1us    <ON_TIME,UNOBSERVED_UNDETECTED>
":UUT:\BUFF_COUNTER_REG[8]_I_1\:CO_OUT(4)"    0    SEU    139ns    1us    <ON_TIME,UNOBSERVED_UNDETECTED>
":UUT:\BUFF_COUNTER_REG[8]_I_1\:CO_OUT(5)"    0    SEU    225ns    1us    <ON_TIME,UNOBSERVED_UNDETECTED>
":UUT:\BUFF_COUNTER_REG[8]_I_1\:CO_OUT(6)"    0    SEU    391ns    1us    <ON_TIME,UNOBSERVED_UNDETECTED>
":UUT:\BUFF_COUNTER_REG[8]_I_1\:CO_OUT(7)"    0    SEU    376ns    1us    <ON_TIME,UNOBSERVED_UNDETECTED>
":UUT:\BUFF_COUNTER_REG[8]_I_1\:O(0)"    0    SEU    166ns    1us    <ON_TIME,UNOBSERVED_UNDETECTED>
":UUT:\BUFF_COUNTER_REG[8]_I_1\:O(1)"    0    SEU    422ns    1us    <ON_TIME,UNOBSERVED_UNDETECTED>
":UUT:\BUFF_COUNTER_REG[8]_I_1\:O(2)"    0    SEU    152ns    1us    <ON_TIME,UNOBSERVED_UNDETECTED>
":UUT:\BUFF_COUNTER_REG[8]_I_1\:O(3)"    0    SEU    121ns    1us    <ON_TIME,UNOBSERVED_UNDETECTED>
":UUT:\BUFF_COUNTER_REG[8]_I_1\:O(4)"    0    SEU    442ns    1us    <ON_TIME,UNOBSERVED_UNDETECTED>
":UUT:\BUFF_COUNTER_REG[8]_I_1\:O(5)"    0    SEU    315ns    1us    <ON_TIME,UNOBSERVED_UNDETECTED>
":UUT:\BUFF_COUNTER_REG[8]_I_1\:O(6)"    0    SEU    64ns    1us    <ON_TIME,UNOBSERVED_UNDETECTED>
":UUT:\BUFF_COUNTER_REG[8]_I_1\:O(7)"    0    SEU    255ns    1us    <ON_TIME,UNOBSERVED_UNDETECTED>
":UUT:\BUFF_COUNTER_REG[8]_I_1\:O_OUT(0)"    0    SEU    155ns    1us    <ON_TIME,UNOBSERVED_UNDETECTED>
":UUT:\BUFF_COUNTER_REG[8]_I_1\:O_OUT(1)"    0    SEU    201ns    1us    <ON_TIME,UNOBSERVED_UNDETECTED>
":UUT:\BUFF_COUNTER_REG[8]_I_1\:O_OUT(2)"    0    SEU    180ns    1us    <ON_TIME,UNOBSERVED_UNDETECTED>
":UUT:\BUFF_COUNTER_REG[8]_I_1\:O_OUT(3)"    0    SEU    141ns    1us    <ON_TIME,UNOBSERVED_UNDETECTED>
":UUT:\BUFF_COUNTER_REG[8]_I_1\:O_OUT(4)"    0    SEU    166ns    1us    <ON_TIME,UNOBSERVED_UNDETECTED>
":UUT:\BUFF_COUNTER_REG[8]_I_1\:O_OUT(5)"    0    SEU    351ns    1us    <ON_TIME,UNOBSERVED_UNDETECTED>
":UUT:\BUFF_COUNTER_REG[8]_I_1\:O_OUT(6)"    0    SEU    416ns    1us    <ON_TIME,UNOBSERVED_UNDETECTED>
":UUT:\BUFF_COUNTER_REG[8]_I_1\:O_OUT(7)"    0    SEU    198ns    1us    <ON_TIME,UNOBSERVED_UNDETECTED>
":UUT:\BUFF_COUNTER_REG[8]_I_1\:CI_TOP"    0    SEU    301ns    1us    <ON_TIME,UNOBSERVED_UNDETECTED>
":UUT:\BUFF_COUNTER_REG[8]_I_1\:CI_TOP_IN"    0    SEU    208ns    1us    <ON_TIME,UNOBSERVED_UNDETECTED>
":UUT:\BUFF_COUNTER_REG[8]_I_1\:CI"    0    SEU    268ns    1us    <ON_TIME,UNOBSERVED_UNDETECTED>
":UUT:\BUFF_COUNTER_REG[8]_I_1\:CI_IN"    0    SEU    152ns    1us    <ON_TIME,UNOBSERVED_UNDETECTED>
":UUT:\BUFF_COUNTER_REG[8]_I_1\:DI(0)"    0    SEU    84ns    1us    <ON_TIME,DANGEROUS_DETECTED:85100ps>
":UUT:\BUFF_COUNTER_REG[8]_I_1\:DI(1)"    0    SEU    442ns    1us    <ON_TIME,DANGEROUS_DETECTED:445100ps>
":UUT:\BUFF_COUNTER_REG[8]_I_1\:DI(2)"    0    SEU    141ns    1us    <ON_TIME,DANGEROUS_DETECTED:145100ps>
":UUT:\BUFF_COUNTER_REG[8]_I_1\:DI(3)"    0    SEU    330ns    1us    <ON_TIME,DANGEROUS_DETECTED:335100ps>
":UUT:\BUFF_COUNTER_REG[8]_I_1\:DI(4)"    0    SEU    231ns    1us    <ON_TIME,DANGEROUS_DETECTED:235100ps>
":UUT:\BUFF_COUNTER_REG[8]_I_1\:DI(5)"    0    SEU    166ns    1us    <ON_TIME,DANGEROUS_DETECTED:175100ps>
":UUT:\BUFF_COUNTER_REG[8]_I_1\:DI(6)"    0    SEU    416ns    1us    <ON_TIME,DANGEROUS_DETECTED:425100ps>
":UUT:\BUFF_COUNTER_REG[8]_I_1\:DI(7)"    0    SEU    176ns    1us    <ON_TIME,DANGEROUS_DETECTED:185100ps>
":UUT:\BUFF_COUNTER_REG[8]_I_1\:DI_IN(0)"    0    SEU    353ns    1us    <ON_TIME,UNOBSERVED_UNDETECTED>
":UUT:\BUFF_COUNTER_REG[8]_I_1\:DI_IN(1)"    0    SEU    348ns    1us    <ON_TIME,UNOBSERVED_UNDETECTED>
":UUT:\BUFF_COUNTER_REG[8]_I_1\:DI_IN(2)"    0    SEU    63ns    1us    <ON_TIME,UNOBSERVED_UNDETECTED>
":UUT:\BUFF_COUNTER_REG[8]_I_1\:DI_IN(3)"    0    SEU    85ns    1us    <ON_TIME,UNOBSERVED_UNDETECTED>
":UUT:\BUFF_COUNTER_REG[8]_I_1\:DI_IN(4)"    0    SEU    221ns    1us    <ON_TIME,UNOBSERVED_UNDETECTED>
":UUT:\BUFF_COUNTER_REG[8]_I_1\:DI_IN(5)"    0    SEU    50ns    1us    <ON_TIME,UNOBSERVED_UNDETECTED>
":UUT:\BUFF_COUNTER_REG[8]_I_1\:DI_IN(6)"    0    SEU    423ns    1us    <ON_TIME,UNOBSERVED_UNDETECTED>
":UUT:\BUFF_COUNTER_REG[8]_I_1\:DI_IN(7)"    0    SEU    363ns    1us    <ON_TIME,UNOBSERVED_UNDETECTED>
":UUT:\BUFF_COUNTER_REG[8]_I_1\:S(0)"    0    SEU    131ns    1us    <ON_TIME,UNOBSERVED_UNDETECTED>
":UUT:\BUFF_COUNTER_REG[8]_I_1\:S(1)"    0    SEU    450ns    1us    <ON_TIME,UNOBSERVED_UNDETECTED>
":UUT:\BUFF_COUNTER_REG[8]_I_1\:S(2)"    0    SEU    217ns    1us    <ON_TIME,UNOBSERVED_UNDETECTED>
":UUT:\BUFF_COUNTER_REG[8]_I_1\:S(3)"    0    SEU    436ns    1us    <ON_TIME,UNOBSERVED_UNDETECTED>
":UUT:\BUFF_COUNTER_REG[8]_I_1\:S(4)"    0    SEU    274ns    1us    <ON_TIME,UNOBSERVED_UNDETECTED>
":UUT:\BUFF_COUNTER_REG[8]_I_1\:S(5)"    0    SEU    181ns    1us    <ON_TIME,UNOBSERVED_UNDETECTED>
":UUT:\BUFF_COUNTER_REG[8]_I_1\:S(6)"    0    SEU    279ns    1us    <ON_TIME,UNOBSERVED_UNDETECTED>
":UUT:\BUFF_COUNTER_REG[8]_I_1\:S(7)"    0    SEU    261ns    1us    <ON_TIME,UNOBSERVED_UNDETECTED>
":UUT:\BUFF_COUNTER_REG[8]_I_1\:S_IN(0)"    0    SEU    333ns    1us    <ON_TIME,UNOBSERVED_UNDETECTED>
":UUT:\BUFF_COUNTER_REG[8]_I_1\:S_IN(1)"    0    SEU    352ns    1us    <ON_TIME,UNOBSERVED_UNDETECTED>
":UUT:\BUFF_COUNTER_REG[8]_I_1\:S_IN(2)"    0    SEU    334ns    1us    <ON_TIME,UNOBSERVED_UNDETECTED>
":UUT:\BUFF_COUNTER_REG[8]_I_1\:S_IN(3)"    0    SEU    108ns    1us    <ON_TIME,UNOBSERVED_UNDETECTED>
":UUT:\BUFF_COUNTER_REG[8]_I_1\:S_IN(4)"    0    SEU    124ns    1us    <ON_TIME,UNOBSERVED_UNDETECTED>
":UUT:\BUFF_COUNTER_REG[8]_I_1\:S_IN(5)"    0    SEU    410ns    1us    <ON_TIME,UNOBSERVED_UNDETECTED>
":UUT:\BUFF_COUNTER_REG[8]_I_1\:S_IN(6)"    0    SEU    129ns    1us    <ON_TIME,UNOBSERVED_UNDETECTED>
":UUT:\BUFF_COUNTER_REG[8]_I_1\:S_IN(7)"    0    SEU    189ns    1us    <ON_TIME,UNOBSERVED_UNDETECTED>
":UUT:\BUFF_COUNTER_REG[8]_I_1\:CARRY_TYPE_BIN"    0    SEU    53ns    1us    <ON_TIME,UNOBSERVED_UNDETECTED>
":UUT:\BUFF_COUNTER_REG[8]_I_1\:XIL_ATTR_TEST"    0    SEU    83ns    1us    <ON_TIME,UNOBSERVED_UNDETECTED>
":UUT:\BUFF_COUNTER_REG[8]_I_1\:CI_TOP_MUX"    0    SEU    162ns    1us    <ON_TIME,UNOBSERVED_UNDETECTED>
":UUT:\BUFF_COUNTER_REG[8]_I_1\:INIPROC:ATTR_ERR"    0    SEU    307ns    1us    <ON_TIME,UNOBSERVED_UNDETECTED>
":UUT:\BUFF_COUNTER_REG[9]\:GLBLGSR"    0    SEU    239ns    1us    <ON_TIME,UNOBSERVED_UNDETECTED>
":UUT:\BUFF_COUNTER_REG[9]\:Q"    0    SEU    278ns    1us    <ON_TIME,DANGEROUS_DETECTED:785100ps>
":UUT:\BUFF_COUNTER_REG[9]\:Q_OUT"    0    SEU    198ns    1us    <ON_TIME,DANGEROUS_DETECTED:785100ps>
":UUT:\BUFF_COUNTER_REG[9]\:INIT_BIN"    0    SEU    134ns    1us    <ON_TIME,UNOBSERVED_UNDETECTED>
":UUT:\BUFF_COUNTER_REG[9]\:CLR"    0    SEU    302ns    1us    <ON_TIME,DANGEROUS_DETECTED:302100ps>
":UUT:\BUFF_COUNTER_REG[9]\:IS_CLR_INVERTED_BIN"    0    SEU    188ns    1us    <ON_TIME,UNOBSERVED_UNDETECTED>
":UUT:\BUFF_COUNTER_REG[9]\:C"    0    SEU    123ns    1us    <ON_TIME,DANGEROUS_DETECTED:123100ps>
":UUT:\BUFF_COUNTER_REG[9]\:IS_C_INVERTED_BIN"    0    SEU    331ns    1us    <ON_TIME,UNOBSERVED_UNDETECTED>
":UUT:\BUFF_COUNTER_REG[9]\:CE"    0    SEU    157ns    1us    <ON_TIME,UNOBSERVED_UNDETECTED>
":UUT:\BUFF_COUNTER_REG[9]\:D"    0    SEU    168ns    1us    <ON_TIME,UNOBSERVED_UNDETECTED>
":UUT:\BUFF_COUNTER_REG[9]\:IS_D_INVERTED_BIN"    0    SEU    437ns    1us    <ON_TIME,UNOBSERVED_UNDETECTED>
":UUT:\BUFF_REG[0][5]_I_1\:I5"    0    SEU    331ns    1us    <ON_TIME,UNOBSERVED_UNDETECTED>
":UUT:\BUFF_REG[0][5]_I_1\:I4"    0    SEU    212ns    1us    <ON_TIME,UNOBSERVED_UNDETECTED>
":UUT:\BUFF_REG[0][5]_I_1\:I3"    0    SEU    148ns    1us    <ON_TIME,DANGEROUS_DETECTED:785100ps>
":UUT:\BUFF_REG[0][5]_I_1\:I2"    0    SEU    353ns    1us    <ON_TIME,DANGEROUS_DETECTED:785100ps>
":UUT:\BUFF_REG[0][5]_I_1\:I1"    0    SEU    112ns    1us    <ON_TIME,DANGEROUS_DETECTED:785100ps>
":UUT:\BUFF_REG[0][5]_I_1\:I0"    0    SEU    411ns    1us    <ON_TIME,UNOBSERVED_UNDETECTED>
":UUT:\BUFF_REG[0][5]_I_1\:O"    0    SEU    257ns    1us    <ON_TIME,UNOBSERVED_UNDETECTED>
":UUT:\BUFF_REG[0][5]_I_1\:LUT_P:I_REG"    0    SEU    206ns    1us    <ON_TIME,UNOBSERVED_UNDETECTED>
":UUT:\BUFF_REG[1][5]_I_1\:I5"    0    SEU    323ns    1us    <ON_TIME,UNOBSERVED_UNDETECTED>
":UUT:\BUFF_REG[1][5]_I_1\:I4"    0    SEU    209ns    1us    <ON_TIME,DANGEROUS_DETECTED:785100ps>
":UUT:\BUFF_REG[1][5]_I_1\:I3"    0    SEU    447ns    1us    <ON_TIME,DANGEROUS_DETECTED:785100ps>
":UUT:\BUFF_REG[1][5]_I_1\:I2"    0    SEU    287ns    1us    <ON_TIME,UNOBSERVED_UNDETECTED>
":UUT:\BUFF_REG[1][5]_I_1\:I1"    0    SEU    284ns    1us    <ON_TIME,UNOBSERVED_UNDETECTED>
":UUT:\BUFF_REG[1][5]_I_1\:I0"    0    SEU    125ns    1us    <ON_TIME,UNOBSERVED_UNDETECTED>
":UUT:\BUFF_REG[1][5]_I_1\:O"    0    SEU    226ns    1us    <ON_TIME,UNOBSERVED_UNDETECTED>
":UUT:\BUFF_REG[1][5]_I_1\:LUT_P:I_REG"    0    SEU    138ns    1us    <ON_TIME,UNOBSERVED_UNDETECTED>
":UUT:\BUFF_REG[2][5]_I_1\:I5"    0    SEU    281ns    1us    <ON_TIME,UNOBSERVED_UNDETECTED>
":UUT:\BUFF_REG[2][5]_I_1\:I4"    0    SEU    152ns    1us    <ON_TIME,UNOBSERVED_UNDETECTED>
":UUT:\BUFF_REG[2][5]_I_1\:I3"    0    SEU    339ns    1us    <ON_TIME,DANGEROUS_DETECTED:785100ps>
":UUT:\BUFF_REG[2][5]_I_1\:I2"    0    SEU    172ns    1us    <ON_TIME,DANGEROUS_DETECTED:785100ps>
":UUT:\BUFF_REG[2][5]_I_1\:I1"    0    SEU    59ns    1us    <ON_TIME,UNOBSERVED_UNDETECTED>
":UUT:\BUFF_REG[2][5]_I_1\:I0"    0    SEU    286ns    1us    <ON_TIME,UNOBSERVED_UNDETECTED>
":UUT:\BUFF_REG[2][5]_I_1\:O"    0    SEU    385ns    1us    <ON_TIME,UNOBSERVED_UNDETECTED>
":UUT:\BUFF_REG[2][5]_I_1\:LUT_P:I_REG"    0    SEU    212ns    1us    <ON_TIME,UNOBSERVED_UNDETECTED>
":UUT:\BUFF_REG[2][5]_I_10\:I5"    0    SEU    86ns    1us    <ON_TIME,DANGEROUS_DETECTED:785100ps>
":UUT:\BUFF_REG[2][5]_I_10\:I4"    0    SEU    365ns    1us    <ON_TIME,DANGEROUS_DETECTED:785100ps>
":UUT:\BUFF_REG[2][5]_I_10\:I3"    0    SEU    449ns    1us    <ON_TIME,DANGEROUS_DETECTED:785100ps>
":UUT:\BUFF_REG[2][5]_I_10\:I2"    0    SEU    338ns    1us    <ON_TIME,DANGEROUS_DETECTED:785100ps>
":UUT:\BUFF_REG[2][5]_I_10\:I1"    0    SEU    63ns    1us    <ON_TIME,DANGEROUS_DETECTED:785100ps>
":UUT:\BUFF_REG[2][5]_I_10\:I0"    0    SEU    381ns    1us    <ON_TIME,DANGEROUS_DETECTED:785100ps>
":UUT:\BUFF_REG[2][5]_I_10\:O"    0    SEU    124ns    1us    <ON_TIME,UNOBSERVED_UNDETECTED>
":UUT:\BUFF_REG[2][5]_I_10\:LUT_P:I_REG"    0    SEU    213ns    1us    <ON_TIME,UNOBSERVED_UNDETECTED>
":UUT:\BUFF_REG[2][5]_I_2\:I5"    0    SEU    306ns    1us    <ON_TIME,UNOBSERVED_UNDETECTED>
":UUT:\BUFF_REG[2][5]_I_2\:I4"    0    SEU    295ns    1us    <ON_TIME,UNOBSERVED_UNDETECTED>
":UUT:\BUFF_REG[2][5]_I_2\:I3"    0    SEU    250ns    1us    <ON_TIME,UNOBSERVED_UNDETECTED>
":UUT:\BUFF_REG[2][5]_I_2\:I2"    0    SEU    407ns    1us    <ON_TIME,UNOBSERVED_UNDETECTED>
":UUT:\BUFF_REG[2][5]_I_2\:I1"    0    SEU    75ns    1us    <ON_TIME,UNOBSERVED_UNDETECTED>
":UUT:\BUFF_REG[2][5]_I_2\:I0"    0    SEU    146ns    1us    <ON_TIME,UNOBSERVED_UNDETECTED>
":UUT:\BUFF_REG[2][5]_I_2\:O"    0    SEU    341ns    1us    <ON_TIME,UNOBSERVED_UNDETECTED>
":UUT:\BUFF_REG[2][5]_I_2\:LUT_P:I_REG"    0    SEU    258ns    1us    <ON_TIME,UNOBSERVED_UNDETECTED>
":UUT:\BUFF_REG[2][5]_I_3\:I3"    0    SEU    337ns    1us    <ON_TIME,DANGEROUS_DETECTED:785100ps>
":UUT:\BUFF_REG[2][5]_I_3\:I2"    0    SEU    237ns    1us    <ON_TIME,DANGEROUS_DETECTED:785100ps>
":UUT:\BUFF_REG[2][5]_I_3\:I1"    0    SEU    64ns    1us    <ON_TIME,DANGEROUS_DETECTED:785100ps>
":UUT:\BUFF_REG[2][5]_I_3\:I0"    0    SEU    324ns    1us    <ON_TIME,DANGEROUS_DETECTED:785100ps>
":UUT:\BUFF_REG[2][5]_I_3\:O"    0    SEU    220ns    1us    <ON_TIME,UNOBSERVED_UNDETECTED>
":UUT:\BUFF_REG[2][5]_I_3\:LUT_P:I_REG"    0    SEU    235ns    1us    <ON_TIME,UNOBSERVED_UNDETECTED>
":UUT:\BUFF_REG[2][5]_I_4\:I1"    0    SEU    378ns    1us    <ON_TIME,DANGEROUS_DETECTED:785100ps>
":UUT:\BUFF_REG[2][5]_I_4\:I0"    0    SEU    230ns    1us    <ON_TIME,DANGEROUS_DETECTED:785100ps>
":UUT:\BUFF_REG[2][5]_I_4\:O"    0    SEU    138ns    1us    <ON_TIME,UNOBSERVED_UNDETECTED>
":UUT:\BUFF_REG[2][5]_I_4\:FUNCTIONALBEHAVIOR:ADDRESS"    0    SEU    356ns    1us    <ON_TIME,UNOBSERVED_UNDETECTED>
":UUT:\BUFF_REG[2][5]_I_4\:FUNCTIONALBEHAVIOR:ADDRESS_INT"    0    SEU    147ns    1us    <ON_TIME,UNOBSERVED_UNDETECTED>
":UUT:\BUFF_REG[2][5]_I_4\:FUNCTIONALBEHAVIOR:INIT_REG"    0    SEU    433ns    1us    <ON_TIME,UNOBSERVED_UNDETECTED>
":UUT:\BUFF_REG[2][5]_I_5\:I3"    0    SEU    71ns    1us    <ON_TIME,UNOBSERVED_UNDETECTED>
":UUT:\BUFF_REG[2][5]_I_5\:I2"    0    SEU    313ns    1us    <ON_TIME,DANGEROUS_DETECTED:315100ps>
":UUT:\BUFF_REG[2][5]_I_5\:I1"    0    SEU    227ns    1us    <ON_TIME,DANGEROUS_DETECTED:235100ps>
":UUT:\BUFF_REG[2][5]_I_5\:I0"    0    SEU    253ns    1us    <ON_TIME,DANGEROUS_DETECTED:255100ps>
":UUT:\BUFF_REG[2][5]_I_5\:O"    0    SEU    122ns    1us    <ON_TIME,UNOBSERVED_UNDETECTED>
":UUT:\BUFF_REG[2][5]_I_5\:LUT_P:I_REG"    0    SEU    105ns    1us    <ON_TIME,UNOBSERVED_UNDETECTED>
":UUT:\BUFF_REG[2][5]_I_6\:I3"    0    SEU    145ns    1us    <ON_TIME,DANGEROUS_DETECTED:785100ps>
":UUT:\BUFF_REG[2][5]_I_6\:I2"    0    SEU    388ns    1us    <ON_TIME,DANGEROUS_DETECTED:785100ps>
":UUT:\BUFF_REG[2][5]_I_6\:I1"    0    SEU    343ns    1us    <ON_TIME,DANGEROUS_DETECTED:785100ps>
":UUT:\BUFF_REG[2][5]_I_6\:I0"    0    SEU    226ns    1us    <ON_TIME,DANGEROUS_DETECTED:785100ps>
":UUT:\BUFF_REG[2][5]_I_6\:O"    0    SEU    252ns    1us    <ON_TIME,UNOBSERVED_UNDETECTED>
":UUT:\BUFF_REG[2][5]_I_6\:LUT_P:I_REG"    0    SEU    167ns    1us    <ON_TIME,UNOBSERVED_UNDETECTED>
":UUT:\BUFF_REG[2][5]_I_7\:I1"    0    SEU    158ns    1us    <ON_TIME,DANGEROUS_DETECTED:785100ps>
":UUT:\BUFF_REG[2][5]_I_7\:I0"    0    SEU    306ns    1us    <ON_TIME,UNOBSERVED_UNDETECTED>
":UUT:\BUFF_REG[2][5]_I_7\:O"    0    SEU    408ns    1us    <ON_TIME,UNOBSERVED_UNDETECTED>
":UUT:\BUFF_REG[2][5]_I_7\:FUNCTIONALBEHAVIOR:ADDRESS"    0    SEU    184ns    1us    <ON_TIME,UNOBSERVED_UNDETECTED>
":UUT:\BUFF_REG[2][5]_I_7\:FUNCTIONALBEHAVIOR:ADDRESS_INT"    0    SEU    96ns    1us    <ON_TIME,UNOBSERVED_UNDETECTED>
":UUT:\BUFF_REG[2][5]_I_7\:FUNCTIONALBEHAVIOR:INIT_REG"    0    SEU    95ns    1us    <ON_TIME,UNOBSERVED_UNDETECTED>
":UUT:\BUFF_REG[2][5]_I_8\:I3"    0    SEU    287ns    1us    <ON_TIME,DANGEROUS_DETECTED:785100ps>
":UUT:\BUFF_REG[2][5]_I_8\:I2"    0    SEU    421ns    1us    <ON_TIME,DANGEROUS_DETECTED:785100ps>
":UUT:\BUFF_REG[2][5]_I_8\:I1"    0    SEU    108ns    1us    <ON_TIME,DANGEROUS_DETECTED:785100ps>
":UUT:\BUFF_REG[2][5]_I_8\:I0"    0    SEU    260ns    1us    <ON_TIME,DANGEROUS_DETECTED:785100ps>
":UUT:\BUFF_REG[2][5]_I_8\:O"    0    SEU    252ns    1us    <ON_TIME,UNOBSERVED_UNDETECTED>
":UUT:\BUFF_REG[2][5]_I_8\:LUT_P:I_REG"    0    SEU    432ns    1us    <ON_TIME,UNOBSERVED_UNDETECTED>
":UUT:\BUFF_REG[2][5]_I_9\:I5"    0    SEU    411ns    1us    <ON_TIME,DANGEROUS_DETECTED:785100ps>
":UUT:\BUFF_REG[2][5]_I_9\:I4"    0    SEU    281ns    1us    <ON_TIME,DANGEROUS_DETECTED:785100ps>
":UUT:\BUFF_REG[2][5]_I_9\:I3"    0    SEU    119ns    1us    <ON_TIME,DANGEROUS_DETECTED:785100ps>
":UUT:\BUFF_REG[2][5]_I_9\:I2"    0    SEU    286ns    1us    <ON_TIME,DANGEROUS_DETECTED:785100ps>
":UUT:\BUFF_REG[2][5]_I_9\:I1"    0    SEU    322ns    1us    <ON_TIME,DANGEROUS_DETECTED:785100ps>
":UUT:\BUFF_REG[2][5]_I_9\:I0"    0    SEU    146ns    1us    <ON_TIME,DANGEROUS_DETECTED:785100ps>
":UUT:\BUFF_REG[2][5]_I_9\:O"    0    SEU    312ns    1us    <ON_TIME,UNOBSERVED_UNDETECTED>
":UUT:\BUFF_REG[2][5]_I_9\:LUT_P:I_REG"    0    SEU    401ns    1us    <ON_TIME,UNOBSERVED_UNDETECTED>
":UUT:\BUFF_REG[3][5]_I_1\:I5"    0    SEU    297ns    1us    <ON_TIME,UNOBSERVED_UNDETECTED>
":UUT:\BUFF_REG[3][5]_I_1\:I4"    0    SEU    314ns    1us    <ON_TIME,DANGEROUS_DETECTED:785100ps>
":UUT:\BUFF_REG[3][5]_I_1\:I3"    0    SEU    297ns    1us    <ON_TIME,DANGEROUS_DETECTED:785100ps>
":UUT:\BUFF_REG[3][5]_I_1\:I2"    0    SEU    70ns    1us    <ON_TIME,DANGEROUS_DETECTED:785100ps>
":UUT:\BUFF_REG[3][5]_I_1\:I1"    0    SEU    86ns    1us    <ON_TIME,UNOBSERVED_UNDETECTED>
":UUT:\BUFF_REG[3][5]_I_1\:I0"    0    SEU    350ns    1us    <ON_TIME,UNOBSERVED_UNDETECTED>
":UUT:\BUFF_REG[3][5]_I_1\:O"    0    SEU    404ns    1us    <ON_TIME,UNOBSERVED_UNDETECTED>
":UUT:\BUFF_REG[3][5]_I_1\:LUT_P:I_REG"    0    SEU    355ns    1us    <ON_TIME,UNOBSERVED_UNDETECTED>
":UUT:\BUFF_REG[3][5]_I_2\:I5"    0    SEU    435ns    1us    <ON_TIME,UNOBSERVED_UNDETECTED>
":UUT:\BUFF_REG[3][5]_I_2\:I4"    0    SEU    361ns    1us    <ON_TIME,UNOBSERVED_UNDETECTED>
":UUT:\BUFF_REG[3][5]_I_2\:I3"    0    SEU    114ns    1us    <ON_TIME,UNOBSERVED_UNDETECTED>
":UUT:\BUFF_REG[3][5]_I_2\:I2"    0    SEU    185ns    1us    <ON_TIME,DANGEROUS_DETECTED:785100ps>
":UUT:\BUFF_REG[3][5]_I_2\:I1"    0    SEU    109ns    1us    <ON_TIME,DANGEROUS_DETECTED:785100ps>
":UUT:\BUFF_REG[3][5]_I_2\:I0"    0    SEU    305ns    1us    <ON_TIME,UNOBSERVED_UNDETECTED>
":UUT:\BUFF_REG[3][5]_I_2\:O"    0    SEU    413ns    1us    <ON_TIME,UNOBSERVED_UNDETECTED>
":UUT:\BUFF_REG[3][5]_I_2\:LUT_P:I_REG"    0    SEU    328ns    1us    <ON_TIME,UNOBSERVED_UNDETECTED>
":UUT:\BUFF_REG[3][5]_I_3\:I1"    0    SEU    278ns    1us    <ON_TIME,DANGEROUS_DETECTED:785100ps>
":UUT:\BUFF_REG[3][5]_I_3\:I0"    0    SEU    184ns    1us    <ON_TIME,DANGEROUS_DETECTED:785100ps>
":UUT:\BUFF_REG[3][5]_I_3\:O"    0    SEU    176ns    1us    <ON_TIME,UNOBSERVED_UNDETECTED>
":UUT:\BUFF_REG[3][5]_I_3\:FUNCTIONALBEHAVIOR:ADDRESS"    0    SEU    347ns    1us    <ON_TIME,UNOBSERVED_UNDETECTED>
":UUT:\BUFF_REG[3][5]_I_3\:FUNCTIONALBEHAVIOR:ADDRESS_INT"    0    SEU    411ns    1us    <ON_TIME,UNOBSERVED_UNDETECTED>
":UUT:\BUFF_REG[3][5]_I_3\:FUNCTIONALBEHAVIOR:INIT_REG"    0    SEU    251ns    1us    <ON_TIME,UNOBSERVED_UNDETECTED>
":UUT:\BUFF_REG[3][5]_I_4\:I5"    0    SEU    301ns    1us    <ON_TIME,DANGEROUS_DETECTED:785100ps>
":UUT:\BUFF_REG[3][5]_I_4\:I4"    0    SEU    257ns    1us    <ON_TIME,DANGEROUS_DETECTED:785100ps>
":UUT:\BUFF_REG[3][5]_I_4\:I3"    0    SEU    367ns    1us    <ON_TIME,UNOBSERVED_UNDETECTED>
":UUT:\BUFF_REG[3][5]_I_4\:I2"    0    SEU    388ns    1us    <ON_TIME,DANGEROUS_DETECTED:785100ps>
":UUT:\BUFF_REG[3][5]_I_4\:I1"    0    SEU    448ns    1us    <ON_TIME,DANGEROUS_DETECTED:785100ps>
":UUT:\BUFF_REG[3][5]_I_4\:I0"    0    SEU    327ns    1us    <ON_TIME,UNOBSERVED_UNDETECTED>
":UUT:\BUFF_REG[3][5]_I_4\:O"    0    SEU    283ns    1us    <ON_TIME,UNOBSERVED_UNDETECTED>
":UUT:\BUFF_REG[3][5]_I_4\:LUT_P:I_REG"    0    SEU    311ns    1us    <ON_TIME,UNOBSERVED_UNDETECTED>
":UUT:\BUFF_REG[3][5]_I_5\:I5"    0    SEU    114ns    1us    <ON_TIME,UNOBSERVED_UNDETECTED>
":UUT:\BUFF_REG[3][5]_I_5\:I4"    0    SEU    408ns    1us    <ON_TIME,DANGEROUS_DETECTED:785100ps>
":UUT:\BUFF_REG[3][5]_I_5\:I3"    0    SEU    447ns    1us    <ON_TIME,DANGEROUS_DETECTED:785100ps>
":UUT:\BUFF_REG[3][5]_I_5\:I2"    0    SEU    251ns    1us    <ON_TIME,DANGEROUS_DETECTED:785100ps>
":UUT:\BUFF_REG[3][5]_I_5\:I1"    0    SEU    116ns    1us    <ON_TIME,DANGEROUS_DETECTED:785100ps>
":UUT:\BUFF_REG[3][5]_I_5\:I0"    0    SEU    358ns    1us    <ON_TIME,UNOBSERVED_UNDETECTED>
":UUT:\BUFF_REG[3][5]_I_5\:O"    0    SEU    97ns    1us    <ON_TIME,UNOBSERVED_UNDETECTED>
":UUT:\BUFF_REG[3][5]_I_5\:LUT_P:I_REG"    0    SEU    399ns    1us    <ON_TIME,UNOBSERVED_UNDETECTED>
":UUT:\BUFF_REG[3][5]_I_6\:I1"    0    SEU    425ns    1us    <ON_TIME,DANGEROUS_DETECTED:785100ps>
":UUT:\BUFF_REG[3][5]_I_6\:I0"    0    SEU    204ns    1us    <ON_TIME,DANGEROUS_DETECTED:785100ps>
":UUT:\BUFF_REG[3][5]_I_6\:O"    0    SEU    215ns    1us    <ON_TIME,UNOBSERVED_UNDETECTED>
":UUT:\BUFF_REG[3][5]_I_6\:FUNCTIONALBEHAVIOR:ADDRESS"    0    SEU    358ns    1us    <ON_TIME,UNOBSERVED_UNDETECTED>
":UUT:\BUFF_REG[3][5]_I_6\:FUNCTIONALBEHAVIOR:ADDRESS_INT"    0    SEU    164ns    1us    <ON_TIME,UNOBSERVED_UNDETECTED>
":UUT:\BUFF_REG[3][5]_I_6\:FUNCTIONALBEHAVIOR:INIT_REG"    0    SEU    121ns    1us    <ON_TIME,UNOBSERVED_UNDETECTED>
":UUT:\BUFF_REG[3][5]_I_7\:I5"    0    SEU    436ns    1us    <ON_TIME,UNOBSERVED_UNDETECTED>
":UUT:\BUFF_REG[3][5]_I_7\:I4"    0    SEU    275ns    1us    <ON_TIME,DANGEROUS_DETECTED:785100ps>
":UUT:\BUFF_REG[3][5]_I_7\:I3"    0    SEU    393ns    1us    <ON_TIME,DANGEROUS_DETECTED:785100ps>
":UUT:\BUFF_REG[3][5]_I_7\:I2"    0    SEU    174ns    1us    <ON_TIME,DANGEROUS_DETECTED:785100ps>
":UUT:\BUFF_REG[3][5]_I_7\:I1"    0    SEU    281ns    1us    <ON_TIME,DANGEROUS_DETECTED:785100ps>
":UUT:\BUFF_REG[3][5]_I_7\:I0"    0    SEU    233ns    1us    <ON_TIME,DANGEROUS_DETECTED:785100ps>
":UUT:\BUFF_REG[3][5]_I_7\:O"    0    SEU    298ns    1us    <ON_TIME,UNOBSERVED_UNDETECTED>
":UUT:\BUFF_REG[3][5]_I_7\:LUT_P:I_REG"    0    SEU    374ns    1us    <ON_TIME,UNOBSERVED_UNDETECTED>
":UUT:\BUFF_REG[3][5]_I_8\:I1"    0    SEU    236ns    1us    <ON_TIME,DANGEROUS_DETECTED:785100ps>
":UUT:\BUFF_REG[3][5]_I_8\:I0"    0    SEU    84ns    1us    <ON_TIME,DANGEROUS_DETECTED:785100ps>
":UUT:\BUFF_REG[3][5]_I_8\:O"    0    SEU    164ns    1us    <ON_TIME,UNOBSERVED_UNDETECTED>
":UUT:\BUFF_REG[3][5]_I_8\:FUNCTIONALBEHAVIOR:ADDRESS"    0    SEU    148ns    1us    <ON_TIME,UNOBSERVED_UNDETECTED>
":UUT:\BUFF_REG[3][5]_I_8\:FUNCTIONALBEHAVIOR:ADDRESS_INT"    0    SEU    265ns    1us    <ON_TIME,UNOBSERVED_UNDETECTED>
":UUT:\BUFF_REG[3][5]_I_8\:FUNCTIONALBEHAVIOR:INIT_REG"    0    SEU    322ns    1us    <ON_TIME,UNOBSERVED_UNDETECTED>
":UUT:\BUFF_REG[3][5]_I_9\:I1"    0    SEU    267ns    1us    <ON_TIME,DANGEROUS_DETECTED:785100ps>
":UUT:\BUFF_REG[3][5]_I_9\:I0"    0    SEU    157ns    1us    <ON_TIME,DANGEROUS_DETECTED:785100ps>
":UUT:\BUFF_REG[3][5]_I_9\:FUNCTIONALBEHAVIOR:ADDRESS"    0    SEU    265ns    1us    <ON_TIME,UNOBSERVED_UNDETECTED>
":UUT:\BUFF_REG[3][5]_I_9\:FUNCTIONALBEHAVIOR:ADDRESS_INT"    0    SEU    444ns    1us    <ON_TIME,UNOBSERVED_UNDETECTED>
