
*** Running vivado
    with args -log LDPC_encoder.vds -m64 -product Vivado -mode batch -messageDb vivado.pb -notrace -source LDPC_encoder.tcl


****** Vivado v2021.2 (64-bit)
  **** SW Build 3367213 on Tue Oct 19 02:47:39 MDT 2021
  **** IP Build 3369179 on Thu Oct 21 08:25:16 MDT 2021
    ** Copyright 1986-2021 Xilinx, Inc. All Rights Reserved.

source LDPC_encoder.tcl -notrace
create_project: Time (s): cpu = 00:00:05 ; elapsed = 00:00:06 . Memory (MB): peak = 3066.770 ; gain = 2.016 ; free physical = 49965 ; free virtual = 107951
Command: read_checkpoint -auto_incremental -incremental /ihp/departments/D-SYA/work/miglioranza/Encoder/Encoder.srcs/utils_1/imports/synth_3/LDPC_encoder.dcp
INFO: [Vivado 12-5825] Read reference checkpoint from /ihp/departments/D-SYA/work/miglioranza/Encoder/Encoder.srcs/utils_1/imports/synth_3/LDPC_encoder.dcp for incremental synthesis
INFO: [Vivado 12-7989] Please ensure there are no constraint changes
Command: synth_design -top LDPC_encoder -part xczu28dr-ffvg1517-2-e -flatten_hierarchy none -directive RuntimeOptimized -fsm_extraction off
Starting synth_design
Attempting to get a license for feature 'Synthesis' and/or device 'xczu28dr'
INFO: [Common 17-349] Got license for feature 'Synthesis' and/or device 'xczu28dr'
INFO: [Device 21-403] Loading part xczu28dr-ffvg1517-2-e
WARNING: [Designutils 20-4072] Reference run did not run incremental synthesis because the design is too small; reverting to default synthesis
INFO: [Designutils 20-4379] Flow is switching to default flow due to incremental criteria not met. If you would like to alter this behaviour and have the flow terminate instead, please set the following parameter config_implementation {autoIncr.Synth.RejectBehavior Terminate}
INFO: [Synth 8-7079] Multithreading enabled for synth_design using a maximum of 4 processes.
INFO: [Synth 8-7078] Launching helper process for spawning children vivado processes
INFO: [Synth 8-7075] Helper process launched with PID 1595122
---------------------------------------------------------------------------------
Starting RTL Elaboration : Time (s): cpu = 00:00:03 ; elapsed = 00:00:04 . Memory (MB): peak = 3476.262 ; gain = 229.688 ; free physical = 48646 ; free virtual = 106633
---------------------------------------------------------------------------------
INFO: [Synth 8-638] synthesizing module 'LDPC_encoder' [/ihp/departments/D-SYA/work/miglioranza/Encoder/Encoder.srcs/sources_1/new/LDPC_encoder.vhd:63]
INFO: [Synth 8-3491] module 'axis_data_fifo_0' declared at '/ihp/departments/D-SYA/work/miglioranza/Encoder/Encoder.runs/synth_3/.Xil/Vivado-1594528-uxsrv005/realtime/axis_data_fifo_0_stub.vhdl:5' bound to instance 'input_fifo_0' of component 'axis_data_fifo_0' [/ihp/departments/D-SYA/work/miglioranza/Encoder/Encoder.srcs/sources_1/new/LDPC_encoder.vhd:167]
INFO: [Synth 8-638] synthesizing module 'axis_data_fifo_0' [/ihp/departments/D-SYA/work/miglioranza/Encoder/Encoder.runs/synth_3/.Xil/Vivado-1594528-uxsrv005/realtime/axis_data_fifo_0_stub.vhdl:23]
INFO: [Synth 8-3491] module 'axis_data_fifo_0' declared at '/ihp/departments/D-SYA/work/miglioranza/Encoder/Encoder.runs/synth_3/.Xil/Vivado-1594528-uxsrv005/realtime/axis_data_fifo_0_stub.vhdl:5' bound to instance 'input_fifo_1' of component 'axis_data_fifo_0' [/ihp/departments/D-SYA/work/miglioranza/Encoder/Encoder.srcs/sources_1/new/LDPC_encoder.vhd:184]
INFO: [Synth 8-3491] module 'axis_data_fifo_0' declared at '/ihp/departments/D-SYA/work/miglioranza/Encoder/Encoder.runs/synth_3/.Xil/Vivado-1594528-uxsrv005/realtime/axis_data_fifo_0_stub.vhdl:5' bound to instance 'input_fifo_2' of component 'axis_data_fifo_0' [/ihp/departments/D-SYA/work/miglioranza/Encoder/Encoder.srcs/sources_1/new/LDPC_encoder.vhd:201]
INFO: [Synth 8-3491] module 'axis_data_fifo_0' declared at '/ihp/departments/D-SYA/work/miglioranza/Encoder/Encoder.runs/synth_3/.Xil/Vivado-1594528-uxsrv005/realtime/axis_data_fifo_0_stub.vhdl:5' bound to instance 'input_fifo_3' of component 'axis_data_fifo_0' [/ihp/departments/D-SYA/work/miglioranza/Encoder/Encoder.srcs/sources_1/new/LDPC_encoder.vhd:218]
INFO: [Synth 8-3491] module 'Cores_controller' declared at '/ihp/departments/D-SYA/work/miglioranza/Encoder/Encoder.srcs/sources_1/new/Cores_controller.vhd:34' bound to instance 'Cores_Contr' of component 'Cores_controller' [/ihp/departments/D-SYA/work/miglioranza/Encoder/Encoder.srcs/sources_1/new/LDPC_encoder.vhd:235]
INFO: [Synth 8-638] synthesizing module 'Cores_controller' [/ihp/departments/D-SYA/work/miglioranza/Encoder/Encoder.srcs/sources_1/new/Cores_controller.vhd:66]
INFO: [Synth 8-3491] module 'sd_fec_0' declared at '/ihp/departments/D-SYA/work/miglioranza/Encoder/Encoder.runs/synth_3/.Xil/Vivado-1594528-uxsrv005/realtime/sd_fec_0_stub.vhdl:5' bound to instance 'LDPC_core0' of component 'sd_fec_0' [/ihp/departments/D-SYA/work/miglioranza/Encoder/Encoder.srcs/sources_1/new/Cores_controller.vhd:168]
INFO: [Synth 8-638] synthesizing module 'sd_fec_0' [/ihp/departments/D-SYA/work/miglioranza/Encoder/Encoder.runs/synth_3/.Xil/Vivado-1594528-uxsrv005/realtime/sd_fec_0_stub.vhdl:32]
INFO: [Synth 8-3491] module 'sd_fec_0' declared at '/ihp/departments/D-SYA/work/miglioranza/Encoder/Encoder.runs/synth_3/.Xil/Vivado-1594528-uxsrv005/realtime/sd_fec_0_stub.vhdl:5' bound to instance 'LDPC_core1' of component 'sd_fec_0' [/ihp/departments/D-SYA/work/miglioranza/Encoder/Encoder.srcs/sources_1/new/Cores_controller.vhd:192]
INFO: [Synth 8-3491] module 'sd_fec_0' declared at '/ihp/departments/D-SYA/work/miglioranza/Encoder/Encoder.runs/synth_3/.Xil/Vivado-1594528-uxsrv005/realtime/sd_fec_0_stub.vhdl:5' bound to instance 'LDPC_core2' of component 'sd_fec_0' [/ihp/departments/D-SYA/work/miglioranza/Encoder/Encoder.srcs/sources_1/new/Cores_controller.vhd:216]
INFO: [Synth 8-3491] module 'sd_fec_0' declared at '/ihp/departments/D-SYA/work/miglioranza/Encoder/Encoder.runs/synth_3/.Xil/Vivado-1594528-uxsrv005/realtime/sd_fec_0_stub.vhdl:5' bound to instance 'LDPC_core3' of component 'sd_fec_0' [/ihp/departments/D-SYA/work/miglioranza/Encoder/Encoder.srcs/sources_1/new/Cores_controller.vhd:240]
WARNING: [Synth 8-614] signal 'state0' is read in the process but is not in the sensitivity list [/ihp/departments/D-SYA/work/miglioranza/Encoder/Encoder.srcs/sources_1/new/Cores_controller.vhd:873]
WARNING: [Synth 8-614] signal 'core_dout_ready' is read in the process but is not in the sensitivity list [/ihp/departments/D-SYA/work/miglioranza/Encoder/Encoder.srcs/sources_1/new/Cores_controller.vhd:873]
WARNING: [Synth 8-614] signal 'cw_counter0' is read in the process but is not in the sensitivity list [/ihp/departments/D-SYA/work/miglioranza/Encoder/Encoder.srcs/sources_1/new/Cores_controller.vhd:873]
WARNING: [Synth 8-614] signal 'state1' is read in the process but is not in the sensitivity list [/ihp/departments/D-SYA/work/miglioranza/Encoder/Encoder.srcs/sources_1/new/Cores_controller.vhd:950]
WARNING: [Synth 8-614] signal 'core_dout_ready' is read in the process but is not in the sensitivity list [/ihp/departments/D-SYA/work/miglioranza/Encoder/Encoder.srcs/sources_1/new/Cores_controller.vhd:950]
WARNING: [Synth 8-614] signal 'cw_counter1' is read in the process but is not in the sensitivity list [/ihp/departments/D-SYA/work/miglioranza/Encoder/Encoder.srcs/sources_1/new/Cores_controller.vhd:950]
WARNING: [Synth 8-614] signal 'state2' is read in the process but is not in the sensitivity list [/ihp/departments/D-SYA/work/miglioranza/Encoder/Encoder.srcs/sources_1/new/Cores_controller.vhd:1025]
WARNING: [Synth 8-614] signal 'core_dout_ready' is read in the process but is not in the sensitivity list [/ihp/departments/D-SYA/work/miglioranza/Encoder/Encoder.srcs/sources_1/new/Cores_controller.vhd:1025]
WARNING: [Synth 8-614] signal 'cw_counter2' is read in the process but is not in the sensitivity list [/ihp/departments/D-SYA/work/miglioranza/Encoder/Encoder.srcs/sources_1/new/Cores_controller.vhd:1025]
WARNING: [Synth 8-614] signal 'state3' is read in the process but is not in the sensitivity list [/ihp/departments/D-SYA/work/miglioranza/Encoder/Encoder.srcs/sources_1/new/Cores_controller.vhd:1100]
WARNING: [Synth 8-614] signal 'core_dout_ready' is read in the process but is not in the sensitivity list [/ihp/departments/D-SYA/work/miglioranza/Encoder/Encoder.srcs/sources_1/new/Cores_controller.vhd:1100]
WARNING: [Synth 8-614] signal 'cw_counter3' is read in the process but is not in the sensitivity list [/ihp/departments/D-SYA/work/miglioranza/Encoder/Encoder.srcs/sources_1/new/Cores_controller.vhd:1100]
WARNING: [Synth 8-6014] Unused sequential element pad_counter0_reg was removed.  [/ihp/departments/D-SYA/work/miglioranza/Encoder/Encoder.srcs/sources_1/new/Cores_controller.vhd:583]
WARNING: [Synth 8-6014] Unused sequential element pad_counter1_reg was removed.  [/ihp/departments/D-SYA/work/miglioranza/Encoder/Encoder.srcs/sources_1/new/Cores_controller.vhd:673]
WARNING: [Synth 8-6014] Unused sequential element pad_enable_reg was removed.  [/ihp/departments/D-SYA/work/miglioranza/Encoder/Encoder.srcs/sources_1/new/Cores_controller.vhd:674]
WARNING: [Synth 8-6014] Unused sequential element pad_counter2_reg was removed.  [/ihp/departments/D-SYA/work/miglioranza/Encoder/Encoder.srcs/sources_1/new/Cores_controller.vhd:759]
WARNING: [Synth 8-6426] Mix of Sync and Async assignments to register 'dout_ready_reg' in module 'Cores_controller' in the same process may cause logic issues. 
 Please split the sync and async parts into different processes [/ihp/departments/D-SYA/work/miglioranza/Encoder/Encoder.srcs/sources_1/new/Cores_controller.vhd:581]
WARNING: [Synth 8-6426] Mix of Sync and Async assignments to register 'dout_ready_reg' in module 'Cores_controller' in the same process may cause logic issues. 
 Please split the sync and async parts into different processes [/ihp/departments/D-SYA/work/miglioranza/Encoder/Encoder.srcs/sources_1/new/Cores_controller.vhd:672]
WARNING: [Synth 8-6426] Mix of Sync and Async assignments to register 'dout_ready_reg' in module 'Cores_controller' in the same process may cause logic issues. 
 Please split the sync and async parts into different processes [/ihp/departments/D-SYA/work/miglioranza/Encoder/Encoder.srcs/sources_1/new/Cores_controller.vhd:763]
WARNING: [Synth 8-6426] Mix of Sync and Async assignments to register 'dout_ready_reg' in module 'Cores_controller' in the same process may cause logic issues. 
 Please split the sync and async parts into different processes [/ihp/departments/D-SYA/work/miglioranza/Encoder/Encoder.srcs/sources_1/new/Cores_controller.vhd:802]
WARNING: [Synth 8-3848] Net last_frame in module/entity Cores_controller does not have driver. [/ihp/departments/D-SYA/work/miglioranza/Encoder/Encoder.srcs/sources_1/new/Cores_controller.vhd:61]
INFO: [Synth 8-256] done synthesizing module 'Cores_controller' (1#1) [/ihp/departments/D-SYA/work/miglioranza/Encoder/Encoder.srcs/sources_1/new/Cores_controller.vhd:66]
INFO: [Synth 8-3491] module 'axis_data_fifo_1' declared at '/ihp/departments/D-SYA/work/miglioranza/Encoder/Encoder.runs/synth_3/.Xil/Vivado-1594528-uxsrv005/realtime/axis_data_fifo_1_stub.vhdl:5' bound to instance 'output_fifo' of component 'axis_data_fifo_1' [/ihp/departments/D-SYA/work/miglioranza/Encoder/Encoder.srcs/sources_1/new/LDPC_encoder.vhd:259]
INFO: [Synth 8-638] synthesizing module 'axis_data_fifo_1' [/ihp/departments/D-SYA/work/miglioranza/Encoder/Encoder.runs/synth_3/.Xil/Vivado-1594528-uxsrv005/realtime/axis_data_fifo_1_stub.vhdl:21]
INFO: [Synth 8-3491] module 'axis_data_fifo_1' declared at '/ihp/departments/D-SYA/work/miglioranza/Encoder/Encoder.runs/synth_3/.Xil/Vivado-1594528-uxsrv005/realtime/axis_data_fifo_1_stub.vhdl:5' bound to instance 'output_fifo' of component 'axis_data_fifo_1' [/ihp/departments/D-SYA/work/miglioranza/Encoder/Encoder.srcs/sources_1/new/LDPC_encoder.vhd:259]
INFO: [Synth 8-3491] module 'axis_data_fifo_1' declared at '/ihp/departments/D-SYA/work/miglioranza/Encoder/Encoder.runs/synth_3/.Xil/Vivado-1594528-uxsrv005/realtime/axis_data_fifo_1_stub.vhdl:5' bound to instance 'output_fifo' of component 'axis_data_fifo_1' [/ihp/departments/D-SYA/work/miglioranza/Encoder/Encoder.srcs/sources_1/new/LDPC_encoder.vhd:259]
INFO: [Synth 8-3491] module 'axis_data_fifo_1' declared at '/ihp/departments/D-SYA/work/miglioranza/Encoder/Encoder.runs/synth_3/.Xil/Vivado-1594528-uxsrv005/realtime/axis_data_fifo_1_stub.vhdl:5' bound to instance 'output_fifo' of component 'axis_data_fifo_1' [/ihp/departments/D-SYA/work/miglioranza/Encoder/Encoder.srcs/sources_1/new/LDPC_encoder.vhd:259]
WARNING: [Synth 8-3848] Net data_out_ready in module/entity LDPC_encoder does not have driver. [/ihp/departments/D-SYA/work/miglioranza/Encoder/Encoder.srcs/sources_1/new/LDPC_encoder.vhd:54]
WARNING: [Synth 8-3848] Net data_out_last in module/entity LDPC_encoder does not have driver. [/ihp/departments/D-SYA/work/miglioranza/Encoder/Encoder.srcs/sources_1/new/LDPC_encoder.vhd:56]
WARNING: [Synth 8-3848] Net last_frame in module/entity LDPC_encoder does not have driver. [/ihp/departments/D-SYA/work/miglioranza/Encoder/Encoder.srcs/sources_1/new/LDPC_encoder.vhd:58]
INFO: [Synth 8-256] done synthesizing module 'LDPC_encoder' (2#1) [/ihp/departments/D-SYA/work/miglioranza/Encoder/Encoder.srcs/sources_1/new/LDPC_encoder.vhd:63]
WARNING: [Synth 8-7129] Port last_frame in module Cores_controller is either unconnected or has no load
WARNING: [Synth 8-7129] Port data_out_ready in module LDPC_encoder is either unconnected or has no load
WARNING: [Synth 8-7129] Port data_out_last in module LDPC_encoder is either unconnected or has no load
WARNING: [Synth 8-7129] Port last_frame in module LDPC_encoder is either unconnected or has no load
WARNING: [Synth 8-7129] Port sel_code_rate[3] in module LDPC_encoder is either unconnected or has no load
WARNING: [Synth 8-7129] Port sel_code_rate[2] in module LDPC_encoder is either unconnected or has no load
WARNING: [Synth 8-7129] Port sel_code_rate[1] in module LDPC_encoder is either unconnected or has no load
WARNING: [Synth 8-7129] Port sel_code_rate[0] in module LDPC_encoder is either unconnected or has no load
---------------------------------------------------------------------------------
Finished RTL Elaboration : Time (s): cpu = 00:00:04 ; elapsed = 00:00:05 . Memory (MB): peak = 3525.199 ; gain = 278.625 ; free physical = 47680 ; free virtual = 105668
---------------------------------------------------------------------------------
---------------------------------------------------------------------------------
Start Handling Custom Attributes
---------------------------------------------------------------------------------
---------------------------------------------------------------------------------
Finished Handling Custom Attributes : Time (s): cpu = 00:00:05 ; elapsed = 00:00:06 . Memory (MB): peak = 3543.012 ; gain = 296.438 ; free physical = 48545 ; free virtual = 106533
---------------------------------------------------------------------------------
---------------------------------------------------------------------------------
Finished RTL Optimization Phase 1 : Time (s): cpu = 00:00:05 ; elapsed = 00:00:06 . Memory (MB): peak = 3543.012 ; gain = 296.438 ; free physical = 48545 ; free virtual = 106533
---------------------------------------------------------------------------------
Netlist sorting complete. Time (s): cpu = 00:00:00.03 ; elapsed = 00:00:00.02 . Memory (MB): peak = 3543.012 ; gain = 0.000 ; free physical = 48545 ; free virtual = 106533
INFO: [Project 1-570] Preparing netlist for logic optimization

Processing XDC Constraints
Initializing timing engine
Parsing XDC File [/ihp/departments/D-SYA/work/miglioranza/Encoder/Encoder.gen/sources_1/ip/sd_fec_0/sd_fec_0/sd_fec_0_in_context.xdc] for cell 'Cores_Contr/LDPC_core0'
Finished Parsing XDC File [/ihp/departments/D-SYA/work/miglioranza/Encoder/Encoder.gen/sources_1/ip/sd_fec_0/sd_fec_0/sd_fec_0_in_context.xdc] for cell 'Cores_Contr/LDPC_core0'
Parsing XDC File [/ihp/departments/D-SYA/work/miglioranza/Encoder/Encoder.gen/sources_1/ip/sd_fec_0/sd_fec_0/sd_fec_0_in_context.xdc] for cell 'Cores_Contr/LDPC_core1'
Finished Parsing XDC File [/ihp/departments/D-SYA/work/miglioranza/Encoder/Encoder.gen/sources_1/ip/sd_fec_0/sd_fec_0/sd_fec_0_in_context.xdc] for cell 'Cores_Contr/LDPC_core1'
Parsing XDC File [/ihp/departments/D-SYA/work/miglioranza/Encoder/Encoder.gen/sources_1/ip/sd_fec_0/sd_fec_0/sd_fec_0_in_context.xdc] for cell 'Cores_Contr/LDPC_core2'
Finished Parsing XDC File [/ihp/departments/D-SYA/work/miglioranza/Encoder/Encoder.gen/sources_1/ip/sd_fec_0/sd_fec_0/sd_fec_0_in_context.xdc] for cell 'Cores_Contr/LDPC_core2'
Parsing XDC File [/ihp/departments/D-SYA/work/miglioranza/Encoder/Encoder.gen/sources_1/ip/sd_fec_0/sd_fec_0/sd_fec_0_in_context.xdc] for cell 'Cores_Contr/LDPC_core3'
Finished Parsing XDC File [/ihp/departments/D-SYA/work/miglioranza/Encoder/Encoder.gen/sources_1/ip/sd_fec_0/sd_fec_0/sd_fec_0_in_context.xdc] for cell 'Cores_Contr/LDPC_core3'
Parsing XDC File [/ihp/departments/D-SYA/work/miglioranza/Encoder/Encoder.gen/sources_1/ip/axis_data_fifo_0/axis_data_fifo_0/axis_data_fifo_0_in_context.xdc] for cell 'input_fifo_0'
Finished Parsing XDC File [/ihp/departments/D-SYA/work/miglioranza/Encoder/Encoder.gen/sources_1/ip/axis_data_fifo_0/axis_data_fifo_0/axis_data_fifo_0_in_context.xdc] for cell 'input_fifo_0'
Parsing XDC File [/ihp/departments/D-SYA/work/miglioranza/Encoder/Encoder.gen/sources_1/ip/axis_data_fifo_0/axis_data_fifo_0/axis_data_fifo_0_in_context.xdc] for cell 'input_fifo_1'
Finished Parsing XDC File [/ihp/departments/D-SYA/work/miglioranza/Encoder/Encoder.gen/sources_1/ip/axis_data_fifo_0/axis_data_fifo_0/axis_data_fifo_0_in_context.xdc] for cell 'input_fifo_1'
Parsing XDC File [/ihp/departments/D-SYA/work/miglioranza/Encoder/Encoder.gen/sources_1/ip/axis_data_fifo_0/axis_data_fifo_0/axis_data_fifo_0_in_context.xdc] for cell 'input_fifo_2'
Finished Parsing XDC File [/ihp/departments/D-SYA/work/miglioranza/Encoder/Encoder.gen/sources_1/ip/axis_data_fifo_0/axis_data_fifo_0/axis_data_fifo_0_in_context.xdc] for cell 'input_fifo_2'
Parsing XDC File [/ihp/departments/D-SYA/work/miglioranza/Encoder/Encoder.gen/sources_1/ip/axis_data_fifo_0/axis_data_fifo_0/axis_data_fifo_0_in_context.xdc] for cell 'input_fifo_3'
Finished Parsing XDC File [/ihp/departments/D-SYA/work/miglioranza/Encoder/Encoder.gen/sources_1/ip/axis_data_fifo_0/axis_data_fifo_0/axis_data_fifo_0_in_context.xdc] for cell 'input_fifo_3'
Parsing XDC File [/ihp/departments/D-SYA/work/miglioranza/Encoder/Encoder.gen/sources_1/ip/axis_data_fifo_1/axis_data_fifo_1/axis_data_fifo_1_in_context.xdc] for cell 'Output_FIFO_inst[0].output_fifo'
Finished Parsing XDC File [/ihp/departments/D-SYA/work/miglioranza/Encoder/Encoder.gen/sources_1/ip/axis_data_fifo_1/axis_data_fifo_1/axis_data_fifo_1_in_context.xdc] for cell 'Output_FIFO_inst[0].output_fifo'
Parsing XDC File [/ihp/departments/D-SYA/work/miglioranza/Encoder/Encoder.gen/sources_1/ip/axis_data_fifo_1/axis_data_fifo_1/axis_data_fifo_1_in_context.xdc] for cell 'Output_FIFO_inst[1].output_fifo'
Finished Parsing XDC File [/ihp/departments/D-SYA/work/miglioranza/Encoder/Encoder.gen/sources_1/ip/axis_data_fifo_1/axis_data_fifo_1/axis_data_fifo_1_in_context.xdc] for cell 'Output_FIFO_inst[1].output_fifo'
Parsing XDC File [/ihp/departments/D-SYA/work/miglioranza/Encoder/Encoder.gen/sources_1/ip/axis_data_fifo_1/axis_data_fifo_1/axis_data_fifo_1_in_context.xdc] for cell 'Output_FIFO_inst[2].output_fifo'
Finished Parsing XDC File [/ihp/departments/D-SYA/work/miglioranza/Encoder/Encoder.gen/sources_1/ip/axis_data_fifo_1/axis_data_fifo_1/axis_data_fifo_1_in_context.xdc] for cell 'Output_FIFO_inst[2].output_fifo'
Parsing XDC File [/ihp/departments/D-SYA/work/miglioranza/Encoder/Encoder.gen/sources_1/ip/axis_data_fifo_1/axis_data_fifo_1/axis_data_fifo_1_in_context.xdc] for cell 'Output_FIFO_inst[3].output_fifo'
Finished Parsing XDC File [/ihp/departments/D-SYA/work/miglioranza/Encoder/Encoder.gen/sources_1/ip/axis_data_fifo_1/axis_data_fifo_1/axis_data_fifo_1_in_context.xdc] for cell 'Output_FIFO_inst[3].output_fifo'
Parsing XDC File [/ihp/departments/D-SYA/work/miglioranza/Encoder/Encoder.srcs/constrs_1/new/Encoder_constraints.xdc]
create_clock: Time (s): cpu = 00:00:06 ; elapsed = 00:00:06 . Memory (MB): peak = 3740.637 ; gain = 23.812 ; free physical = 48423 ; free virtual = 106411
Finished Parsing XDC File [/ihp/departments/D-SYA/work/miglioranza/Encoder/Encoder.srcs/constrs_1/new/Encoder_constraints.xdc]
Parsing XDC File [/ihp/departments/D-SYA/work/miglioranza/Encoder/Encoder.runs/synth_3/dont_touch.xdc]
Finished Parsing XDC File [/ihp/departments/D-SYA/work/miglioranza/Encoder/Encoder.runs/synth_3/dont_touch.xdc]
Completed Processing XDC Constraints

Netlist sorting complete. Time (s): cpu = 00:00:00 ; elapsed = 00:00:00 . Memory (MB): peak = 3740.637 ; gain = 0.000 ; free physical = 48423 ; free virtual = 106411
INFO: [Project 1-111] Unisim Transformation Summary:
No Unisim elements were transformed.

Constraint Validation Runtime : Time (s): cpu = 00:00:00.04 ; elapsed = 00:00:00.02 . Memory (MB): peak = 3740.637 ; gain = 0.000 ; free physical = 48423 ; free virtual = 106411
WARNING: [Designutils 20-4072] Reference run did not run incremental synthesis because the design is too small; reverting to default synthesis
INFO: [Designutils 20-4379] Flow is switching to default flow due to incremental criteria not met. If you would like to alter this behaviour and have the flow terminate instead, please set the following parameter config_implementation {autoIncr.Synth.RejectBehavior Terminate}
---------------------------------------------------------------------------------
Finished Constraint Validation : Time (s): cpu = 00:00:16 ; elapsed = 00:00:18 . Memory (MB): peak = 3740.637 ; gain = 494.062 ; free physical = 48602 ; free virtual = 106590
---------------------------------------------------------------------------------
---------------------------------------------------------------------------------
Start Loading Part and Timing Information
---------------------------------------------------------------------------------
Loading part: xczu28dr-ffvg1517-2-e
INFO: [Synth 8-6742] Reading net delay rules and data
---------------------------------------------------------------------------------
Finished Loading Part and Timing Information : Time (s): cpu = 00:00:16 ; elapsed = 00:00:18 . Memory (MB): peak = 3740.637 ; gain = 494.062 ; free physical = 48602 ; free virtual = 106590
---------------------------------------------------------------------------------
---------------------------------------------------------------------------------
Start Applying 'set_property' XDC Constraints
---------------------------------------------------------------------------------
Applied set_property KEEP_HIERARCHY = SOFT for Cores_Contr/LDPC_core0. (constraint file  auto generated constraint).
Applied set_property KEEP_HIERARCHY = SOFT for Cores_Contr/LDPC_core1. (constraint file  auto generated constraint).
Applied set_property KEEP_HIERARCHY = SOFT for Cores_Contr/LDPC_core2. (constraint file  auto generated constraint).
Applied set_property KEEP_HIERARCHY = SOFT for Cores_Contr/LDPC_core3. (constraint file  auto generated constraint).
Applied set_property KEEP_HIERARCHY = SOFT for input_fifo_0. (constraint file  auto generated constraint).
Applied set_property KEEP_HIERARCHY = SOFT for input_fifo_1. (constraint file  auto generated constraint).
Applied set_property KEEP_HIERARCHY = SOFT for input_fifo_2. (constraint file  auto generated constraint).
Applied set_property KEEP_HIERARCHY = SOFT for input_fifo_3. (constraint file  auto generated constraint).
Applied set_property KEEP_HIERARCHY = SOFT for \Output_FIFO_inst[0].output_fifo . (constraint file  auto generated constraint).
Applied set_property KEEP_HIERARCHY = SOFT for \Output_FIFO_inst[1].output_fifo . (constraint file  auto generated constraint).
Applied set_property KEEP_HIERARCHY = SOFT for \Output_FIFO_inst[2].output_fifo . (constraint file  auto generated constraint).
Applied set_property KEEP_HIERARCHY = SOFT for \Output_FIFO_inst[3].output_fifo . (constraint file  auto generated constraint).
---------------------------------------------------------------------------------
Finished applying 'set_property' XDC Constraints : Time (s): cpu = 00:00:16 ; elapsed = 00:00:18 . Memory (MB): peak = 3740.637 ; gain = 494.062 ; free physical = 48602 ; free virtual = 106590
---------------------------------------------------------------------------------
INFO: [Synth 8-6904] The RAM "Cores_controller:/save_data0_reg" of size (depth=3 x width=32) is automatically implemented using LUTRAM. BRAM implementation would be inefficient 
INFO: [Synth 8-6904] The RAM "Cores_controller:/save_data1_reg" of size (depth=3 x width=32) is automatically implemented using LUTRAM. BRAM implementation would be inefficient 
INFO: [Synth 8-6904] The RAM "Cores_controller:/save_data3_reg" of size (depth=3 x width=32) is automatically implemented using LUTRAM. BRAM implementation would be inefficient 
---------------------------------------------------------------------------------
Finished RTL Optimization Phase 2 : Time (s): cpu = 00:00:18 ; elapsed = 00:00:21 . Memory (MB): peak = 3740.637 ; gain = 494.062 ; free physical = 48591 ; free virtual = 106580
---------------------------------------------------------------------------------
---------------------------------------------------------------------------------
Start RTL Component Statistics 
---------------------------------------------------------------------------------
Detailed RTL Component Info : 
+---Adders : 
	   2 Input   32 Bit       Adders := 10    
+---Registers : 
	               32 Bit    Registers := 7     
	                1 Bit    Registers := 12    
+---RAMs : 
	               96 Bit	(3 X 32 bit)          RAMs := 3     
+---Muxes : 
	   3 Input   32 Bit        Muxes := 9     
	   2 Input   32 Bit        Muxes := 34    
	   4 Input   32 Bit        Muxes := 8     
	   2 Input    4 Bit        Muxes := 6     
	   4 Input    4 Bit        Muxes := 4     
	   3 Input    2 Bit        Muxes := 2     
	   2 Input    2 Bit        Muxes := 2     
	   7 Input    2 Bit        Muxes := 2     
	   8 Input    2 Bit        Muxes := 2     
	   3 Input    1 Bit        Muxes := 8     
	   2 Input    1 Bit        Muxes := 21    
	   4 Input    1 Bit        Muxes := 4     
---------------------------------------------------------------------------------
Finished RTL Component Statistics 
---------------------------------------------------------------------------------
---------------------------------------------------------------------------------
Start Part Resource Summary
---------------------------------------------------------------------------------
Part Resources:
DSPs: 4272 (col length:192)
BRAMs: 2160 (col length: RAMB18 192 RAMB36 96)
---------------------------------------------------------------------------------
Finished Part Resource Summary
---------------------------------------------------------------------------------
---------------------------------------------------------------------------------
Start Cross Boundary and Area Optimization
---------------------------------------------------------------------------------
WARNING: [Synth 8-7080] Parallel synthesis criteria is not met
---------------------------------------------------------------------------------
Finished Cross Boundary and Area Optimization : Time (s): cpu = 00:00:26 ; elapsed = 00:00:30 . Memory (MB): peak = 3740.637 ; gain = 494.062 ; free physical = 48558 ; free virtual = 106554
---------------------------------------------------------------------------------
---------------------------------------------------------------------------------
Start ROM, RAM, DSP, Shift Register and Retiming Reporting
---------------------------------------------------------------------------------

Distributed RAM: Preliminary Mapping Report (see note below)
+------------+----------------+-----------+----------------------+---------------+
|Module Name | RTL Object     | Inference | Size (Depth x Width) | Primitives    | 
+------------+----------------+-----------+----------------------+---------------+
|Cores_Contr | save_data0_reg | Implied   | 4 x 32               | RAM32M16 x 3  | 
|Cores_Contr | save_data1_reg | Implied   | 4 x 32               | RAM32M16 x 3  | 
|Cores_Contr | save_data3_reg | Implied   | 4 x 32               | RAM32M16 x 3  | 
+------------+----------------+-----------+----------------------+---------------+

Note: The table above is a preliminary report that shows the Distributed RAMs at the current stage of the synthesis flow. Some Distributed RAMs may be reimplemented as non Distributed RAM primitives later in the synthesis flow. Multiple instantiated RAMs are reported only once.
---------------------------------------------------------------------------------
Finished ROM, RAM, DSP, Shift Register and Retiming Reporting
---------------------------------------------------------------------------------
---------------------------------------------------------------------------------
Start Applying XDC Timing Constraints
---------------------------------------------------------------------------------
---------------------------------------------------------------------------------
Finished Applying XDC Timing Constraints : Time (s): cpu = 00:00:34 ; elapsed = 00:00:40 . Memory (MB): peak = 3974.469 ; gain = 727.895 ; free physical = 48082 ; free virtual = 106077
---------------------------------------------------------------------------------
---------------------------------------------------------------------------------
Start ROM, RAM, DSP, Shift Register and Retiming Reporting
---------------------------------------------------------------------------------

Distributed RAM: Final Mapping Report
+------------+----------------+-----------+----------------------+---------------+
|Module Name | RTL Object     | Inference | Size (Depth x Width) | Primitives    | 
+------------+----------------+-----------+----------------------+---------------+
|Cores_Contr | save_data0_reg | Implied   | 4 x 32               | RAM32M16 x 3  | 
|Cores_Contr | save_data1_reg | Implied   | 4 x 32               | RAM32M16 x 3  | 
|Cores_Contr | save_data3_reg | Implied   | 4 x 32               | RAM32M16 x 3  | 
+------------+----------------+-----------+----------------------+---------------+

---------------------------------------------------------------------------------
Finished ROM, RAM, DSP, Shift Register and Retiming Reporting
---------------------------------------------------------------------------------
Found timing loop:
     0: Cores_Contr/i_5/i_519/O (GATE_2_2)
      [/ihp/departments/D-SYA/work/miglioranza/Encoder/Encoder.srcs/sources_1/new/Cores_controller.vhd:594]
     1: Cores_Contr/i_5/i_519/I0 (GATE_2_2)
     2: Cores_Contr/i_5/i_518/O (GATE_2_14_OR)
      [/ihp/departments/D-SYA/work/miglioranza/Encoder/Encoder.srcs/sources_1/new/Cores_controller.vhd:594]
     3: Cores_Contr/i_5/i_518/I0 (GATE_2_14_OR)
     4: Cores_Contr/i_5/i_520/O (BUF)
      [/ihp/departments/D-SYA/work/miglioranza/Encoder/Encoder.srcs/sources_1/new/Cores_controller.vhd:594]
     5: Cores_Contr/i_5/i_520/I (BUF)
     6: Cores_Contr/i_5/i_519/O (GATE_2_2)
      [/ihp/departments/D-SYA/work/miglioranza/Encoder/Encoder.srcs/sources_1/new/Cores_controller.vhd:594]
CRITICAL WARNING: [Synth 8-295] found timing loop. [/ihp/departments/D-SYA/work/miglioranza/Encoder/Encoder.srcs/sources_1/new/Cores_controller.vhd:594]
Inferred a: "set_disable_timing -from I0 -to O Cores_Contr/i_5/i_519"
Found timing loop:
     0: Cores_Contr/i_5/i_966/O (GATE_2_14_OR)
      [/ihp/departments/D-SYA/work/miglioranza/Encoder/Encoder.srcs/sources_1/new/Cores_controller.vhd:594]
     1: Cores_Contr/i_5/i_966/I0 (GATE_2_14_OR)
     2: Cores_Contr/i_5/i_965/O (GATE_2_8_AND)
      [/ihp/departments/D-SYA/work/miglioranza/Encoder/Encoder.srcs/sources_1/new/Cores_controller.vhd:594]
     3: Cores_Contr/i_5/i_965/I0 (GATE_2_8_AND)
     4: Cores_Contr/i_5/i_1711/O[0] (CARRY8)
      [/ihp/departments/D-SYA/work/miglioranza/Encoder/Encoder.srcs/sources_1/new/Cores_controller.vhd:594]
     5: Cores_Contr/i_5/i_1711/S[0] (CARRY8)
     6: Cores_Contr/i_5/i_966/O (GATE_2_14_OR)
      [/ihp/departments/D-SYA/work/miglioranza/Encoder/Encoder.srcs/sources_1/new/Cores_controller.vhd:594]
CRITICAL WARNING: [Synth 8-295] found timing loop. [/ihp/departments/D-SYA/work/miglioranza/Encoder/Encoder.srcs/sources_1/new/Cores_controller.vhd:594]
Inferred a: "set_disable_timing -from I0 -to O Cores_Contr/i_5/i_966"
Found timing loop:
     0: Cores_Contr/i_5/i_990/O (GATE_2_14_OR)
      [/ihp/departments/D-SYA/work/miglioranza/Encoder/Encoder.srcs/sources_1/new/Cores_controller.vhd:594]
     1: Cores_Contr/i_5/i_990/I0 (GATE_2_14_OR)
     2: Cores_Contr/i_5/i_989/O (GATE_2_2)
      [/ihp/departments/D-SYA/work/miglioranza/Encoder/Encoder.srcs/sources_1/new/Cores_controller.vhd:594]
     3: Cores_Contr/i_5/i_989/I0 (GATE_2_2)
     4: Cores_Contr/i_5/i_1710/O[0] (CARRY8)
      [/ihp/departments/D-SYA/work/miglioranza/Encoder/Encoder.srcs/sources_1/new/Cores_controller.vhd:594]
     5: Cores_Contr/i_5/i_1710/S[0] (CARRY8)
     6: Cores_Contr/i_5/i_990/O (GATE_2_14_OR)
      [/ihp/departments/D-SYA/work/miglioranza/Encoder/Encoder.srcs/sources_1/new/Cores_controller.vhd:594]
CRITICAL WARNING: [Synth 8-295] found timing loop. [/ihp/departments/D-SYA/work/miglioranza/Encoder/Encoder.srcs/sources_1/new/Cores_controller.vhd:594]
Inferred a: "set_disable_timing -from I0 -to O Cores_Contr/i_5/i_990"
Found timing loop:
     0: Cores_Contr/i_5/i_937/O (GATE_2_11)
      [/ihp/departments/D-SYA/work/miglioranza/Encoder/Encoder.srcs/sources_1/new/Cores_controller.vhd:594]
     1: Cores_Contr/i_5/i_937/I0 (GATE_2_11)
     2: Cores_Contr/i_5/i_523/O (GATE_2_7_NAND)
      [/ihp/departments/D-SYA/work/miglioranza/Encoder/Encoder.srcs/sources_1/new/Cores_controller.vhd:594]
     3: Cores_Contr/i_5/i_523/I0 (GATE_2_7_NAND)
     4: Cores_Contr/i_5/i_519/O (GATE_2_2)
      [/ihp/departments/D-SYA/work/miglioranza/Encoder/Encoder.srcs/sources_1/new/Cores_controller.vhd:594]
     5: Cores_Contr/i_5/i_519/I1 (GATE_2_2)
     6: Cores_Contr/i_5/i_516/O (GATE_2_11)
      [/ihp/departments/D-SYA/work/miglioranza/Encoder/Encoder.srcs/sources_1/new/Cores_controller.vhd:594]
     7: Cores_Contr/i_5/i_516/I0 (GATE_2_11)
     8: Cores_Contr/i_5/i_580/O (BUF)
      [/ihp/departments/D-SYA/work/miglioranza/Encoder/Encoder.srcs/sources_1/new/Cores_controller.vhd:594]
     9: Cores_Contr/i_5/i_580/I (BUF)
    10: Cores_Contr/i_5/i_579/O (GATE_2_14_OR)
      [/ihp/departments/D-SYA/work/miglioranza/Encoder/Encoder.srcs/sources_1/new/Cores_controller.vhd:594]
    11: Cores_Contr/i_5/i_579/I0 (GATE_2_14_OR)
    12: Cores_Contr/i_5/i_544/O (GATE_2_2)
      [/ihp/departments/D-SYA/work/miglioranza/Encoder/Encoder.srcs/sources_1/new/Cores_controller.vhd:594]
    13: Cores_Contr/i_5/i_544/I0 (GATE_2_2)
    14: Cores_Contr/i_5/i_578/O (GATE_2_2)
      [/ihp/departments/D-SYA/work/miglioranza/Encoder/Encoder.srcs/sources_1/new/Cores_controller.vhd:594]
    15: Cores_Contr/i_5/i_578/I0 (GATE_2_2)
    16: Cores_Contr/i_5/i_577/O (GATE_2_14_OR)
      [/ihp/departments/D-SYA/work/miglioranza/Encoder/Encoder.srcs/sources_1/new/Cores_controller.vhd:594]
    17: Cores_Contr/i_5/i_577/I0 (GATE_2_14_OR)
    18: Cores_Contr/i_5/i_576/O (GATE_2_14_OR)
      [/ihp/departments/D-SYA/work/miglioranza/Encoder/Encoder.srcs/sources_1/new/Cores_controller.vhd:594]
    19: Cores_Contr/i_5/i_576/I0 (GATE_2_14_OR)
    20: Cores_Contr/i_5/i_575/O (GATE_2_14_OR)
      [/ihp/departments/D-SYA/work/miglioranza/Encoder/Encoder.srcs/sources_1/new/Cores_controller.vhd:594]
    21: Cores_Contr/i_5/i_575/I0 (GATE_2_14_OR)
    22: Cores_Contr/i_5/i_574/O (GATE_2_14_OR)
      [/ihp/departments/D-SYA/work/miglioranza/Encoder/Encoder.srcs/sources_1/new/Cores_controller.vhd:594]
    23: Cores_Contr/i_5/i_574/I0 (GATE_2_14_OR)
    24: Cores_Contr/i_5/i_573/O (GATE_2_14_OR)
      [/ihp/departments/D-SYA/work/miglioranza/Encoder/Encoder.srcs/sources_1/new/Cores_controller.vhd:594]
    25: Cores_Contr/i_5/i_573/I0 (GATE_2_14_OR)
    26: Cores_Contr/i_5/i_1711/O[3] (CARRY8)
      [/ihp/departments/D-SYA/work/miglioranza/Encoder/Encoder.srcs/sources_1/new/Cores_controller.vhd:594]
    27: Cores_Contr/i_5/i_1711/S[0] (CARRY8)
    28: Cores_Contr/i_5/i_966/O (GATE_2_14_OR)
      [/ihp/departments/D-SYA/work/miglioranza/Encoder/Encoder.srcs/sources_1/new/Cores_controller.vhd:594]
    29: Cores_Contr/i_5/i_966/O (GATE_2_14_OR)
CRITICAL WARNING: [Synth 8-295] found timing loop. [/ihp/departments/D-SYA/work/miglioranza/Encoder/Encoder.srcs/sources_1/new/Cores_controller.vhd:594]
Inferred a: "set_disable_timing -from I0 -to O Cores_Contr/i_5/i_937"
Found timing loop:
     0: Cores_Contr/i_5/i_1014/O (GATE_2_14_OR)
      [/ihp/departments/D-SYA/work/miglioranza/Encoder/Encoder.srcs/sources_1/new/Cores_controller.vhd:594]
     1: Cores_Contr/i_5/i_1014/I1 (GATE_2_14_OR)
     2: Cores_Contr/i_5/i_1012/O (GATE_2_2)
      [/ihp/departments/D-SYA/work/miglioranza/Encoder/Encoder.srcs/sources_1/new/Cores_controller.vhd:594]
     3: Cores_Contr/i_5/i_1012/I0 (GATE_2_2)
     4: Cores_Contr/i_5/i_1709/O[0] (CARRY8)
      [/ihp/departments/D-SYA/work/miglioranza/Encoder/Encoder.srcs/sources_1/new/Cores_controller.vhd:594]
     5: Cores_Contr/i_5/i_1709/S[0] (CARRY8)
     6: Cores_Contr/i_5/i_1014/O (GATE_2_14_OR)
      [/ihp/departments/D-SYA/work/miglioranza/Encoder/Encoder.srcs/sources_1/new/Cores_controller.vhd:594]
CRITICAL WARNING: [Synth 8-295] found timing loop. [/ihp/departments/D-SYA/work/miglioranza/Encoder/Encoder.srcs/sources_1/new/Cores_controller.vhd:594]
Inferred a: "set_disable_timing -from I1 -to O Cores_Contr/i_5/i_1014"
Found timing loop:
     0: Cores_Contr/i_5/i_544/O (GATE_2_2)
      [/ihp/departments/D-SYA/work/miglioranza/Encoder/Encoder.srcs/sources_1/new/Cores_controller.vhd:594]
     1: Cores_Contr/i_5/i_544/I0 (GATE_2_2)
     2: Cores_Contr/i_5/i_578/O (GATE_2_2)
      [/ihp/departments/D-SYA/work/miglioranza/Encoder/Encoder.srcs/sources_1/new/Cores_controller.vhd:594]
     3: Cores_Contr/i_5/i_578/I0 (GATE_2_2)
     4: Cores_Contr/i_5/i_577/O (GATE_2_14_OR)
      [/ihp/departments/D-SYA/work/miglioranza/Encoder/Encoder.srcs/sources_1/new/Cores_controller.vhd:594]
     5: Cores_Contr/i_5/i_577/I0 (GATE_2_14_OR)
     6: Cores_Contr/i_5/i_576/O (GATE_2_14_OR)
      [/ihp/departments/D-SYA/work/miglioranza/Encoder/Encoder.srcs/sources_1/new/Cores_controller.vhd:594]
     7: Cores_Contr/i_5/i_576/I0 (GATE_2_14_OR)
     8: Cores_Contr/i_5/i_575/O (GATE_2_14_OR)
      [/ihp/departments/D-SYA/work/miglioranza/Encoder/Encoder.srcs/sources_1/new/Cores_controller.vhd:594]
     9: Cores_Contr/i_5/i_575/I0 (GATE_2_14_OR)
    10: Cores_Contr/i_5/i_574/O (GATE_2_14_OR)
      [/ihp/departments/D-SYA/work/miglioranza/Encoder/Encoder.srcs/sources_1/new/Cores_controller.vhd:594]
    11: Cores_Contr/i_5/i_574/I0 (GATE_2_14_OR)
    12: Cores_Contr/i_5/i_573/O (GATE_2_14_OR)
      [/ihp/departments/D-SYA/work/miglioranza/Encoder/Encoder.srcs/sources_1/new/Cores_controller.vhd:594]
    13: Cores_Contr/i_5/i_573/I0 (GATE_2_14_OR)
    14: Cores_Contr/i_5/i_1711/O[3] (CARRY8)
      [/ihp/departments/D-SYA/work/miglioranza/Encoder/Encoder.srcs/sources_1/new/Cores_controller.vhd:594]
    15: Cores_Contr/i_5/i_1711/S[0] (CARRY8)
    16: Cores_Contr/i_5/i_966/O (GATE_2_14_OR)
      [/ihp/departments/D-SYA/work/miglioranza/Encoder/Encoder.srcs/sources_1/new/Cores_controller.vhd:594]
    17: Cores_Contr/i_5/i_966/O (GATE_2_14_OR)
CRITICAL WARNING: [Synth 8-295] found timing loop. [/ihp/departments/D-SYA/work/miglioranza/Encoder/Encoder.srcs/sources_1/new/Cores_controller.vhd:594]
Inferred a: "set_disable_timing -from I0 -to O Cores_Contr/i_5/i_544"
Found timing loop:
     0: Cores_Contr/i_5/i_577/O (GATE_2_14_OR)
      [/ihp/departments/D-SYA/work/miglioranza/Encoder/Encoder.srcs/sources_1/new/Cores_controller.vhd:594]
     1: Cores_Contr/i_5/i_577/I0 (GATE_2_14_OR)
     2: Cores_Contr/i_5/i_576/O (GATE_2_14_OR)
      [/ihp/departments/D-SYA/work/miglioranza/Encoder/Encoder.srcs/sources_1/new/Cores_controller.vhd:594]
     3: Cores_Contr/i_5/i_576/I0 (GATE_2_14_OR)
     4: Cores_Contr/i_5/i_575/O (GATE_2_14_OR)
      [/ihp/departments/D-SYA/work/miglioranza/Encoder/Encoder.srcs/sources_1/new/Cores_controller.vhd:594]
     5: Cores_Contr/i_5/i_575/I0 (GATE_2_14_OR)
     6: Cores_Contr/i_5/i_574/O (GATE_2_14_OR)
      [/ihp/departments/D-SYA/work/miglioranza/Encoder/Encoder.srcs/sources_1/new/Cores_controller.vhd:594]
     7: Cores_Contr/i_5/i_574/I0 (GATE_2_14_OR)
     8: Cores_Contr/i_5/i_573/O (GATE_2_14_OR)
      [/ihp/departments/D-SYA/work/miglioranza/Encoder/Encoder.srcs/sources_1/new/Cores_controller.vhd:594]
     9: Cores_Contr/i_5/i_573/I0 (GATE_2_14_OR)
    10: Cores_Contr/i_5/i_1711/O[3] (CARRY8)
      [/ihp/departments/D-SYA/work/miglioranza/Encoder/Encoder.srcs/sources_1/new/Cores_controller.vhd:594]
    11: Cores_Contr/i_5/i_1711/S[0] (CARRY8)
    12: Cores_Contr/i_5/i_966/O (GATE_2_14_OR)
      [/ihp/departments/D-SYA/work/miglioranza/Encoder/Encoder.srcs/sources_1/new/Cores_controller.vhd:594]
    13: Cores_Contr/i_5/i_966/O (GATE_2_14_OR)
CRITICAL WARNING: [Synth 8-295] found timing loop. [/ihp/departments/D-SYA/work/miglioranza/Encoder/Encoder.srcs/sources_1/new/Cores_controller.vhd:594]
Inferred a: "set_disable_timing -from I0 -to O Cores_Contr/i_5/i_577"
Found timing loop:
     0: Cores_Contr/i_5/i_942/O (BUF)
      [/ihp/departments/D-SYA/work/miglioranza/Encoder/Encoder.srcs/sources_1/new/Cores_controller.vhd:594]
     1: Cores_Contr/i_5/i_942/I (BUF)
     2: Cores_Contr/i_5/i_941/O (GATE_2_2)
      [/ihp/departments/D-SYA/work/miglioranza/Encoder/Encoder.srcs/sources_1/new/Cores_controller.vhd:594]
     3: Cores_Contr/i_5/i_941/I0 (GATE_2_2)
     4: Cores_Contr/i_5/i_940/O (GATE_2_11)
      [/ihp/departments/D-SYA/work/miglioranza/Encoder/Encoder.srcs/sources_1/new/Cores_controller.vhd:594]
     5: Cores_Contr/i_5/i_940/I1 (GATE_2_11)
     6: Cores_Contr/i_5/i_1708/O[0] (CARRY8)
      [/ihp/departments/D-SYA/work/miglioranza/Encoder/Encoder.srcs/sources_1/new/Cores_controller.vhd:594]
     7: Cores_Contr/i_5/i_1708/S[0] (CARRY8)
     8: Cores_Contr/i_5/i_942/O (BUF)
      [/ihp/departments/D-SYA/work/miglioranza/Encoder/Encoder.srcs/sources_1/new/Cores_controller.vhd:594]
CRITICAL WARNING: [Synth 8-295] found timing loop. [/ihp/departments/D-SYA/work/miglioranza/Encoder/Encoder.srcs/sources_1/new/Cores_controller.vhd:594]
Inferred a: "set_disable_timing -from I -to O Cores_Contr/i_5/i_942"
Found timing loop:
     0: Cores_Contr/i_5/i_937/O (GATE_2_11)
      [/ihp/departments/D-SYA/work/miglioranza/Encoder/Encoder.srcs/sources_1/new/Cores_controller.vhd:594]
     1: Cores_Contr/i_5/i_937/O (GATE_2_11)
CRITICAL WARNING: [Synth 8-295] found timing loop. [/ihp/departments/D-SYA/work/miglioranza/Encoder/Encoder.srcs/sources_1/new/Cores_controller.vhd:594]
Found timing loop:
     0: Cores_Contr/i_5/i_937/O (GATE_2_11)
      [/ihp/departments/D-SYA/work/miglioranza/Encoder/Encoder.srcs/sources_1/new/Cores_controller.vhd:594]
     1: Cores_Contr/i_5/i_937/O (GATE_2_11)
CRITICAL WARNING: [Synth 8-295] found timing loop. [/ihp/departments/D-SYA/work/miglioranza/Encoder/Encoder.srcs/sources_1/new/Cores_controller.vhd:594]
Found timing loop:
     0: Cores_Contr/i_5/i_1035/O (GATE_2_14_OR)
      [/ihp/departments/D-SYA/work/miglioranza/Encoder/Encoder.srcs/sources_1/new/Cores_controller.vhd:594]
     1: Cores_Contr/i_5/i_1035/I1 (GATE_2_14_OR)
     2: Cores_Contr/i_5/i_1033/O (GATE_2_2)
      [/ihp/departments/D-SYA/work/miglioranza/Encoder/Encoder.srcs/sources_1/new/Cores_controller.vhd:594]
     3: Cores_Contr/i_5/i_1033/I0 (GATE_2_2)
     4: Cores_Contr/i_5/i_1708/O[1] (CARRY8)
      [/ihp/departments/D-SYA/work/miglioranza/Encoder/Encoder.srcs/sources_1/new/Cores_controller.vhd:594]
     5: Cores_Contr/i_5/i_1708/S[1] (CARRY8)
     6: Cores_Contr/i_5/i_1035/O (GATE_2_14_OR)
      [/ihp/departments/D-SYA/work/miglioranza/Encoder/Encoder.srcs/sources_1/new/Cores_controller.vhd:594]
CRITICAL WARNING: [Synth 8-295] found timing loop. [/ihp/departments/D-SYA/work/miglioranza/Encoder/Encoder.srcs/sources_1/new/Cores_controller.vhd:594]
Inferred a: "set_disable_timing -from I1 -to O Cores_Contr/i_5/i_1035"
Found timing loop:
     0: Cores_Contr/i_5/i_937/O (GATE_2_11)
      [/ihp/departments/D-SYA/work/miglioranza/Encoder/Encoder.srcs/sources_1/new/Cores_controller.vhd:594]
     1: Cores_Contr/i_5/i_937/O (GATE_2_11)
CRITICAL WARNING: [Synth 8-295] found timing loop. [/ihp/departments/D-SYA/work/miglioranza/Encoder/Encoder.srcs/sources_1/new/Cores_controller.vhd:594]
Found timing loop:
     0: Cores_Contr/i_5/i_1032/O (GATE_2_14_OR)
      [/ihp/departments/D-SYA/work/miglioranza/Encoder/Encoder.srcs/sources_1/new/Cores_controller.vhd:594]
     1: Cores_Contr/i_5/i_1032/I1 (GATE_2_14_OR)
     2: Cores_Contr/i_5/i_1030/O (GATE_2_2)
      [/ihp/departments/D-SYA/work/miglioranza/Encoder/Encoder.srcs/sources_1/new/Cores_controller.vhd:594]
     3: Cores_Contr/i_5/i_1030/I0 (GATE_2_2)
     4: Cores_Contr/i_5/i_1708/O[2] (CARRY8)
      [/ihp/departments/D-SYA/work/miglioranza/Encoder/Encoder.srcs/sources_1/new/Cores_controller.vhd:594]
     5: Cores_Contr/i_5/i_1708/S[2] (CARRY8)
     6: Cores_Contr/i_5/i_1032/O (GATE_2_14_OR)
      [/ihp/departments/D-SYA/work/miglioranza/Encoder/Encoder.srcs/sources_1/new/Cores_controller.vhd:594]
CRITICAL WARNING: [Synth 8-295] found timing loop. [/ihp/departments/D-SYA/work/miglioranza/Encoder/Encoder.srcs/sources_1/new/Cores_controller.vhd:594]
Inferred a: "set_disable_timing -from I1 -to O Cores_Contr/i_5/i_1032"
Found timing loop:
     0: Cores_Contr/i_5/i_937/O (GATE_2_11)
      [/ihp/departments/D-SYA/work/miglioranza/Encoder/Encoder.srcs/sources_1/new/Cores_controller.vhd:594]
     1: Cores_Contr/i_5/i_937/O (GATE_2_11)
CRITICAL WARNING: [Synth 8-295] found timing loop. [/ihp/departments/D-SYA/work/miglioranza/Encoder/Encoder.srcs/sources_1/new/Cores_controller.vhd:594]
Found timing loop:
     0: Cores_Contr/i_5/i_1029/O (GATE_2_14_OR)
      [/ihp/departments/D-SYA/work/miglioranza/Encoder/Encoder.srcs/sources_1/new/Cores_controller.vhd:594]
     1: Cores_Contr/i_5/i_1029/I1 (GATE_2_14_OR)
     2: Cores_Contr/i_5/i_1027/O (GATE_2_2)
      [/ihp/departments/D-SYA/work/miglioranza/Encoder/Encoder.srcs/sources_1/new/Cores_controller.vhd:594]
     3: Cores_Contr/i_5/i_1027/I0 (GATE_2_2)
     4: Cores_Contr/i_5/i_1708/O[3] (CARRY8)
      [/ihp/departments/D-SYA/work/miglioranza/Encoder/Encoder.srcs/sources_1/new/Cores_controller.vhd:594]
     5: Cores_Contr/i_5/i_1708/S[3] (CARRY8)
     6: Cores_Contr/i_5/i_1029/O (GATE_2_14_OR)
      [/ihp/departments/D-SYA/work/miglioranza/Encoder/Encoder.srcs/sources_1/new/Cores_controller.vhd:594]
CRITICAL WARNING: [Synth 8-295] found timing loop. [/ihp/departments/D-SYA/work/miglioranza/Encoder/Encoder.srcs/sources_1/new/Cores_controller.vhd:594]
Inferred a: "set_disable_timing -from I1 -to O Cores_Contr/i_5/i_1029"
Found timing loop:
     0: Cores_Contr/i_5/i_1026/O (GATE_2_14_OR)
      [/ihp/departments/D-SYA/work/miglioranza/Encoder/Encoder.srcs/sources_1/new/Cores_controller.vhd:594]
     1: Cores_Contr/i_5/i_1026/I0 (GATE_2_14_OR)
     2: Cores_Contr/i_5/i_1025/O (GATE_2_2)
      [/ihp/departments/D-SYA/work/miglioranza/Encoder/Encoder.srcs/sources_1/new/Cores_controller.vhd:594]
     3: Cores_Contr/i_5/i_1025/I0 (GATE_2_2)
     4: Cores_Contr/i_5/i_1708/O[4] (CARRY8)
      [/ihp/departments/D-SYA/work/miglioranza/Encoder/Encoder.srcs/sources_1/new/Cores_controller.vhd:594]
     5: Cores_Contr/i_5/i_1708/S[4] (CARRY8)
     6: Cores_Contr/i_5/i_1026/O (GATE_2_14_OR)
      [/ihp/departments/D-SYA/work/miglioranza/Encoder/Encoder.srcs/sources_1/new/Cores_controller.vhd:594]
CRITICAL WARNING: [Synth 8-295] found timing loop. [/ihp/departments/D-SYA/work/miglioranza/Encoder/Encoder.srcs/sources_1/new/Cores_controller.vhd:594]
Inferred a: "set_disable_timing -from I0 -to O Cores_Contr/i_5/i_1026"
Found timing loop:
     0: Cores_Contr/i_5/i_937/O (GATE_2_11)
      [/ihp/departments/D-SYA/work/miglioranza/Encoder/Encoder.srcs/sources_1/new/Cores_controller.vhd:594]
     1: Cores_Contr/i_5/i_937/O (GATE_2_11)
CRITICAL WARNING: [Synth 8-295] found timing loop. [/ihp/departments/D-SYA/work/miglioranza/Encoder/Encoder.srcs/sources_1/new/Cores_controller.vhd:594]
Found timing loop:
     0: Cores_Contr/i_5/i_937/O (GATE_2_11)
      [/ihp/departments/D-SYA/work/miglioranza/Encoder/Encoder.srcs/sources_1/new/Cores_controller.vhd:594]
     1: Cores_Contr/i_5/i_937/O (GATE_2_11)
CRITICAL WARNING: [Synth 8-295] found timing loop. [/ihp/departments/D-SYA/work/miglioranza/Encoder/Encoder.srcs/sources_1/new/Cores_controller.vhd:594]
Found timing loop:
     0: Cores_Contr/i_5/i_1023/O (GATE_2_14_OR)
      [/ihp/departments/D-SYA/work/miglioranza/Encoder/Encoder.srcs/sources_1/new/Cores_controller.vhd:594]
     1: Cores_Contr/i_5/i_1023/I1 (GATE_2_14_OR)
     2: Cores_Contr/i_5/i_1021/O (GATE_2_2)
      [/ihp/departments/D-SYA/work/miglioranza/Encoder/Encoder.srcs/sources_1/new/Cores_controller.vhd:594]
     3: Cores_Contr/i_5/i_1021/I0 (GATE_2_2)
     4: Cores_Contr/i_5/i_1708/O[5] (CARRY8)
      [/ihp/departments/D-SYA/work/miglioranza/Encoder/Encoder.srcs/sources_1/new/Cores_controller.vhd:594]
     5: Cores_Contr/i_5/i_1708/S[5] (CARRY8)
     6: Cores_Contr/i_5/i_1023/O (GATE_2_14_OR)
      [/ihp/departments/D-SYA/work/miglioranza/Encoder/Encoder.srcs/sources_1/new/Cores_controller.vhd:594]
CRITICAL WARNING: [Synth 8-295] found timing loop. [/ihp/departments/D-SYA/work/miglioranza/Encoder/Encoder.srcs/sources_1/new/Cores_controller.vhd:594]
Inferred a: "set_disable_timing -from I1 -to O Cores_Contr/i_5/i_1023"
Found timing loop:
     0: Cores_Contr/i_5/i_937/O (GATE_2_11)
      [/ihp/departments/D-SYA/work/miglioranza/Encoder/Encoder.srcs/sources_1/new/Cores_controller.vhd:594]
     1: Cores_Contr/i_5/i_937/O (GATE_2_11)
CRITICAL WARNING: [Synth 8-295] found timing loop. [/ihp/departments/D-SYA/work/miglioranza/Encoder/Encoder.srcs/sources_1/new/Cores_controller.vhd:594]
Found timing loop:
     0: Cores_Contr/i_5/i_1020/O (GATE_2_14_OR)
      [/ihp/departments/D-SYA/work/miglioranza/Encoder/Encoder.srcs/sources_1/new/Cores_controller.vhd:594]
     1: Cores_Contr/i_5/i_1020/I1 (GATE_2_14_OR)
     2: Cores_Contr/i_5/i_1018/O (GATE_2_2)
      [/ihp/departments/D-SYA/work/miglioranza/Encoder/Encoder.srcs/sources_1/new/Cores_controller.vhd:594]
     3: Cores_Contr/i_5/i_1018/I0 (GATE_2_2)
     4: Cores_Contr/i_5/i_1708/O[6] (CARRY8)
      [/ihp/departments/D-SYA/work/miglioranza/Encoder/Encoder.srcs/sources_1/new/Cores_controller.vhd:594]
     5: Cores_Contr/i_5/i_1708/S[6] (CARRY8)
     6: Cores_Contr/i_5/i_1020/O (GATE_2_14_OR)
      [/ihp/departments/D-SYA/work/miglioranza/Encoder/Encoder.srcs/sources_1/new/Cores_controller.vhd:594]
CRITICAL WARNING: [Synth 8-295] found timing loop. [/ihp/departments/D-SYA/work/miglioranza/Encoder/Encoder.srcs/sources_1/new/Cores_controller.vhd:594]
Inferred a: "set_disable_timing -from I1 -to O Cores_Contr/i_5/i_1020"
Found timing loop:
     0: Cores_Contr/i_5/i_937/O (GATE_2_11)
      [/ihp/departments/D-SYA/work/miglioranza/Encoder/Encoder.srcs/sources_1/new/Cores_controller.vhd:594]
     1: Cores_Contr/i_5/i_937/O (GATE_2_11)
CRITICAL WARNING: [Synth 8-295] found timing loop. [/ihp/departments/D-SYA/work/miglioranza/Encoder/Encoder.srcs/sources_1/new/Cores_controller.vhd:594]
Found timing loop:
     0: Cores_Contr/i_5/i_1017/O (GATE_2_14_OR)
      [/ihp/departments/D-SYA/work/miglioranza/Encoder/Encoder.srcs/sources_1/new/Cores_controller.vhd:594]
     1: Cores_Contr/i_5/i_1017/I1 (GATE_2_14_OR)
     2: Cores_Contr/i_5/i_1015/O (GATE_2_8_AND)
      [/ihp/departments/D-SYA/work/miglioranza/Encoder/Encoder.srcs/sources_1/new/Cores_controller.vhd:594]
     3: Cores_Contr/i_5/i_1015/I0 (GATE_2_8_AND)
     4: Cores_Contr/i_5/i_1708/O[7] (CARRY8)
      [/ihp/departments/D-SYA/work/miglioranza/Encoder/Encoder.srcs/sources_1/new/Cores_controller.vhd:594]
     5: Cores_Contr/i_5/i_1708/S[7] (CARRY8)
     6: Cores_Contr/i_5/i_1017/O (GATE_2_14_OR)
      [/ihp/departments/D-SYA/work/miglioranza/Encoder/Encoder.srcs/sources_1/new/Cores_controller.vhd:594]
CRITICAL WARNING: [Synth 8-295] found timing loop. [/ihp/departments/D-SYA/work/miglioranza/Encoder/Encoder.srcs/sources_1/new/Cores_controller.vhd:594]
Inferred a: "set_disable_timing -from I1 -to O Cores_Contr/i_5/i_1017"
Found timing loop:
     0: Cores_Contr/i_5/i_544/O (GATE_2_2)
      [/ihp/departments/D-SYA/work/miglioranza/Encoder/Encoder.srcs/sources_1/new/Cores_controller.vhd:594]
     1: Cores_Contr/i_5/i_544/I1 (GATE_2_2)
     2: Cores_Contr/i_5/i_519/O (GATE_2_2)
      [/ihp/departments/D-SYA/work/miglioranza/Encoder/Encoder.srcs/sources_1/new/Cores_controller.vhd:594]
     3: Cores_Contr/i_5/i_519/I1 (GATE_2_2)
     4: Cores_Contr/i_5/i_516/O (GATE_2_11)
      [/ihp/departments/D-SYA/work/miglioranza/Encoder/Encoder.srcs/sources_1/new/Cores_controller.vhd:594]
     5: Cores_Contr/i_5/i_516/I0 (GATE_2_11)
     6: Cores_Contr/i_5/i_580/O (BUF)
      [/ihp/departments/D-SYA/work/miglioranza/Encoder/Encoder.srcs/sources_1/new/Cores_controller.vhd:594]
     7: Cores_Contr/i_5/i_580/I (BUF)
     8: Cores_Contr/i_5/i_579/O (GATE_2_14_OR)
      [/ihp/departments/D-SYA/work/miglioranza/Encoder/Encoder.srcs/sources_1/new/Cores_controller.vhd:594]
     9: Cores_Contr/i_5/i_579/I0 (GATE_2_14_OR)
    10: Cores_Contr/i_5/i_544/O (GATE_2_2)
      [/ihp/departments/D-SYA/work/miglioranza/Encoder/Encoder.srcs/sources_1/new/Cores_controller.vhd:594]
CRITICAL WARNING: [Synth 8-295] found timing loop. [/ihp/departments/D-SYA/work/miglioranza/Encoder/Encoder.srcs/sources_1/new/Cores_controller.vhd:594]
Inferred a: "set_disable_timing -from I1 -to O Cores_Contr/i_5/i_544"
Found timing loop:
     0: Cores_Contr/i_5/i_1011/O (GATE_2_14_OR)
      [/ihp/departments/D-SYA/work/miglioranza/Encoder/Encoder.srcs/sources_1/new/Cores_controller.vhd:594]
     1: Cores_Contr/i_5/i_1011/I0 (GATE_2_14_OR)
     2: Cores_Contr/i_5/i_1010/O (GATE_2_2)
      [/ihp/departments/D-SYA/work/miglioranza/Encoder/Encoder.srcs/sources_1/new/Cores_controller.vhd:594]
     3: Cores_Contr/i_5/i_1010/I0 (GATE_2_2)
     4: Cores_Contr/i_5/i_1709/O[1] (CARRY8)
      [/ihp/departments/D-SYA/work/miglioranza/Encoder/Encoder.srcs/sources_1/new/Cores_controller.vhd:594]
     5: Cores_Contr/i_5/i_1709/S[1] (CARRY8)
     6: Cores_Contr/i_5/i_1011/O (GATE_2_14_OR)
      [/ihp/departments/D-SYA/work/miglioranza/Encoder/Encoder.srcs/sources_1/new/Cores_controller.vhd:594]
CRITICAL WARNING: [Synth 8-295] found timing loop. [/ihp/departments/D-SYA/work/miglioranza/Encoder/Encoder.srcs/sources_1/new/Cores_controller.vhd:594]
Inferred a: "set_disable_timing -from I0 -to O Cores_Contr/i_5/i_1011"
Found timing loop:
     0: Cores_Contr/i_5/i_937/O (GATE_2_11)
      [/ihp/departments/D-SYA/work/miglioranza/Encoder/Encoder.srcs/sources_1/new/Cores_controller.vhd:594]
     1: Cores_Contr/i_5/i_937/O (GATE_2_11)
CRITICAL WARNING: [Synth 8-295] found timing loop. [/ihp/departments/D-SYA/work/miglioranza/Encoder/Encoder.srcs/sources_1/new/Cores_controller.vhd:594]
Found timing loop:
     0: Cores_Contr/i_5/i_937/O (GATE_2_11)
      [/ihp/departments/D-SYA/work/miglioranza/Encoder/Encoder.srcs/sources_1/new/Cores_controller.vhd:594]
     1: Cores_Contr/i_5/i_937/O (GATE_2_11)
CRITICAL WARNING: [Synth 8-295] found timing loop. [/ihp/departments/D-SYA/work/miglioranza/Encoder/Encoder.srcs/sources_1/new/Cores_controller.vhd:594]
Found timing loop:
     0: Cores_Contr/i_5/i_1008/O (GATE_2_14_OR)
      [/ihp/departments/D-SYA/work/miglioranza/Encoder/Encoder.srcs/sources_1/new/Cores_controller.vhd:594]
     1: Cores_Contr/i_5/i_1008/I1 (GATE_2_14_OR)
     2: Cores_Contr/i_5/i_1006/O (GATE_2_2)
      [/ihp/departments/D-SYA/work/miglioranza/Encoder/Encoder.srcs/sources_1/new/Cores_controller.vhd:594]
     3: Cores_Contr/i_5/i_1006/I0 (GATE_2_2)
     4: Cores_Contr/i_5/i_1709/O[2] (CARRY8)
      [/ihp/departments/D-SYA/work/miglioranza/Encoder/Encoder.srcs/sources_1/new/Cores_controller.vhd:594]
     5: Cores_Contr/i_5/i_1709/S[2] (CARRY8)
     6: Cores_Contr/i_5/i_1008/O (GATE_2_14_OR)
      [/ihp/departments/D-SYA/work/miglioranza/Encoder/Encoder.srcs/sources_1/new/Cores_controller.vhd:594]
CRITICAL WARNING: [Synth 8-295] found timing loop. [/ihp/departments/D-SYA/work/miglioranza/Encoder/Encoder.srcs/sources_1/new/Cores_controller.vhd:594]
Inferred a: "set_disable_timing -from I1 -to O Cores_Contr/i_5/i_1008"
Found timing loop:
     0: Cores_Contr/i_5/i_937/O (GATE_2_11)
      [/ihp/departments/D-SYA/work/miglioranza/Encoder/Encoder.srcs/sources_1/new/Cores_controller.vhd:594]
     1: Cores_Contr/i_5/i_937/O (GATE_2_11)
CRITICAL WARNING: [Synth 8-295] found timing loop. [/ihp/departments/D-SYA/work/miglioranza/Encoder/Encoder.srcs/sources_1/new/Cores_controller.vhd:594]
Found timing loop:
     0: Cores_Contr/i_5/i_1005/O (GATE_2_14_OR)
      [/ihp/departments/D-SYA/work/miglioranza/Encoder/Encoder.srcs/sources_1/new/Cores_controller.vhd:594]
     1: Cores_Contr/i_5/i_1005/I1 (GATE_2_14_OR)
     2: Cores_Contr/i_5/i_1003/O (GATE_2_2)
      [/ihp/departments/D-SYA/work/miglioranza/Encoder/Encoder.srcs/sources_1/new/Cores_controller.vhd:594]
     3: Cores_Contr/i_5/i_1003/I0 (GATE_2_2)
     4: Cores_Contr/i_5/i_1709/O[3] (CARRY8)
      [/ihp/departments/D-SYA/work/miglioranza/Encoder/Encoder.srcs/sources_1/new/Cores_controller.vhd:594]
     5: Cores_Contr/i_5/i_1709/S[3] (CARRY8)
     6: Cores_Contr/i_5/i_1005/O (GATE_2_14_OR)
      [/ihp/departments/D-SYA/work/miglioranza/Encoder/Encoder.srcs/sources_1/new/Cores_controller.vhd:594]
CRITICAL WARNING: [Synth 8-295] found timing loop. [/ihp/departments/D-SYA/work/miglioranza/Encoder/Encoder.srcs/sources_1/new/Cores_controller.vhd:594]
Inferred a: "set_disable_timing -from I1 -to O Cores_Contr/i_5/i_1005"
Found timing loop:
     0: Cores_Contr/i_5/i_937/O (GATE_2_11)
      [/ihp/departments/D-SYA/work/miglioranza/Encoder/Encoder.srcs/sources_1/new/Cores_controller.vhd:594]
     1: Cores_Contr/i_5/i_937/O (GATE_2_11)
CRITICAL WARNING: [Synth 8-295] found timing loop. [/ihp/departments/D-SYA/work/miglioranza/Encoder/Encoder.srcs/sources_1/new/Cores_controller.vhd:594]
Found timing loop:
     0: Cores_Contr/i_5/i_1002/O (GATE_2_14_OR)
      [/ihp/departments/D-SYA/work/miglioranza/Encoder/Encoder.srcs/sources_1/new/Cores_controller.vhd:594]
     1: Cores_Contr/i_5/i_1002/I1 (GATE_2_14_OR)
     2: Cores_Contr/i_5/i_1000/O (GATE_2_2)
      [/ihp/departments/D-SYA/work/miglioranza/Encoder/Encoder.srcs/sources_1/new/Cores_controller.vhd:594]
     3: Cores_Contr/i_5/i_1000/I0 (GATE_2_2)
     4: Cores_Contr/i_5/i_1709/O[4] (CARRY8)
      [/ihp/departments/D-SYA/work/miglioranza/Encoder/Encoder.srcs/sources_1/new/Cores_controller.vhd:594]
     5: Cores_Contr/i_5/i_1709/S[4] (CARRY8)
     6: Cores_Contr/i_5/i_1002/O (GATE_2_14_OR)
      [/ihp/departments/D-SYA/work/miglioranza/Encoder/Encoder.srcs/sources_1/new/Cores_controller.vhd:594]
CRITICAL WARNING: [Synth 8-295] found timing loop. [/ihp/departments/D-SYA/work/miglioranza/Encoder/Encoder.srcs/sources_1/new/Cores_controller.vhd:594]
Inferred a: "set_disable_timing -from I1 -to O Cores_Contr/i_5/i_1002"
Found timing loop:
     0: Cores_Contr/i_5/i_999/O (GATE_2_14_OR)
      [/ihp/departments/D-SYA/work/miglioranza/Encoder/Encoder.srcs/sources_1/new/Cores_controller.vhd:594]
     1: Cores_Contr/i_5/i_999/I0 (GATE_2_14_OR)
     2: Cores_Contr/i_5/i_998/O (GATE_2_2)
      [/ihp/departments/D-SYA/work/miglioranza/Encoder/Encoder.srcs/sources_1/new/Cores_controller.vhd:594]
     3: Cores_Contr/i_5/i_998/I0 (GATE_2_2)
     4: Cores_Contr/i_5/i_1709/O[5] (CARRY8)
      [/ihp/departments/D-SYA/work/miglioranza/Encoder/Encoder.srcs/sources_1/new/Cores_controller.vhd:594]
     5: Cores_Contr/i_5/i_1709/S[5] (CARRY8)
     6: Cores_Contr/i_5/i_999/O (GATE_2_14_OR)
      [/ihp/departments/D-SYA/work/miglioranza/Encoder/Encoder.srcs/sources_1/new/Cores_controller.vhd:594]
CRITICAL WARNING: [Synth 8-295] found timing loop. [/ihp/departments/D-SYA/work/miglioranza/Encoder/Encoder.srcs/sources_1/new/Cores_controller.vhd:594]
Inferred a: "set_disable_timing -from I0 -to O Cores_Contr/i_5/i_999"
Found timing loop:
     0: Cores_Contr/i_5/i_937/O (GATE_2_11)
      [/ihp/departments/D-SYA/work/miglioranza/Encoder/Encoder.srcs/sources_1/new/Cores_controller.vhd:594]
     1: Cores_Contr/i_5/i_937/O (GATE_2_11)
CRITICAL WARNING: [Synth 8-295] found timing loop. [/ihp/departments/D-SYA/work/miglioranza/Encoder/Encoder.srcs/sources_1/new/Cores_controller.vhd:594]
Found timing loop:
     0: Cores_Contr/i_5/i_937/O (GATE_2_11)
      [/ihp/departments/D-SYA/work/miglioranza/Encoder/Encoder.srcs/sources_1/new/Cores_controller.vhd:594]
     1: Cores_Contr/i_5/i_937/O (GATE_2_11)
CRITICAL WARNING: [Synth 8-295] found timing loop. [/ihp/departments/D-SYA/work/miglioranza/Encoder/Encoder.srcs/sources_1/new/Cores_controller.vhd:594]
Found timing loop:
     0: Cores_Contr/i_5/i_996/O (GATE_2_14_OR)
      [/ihp/departments/D-SYA/work/miglioranza/Encoder/Encoder.srcs/sources_1/new/Cores_controller.vhd:594]
     1: Cores_Contr/i_5/i_996/I1 (GATE_2_14_OR)
     2: Cores_Contr/i_5/i_994/O (GATE_2_2)
      [/ihp/departments/D-SYA/work/miglioranza/Encoder/Encoder.srcs/sources_1/new/Cores_controller.vhd:594]
     3: Cores_Contr/i_5/i_994/I0 (GATE_2_2)
     4: Cores_Contr/i_5/i_1709/O[6] (CARRY8)
      [/ihp/departments/D-SYA/work/miglioranza/Encoder/Encoder.srcs/sources_1/new/Cores_controller.vhd:594]
     5: Cores_Contr/i_5/i_1709/S[6] (CARRY8)
     6: Cores_Contr/i_5/i_996/O (GATE_2_14_OR)
      [/ihp/departments/D-SYA/work/miglioranza/Encoder/Encoder.srcs/sources_1/new/Cores_controller.vhd:594]
CRITICAL WARNING: [Synth 8-295] found timing loop. [/ihp/departments/D-SYA/work/miglioranza/Encoder/Encoder.srcs/sources_1/new/Cores_controller.vhd:594]
Inferred a: "set_disable_timing -from I1 -to O Cores_Contr/i_5/i_996"
Found timing loop:
     0: Cores_Contr/i_5/i_937/O (GATE_2_11)
      [/ihp/departments/D-SYA/work/miglioranza/Encoder/Encoder.srcs/sources_1/new/Cores_controller.vhd:594]
     1: Cores_Contr/i_5/i_937/O (GATE_2_11)
CRITICAL WARNING: [Synth 8-295] found timing loop. [/ihp/departments/D-SYA/work/miglioranza/Encoder/Encoder.srcs/sources_1/new/Cores_controller.vhd:594]
Found timing loop:
     0: Cores_Contr/i_5/i_993/O (GATE_2_14_OR)
      [/ihp/departments/D-SYA/work/miglioranza/Encoder/Encoder.srcs/sources_1/new/Cores_controller.vhd:594]
     1: Cores_Contr/i_5/i_993/I1 (GATE_2_14_OR)
     2: Cores_Contr/i_5/i_991/O (GATE_2_2)
      [/ihp/departments/D-SYA/work/miglioranza/Encoder/Encoder.srcs/sources_1/new/Cores_controller.vhd:594]
     3: Cores_Contr/i_5/i_991/I0 (GATE_2_2)
     4: Cores_Contr/i_5/i_1709/O[7] (CARRY8)
      [/ihp/departments/D-SYA/work/miglioranza/Encoder/Encoder.srcs/sources_1/new/Cores_controller.vhd:594]
     5: Cores_Contr/i_5/i_1709/S[7] (CARRY8)
     6: Cores_Contr/i_5/i_993/O (GATE_2_14_OR)
      [/ihp/departments/D-SYA/work/miglioranza/Encoder/Encoder.srcs/sources_1/new/Cores_controller.vhd:594]
CRITICAL WARNING: [Synth 8-295] found timing loop. [/ihp/departments/D-SYA/work/miglioranza/Encoder/Encoder.srcs/sources_1/new/Cores_controller.vhd:594]
Inferred a: "set_disable_timing -from I1 -to O Cores_Contr/i_5/i_993"
Found timing loop:
     0: Cores_Contr/i_5/i_937/O (GATE_2_11)
      [/ihp/departments/D-SYA/work/miglioranza/Encoder/Encoder.srcs/sources_1/new/Cores_controller.vhd:594]
     1: Cores_Contr/i_5/i_937/O (GATE_2_11)
CRITICAL WARNING: [Synth 8-295] found timing loop. [/ihp/departments/D-SYA/work/miglioranza/Encoder/Encoder.srcs/sources_1/new/Cores_controller.vhd:594]
Found timing loop:
     0: Cores_Contr/i_5/i_937/O (GATE_2_11)
      [/ihp/departments/D-SYA/work/miglioranza/Encoder/Encoder.srcs/sources_1/new/Cores_controller.vhd:594]
     1: Cores_Contr/i_5/i_937/O (GATE_2_11)
CRITICAL WARNING: [Synth 8-295] found timing loop. [/ihp/departments/D-SYA/work/miglioranza/Encoder/Encoder.srcs/sources_1/new/Cores_controller.vhd:594]
Found timing loop:
     0: Cores_Contr/i_5/i_987/O (GATE_2_14_OR)
      [/ihp/departments/D-SYA/work/miglioranza/Encoder/Encoder.srcs/sources_1/new/Cores_controller.vhd:594]
     1: Cores_Contr/i_5/i_987/I1 (GATE_2_14_OR)
     2: Cores_Contr/i_5/i_985/O (GATE_2_2)
      [/ihp/departments/D-SYA/work/miglioranza/Encoder/Encoder.srcs/sources_1/new/Cores_controller.vhd:594]
     3: Cores_Contr/i_5/i_985/I0 (GATE_2_2)
     4: Cores_Contr/i_5/i_1710/O[1] (CARRY8)
      [/ihp/departments/D-SYA/work/miglioranza/Encoder/Encoder.srcs/sources_1/new/Cores_controller.vhd:594]
     5: Cores_Contr/i_5/i_1710/S[1] (CARRY8)
     6: Cores_Contr/i_5/i_987/O (GATE_2_14_OR)
      [/ihp/departments/D-SYA/work/miglioranza/Encoder/Encoder.srcs/sources_1/new/Cores_controller.vhd:594]
CRITICAL WARNING: [Synth 8-295] found timing loop. [/ihp/departments/D-SYA/work/miglioranza/Encoder/Encoder.srcs/sources_1/new/Cores_controller.vhd:594]
Inferred a: "set_disable_timing -from I1 -to O Cores_Contr/i_5/i_987"
Found timing loop:
     0: Cores_Contr/i_5/i_984/O (GATE_2_14_OR)
      [/ihp/departments/D-SYA/work/miglioranza/Encoder/Encoder.srcs/sources_1/new/Cores_controller.vhd:594]
     1: Cores_Contr/i_5/i_984/I0 (GATE_2_14_OR)
     2: Cores_Contr/i_5/i_983/O (GATE_2_2)
      [/ihp/departments/D-SYA/work/miglioranza/Encoder/Encoder.srcs/sources_1/new/Cores_controller.vhd:594]
     3: Cores_Contr/i_5/i_983/I0 (GATE_2_2)
     4: Cores_Contr/i_5/i_1710/O[2] (CARRY8)
      [/ihp/departments/D-SYA/work/miglioranza/Encoder/Encoder.srcs/sources_1/new/Cores_controller.vhd:594]
     5: Cores_Contr/i_5/i_1710/S[2] (CARRY8)
     6: Cores_Contr/i_5/i_984/O (GATE_2_14_OR)
      [/ihp/departments/D-SYA/work/miglioranza/Encoder/Encoder.srcs/sources_1/new/Cores_controller.vhd:594]
CRITICAL WARNING: [Synth 8-295] found timing loop. [/ihp/departments/D-SYA/work/miglioranza/Encoder/Encoder.srcs/sources_1/new/Cores_controller.vhd:594]
Inferred a: "set_disable_timing -from I0 -to O Cores_Contr/i_5/i_984"
Found timing loop:
     0: Cores_Contr/i_5/i_937/O (GATE_2_11)
      [/ihp/departments/D-SYA/work/miglioranza/Encoder/Encoder.srcs/sources_1/new/Cores_controller.vhd:594]
     1: Cores_Contr/i_5/i_937/O (GATE_2_11)
CRITICAL WARNING: [Synth 8-295] found timing loop. [/ihp/departments/D-SYA/work/miglioranza/Encoder/Encoder.srcs/sources_1/new/Cores_controller.vhd:594]
Found timing loop:
     0: Cores_Contr/i_5/i_981/O (GATE_2_14_OR)
      [/ihp/departments/D-SYA/work/miglioranza/Encoder/Encoder.srcs/sources_1/new/Cores_controller.vhd:594]
     1: Cores_Contr/i_5/i_981/I0 (GATE_2_14_OR)
     2: Cores_Contr/i_5/i_980/O (GATE_2_2)
      [/ihp/departments/D-SYA/work/miglioranza/Encoder/Encoder.srcs/sources_1/new/Cores_controller.vhd:594]
     3: Cores_Contr/i_5/i_980/I0 (GATE_2_2)
     4: Cores_Contr/i_5/i_1710/O[3] (CARRY8)
      [/ihp/departments/D-SYA/work/miglioranza/Encoder/Encoder.srcs/sources_1/new/Cores_controller.vhd:594]
     5: Cores_Contr/i_5/i_1710/S[3] (CARRY8)
     6: Cores_Contr/i_5/i_981/O (GATE_2_14_OR)
      [/ihp/departments/D-SYA/work/miglioranza/Encoder/Encoder.srcs/sources_1/new/Cores_controller.vhd:594]
CRITICAL WARNING: [Synth 8-295] found timing loop. [/ihp/departments/D-SYA/work/miglioranza/Encoder/Encoder.srcs/sources_1/new/Cores_controller.vhd:594]
Inferred a: "set_disable_timing -from I0 -to O Cores_Contr/i_5/i_981"
Found timing loop:
     0: Cores_Contr/i_5/i_937/O (GATE_2_11)
      [/ihp/departments/D-SYA/work/miglioranza/Encoder/Encoder.srcs/sources_1/new/Cores_controller.vhd:594]
     1: Cores_Contr/i_5/i_937/O (GATE_2_11)
CRITICAL WARNING: [Synth 8-295] found timing loop. [/ihp/departments/D-SYA/work/miglioranza/Encoder/Encoder.srcs/sources_1/new/Cores_controller.vhd:594]
Found timing loop:
     0: Cores_Contr/i_5/i_978/O (GATE_2_14_OR)
      [/ihp/departments/D-SYA/work/miglioranza/Encoder/Encoder.srcs/sources_1/new/Cores_controller.vhd:594]
     1: Cores_Contr/i_5/i_978/I0 (GATE_2_14_OR)
     2: Cores_Contr/i_5/i_977/O (GATE_2_2)
      [/ihp/departments/D-SYA/work/miglioranza/Encoder/Encoder.srcs/sources_1/new/Cores_controller.vhd:594]
     3: Cores_Contr/i_5/i_977/I0 (GATE_2_2)
     4: Cores_Contr/i_5/i_1710/O[4] (CARRY8)
      [/ihp/departments/D-SYA/work/miglioranza/Encoder/Encoder.srcs/sources_1/new/Cores_controller.vhd:594]
     5: Cores_Contr/i_5/i_1710/S[4] (CARRY8)
     6: Cores_Contr/i_5/i_978/O (GATE_2_14_OR)
      [/ihp/departments/D-SYA/work/miglioranza/Encoder/Encoder.srcs/sources_1/new/Cores_controller.vhd:594]
CRITICAL WARNING: [Synth 8-295] found timing loop. [/ihp/departments/D-SYA/work/miglioranza/Encoder/Encoder.srcs/sources_1/new/Cores_controller.vhd:594]
Inferred a: "set_disable_timing -from I0 -to O Cores_Contr/i_5/i_978"
Found timing loop:
     0: Cores_Contr/i_5/i_937/O (GATE_2_11)
      [/ihp/departments/D-SYA/work/miglioranza/Encoder/Encoder.srcs/sources_1/new/Cores_controller.vhd:594]
     1: Cores_Contr/i_5/i_937/O (GATE_2_11)
CRITICAL WARNING: [Synth 8-295] found timing loop. [/ihp/departments/D-SYA/work/miglioranza/Encoder/Encoder.srcs/sources_1/new/Cores_controller.vhd:594]
Found timing loop:
     0: Cores_Contr/i_5/i_975/O (GATE_2_14_OR)
      [/ihp/departments/D-SYA/work/miglioranza/Encoder/Encoder.srcs/sources_1/new/Cores_controller.vhd:594]
     1: Cores_Contr/i_5/i_975/I0 (GATE_2_14_OR)
     2: Cores_Contr/i_5/i_974/O (GATE_2_2)
      [/ihp/departments/D-SYA/work/miglioranza/Encoder/Encoder.srcs/sources_1/new/Cores_controller.vhd:594]
     3: Cores_Contr/i_5/i_974/I0 (GATE_2_2)
     4: Cores_Contr/i_5/i_1710/O[5] (CARRY8)
      [/ihp/departments/D-SYA/work/miglioranza/Encoder/Encoder.srcs/sources_1/new/Cores_controller.vhd:594]
     5: Cores_Contr/i_5/i_1710/S[5] (CARRY8)
     6: Cores_Contr/i_5/i_975/O (GATE_2_14_OR)
      [/ihp/departments/D-SYA/work/miglioranza/Encoder/Encoder.srcs/sources_1/new/Cores_controller.vhd:594]
CRITICAL WARNING: [Synth 8-295] found timing loop. [/ihp/departments/D-SYA/work/miglioranza/Encoder/Encoder.srcs/sources_1/new/Cores_controller.vhd:594]
Inferred a: "set_disable_timing -from I0 -to O Cores_Contr/i_5/i_975"
Found timing loop:
     0: Cores_Contr/i_5/i_937/O (GATE_2_11)
      [/ihp/departments/D-SYA/work/miglioranza/Encoder/Encoder.srcs/sources_1/new/Cores_controller.vhd:594]
     1: Cores_Contr/i_5/i_937/O (GATE_2_11)
CRITICAL WARNING: [Synth 8-295] found timing loop. [/ihp/departments/D-SYA/work/miglioranza/Encoder/Encoder.srcs/sources_1/new/Cores_controller.vhd:594]
Found timing loop:
     0: Cores_Contr/i_5/i_972/O (GATE_2_14_OR)
      [/ihp/departments/D-SYA/work/miglioranza/Encoder/Encoder.srcs/sources_1/new/Cores_controller.vhd:594]
     1: Cores_Contr/i_5/i_972/I0 (GATE_2_14_OR)
     2: Cores_Contr/i_5/i_971/O (GATE_2_2)
      [/ihp/departments/D-SYA/work/miglioranza/Encoder/Encoder.srcs/sources_1/new/Cores_controller.vhd:594]
     3: Cores_Contr/i_5/i_971/I0 (GATE_2_2)
     4: Cores_Contr/i_5/i_1710/O[6] (CARRY8)
      [/ihp/departments/D-SYA/work/miglioranza/Encoder/Encoder.srcs/sources_1/new/Cores_controller.vhd:594]
     5: Cores_Contr/i_5/i_1710/S[6] (CARRY8)
     6: Cores_Contr/i_5/i_972/O (GATE_2_14_OR)
      [/ihp/departments/D-SYA/work/miglioranza/Encoder/Encoder.srcs/sources_1/new/Cores_controller.vhd:594]
CRITICAL WARNING: [Synth 8-295] found timing loop. [/ihp/departments/D-SYA/work/miglioranza/Encoder/Encoder.srcs/sources_1/new/Cores_controller.vhd:594]
Inferred a: "set_disable_timing -from I0 -to O Cores_Contr/i_5/i_972"
Found timing loop:
     0: Cores_Contr/i_5/i_937/O (GATE_2_11)
      [/ihp/departments/D-SYA/work/miglioranza/Encoder/Encoder.srcs/sources_1/new/Cores_controller.vhd:594]
     1: Cores_Contr/i_5/i_937/O (GATE_2_11)
CRITICAL WARNING: [Synth 8-295] found timing loop. [/ihp/departments/D-SYA/work/miglioranza/Encoder/Encoder.srcs/sources_1/new/Cores_controller.vhd:594]
Found timing loop:
     0: Cores_Contr/i_5/i_969/O (GATE_2_14_OR)
      [/ihp/departments/D-SYA/work/miglioranza/Encoder/Encoder.srcs/sources_1/new/Cores_controller.vhd:594]
     1: Cores_Contr/i_5/i_969/I0 (GATE_2_14_OR)
     2: Cores_Contr/i_5/i_968/O (GATE_2_2)
      [/ihp/departments/D-SYA/work/miglioranza/Encoder/Encoder.srcs/sources_1/new/Cores_controller.vhd:594]
     3: Cores_Contr/i_5/i_968/I0 (GATE_2_2)
     4: Cores_Contr/i_5/i_1710/O[7] (CARRY8)
      [/ihp/departments/D-SYA/work/miglioranza/Encoder/Encoder.srcs/sources_1/new/Cores_controller.vhd:594]
     5: Cores_Contr/i_5/i_1710/S[7] (CARRY8)
     6: Cores_Contr/i_5/i_969/O (GATE_2_14_OR)
      [/ihp/departments/D-SYA/work/miglioranza/Encoder/Encoder.srcs/sources_1/new/Cores_controller.vhd:594]
CRITICAL WARNING: [Synth 8-295] found timing loop. [/ihp/departments/D-SYA/work/miglioranza/Encoder/Encoder.srcs/sources_1/new/Cores_controller.vhd:594]
Inferred a: "set_disable_timing -from I0 -to O Cores_Contr/i_5/i_969"
Found timing loop:
     0: Cores_Contr/i_5/i_937/O (GATE_2_11)
      [/ihp/departments/D-SYA/work/miglioranza/Encoder/Encoder.srcs/sources_1/new/Cores_controller.vhd:594]
     1: Cores_Contr/i_5/i_937/O (GATE_2_11)
CRITICAL WARNING: [Synth 8-295] found timing loop. [/ihp/departments/D-SYA/work/miglioranza/Encoder/Encoder.srcs/sources_1/new/Cores_controller.vhd:594]
Found timing loop:
     0: Cores_Contr/i_5/i_544/O (GATE_2_2)
      [/ihp/departments/D-SYA/work/miglioranza/Encoder/Encoder.srcs/sources_1/new/Cores_controller.vhd:594]
     1: Cores_Contr/i_5/i_544/O (GATE_2_2)
CRITICAL WARNING: [Synth 8-295] found timing loop. [/ihp/departments/D-SYA/work/miglioranza/Encoder/Encoder.srcs/sources_1/new/Cores_controller.vhd:594]
Found timing loop:
     0: Cores_Contr/i_5/i_937/O (GATE_2_11)
      [/ihp/departments/D-SYA/work/miglioranza/Encoder/Encoder.srcs/sources_1/new/Cores_controller.vhd:594]
     1: Cores_Contr/i_5/i_937/O (GATE_2_11)
CRITICAL WARNING: [Synth 8-295] found timing loop. [/ihp/departments/D-SYA/work/miglioranza/Encoder/Encoder.srcs/sources_1/new/Cores_controller.vhd:594]
Found timing loop:
     0: Cores_Contr/i_5/i_963/O (GATE_2_14_OR)
      [/ihp/departments/D-SYA/work/miglioranza/Encoder/Encoder.srcs/sources_1/new/Cores_controller.vhd:594]
     1: Cores_Contr/i_5/i_963/I0 (GATE_2_14_OR)
     2: Cores_Contr/i_5/i_962/O (GATE_2_2)
      [/ihp/departments/D-SYA/work/miglioranza/Encoder/Encoder.srcs/sources_1/new/Cores_controller.vhd:594]
     3: Cores_Contr/i_5/i_962/I0 (GATE_2_2)
     4: Cores_Contr/i_5/i_1711/O[1] (CARRY8)
      [/ihp/departments/D-SYA/work/miglioranza/Encoder/Encoder.srcs/sources_1/new/Cores_controller.vhd:594]
     5: Cores_Contr/i_5/i_1711/S[1] (CARRY8)
     6: Cores_Contr/i_5/i_963/O (GATE_2_14_OR)
      [/ihp/departments/D-SYA/work/miglioranza/Encoder/Encoder.srcs/sources_1/new/Cores_controller.vhd:594]
CRITICAL WARNING: [Synth 8-295] found timing loop. [/ihp/departments/D-SYA/work/miglioranza/Encoder/Encoder.srcs/sources_1/new/Cores_controller.vhd:594]
Inferred a: "set_disable_timing -from I0 -to O Cores_Contr/i_5/i_963"
Found timing loop:
     0: Cores_Contr/i_5/i_937/O (GATE_2_11)
      [/ihp/departments/D-SYA/work/miglioranza/Encoder/Encoder.srcs/sources_1/new/Cores_controller.vhd:594]
     1: Cores_Contr/i_5/i_937/O (GATE_2_11)
CRITICAL WARNING: [Synth 8-295] found timing loop. [/ihp/departments/D-SYA/work/miglioranza/Encoder/Encoder.srcs/sources_1/new/Cores_controller.vhd:594]
Found timing loop:
     0: Cores_Contr/i_5/i_960/O (GATE_2_14_OR)
      [/ihp/departments/D-SYA/work/miglioranza/Encoder/Encoder.srcs/sources_1/new/Cores_controller.vhd:594]
     1: Cores_Contr/i_5/i_960/I0 (GATE_2_14_OR)
     2: Cores_Contr/i_5/i_959/O (GATE_2_8_AND)
      [/ihp/departments/D-SYA/work/miglioranza/Encoder/Encoder.srcs/sources_1/new/Cores_controller.vhd:594]
     3: Cores_Contr/i_5/i_959/I0 (GATE_2_8_AND)
     4: Cores_Contr/i_5/i_1711/O[2] (CARRY8)
      [/ihp/departments/D-SYA/work/miglioranza/Encoder/Encoder.srcs/sources_1/new/Cores_controller.vhd:594]
     5: Cores_Contr/i_5/i_1711/S[2] (CARRY8)
     6: Cores_Contr/i_5/i_960/O (GATE_2_14_OR)
      [/ihp/departments/D-SYA/work/miglioranza/Encoder/Encoder.srcs/sources_1/new/Cores_controller.vhd:594]
CRITICAL WARNING: [Synth 8-295] found timing loop. [/ihp/departments/D-SYA/work/miglioranza/Encoder/Encoder.srcs/sources_1/new/Cores_controller.vhd:594]
Inferred a: "set_disable_timing -from I0 -to O Cores_Contr/i_5/i_960"
Found timing loop:
     0: Cores_Contr/i_5/i_544/O (GATE_2_2)
      [/ihp/departments/D-SYA/work/miglioranza/Encoder/Encoder.srcs/sources_1/new/Cores_controller.vhd:594]
     1: Cores_Contr/i_5/i_544/O (GATE_2_2)
CRITICAL WARNING: [Synth 8-295] found timing loop. [/ihp/departments/D-SYA/work/miglioranza/Encoder/Encoder.srcs/sources_1/new/Cores_controller.vhd:594]
Found timing loop:
     0: Cores_Contr/i_5/i_937/O (GATE_2_11)
      [/ihp/departments/D-SYA/work/miglioranza/Encoder/Encoder.srcs/sources_1/new/Cores_controller.vhd:594]
     1: Cores_Contr/i_5/i_937/O (GATE_2_11)
CRITICAL WARNING: [Synth 8-295] found timing loop. [/ihp/departments/D-SYA/work/miglioranza/Encoder/Encoder.srcs/sources_1/new/Cores_controller.vhd:594]
Found timing loop:
     0: Cores_Contr/i_5/i_1711/O[3] (CARRY8)
      [/ihp/departments/D-SYA/work/miglioranza/Encoder/Encoder.srcs/sources_1/new/Cores_controller.vhd:594]
     1: Cores_Contr/i_5/i_1711/S[3] (CARRY8)
     2: Cores_Contr/i_5/i_957/O (GATE_2_14_OR)
      [/ihp/departments/D-SYA/work/miglioranza/Encoder/Encoder.srcs/sources_1/new/Cores_controller.vhd:594]
     3: Cores_Contr/i_5/i_957/I0 (GATE_2_14_OR)
     4: Cores_Contr/i_5/i_956/O (GATE_2_8_AND)
      [/ihp/departments/D-SYA/work/miglioranza/Encoder/Encoder.srcs/sources_1/new/Cores_controller.vhd:594]
     5: Cores_Contr/i_5/i_956/I0 (GATE_2_8_AND)
     6: Cores_Contr/i_5/i_1711/O[3] (CARRY8)
      [/ihp/departments/D-SYA/work/miglioranza/Encoder/Encoder.srcs/sources_1/new/Cores_controller.vhd:594]
CRITICAL WARNING: [Synth 8-295] found timing loop. [/ihp/departments/D-SYA/work/miglioranza/Encoder/Encoder.srcs/sources_1/new/Cores_controller.vhd:594]
Inferred a: "set_disable_timing -from S[3] -to O[3] Cores_Contr/i_5/i_1711"
Found timing loop:
     0: Cores_Contr/i_5/i_544/O (GATE_2_2)
      [/ihp/departments/D-SYA/work/miglioranza/Encoder/Encoder.srcs/sources_1/new/Cores_controller.vhd:594]
     1: Cores_Contr/i_5/i_544/O (GATE_2_2)
CRITICAL WARNING: [Synth 8-295] found timing loop. [/ihp/departments/D-SYA/work/miglioranza/Encoder/Encoder.srcs/sources_1/new/Cores_controller.vhd:594]
Found timing loop:
     0: Cores_Contr/i_5/i_937/O (GATE_2_11)
      [/ihp/departments/D-SYA/work/miglioranza/Encoder/Encoder.srcs/sources_1/new/Cores_controller.vhd:594]
     1: Cores_Contr/i_5/i_937/O (GATE_2_11)
CRITICAL WARNING: [Synth 8-295] found timing loop. [/ihp/departments/D-SYA/work/miglioranza/Encoder/Encoder.srcs/sources_1/new/Cores_controller.vhd:594]
Found timing loop:
     0: Cores_Contr/i_5/i_954/O (GATE_2_14_OR)
      [/ihp/departments/D-SYA/work/miglioranza/Encoder/Encoder.srcs/sources_1/new/Cores_controller.vhd:594]
     1: Cores_Contr/i_5/i_954/I0 (GATE_2_14_OR)
     2: Cores_Contr/i_5/i_953/O (GATE_2_2)
      [/ihp/departments/D-SYA/work/miglioranza/Encoder/Encoder.srcs/sources_1/new/Cores_controller.vhd:594]
     3: Cores_Contr/i_5/i_953/I0 (GATE_2_2)
     4: Cores_Contr/i_5/i_1711/O[4] (CARRY8)
      [/ihp/departments/D-SYA/work/miglioranza/Encoder/Encoder.srcs/sources_1/new/Cores_controller.vhd:594]
     5: Cores_Contr/i_5/i_1711/S[4] (CARRY8)
     6: Cores_Contr/i_5/i_954/O (GATE_2_14_OR)
      [/ihp/departments/D-SYA/work/miglioranza/Encoder/Encoder.srcs/sources_1/new/Cores_controller.vhd:594]
CRITICAL WARNING: [Synth 8-295] found timing loop. [/ihp/departments/D-SYA/work/miglioranza/Encoder/Encoder.srcs/sources_1/new/Cores_controller.vhd:594]
Inferred a: "set_disable_timing -from I0 -to O Cores_Contr/i_5/i_954"
Found timing loop:
     0: Cores_Contr/i_5/i_937/O (GATE_2_11)
      [/ihp/departments/D-SYA/work/miglioranza/Encoder/Encoder.srcs/sources_1/new/Cores_controller.vhd:594]
     1: Cores_Contr/i_5/i_937/O (GATE_2_11)
CRITICAL WARNING: [Synth 8-295] found timing loop. [/ihp/departments/D-SYA/work/miglioranza/Encoder/Encoder.srcs/sources_1/new/Cores_controller.vhd:594]
Found timing loop:
     0: Cores_Contr/i_5/i_1711/O[5] (CARRY8)
      [/ihp/departments/D-SYA/work/miglioranza/Encoder/Encoder.srcs/sources_1/new/Cores_controller.vhd:594]
     1: Cores_Contr/i_5/i_1711/S[5] (CARRY8)
     2: Cores_Contr/i_5/i_951/O (GATE_2_14_OR)
      [/ihp/departments/D-SYA/work/miglioranza/Encoder/Encoder.srcs/sources_1/new/Cores_controller.vhd:594]
     3: Cores_Contr/i_5/i_951/I0 (GATE_2_14_OR)
     4: Cores_Contr/i_5/i_950/O (GATE_2_2)
      [/ihp/departments/D-SYA/work/miglioranza/Encoder/Encoder.srcs/sources_1/new/Cores_controller.vhd:594]
     5: Cores_Contr/i_5/i_950/I0 (GATE_2_2)
     6: Cores_Contr/i_5/i_1711/O[5] (CARRY8)
      [/ihp/departments/D-SYA/work/miglioranza/Encoder/Encoder.srcs/sources_1/new/Cores_controller.vhd:594]
CRITICAL WARNING: [Synth 8-295] found timing loop. [/ihp/departments/D-SYA/work/miglioranza/Encoder/Encoder.srcs/sources_1/new/Cores_controller.vhd:594]
Inferred a: "set_disable_timing -from S[5] -to O[5] Cores_Contr/i_5/i_1711"
Found timing loop:
     0: Cores_Contr/i_5/i_937/O (GATE_2_11)
      [/ihp/departments/D-SYA/work/miglioranza/Encoder/Encoder.srcs/sources_1/new/Cores_controller.vhd:594]
     1: Cores_Contr/i_5/i_937/O (GATE_2_11)
CRITICAL WARNING: [Synth 8-295] found timing loop. [/ihp/departments/D-SYA/work/miglioranza/Encoder/Encoder.srcs/sources_1/new/Cores_controller.vhd:594]
Found timing loop:
     0: Cores_Contr/i_5/i_1711/O[6] (CARRY8)
      [/ihp/departments/D-SYA/work/miglioranza/Encoder/Encoder.srcs/sources_1/new/Cores_controller.vhd:594]
     1: Cores_Contr/i_5/i_1711/S[6] (CARRY8)
     2: Cores_Contr/i_5/i_948/O (GATE_2_14_OR)
      [/ihp/departments/D-SYA/work/miglioranza/Encoder/Encoder.srcs/sources_1/new/Cores_controller.vhd:594]
     3: Cores_Contr/i_5/i_948/I0 (GATE_2_14_OR)
     4: Cores_Contr/i_5/i_947/O (GATE_2_2)
      [/ihp/departments/D-SYA/work/miglioranza/Encoder/Encoder.srcs/sources_1/new/Cores_controller.vhd:594]
     5: Cores_Contr/i_5/i_947/I0 (GATE_2_2)
     6: Cores_Contr/i_5/i_1711/O[6] (CARRY8)
      [/ihp/departments/D-SYA/work/miglioranza/Encoder/Encoder.srcs/sources_1/new/Cores_controller.vhd:594]
CRITICAL WARNING: [Synth 8-295] found timing loop. [/ihp/departments/D-SYA/work/miglioranza/Encoder/Encoder.srcs/sources_1/new/Cores_controller.vhd:594]
Inferred a: "set_disable_timing -from S[6] -to O[6] Cores_Contr/i_5/i_1711"
Found timing loop:
     0: Cores_Contr/i_5/i_937/O (GATE_2_11)
      [/ihp/departments/D-SYA/work/miglioranza/Encoder/Encoder.srcs/sources_1/new/Cores_controller.vhd:594]
     1: Cores_Contr/i_5/i_937/O (GATE_2_11)
CRITICAL WARNING: [Synth 8-295] found timing loop. [/ihp/departments/D-SYA/work/miglioranza/Encoder/Encoder.srcs/sources_1/new/Cores_controller.vhd:594]
Found timing loop:
     0: Cores_Contr/i_5/i_937/O (GATE_2_11)
      [/ihp/departments/D-SYA/work/miglioranza/Encoder/Encoder.srcs/sources_1/new/Cores_controller.vhd:594]
     1: Cores_Contr/i_5/i_937/O (GATE_2_11)
CRITICAL WARNING: [Synth 8-295] found timing loop. [/ihp/departments/D-SYA/work/miglioranza/Encoder/Encoder.srcs/sources_1/new/Cores_controller.vhd:594]
Found timing loop:
     0: Cores_Contr/i_5/i_1711/O[7] (CARRY8)
      [/ihp/departments/D-SYA/work/miglioranza/Encoder/Encoder.srcs/sources_1/new/Cores_controller.vhd:594]
     1: Cores_Contr/i_5/i_1711/S[7] (CARRY8)
     2: Cores_Contr/i_5/i_945/O (GATE_2_14_OR)
      [/ihp/departments/D-SYA/work/miglioranza/Encoder/Encoder.srcs/sources_1/new/Cores_controller.vhd:594]
     3: Cores_Contr/i_5/i_945/I1 (GATE_2_14_OR)
     4: Cores_Contr/i_5/i_943/O (GATE_2_2)
      [/ihp/departments/D-SYA/work/miglioranza/Encoder/Encoder.srcs/sources_1/new/Cores_controller.vhd:594]
     5: Cores_Contr/i_5/i_943/I0 (GATE_2_2)
     6: Cores_Contr/i_5/i_1711/O[7] (CARRY8)
      [/ihp/departments/D-SYA/work/miglioranza/Encoder/Encoder.srcs/sources_1/new/Cores_controller.vhd:594]
CRITICAL WARNING: [Synth 8-295] found timing loop. [/ihp/departments/D-SYA/work/miglioranza/Encoder/Encoder.srcs/sources_1/new/Cores_controller.vhd:594]
Inferred a: "set_disable_timing -from S[7] -to O[7] Cores_Contr/i_5/i_1711"
Found timing loop:
     0: Cores_Contr/i_5/i_544/O (GATE_2_2)
      [/ihp/departments/D-SYA/work/miglioranza/Encoder/Encoder.srcs/sources_1/new/Cores_controller.vhd:594]
     1: Cores_Contr/i_5/i_544/O (GATE_2_2)
CRITICAL WARNING: [Synth 8-295] found timing loop. [/ihp/departments/D-SYA/work/miglioranza/Encoder/Encoder.srcs/sources_1/new/Cores_controller.vhd:594]
Found timing loop:
     0: Cores_Contr/i_5/i_519/O (GATE_2_2)
      [/ihp/departments/D-SYA/work/miglioranza/Encoder/Encoder.srcs/sources_1/new/Cores_controller.vhd:594]
     1: Cores_Contr/i_5/i_519/I1 (GATE_2_2)
     2: Cores_Contr/i_5/i_516/O (GATE_2_11)
      [/ihp/departments/D-SYA/work/miglioranza/Encoder/Encoder.srcs/sources_1/new/Cores_controller.vhd:594]
     3: Cores_Contr/i_5/i_516/I0 (GATE_2_11)
     4: Cores_Contr/i_5/i_580/O (BUF)
      [/ihp/departments/D-SYA/work/miglioranza/Encoder/Encoder.srcs/sources_1/new/Cores_controller.vhd:594]
     5: Cores_Contr/i_5/i_580/I (BUF)
     6: Cores_Contr/i_5/i_579/O (GATE_2_14_OR)
      [/ihp/departments/D-SYA/work/miglioranza/Encoder/Encoder.srcs/sources_1/new/Cores_controller.vhd:594]
     7: Cores_Contr/i_5/i_579/I0 (GATE_2_14_OR)
     8: Cores_Contr/i_5/i_544/O (GATE_2_2)
      [/ihp/departments/D-SYA/work/miglioranza/Encoder/Encoder.srcs/sources_1/new/Cores_controller.vhd:594]
     9: Cores_Contr/i_5/i_544/O (GATE_2_2)
CRITICAL WARNING: [Synth 8-295] found timing loop. [/ihp/departments/D-SYA/work/miglioranza/Encoder/Encoder.srcs/sources_1/new/Cores_controller.vhd:594]
Inferred a: "set_disable_timing -from I1 -to O Cores_Contr/i_5/i_519"
Found timing loop:
     0: Cores_Contr/i_5/i_579/O (GATE_2_14_OR)
      [/ihp/departments/D-SYA/work/miglioranza/Encoder/Encoder.srcs/sources_1/new/Cores_controller.vhd:594]
     1: Cores_Contr/i_5/i_579/I0 (GATE_2_14_OR)
     2: Cores_Contr/i_5/i_544/O (GATE_2_2)
      [/ihp/departments/D-SYA/work/miglioranza/Encoder/Encoder.srcs/sources_1/new/Cores_controller.vhd:594]
     3: Cores_Contr/i_5/i_544/O (GATE_2_2)
CRITICAL WARNING: [Synth 8-295] found timing loop. [/ihp/departments/D-SYA/work/miglioranza/Encoder/Encoder.srcs/sources_1/new/Cores_controller.vhd:594]
Inferred a: "set_disable_timing -from I0 -to O Cores_Contr/i_5/i_579"
Found timing loop:
     0: Cores_Contr/i_5/i_519/O (GATE_2_2)
      [/ihp/departments/D-SYA/work/miglioranza/Encoder/Encoder.srcs/sources_1/new/Cores_controller.vhd:594]
     1: Cores_Contr/i_5/i_519/O (GATE_2_2)
CRITICAL WARNING: [Synth 8-295] found timing loop. [/ihp/departments/D-SYA/work/miglioranza/Encoder/Encoder.srcs/sources_1/new/Cores_controller.vhd:594]
Found timing loop:
     0: Cores_Contr/i_5/i_523/O (GATE_2_7_NAND)
      [/ihp/departments/D-SYA/work/miglioranza/Encoder/Encoder.srcs/sources_1/new/Cores_controller.vhd:594]
     1: Cores_Contr/i_5/i_523/I0 (GATE_2_7_NAND)
     2: Cores_Contr/i_5/i_519/O (GATE_2_2)
      [/ihp/departments/D-SYA/work/miglioranza/Encoder/Encoder.srcs/sources_1/new/Cores_controller.vhd:594]
     3: Cores_Contr/i_5/i_519/O (GATE_2_2)
CRITICAL WARNING: [Synth 8-295] found timing loop. [/ihp/departments/D-SYA/work/miglioranza/Encoder/Encoder.srcs/sources_1/new/Cores_controller.vhd:594]
Inferred a: "set_disable_timing -from I0 -to O Cores_Contr/i_5/i_523"
Found timing loop:
     0: Cores_Contr/i_5/i_790/O (GATE_2_14_OR)
      [/ihp/departments/D-SYA/work/miglioranza/Encoder/Encoder.srcs/sources_1/new/Cores_controller.vhd:594]
     1: Cores_Contr/i_5/i_790/I0 (GATE_2_14_OR)
     2: Cores_Contr/i_5/i_789/O (GATE_2_2)
      [/ihp/departments/D-SYA/work/miglioranza/Encoder/Encoder.srcs/sources_1/new/Cores_controller.vhd:594]
     3: Cores_Contr/i_5/i_789/I0 (GATE_2_2)
     4: Cores_Contr/i_5/i_1696/O[0] (CARRY8)
      [/ihp/departments/D-SYA/work/miglioranza/Encoder/Encoder.srcs/sources_1/new/Cores_controller.vhd:594]
     5: Cores_Contr/i_5/i_1696/S[0] (CARRY8)
     6: Cores_Contr/i_5/i_790/O (GATE_2_14_OR)
      [/ihp/departments/D-SYA/work/miglioranza/Encoder/Encoder.srcs/sources_1/new/Cores_controller.vhd:594]
CRITICAL WARNING: [Synth 8-295] found timing loop. [/ihp/departments/D-SYA/work/miglioranza/Encoder/Encoder.srcs/sources_1/new/Cores_controller.vhd:594]
Inferred a: "set_disable_timing -from I0 -to O Cores_Contr/i_5/i_790"
Found timing loop:
     0: Cores_Contr/i_5/i_814/O (GATE_2_14_OR)
      [/ihp/departments/D-SYA/work/miglioranza/Encoder/Encoder.srcs/sources_1/new/Cores_controller.vhd:594]
     1: Cores_Contr/i_5/i_814/I0 (GATE_2_14_OR)
     2: Cores_Contr/i_5/i_813/O (GATE_2_2)
      [/ihp/departments/D-SYA/work/miglioranza/Encoder/Encoder.srcs/sources_1/new/Cores_controller.vhd:594]
     3: Cores_Contr/i_5/i_813/I0 (GATE_2_2)
     4: Cores_Contr/i_5/i_1695/O[0] (CARRY8)
      [/ihp/departments/D-SYA/work/miglioranza/Encoder/Encoder.srcs/sources_1/new/Cores_controller.vhd:594]
     5: Cores_Contr/i_5/i_1695/S[0] (CARRY8)
     6: Cores_Contr/i_5/i_814/O (GATE_2_14_OR)
      [/ihp/departments/D-SYA/work/miglioranza/Encoder/Encoder.srcs/sources_1/new/Cores_controller.vhd:594]
CRITICAL WARNING: [Synth 8-295] found timing loop. [/ihp/departments/D-SYA/work/miglioranza/Encoder/Encoder.srcs/sources_1/new/Cores_controller.vhd:594]
Inferred a: "set_disable_timing -from I0 -to O Cores_Contr/i_5/i_814"
Found timing loop:
     0: Cores_Contr/i_5/i_335/O (GATE_2_2)
      [/ihp/departments/D-SYA/work/miglioranza/Encoder/Encoder.srcs/sources_1/new/Cores_controller.vhd:594]
     1: Cores_Contr/i_5/i_335/I0 (GATE_2_2)
     2: Cores_Contr/i_5/i_334/O (GATE_2_14_OR)
      [/ihp/departments/D-SYA/work/miglioranza/Encoder/Encoder.srcs/sources_1/new/Cores_controller.vhd:594]
     3: Cores_Contr/i_5/i_334/I0 (GATE_2_14_OR)
     4: Cores_Contr/i_5/i_336/O (BUF)
      [/ihp/departments/D-SYA/work/miglioranza/Encoder/Encoder.srcs/sources_1/new/Cores_controller.vhd:594]
     5: Cores_Contr/i_5/i_336/I (BUF)
     6: Cores_Contr/i_5/i_335/O (GATE_2_2)
      [/ihp/departments/D-SYA/work/miglioranza/Encoder/Encoder.srcs/sources_1/new/Cores_controller.vhd:594]
CRITICAL WARNING: [Synth 8-295] found timing loop. [/ihp/departments/D-SYA/work/miglioranza/Encoder/Encoder.srcs/sources_1/new/Cores_controller.vhd:594]
Inferred a: "set_disable_timing -from I0 -to O Cores_Contr/i_5/i_335"
Found timing loop:
     0: Cores_Contr/i_5/i_385/O (GATE_2_14_OR)
      [/ihp/departments/D-SYA/work/miglioranza/Encoder/Encoder.srcs/sources_1/new/Cores_controller.vhd:594]
     1: Cores_Contr/i_5/i_385/I0 (GATE_2_14_OR)
     2: Cores_Contr/i_5/i_350/O (GATE_2_2)
      [/ihp/departments/D-SYA/work/miglioranza/Encoder/Encoder.srcs/sources_1/new/Cores_controller.vhd:594]
     3: Cores_Contr/i_5/i_350/I0 (GATE_2_2)
     4: Cores_Contr/i_5/i_384/O (GATE_2_2)
      [/ihp/departments/D-SYA/work/miglioranza/Encoder/Encoder.srcs/sources_1/new/Cores_controller.vhd:594]
     5: Cores_Contr/i_5/i_384/I0 (GATE_2_2)
     6: Cores_Contr/i_5/i_383/O (GATE_2_14_OR)
      [/ihp/departments/D-SYA/work/miglioranza/Encoder/Encoder.srcs/sources_1/new/Cores_controller.vhd:594]
     7: Cores_Contr/i_5/i_383/I0 (GATE_2_14_OR)
     8: Cores_Contr/i_5/i_382/O (GATE_2_14_OR)
      [/ihp/departments/D-SYA/work/miglioranza/Encoder/Encoder.srcs/sources_1/new/Cores_controller.vhd:594]
     9: Cores_Contr/i_5/i_382/I0 (GATE_2_14_OR)
    10: Cores_Contr/i_5/i_381/O (GATE_2_14_OR)
      [/ihp/departments/D-SYA/work/miglioranza/Encoder/Encoder.srcs/sources_1/new/Cores_controller.vhd:594]
    11: Cores_Contr/i_5/i_381/I0 (GATE_2_14_OR)
    12: Cores_Contr/i_5/i_380/O (GATE_2_14_OR)
      [/ihp/departments/D-SYA/work/miglioranza/Encoder/Encoder.srcs/sources_1/new/Cores_controller.vhd:594]
    13: Cores_Contr/i_5/i_380/I0 (GATE_2_14_OR)
    14: Cores_Contr/i_5/i_379/O (GATE_2_14_OR)
      [/ihp/departments/D-SYA/work/miglioranza/Encoder/Encoder.srcs/sources_1/new/Cores_controller.vhd:594]
    15: Cores_Contr/i_5/i_379/I0 (GATE_2_14_OR)
    16: Cores_Contr/i_5/i_1696/O[3] (CARRY8)
      [/ihp/departments/D-SYA/work/miglioranza/Encoder/Encoder.srcs/sources_1/new/Cores_controller.vhd:594]
    17: Cores_Contr/i_5/i_1696/S[0] (CARRY8)
    18: Cores_Contr/i_5/i_790/O (GATE_2_14_OR)
      [/ihp/departments/D-SYA/work/miglioranza/Encoder/Encoder.srcs/sources_1/new/Cores_controller.vhd:594]
    19: Cores_Contr/i_5/i_790/O (GATE_2_14_OR)
CRITICAL WARNING: [Synth 8-295] found timing loop. [/ihp/departments/D-SYA/work/miglioranza/Encoder/Encoder.srcs/sources_1/new/Cores_controller.vhd:594]
Inferred a: "set_disable_timing -from I0 -to O Cores_Contr/i_5/i_385"
Found timing loop:
     0: Cores_Contr/i_5/i_339/O (GATE_2_7_NAND)
      [/ihp/departments/D-SYA/work/miglioranza/Encoder/Encoder.srcs/sources_1/new/Cores_controller.vhd:594]
     1: Cores_Contr/i_5/i_339/I0 (GATE_2_7_NAND)
     2: Cores_Contr/i_5/i_335/O (GATE_2_2)
      [/ihp/departments/D-SYA/work/miglioranza/Encoder/Encoder.srcs/sources_1/new/Cores_controller.vhd:594]
     3: Cores_Contr/i_5/i_335/I1 (GATE_2_2)
     4: Cores_Contr/i_5/i_332/O (GATE_2_11)
      [/ihp/departments/D-SYA/work/miglioranza/Encoder/Encoder.srcs/sources_1/new/Cores_controller.vhd:594]
     5: Cores_Contr/i_5/i_332/I1 (GATE_2_11)
     6: Cores_Contr/i_5/i_340/O (BUF)
      [/ihp/departments/D-SYA/work/miglioranza/Encoder/Encoder.srcs/sources_1/new/Cores_controller.vhd:594]
     7: Cores_Contr/i_5/i_340/I (BUF)
     8: Cores_Contr/i_5/i_339/O (GATE_2_7_NAND)
      [/ihp/departments/D-SYA/work/miglioranza/Encoder/Encoder.srcs/sources_1/new/Cores_controller.vhd:594]
CRITICAL WARNING: [Synth 8-295] found timing loop. [/ihp/departments/D-SYA/work/miglioranza/Encoder/Encoder.srcs/sources_1/new/Cores_controller.vhd:594]
Inferred a: "set_disable_timing -from I0 -to O Cores_Contr/i_5/i_339"
Found timing loop:
     0: Cores_Contr/i_5/i_385/O (GATE_2_14_OR)
      [/ihp/departments/D-SYA/work/miglioranza/Encoder/Encoder.srcs/sources_1/new/Cores_controller.vhd:594]
     1: Cores_Contr/i_5/i_385/I1 (GATE_2_14_OR)
     2: Cores_Contr/i_5/i_349/O (GATE_2_2)
      [/ihp/departments/D-SYA/work/miglioranza/Encoder/Encoder.srcs/sources_1/new/Cores_controller.vhd:594]
     3: Cores_Contr/i_5/i_349/I1 (GATE_2_2)
     4: Cores_Contr/i_5/i_341/O (GATE_2_7_NAND)
      [/ihp/departments/D-SYA/work/miglioranza/Encoder/Encoder.srcs/sources_1/new/Cores_controller.vhd:594]
     5: Cores_Contr/i_5/i_341/I0 (GATE_2_7_NAND)
     6: Cores_Contr/i_5/i_387/O (GATE_2_2)
      [/ihp/departments/D-SYA/work/miglioranza/Encoder/Encoder.srcs/sources_1/new/Cores_controller.vhd:594]
     7: Cores_Contr/i_5/i_387/I1 (GATE_2_2)
     8: Cores_Contr/i_5/i_385/O (GATE_2_14_OR)
      [/ihp/departments/D-SYA/work/miglioranza/Encoder/Encoder.srcs/sources_1/new/Cores_controller.vhd:594]
CRITICAL WARNING: [Synth 8-295] found timing loop. [/ihp/departments/D-SYA/work/miglioranza/Encoder/Encoder.srcs/sources_1/new/Cores_controller.vhd:594]
Inferred a: "set_disable_timing -from I1 -to O Cores_Contr/i_5/i_385"
Found timing loop:
     0: Cores_Contr/i_5/i_742/O (GATE_2_2)
      [/ihp/departments/D-SYA/work/miglioranza/Encoder/Encoder.srcs/sources_1/new/Cores_controller.vhd:594]
     1: Cores_Contr/i_5/i_742/I1 (GATE_2_2)
     2: Cores_Contr/i_5/i_738/O (GATE_2_2)
      [/ihp/departments/D-SYA/work/miglioranza/Encoder/Encoder.srcs/sources_1/new/Cores_controller.vhd:594]
     3: Cores_Contr/i_5/i_738/I0 (GATE_2_2)
     4: Cores_Contr/i_5/i_1694/O[0] (CARRY8)
      [/ihp/departments/D-SYA/work/miglioranza/Encoder/Encoder.srcs/sources_1/new/Cores_controller.vhd:594]
     5: Cores_Contr/i_5/i_1694/S[0] (CARRY8)
     6: Cores_Contr/i_5/i_742/O (GATE_2_2)
      [/ihp/departments/D-SYA/work/miglioranza/Encoder/Encoder.srcs/sources_1/new/Cores_controller.vhd:594]
CRITICAL WARNING: [Synth 8-295] found timing loop. [/ihp/departments/D-SYA/work/miglioranza/Encoder/Encoder.srcs/sources_1/new/Cores_controller.vhd:594]
Inferred a: "set_disable_timing -from I1 -to O Cores_Contr/i_5/i_742"
Found timing loop:
     0: Cores_Contr/i_5/i_350/O (GATE_2_2)
      [/ihp/departments/D-SYA/work/miglioranza/Encoder/Encoder.srcs/sources_1/new/Cores_controller.vhd:594]
     1: Cores_Contr/i_5/i_350/I0 (GATE_2_2)
     2: Cores_Contr/i_5/i_384/O (GATE_2_2)
      [/ihp/departments/D-SYA/work/miglioranza/Encoder/Encoder.srcs/sources_1/new/Cores_controller.vhd:594]
     3: Cores_Contr/i_5/i_384/I0 (GATE_2_2)
     4: Cores_Contr/i_5/i_383/O (GATE_2_14_OR)
      [/ihp/departments/D-SYA/work/miglioranza/Encoder/Encoder.srcs/sources_1/new/Cores_controller.vhd:594]
     5: Cores_Contr/i_5/i_383/I0 (GATE_2_14_OR)
     6: Cores_Contr/i_5/i_382/O (GATE_2_14_OR)
      [/ihp/departments/D-SYA/work/miglioranza/Encoder/Encoder.srcs/sources_1/new/Cores_controller.vhd:594]
     7: Cores_Contr/i_5/i_382/I0 (GATE_2_14_OR)
     8: Cores_Contr/i_5/i_381/O (GATE_2_14_OR)
      [/ihp/departments/D-SYA/work/miglioranza/Encoder/Encoder.srcs/sources_1/new/Cores_controller.vhd:594]
     9: Cores_Contr/i_5/i_381/I0 (GATE_2_14_OR)
    10: Cores_Contr/i_5/i_380/O (GATE_2_14_OR)
      [/ihp/departments/D-SYA/work/miglioranza/Encoder/Encoder.srcs/sources_1/new/Cores_controller.vhd:594]
    11: Cores_Contr/i_5/i_380/I0 (GATE_2_14_OR)
    12: Cores_Contr/i_5/i_379/O (GATE_2_14_OR)
      [/ihp/departments/D-SYA/work/miglioranza/Encoder/Encoder.srcs/sources_1/new/Cores_controller.vhd:594]
    13: Cores_Contr/i_5/i_379/I0 (GATE_2_14_OR)
    14: Cores_Contr/i_5/i_1696/O[3] (CARRY8)
      [/ihp/departments/D-SYA/work/miglioranza/Encoder/Encoder.srcs/sources_1/new/Cores_controller.vhd:594]
    15: Cores_Contr/i_5/i_1696/S[0] (CARRY8)
    16: Cores_Contr/i_5/i_790/O (GATE_2_14_OR)
      [/ihp/departments/D-SYA/work/miglioranza/Encoder/Encoder.srcs/sources_1/new/Cores_controller.vhd:594]
    17: Cores_Contr/i_5/i_790/O (GATE_2_14_OR)
CRITICAL WARNING: [Synth 8-295] found timing loop. [/ihp/departments/D-SYA/work/miglioranza/Encoder/Encoder.srcs/sources_1/new/Cores_controller.vhd:594]
Inferred a: "set_disable_timing -from I0 -to O Cores_Contr/i_5/i_350"
Found timing loop:
     0: Cores_Contr/i_5/i_383/O (GATE_2_14_OR)
      [/ihp/departments/D-SYA/work/miglioranza/Encoder/Encoder.srcs/sources_1/new/Cores_controller.vhd:594]
     1: Cores_Contr/i_5/i_383/I0 (GATE_2_14_OR)
     2: Cores_Contr/i_5/i_382/O (GATE_2_14_OR)
      [/ihp/departments/D-SYA/work/miglioranza/Encoder/Encoder.srcs/sources_1/new/Cores_controller.vhd:594]
     3: Cores_Contr/i_5/i_382/I0 (GATE_2_14_OR)
     4: Cores_Contr/i_5/i_381/O (GATE_2_14_OR)
      [/ihp/departments/D-SYA/work/miglioranza/Encoder/Encoder.srcs/sources_1/new/Cores_controller.vhd:594]
     5: Cores_Contr/i_5/i_381/I0 (GATE_2_14_OR)
     6: Cores_Contr/i_5/i_380/O (GATE_2_14_OR)
      [/ihp/departments/D-SYA/work/miglioranza/Encoder/Encoder.srcs/sources_1/new/Cores_controller.vhd:594]
     7: Cores_Contr/i_5/i_380/I0 (GATE_2_14_OR)
     8: Cores_Contr/i_5/i_379/O (GATE_2_14_OR)
      [/ihp/departments/D-SYA/work/miglioranza/Encoder/Encoder.srcs/sources_1/new/Cores_controller.vhd:594]
     9: Cores_Contr/i_5/i_379/I0 (GATE_2_14_OR)
    10: Cores_Contr/i_5/i_1696/O[3] (CARRY8)
      [/ihp/departments/D-SYA/work/miglioranza/Encoder/Encoder.srcs/sources_1/new/Cores_controller.vhd:594]
    11: Cores_Contr/i_5/i_1696/S[0] (CARRY8)
    12: Cores_Contr/i_5/i_790/O (GATE_2_14_OR)
      [/ihp/departments/D-SYA/work/miglioranza/Encoder/Encoder.srcs/sources_1/new/Cores_controller.vhd:594]
    13: Cores_Contr/i_5/i_790/O (GATE_2_14_OR)
CRITICAL WARNING: [Synth 8-295] found timing loop. [/ihp/departments/D-SYA/work/miglioranza/Encoder/Encoder.srcs/sources_1/new/Cores_controller.vhd:594]
Inferred a: "set_disable_timing -from I0 -to O Cores_Contr/i_5/i_383"
Found timing loop:
     0: Cores_Contr/i_5/i_836/O (GATE_2_14_OR)
      [/ihp/departments/D-SYA/work/miglioranza/Encoder/Encoder.srcs/sources_1/new/Cores_controller.vhd:594]
     1: Cores_Contr/i_5/i_836/I0 (GATE_2_14_OR)
     2: Cores_Contr/i_5/i_835/O (GATE_2_2)
      [/ihp/departments/D-SYA/work/miglioranza/Encoder/Encoder.srcs/sources_1/new/Cores_controller.vhd:594]
     3: Cores_Contr/i_5/i_835/I0 (GATE_2_2)
     4: Cores_Contr/i_5/i_1694/O[1] (CARRY8)
      [/ihp/departments/D-SYA/work/miglioranza/Encoder/Encoder.srcs/sources_1/new/Cores_controller.vhd:594]
     5: Cores_Contr/i_5/i_1694/S[1] (CARRY8)
     6: Cores_Contr/i_5/i_836/O (GATE_2_14_OR)
      [/ihp/departments/D-SYA/work/miglioranza/Encoder/Encoder.srcs/sources_1/new/Cores_controller.vhd:594]
CRITICAL WARNING: [Synth 8-295] found timing loop. [/ihp/departments/D-SYA/work/miglioranza/Encoder/Encoder.srcs/sources_1/new/Cores_controller.vhd:594]
Inferred a: "set_disable_timing -from I0 -to O Cores_Contr/i_5/i_836"
Found timing loop:
     0: Cores_Contr/i_5/i_833/O (GATE_2_14_OR)
      [/ihp/departments/D-SYA/work/miglioranza/Encoder/Encoder.srcs/sources_1/new/Cores_controller.vhd:594]
     1: Cores_Contr/i_5/i_833/I1 (GATE_2_14_OR)
     2: Cores_Contr/i_5/i_831/O (GATE_2_2)
      [/ihp/departments/D-SYA/work/miglioranza/Encoder/Encoder.srcs/sources_1/new/Cores_controller.vhd:594]
     3: Cores_Contr/i_5/i_831/I0 (GATE_2_2)
     4: Cores_Contr/i_5/i_1694/O[2] (CARRY8)
      [/ihp/departments/D-SYA/work/miglioranza/Encoder/Encoder.srcs/sources_1/new/Cores_controller.vhd:594]
     5: Cores_Contr/i_5/i_1694/S[2] (CARRY8)
     6: Cores_Contr/i_5/i_833/O (GATE_2_14_OR)
      [/ihp/departments/D-SYA/work/miglioranza/Encoder/Encoder.srcs/sources_1/new/Cores_controller.vhd:594]
CRITICAL WARNING: [Synth 8-295] found timing loop. [/ihp/departments/D-SYA/work/miglioranza/Encoder/Encoder.srcs/sources_1/new/Cores_controller.vhd:594]
Inferred a: "set_disable_timing -from I1 -to O Cores_Contr/i_5/i_833"
Found timing loop:
     0: Cores_Contr/i_5/i_830/O (GATE_2_14_OR)
      [/ihp/departments/D-SYA/work/miglioranza/Encoder/Encoder.srcs/sources_1/new/Cores_controller.vhd:594]
     1: Cores_Contr/i_5/i_830/I1 (GATE_2_14_OR)
     2: Cores_Contr/i_5/i_827/O (GATE_2_2)
      [/ihp/departments/D-SYA/work/miglioranza/Encoder/Encoder.srcs/sources_1/new/Cores_controller.vhd:594]
     3: Cores_Contr/i_5/i_827/I0 (GATE_2_2)
     4: Cores_Contr/i_5/i_1694/O[3] (CARRY8)
      [/ihp/departments/D-SYA/work/miglioranza/Encoder/Encoder.srcs/sources_1/new/Cores_controller.vhd:594]
     5: Cores_Contr/i_5/i_1694/S[3] (CARRY8)
     6: Cores_Contr/i_5/i_830/O (GATE_2_14_OR)
      [/ihp/departments/D-SYA/work/miglioranza/Encoder/Encoder.srcs/sources_1/new/Cores_controller.vhd:594]
CRITICAL WARNING: [Synth 8-295] found timing loop. [/ihp/departments/D-SYA/work/miglioranza/Encoder/Encoder.srcs/sources_1/new/Cores_controller.vhd:594]
Inferred a: "set_disable_timing -from I1 -to O Cores_Contr/i_5/i_830"
Found timing loop:
     0: Cores_Contr/i_5/i_826/O (GATE_2_14_OR)
      [/ihp/departments/D-SYA/work/miglioranza/Encoder/Encoder.srcs/sources_1/new/Cores_controller.vhd:594]
     1: Cores_Contr/i_5/i_826/I1 (GATE_2_14_OR)
     2: Cores_Contr/i_5/i_824/O (GATE_2_2)
      [/ihp/departments/D-SYA/work/miglioranza/Encoder/Encoder.srcs/sources_1/new/Cores_controller.vhd:594]
     3: Cores_Contr/i_5/i_824/I0 (GATE_2_2)
     4: Cores_Contr/i_5/i_1694/O[4] (CARRY8)
      [/ihp/departments/D-SYA/work/miglioranza/Encoder/Encoder.srcs/sources_1/new/Cores_controller.vhd:594]
     5: Cores_Contr/i_5/i_1694/S[4] (CARRY8)
     6: Cores_Contr/i_5/i_826/O (GATE_2_14_OR)
      [/ihp/departments/D-SYA/work/miglioranza/Encoder/Encoder.srcs/sources_1/new/Cores_controller.vhd:594]
CRITICAL WARNING: [Synth 8-295] found timing loop. [/ihp/departments/D-SYA/work/miglioranza/Encoder/Encoder.srcs/sources_1/new/Cores_controller.vhd:594]
Inferred a: "set_disable_timing -from I1 -to O Cores_Contr/i_5/i_826"
Found timing loop:
     0: Cores_Contr/i_5/i_823/O (GATE_2_14_OR)
      [/ihp/departments/D-SYA/work/miglioranza/Encoder/Encoder.srcs/sources_1/new/Cores_controller.vhd:594]
     1: Cores_Contr/i_5/i_823/I1 (GATE_2_14_OR)
     2: Cores_Contr/i_5/i_821/O (GATE_2_2)
      [/ihp/departments/D-SYA/work/miglioranza/Encoder/Encoder.srcs/sources_1/new/Cores_controller.vhd:594]
     3: Cores_Contr/i_5/i_821/I0 (GATE_2_2)
     4: Cores_Contr/i_5/i_1694/O[5] (CARRY8)
      [/ihp/departments/D-SYA/work/miglioranza/Encoder/Encoder.srcs/sources_1/new/Cores_controller.vhd:594]
     5: Cores_Contr/i_5/i_1694/S[5] (CARRY8)
     6: Cores_Contr/i_5/i_823/O (GATE_2_14_OR)
      [/ihp/departments/D-SYA/work/miglioranza/Encoder/Encoder.srcs/sources_1/new/Cores_controller.vhd:594]
CRITICAL WARNING: [Synth 8-295] found timing loop. [/ihp/departments/D-SYA/work/miglioranza/Encoder/Encoder.srcs/sources_1/new/Cores_controller.vhd:594]
Inferred a: "set_disable_timing -from I1 -to O Cores_Contr/i_5/i_823"
Found timing loop:
     0: Cores_Contr/i_5/i_820/O (GATE_2_14_OR)
      [/ihp/departments/D-SYA/work/miglioranza/Encoder/Encoder.srcs/sources_1/new/Cores_controller.vhd:594]
     1: Cores_Contr/i_5/i_820/I0 (GATE_2_14_OR)
     2: Cores_Contr/i_5/i_819/O (GATE_2_2)
      [/ihp/departments/D-SYA/work/miglioranza/Encoder/Encoder.srcs/sources_1/new/Cores_controller.vhd:594]
     3: Cores_Contr/i_5/i_819/I0 (GATE_2_2)
     4: Cores_Contr/i_5/i_1694/O[6] (CARRY8)
      [/ihp/departments/D-SYA/work/miglioranza/Encoder/Encoder.srcs/sources_1/new/Cores_controller.vhd:594]
     5: Cores_Contr/i_5/i_1694/S[6] (CARRY8)
     6: Cores_Contr/i_5/i_820/O (GATE_2_14_OR)
      [/ihp/departments/D-SYA/work/miglioranza/Encoder/Encoder.srcs/sources_1/new/Cores_controller.vhd:594]
CRITICAL WARNING: [Synth 8-295] found timing loop. [/ihp/departments/D-SYA/work/miglioranza/Encoder/Encoder.srcs/sources_1/new/Cores_controller.vhd:594]
Inferred a: "set_disable_timing -from I0 -to O Cores_Contr/i_5/i_820"
Found timing loop:
     0: Cores_Contr/i_5/i_817/O (GATE_2_14_OR)
      [/ihp/departments/D-SYA/work/miglioranza/Encoder/Encoder.srcs/sources_1/new/Cores_controller.vhd:594]
     1: Cores_Contr/i_5/i_817/I1 (GATE_2_14_OR)
     2: Cores_Contr/i_5/i_815/O (GATE_2_2)
      [/ihp/departments/D-SYA/work/miglioranza/Encoder/Encoder.srcs/sources_1/new/Cores_controller.vhd:594]
     3: Cores_Contr/i_5/i_815/I0 (GATE_2_2)
     4: Cores_Contr/i_5/i_1694/O[7] (CARRY8)
      [/ihp/departments/D-SYA/work/miglioranza/Encoder/Encoder.srcs/sources_1/new/Cores_controller.vhd:594]
     5: Cores_Contr/i_5/i_1694/S[7] (CARRY8)
     6: Cores_Contr/i_5/i_817/O (GATE_2_14_OR)
      [/ihp/departments/D-SYA/work/miglioranza/Encoder/Encoder.srcs/sources_1/new/Cores_controller.vhd:594]
CRITICAL WARNING: [Synth 8-295] found timing loop. [/ihp/departments/D-SYA/work/miglioranza/Encoder/Encoder.srcs/sources_1/new/Cores_controller.vhd:594]
Inferred a: "set_disable_timing -from I1 -to O Cores_Contr/i_5/i_817"
Found timing loop:
     0: Cores_Contr/i_5/i_811/O (GATE_2_14_OR)
      [/ihp/departments/D-SYA/work/miglioranza/Encoder/Encoder.srcs/sources_1/new/Cores_controller.vhd:594]
     1: Cores_Contr/i_5/i_811/I1 (GATE_2_14_OR)
     2: Cores_Contr/i_5/i_809/O (GATE_2_2)
      [/ihp/departments/D-SYA/work/miglioranza/Encoder/Encoder.srcs/sources_1/new/Cores_controller.vhd:594]
     3: Cores_Contr/i_5/i_809/I0 (GATE_2_2)
     4: Cores_Contr/i_5/i_1695/O[1] (CARRY8)
      [/ihp/departments/D-SYA/work/miglioranza/Encoder/Encoder.srcs/sources_1/new/Cores_controller.vhd:594]
     5: Cores_Contr/i_5/i_1695/S[1] (CARRY8)
     6: Cores_Contr/i_5/i_811/O (GATE_2_14_OR)
      [/ihp/departments/D-SYA/work/miglioranza/Encoder/Encoder.srcs/sources_1/new/Cores_controller.vhd:594]
CRITICAL WARNING: [Synth 8-295] found timing loop. [/ihp/departments/D-SYA/work/miglioranza/Encoder/Encoder.srcs/sources_1/new/Cores_controller.vhd:594]
Inferred a: "set_disable_timing -from I1 -to O Cores_Contr/i_5/i_811"
Found timing loop:
     0: Cores_Contr/i_5/i_808/O (GATE_2_14_OR)
      [/ihp/departments/D-SYA/work/miglioranza/Encoder/Encoder.srcs/sources_1/new/Cores_controller.vhd:594]
     1: Cores_Contr/i_5/i_808/I1 (GATE_2_14_OR)
     2: Cores_Contr/i_5/i_806/O (GATE_2_2)
      [/ihp/departments/D-SYA/work/miglioranza/Encoder/Encoder.srcs/sources_1/new/Cores_controller.vhd:594]
     3: Cores_Contr/i_5/i_806/I0 (GATE_2_2)
     4: Cores_Contr/i_5/i_1695/O[2] (CARRY8)
      [/ihp/departments/D-SYA/work/miglioranza/Encoder/Encoder.srcs/sources_1/new/Cores_controller.vhd:594]
     5: Cores_Contr/i_5/i_1695/S[2] (CARRY8)
     6: Cores_Contr/i_5/i_808/O (GATE_2_14_OR)
      [/ihp/departments/D-SYA/work/miglioranza/Encoder/Encoder.srcs/sources_1/new/Cores_controller.vhd:594]
CRITICAL WARNING: [Synth 8-295] found timing loop. [/ihp/departments/D-SYA/work/miglioranza/Encoder/Encoder.srcs/sources_1/new/Cores_controller.vhd:594]
Inferred a: "set_disable_timing -from I1 -to O Cores_Contr/i_5/i_808"
Found timing loop:
     0: Cores_Contr/i_5/i_805/O (GATE_2_14_OR)
      [/ihp/departments/D-SYA/work/miglioranza/Encoder/Encoder.srcs/sources_1/new/Cores_controller.vhd:594]
     1: Cores_Contr/i_5/i_805/I1 (GATE_2_14_OR)
     2: Cores_Contr/i_5/i_803/O (GATE_2_2)
      [/ihp/departments/D-SYA/work/miglioranza/Encoder/Encoder.srcs/sources_1/new/Cores_controller.vhd:594]
     3: Cores_Contr/i_5/i_803/I0 (GATE_2_2)
     4: Cores_Contr/i_5/i_1695/O[3] (CARRY8)
      [/ihp/departments/D-SYA/work/miglioranza/Encoder/Encoder.srcs/sources_1/new/Cores_controller.vhd:594]
     5: Cores_Contr/i_5/i_1695/S[3] (CARRY8)
     6: Cores_Contr/i_5/i_805/O (GATE_2_14_OR)
      [/ihp/departments/D-SYA/work/miglioranza/Encoder/Encoder.srcs/sources_1/new/Cores_controller.vhd:594]
CRITICAL WARNING: [Synth 8-295] found timing loop. [/ihp/departments/D-SYA/work/miglioranza/Encoder/Encoder.srcs/sources_1/new/Cores_controller.vhd:594]
Inferred a: "set_disable_timing -from I1 -to O Cores_Contr/i_5/i_805"
Found timing loop:
     0: Cores_Contr/i_5/i_802/O (GATE_2_14_OR)
      [/ihp/departments/D-SYA/work/miglioranza/Encoder/Encoder.srcs/sources_1/new/Cores_controller.vhd:594]
     1: Cores_Contr/i_5/i_802/I0 (GATE_2_14_OR)
     2: Cores_Contr/i_5/i_801/O (GATE_2_2)
      [/ihp/departments/D-SYA/work/miglioranza/Encoder/Encoder.srcs/sources_1/new/Cores_controller.vhd:594]
     3: Cores_Contr/i_5/i_801/I0 (GATE_2_2)
     4: Cores_Contr/i_5/i_1695/O[4] (CARRY8)
      [/ihp/departments/D-SYA/work/miglioranza/Encoder/Encoder.srcs/sources_1/new/Cores_controller.vhd:594]
     5: Cores_Contr/i_5/i_1695/S[4] (CARRY8)
     6: Cores_Contr/i_5/i_802/O (GATE_2_14_OR)
      [/ihp/departments/D-SYA/work/miglioranza/Encoder/Encoder.srcs/sources_1/new/Cores_controller.vhd:594]
CRITICAL WARNING: [Synth 8-295] found timing loop. [/ihp/departments/D-SYA/work/miglioranza/Encoder/Encoder.srcs/sources_1/new/Cores_controller.vhd:594]
Inferred a: "set_disable_timing -from I0 -to O Cores_Contr/i_5/i_802"
Found timing loop:
     0: Cores_Contr/i_5/i_799/O (GATE_2_14_OR)
      [/ihp/departments/D-SYA/work/miglioranza/Encoder/Encoder.srcs/sources_1/new/Cores_controller.vhd:594]
     1: Cores_Contr/i_5/i_799/I0 (GATE_2_14_OR)
     2: Cores_Contr/i_5/i_798/O (GATE_2_2)
      [/ihp/departments/D-SYA/work/miglioranza/Encoder/Encoder.srcs/sources_1/new/Cores_controller.vhd:594]
     3: Cores_Contr/i_5/i_798/I0 (GATE_2_2)
     4: Cores_Contr/i_5/i_1695/O[5] (CARRY8)
      [/ihp/departments/D-SYA/work/miglioranza/Encoder/Encoder.srcs/sources_1/new/Cores_controller.vhd:594]
     5: Cores_Contr/i_5/i_1695/S[5] (CARRY8)
     6: Cores_Contr/i_5/i_799/O (GATE_2_14_OR)
      [/ihp/departments/D-SYA/work/miglioranza/Encoder/Encoder.srcs/sources_1/new/Cores_controller.vhd:594]
CRITICAL WARNING: [Synth 8-295] found timing loop. [/ihp/departments/D-SYA/work/miglioranza/Encoder/Encoder.srcs/sources_1/new/Cores_controller.vhd:594]
Inferred a: "set_disable_timing -from I0 -to O Cores_Contr/i_5/i_799"
Found timing loop:
     0: Cores_Contr/i_5/i_796/O (GATE_2_14_OR)
      [/ihp/departments/D-SYA/work/miglioranza/Encoder/Encoder.srcs/sources_1/new/Cores_controller.vhd:594]
     1: Cores_Contr/i_5/i_796/I0 (GATE_2_14_OR)
     2: Cores_Contr/i_5/i_795/O (GATE_2_2)
      [/ihp/departments/D-SYA/work/miglioranza/Encoder/Encoder.srcs/sources_1/new/Cores_controller.vhd:594]
     3: Cores_Contr/i_5/i_795/I0 (GATE_2_2)
     4: Cores_Contr/i_5/i_1695/O[6] (CARRY8)
      [/ihp/departments/D-SYA/work/miglioranza/Encoder/Encoder.srcs/sources_1/new/Cores_controller.vhd:594]
     5: Cores_Contr/i_5/i_1695/S[6] (CARRY8)
     6: Cores_Contr/i_5/i_796/O (GATE_2_14_OR)
      [/ihp/departments/D-SYA/work/miglioranza/Encoder/Encoder.srcs/sources_1/new/Cores_controller.vhd:594]
CRITICAL WARNING: [Synth 8-295] found timing loop. [/ihp/departments/D-SYA/work/miglioranza/Encoder/Encoder.srcs/sources_1/new/Cores_controller.vhd:594]
Inferred a: "set_disable_timing -from I0 -to O Cores_Contr/i_5/i_796"
Found timing loop:
     0: Cores_Contr/i_5/i_793/O (GATE_2_14_OR)
      [/ihp/departments/D-SYA/work/miglioranza/Encoder/Encoder.srcs/sources_1/new/Cores_controller.vhd:594]
     1: Cores_Contr/i_5/i_793/I0 (GATE_2_14_OR)
     2: Cores_Contr/i_5/i_792/O (GATE_2_2)
      [/ihp/departments/D-SYA/work/miglioranza/Encoder/Encoder.srcs/sources_1/new/Cores_controller.vhd:594]
     3: Cores_Contr/i_5/i_792/I0 (GATE_2_2)
     4: Cores_Contr/i_5/i_1695/O[7] (CARRY8)
      [/ihp/departments/D-SYA/work/miglioranza/Encoder/Encoder.srcs/sources_1/new/Cores_controller.vhd:594]
     5: Cores_Contr/i_5/i_1695/S[7] (CARRY8)
     6: Cores_Contr/i_5/i_793/O (GATE_2_14_OR)
      [/ihp/departments/D-SYA/work/miglioranza/Encoder/Encoder.srcs/sources_1/new/Cores_controller.vhd:594]
CRITICAL WARNING: [Synth 8-295] found timing loop. [/ihp/departments/D-SYA/work/miglioranza/Encoder/Encoder.srcs/sources_1/new/Cores_controller.vhd:594]
Inferred a: "set_disable_timing -from I0 -to O Cores_Contr/i_5/i_793"
Found timing loop:
     0: Cores_Contr/i_5/i_787/O (GATE_2_14_OR)
      [/ihp/departments/D-SYA/work/miglioranza/Encoder/Encoder.srcs/sources_1/new/Cores_controller.vhd:594]
     1: Cores_Contr/i_5/i_787/I0 (GATE_2_14_OR)
     2: Cores_Contr/i_5/i_786/O (GATE_2_2)
      [/ihp/departments/D-SYA/work/miglioranza/Encoder/Encoder.srcs/sources_1/new/Cores_controller.vhd:594]
     3: Cores_Contr/i_5/i_786/I0 (GATE_2_2)
     4: Cores_Contr/i_5/i_1696/O[1] (CARRY8)
      [/ihp/departments/D-SYA/work/miglioranza/Encoder/Encoder.srcs/sources_1/new/Cores_controller.vhd:594]
     5: Cores_Contr/i_5/i_1696/S[1] (CARRY8)
     6: Cores_Contr/i_5/i_787/O (GATE_2_14_OR)
      [/ihp/departments/D-SYA/work/miglioranza/Encoder/Encoder.srcs/sources_1/new/Cores_controller.vhd:594]
CRITICAL WARNING: [Synth 8-295] found timing loop. [/ihp/departments/D-SYA/work/miglioranza/Encoder/Encoder.srcs/sources_1/new/Cores_controller.vhd:594]
INFO: [Common 17-14] Message 'Synth 8-295' appears 100 times and further instances of the messages will be disabled. Use the Tcl command set_msg_config to change the current settings.
Inferred a: "set_disable_timing -from I0 -to O Cores_Contr/i_5/i_787"
Found timing loop:
     0: Cores_Contr/i_5/i_784/O (GATE_2_14_OR)
      [/ihp/departments/D-SYA/work/miglioranza/Encoder/Encoder.srcs/sources_1/new/Cores_controller.vhd:594]
     1: Cores_Contr/i_5/i_784/I0 (GATE_2_14_OR)
     2: Cores_Contr/i_5/i_783/O (GATE_2_2)
      [/ihp/departments/D-SYA/work/miglioranza/Encoder/Encoder.srcs/sources_1/new/Cores_controller.vhd:594]
     3: Cores_Contr/i_5/i_783/I0 (GATE_2_2)
     4: Cores_Contr/i_5/i_1696/O[2] (CARRY8)
      [/ihp/departments/D-SYA/work/miglioranza/Encoder/Encoder.srcs/sources_1/new/Cores_controller.vhd:594]
     5: Cores_Contr/i_5/i_1696/S[2] (CARRY8)
     6: Cores_Contr/i_5/i_784/O (GATE_2_14_OR)
      [/ihp/departments/D-SYA/work/miglioranza/Encoder/Encoder.srcs/sources_1/new/Cores_controller.vhd:594]
Inferred a: "set_disable_timing -from I0 -to O Cores_Contr/i_5/i_784"
Found timing loop:
     0: Cores_Contr/i_5/i_1696/O[3] (CARRY8)
      [/ihp/departments/D-SYA/work/miglioranza/Encoder/Encoder.srcs/sources_1/new/Cores_controller.vhd:594]
     1: Cores_Contr/i_5/i_1696/S[3] (CARRY8)
     2: Cores_Contr/i_5/i_781/O (GATE_2_14_OR)
      [/ihp/departments/D-SYA/work/miglioranza/Encoder/Encoder.srcs/sources_1/new/Cores_controller.vhd:594]
     3: Cores_Contr/i_5/i_781/I0 (GATE_2_14_OR)
     4: Cores_Contr/i_5/i_780/O (GATE_2_2)
      [/ihp/departments/D-SYA/work/miglioranza/Encoder/Encoder.srcs/sources_1/new/Cores_controller.vhd:594]
     5: Cores_Contr/i_5/i_780/I0 (GATE_2_2)
     6: Cores_Contr/i_5/i_1696/O[3] (CARRY8)
      [/ihp/departments/D-SYA/work/miglioranza/Encoder/Encoder.srcs/sources_1/new/Cores_controller.vhd:594]
Inferred a: "set_disable_timing -from S[3] -to O[3] Cores_Contr/i_5/i_1696"
Found timing loop:
     0: Cores_Contr/i_5/i_778/O (GATE_2_14_OR)
      [/ihp/departments/D-SYA/work/miglioranza/Encoder/Encoder.srcs/sources_1/new/Cores_controller.vhd:594]
     1: Cores_Contr/i_5/i_778/I0 (GATE_2_14_OR)
     2: Cores_Contr/i_5/i_777/O (GATE_2_2)
      [/ihp/departments/D-SYA/work/miglioranza/Encoder/Encoder.srcs/sources_1/new/Cores_controller.vhd:594]
     3: Cores_Contr/i_5/i_777/I0 (GATE_2_2)
     4: Cores_Contr/i_5/i_1696/O[4] (CARRY8)
      [/ihp/departments/D-SYA/work/miglioranza/Encoder/Encoder.srcs/sources_1/new/Cores_controller.vhd:594]
     5: Cores_Contr/i_5/i_1696/S[4] (CARRY8)
     6: Cores_Contr/i_5/i_778/O (GATE_2_14_OR)
      [/ihp/departments/D-SYA/work/miglioranza/Encoder/Encoder.srcs/sources_1/new/Cores_controller.vhd:594]
Inferred a: "set_disable_timing -from I0 -to O Cores_Contr/i_5/i_778"
Found timing loop:
     0: Cores_Contr/i_5/i_1696/O[5] (CARRY8)
      [/ihp/departments/D-SYA/work/miglioranza/Encoder/Encoder.srcs/sources_1/new/Cores_controller.vhd:594]
     1: Cores_Contr/i_5/i_1696/S[5] (CARRY8)
     2: Cores_Contr/i_5/i_775/O (GATE_2_14_OR)
      [/ihp/departments/D-SYA/work/miglioranza/Encoder/Encoder.srcs/sources_1/new/Cores_controller.vhd:594]
     3: Cores_Contr/i_5/i_775/I1 (GATE_2_14_OR)
     4: Cores_Contr/i_5/i_773/O (GATE_2_2)
      [/ihp/departments/D-SYA/work/miglioranza/Encoder/Encoder.srcs/sources_1/new/Cores_controller.vhd:594]
     5: Cores_Contr/i_5/i_773/I0 (GATE_2_2)
     6: Cores_Contr/i_5/i_1696/O[5] (CARRY8)
      [/ihp/departments/D-SYA/work/miglioranza/Encoder/Encoder.srcs/sources_1/new/Cores_controller.vhd:594]
Inferred a: "set_disable_timing -from S[5] -to O[5] Cores_Contr/i_5/i_1696"
Found timing loop:
     0: Cores_Contr/i_5/i_766/O (GATE_2_14_OR)
      [/ihp/departments/D-SYA/work/miglioranza/Encoder/Encoder.srcs/sources_1/new/Cores_controller.vhd:594]
     1: Cores_Contr/i_5/i_766/I0 (GATE_2_14_OR)
     2: Cores_Contr/i_5/i_765/O (GATE_2_8_AND)
      [/ihp/departments/D-SYA/work/miglioranza/Encoder/Encoder.srcs/sources_1/new/Cores_controller.vhd:594]
     3: Cores_Contr/i_5/i_765/I0 (GATE_2_8_AND)
     4: Cores_Contr/i_5/i_1697/O[0] (CARRY8)
      [/ihp/departments/D-SYA/work/miglioranza/Encoder/Encoder.srcs/sources_1/new/Cores_controller.vhd:594]
     5: Cores_Contr/i_5/i_1697/S[0] (CARRY8)
     6: Cores_Contr/i_5/i_766/O (GATE_2_14_OR)
      [/ihp/departments/D-SYA/work/miglioranza/Encoder/Encoder.srcs/sources_1/new/Cores_controller.vhd:594]
Inferred a: "set_disable_timing -from I0 -to O Cores_Contr/i_5/i_766"
Found timing loop:
     0: Cores_Contr/i_5/i_772/O (GATE_2_14_OR)
      [/ihp/departments/D-SYA/work/miglioranza/Encoder/Encoder.srcs/sources_1/new/Cores_controller.vhd:594]
     1: Cores_Contr/i_5/i_772/I1 (GATE_2_14_OR)
     2: Cores_Contr/i_5/i_770/O (GATE_2_2)
      [/ihp/departments/D-SYA/work/miglioranza/Encoder/Encoder.srcs/sources_1/new/Cores_controller.vhd:594]
     3: Cores_Contr/i_5/i_770/I0 (GATE_2_2)
     4: Cores_Contr/i_5/i_1696/O[6] (CARRY8)
      [/ihp/departments/D-SYA/work/miglioranza/Encoder/Encoder.srcs/sources_1/new/Cores_controller.vhd:594]
     5: Cores_Contr/i_5/i_1696/S[6] (CARRY8)
     6: Cores_Contr/i_5/i_772/O (GATE_2_14_OR)
      [/ihp/departments/D-SYA/work/miglioranza/Encoder/Encoder.srcs/sources_1/new/Cores_controller.vhd:594]
Inferred a: "set_disable_timing -from I1 -to O Cores_Contr/i_5/i_772"
Found timing loop:
     0: Cores_Contr/i_5/i_769/O (GATE_2_14_OR)
      [/ihp/departments/D-SYA/work/miglioranza/Encoder/Encoder.srcs/sources_1/new/Cores_controller.vhd:594]
     1: Cores_Contr/i_5/i_769/I0 (GATE_2_14_OR)
     2: Cores_Contr/i_5/i_768/O (GATE_2_2)
      [/ihp/departments/D-SYA/work/miglioranza/Encoder/Encoder.srcs/sources_1/new/Cores_controller.vhd:594]
     3: Cores_Contr/i_5/i_768/I0 (GATE_2_2)
     4: Cores_Contr/i_5/i_1696/O[7] (CARRY8)
      [/ihp/departments/D-SYA/work/miglioranza/Encoder/Encoder.srcs/sources_1/new/Cores_controller.vhd:594]
     5: Cores_Contr/i_5/i_1696/S[7] (CARRY8)
     6: Cores_Contr/i_5/i_769/O (GATE_2_14_OR)
      [/ihp/departments/D-SYA/work/miglioranza/Encoder/Encoder.srcs/sources_1/new/Cores_controller.vhd:594]
Inferred a: "set_disable_timing -from I0 -to O Cores_Contr/i_5/i_769"
Found timing loop:
     0: Cores_Contr/i_5/i_350/O (GATE_2_2)
      [/ihp/departments/D-SYA/work/miglioranza/Encoder/Encoder.srcs/sources_1/new/Cores_controller.vhd:594]
     1: Cores_Contr/i_5/i_350/O (GATE_2_2)
Found timing loop:
     0: Cores_Contr/i_5/i_763/O (GATE_2_14_OR)
      [/ihp/departments/D-SYA/work/miglioranza/Encoder/Encoder.srcs/sources_1/new/Cores_controller.vhd:594]
     1: Cores_Contr/i_5/i_763/I1 (GATE_2_14_OR)
     2: Cores_Contr/i_5/i_761/O (GATE_2_2)
      [/ihp/departments/D-SYA/work/miglioranza/Encoder/Encoder.srcs/sources_1/new/Cores_controller.vhd:594]
     3: Cores_Contr/i_5/i_761/I0 (GATE_2_2)
     4: Cores_Contr/i_5/i_1697/O[1] (CARRY8)
      [/ihp/departments/D-SYA/work/miglioranza/Encoder/Encoder.srcs/sources_1/new/Cores_controller.vhd:594]
     5: Cores_Contr/i_5/i_1697/S[1] (CARRY8)
     6: Cores_Contr/i_5/i_763/O (GATE_2_14_OR)
      [/ihp/departments/D-SYA/work/miglioranza/Encoder/Encoder.srcs/sources_1/new/Cores_controller.vhd:594]
Inferred a: "set_disable_timing -from I1 -to O Cores_Contr/i_5/i_763"
Found timing loop:
     0: Cores_Contr/i_5/i_760/O (GATE_2_14_OR)
      [/ihp/departments/D-SYA/work/miglioranza/Encoder/Encoder.srcs/sources_1/new/Cores_controller.vhd:594]
     1: Cores_Contr/i_5/i_760/I1 (GATE_2_14_OR)
     2: Cores_Contr/i_5/i_758/O (GATE_2_2)
      [/ihp/departments/D-SYA/work/miglioranza/Encoder/Encoder.srcs/sources_1/new/Cores_controller.vhd:594]
     3: Cores_Contr/i_5/i_758/I0 (GATE_2_2)
     4: Cores_Contr/i_5/i_1697/O[2] (CARRY8)
      [/ihp/departments/D-SYA/work/miglioranza/Encoder/Encoder.srcs/sources_1/new/Cores_controller.vhd:594]
     5: Cores_Contr/i_5/i_1697/S[2] (CARRY8)
     6: Cores_Contr/i_5/i_760/O (GATE_2_14_OR)
      [/ihp/departments/D-SYA/work/miglioranza/Encoder/Encoder.srcs/sources_1/new/Cores_controller.vhd:594]
Inferred a: "set_disable_timing -from I1 -to O Cores_Contr/i_5/i_760"
Found timing loop:
     0: Cores_Contr/i_5/i_757/O (GATE_2_14_OR)
      [/ihp/departments/D-SYA/work/miglioranza/Encoder/Encoder.srcs/sources_1/new/Cores_controller.vhd:594]
     1: Cores_Contr/i_5/i_757/I0 (GATE_2_14_OR)
     2: Cores_Contr/i_5/i_756/O (GATE_2_8_AND)
      [/ihp/departments/D-SYA/work/miglioranza/Encoder/Encoder.srcs/sources_1/new/Cores_controller.vhd:594]
     3: Cores_Contr/i_5/i_756/I0 (GATE_2_8_AND)
     4: Cores_Contr/i_5/i_1697/O[3] (CARRY8)
      [/ihp/departments/D-SYA/work/miglioranza/Encoder/Encoder.srcs/sources_1/new/Cores_controller.vhd:594]
     5: Cores_Contr/i_5/i_1697/S[3] (CARRY8)
     6: Cores_Contr/i_5/i_757/O (GATE_2_14_OR)
      [/ihp/departments/D-SYA/work/miglioranza/Encoder/Encoder.srcs/sources_1/new/Cores_controller.vhd:594]
Inferred a: "set_disable_timing -from I0 -to O Cores_Contr/i_5/i_757"
Found timing loop:
     0: Cores_Contr/i_5/i_350/O (GATE_2_2)
      [/ihp/departments/D-SYA/work/miglioranza/Encoder/Encoder.srcs/sources_1/new/Cores_controller.vhd:594]
     1: Cores_Contr/i_5/i_350/O (GATE_2_2)
Found timing loop:
     0: Cores_Contr/i_5/i_754/O (GATE_2_14_OR)
      [/ihp/departments/D-SYA/work/miglioranza/Encoder/Encoder.srcs/sources_1/new/Cores_controller.vhd:594]
     1: Cores_Contr/i_5/i_754/I0 (GATE_2_14_OR)
     2: Cores_Contr/i_5/i_753/O (GATE_2_2)
      [/ihp/departments/D-SYA/work/miglioranza/Encoder/Encoder.srcs/sources_1/new/Cores_controller.vhd:594]
     3: Cores_Contr/i_5/i_753/I0 (GATE_2_2)
     4: Cores_Contr/i_5/i_1697/O[4] (CARRY8)
      [/ihp/departments/D-SYA/work/miglioranza/Encoder/Encoder.srcs/sources_1/new/Cores_controller.vhd:594]
     5: Cores_Contr/i_5/i_1697/S[4] (CARRY8)
     6: Cores_Contr/i_5/i_754/O (GATE_2_14_OR)
      [/ihp/departments/D-SYA/work/miglioranza/Encoder/Encoder.srcs/sources_1/new/Cores_controller.vhd:594]
Inferred a: "set_disable_timing -from I0 -to O Cores_Contr/i_5/i_754"
Found timing loop:
     0: Cores_Contr/i_5/i_1697/O[5] (CARRY8)
      [/ihp/departments/D-SYA/work/miglioranza/Encoder/Encoder.srcs/sources_1/new/Cores_controller.vhd:594]
     1: Cores_Contr/i_5/i_1697/S[5] (CARRY8)
     2: Cores_Contr/i_5/i_751/O (GATE_2_14_OR)
      [/ihp/departments/D-SYA/work/miglioranza/Encoder/Encoder.srcs/sources_1/new/Cores_controller.vhd:594]
     3: Cores_Contr/i_5/i_751/I1 (GATE_2_14_OR)
     4: Cores_Contr/i_5/i_749/O (GATE_2_2)
      [/ihp/departments/D-SYA/work/miglioranza/Encoder/Encoder.srcs/sources_1/new/Cores_controller.vhd:594]
     5: Cores_Contr/i_5/i_749/I0 (GATE_2_2)
     6: Cores_Contr/i_5/i_1697/O[5] (CARRY8)
      [/ihp/departments/D-SYA/work/miglioranza/Encoder/Encoder.srcs/sources_1/new/Cores_controller.vhd:594]
Inferred a: "set_disable_timing -from S[5] -to O[5] Cores_Contr/i_5/i_1697"
Found timing loop:
     0: Cores_Contr/i_5/i_748/O (GATE_2_14_OR)
      [/ihp/departments/D-SYA/work/miglioranza/Encoder/Encoder.srcs/sources_1/new/Cores_controller.vhd:594]
     1: Cores_Contr/i_5/i_748/I1 (GATE_2_14_OR)
     2: Cores_Contr/i_5/i_746/O (GATE_2_2)
      [/ihp/departments/D-SYA/work/miglioranza/Encoder/Encoder.srcs/sources_1/new/Cores_controller.vhd:594]
     3: Cores_Contr/i_5/i_746/I0 (GATE_2_2)
     4: Cores_Contr/i_5/i_1697/O[6] (CARRY8)
      [/ihp/departments/D-SYA/work/miglioranza/Encoder/Encoder.srcs/sources_1/new/Cores_controller.vhd:594]
     5: Cores_Contr/i_5/i_1697/S[6] (CARRY8)
     6: Cores_Contr/i_5/i_748/O (GATE_2_14_OR)
      [/ihp/departments/D-SYA/work/miglioranza/Encoder/Encoder.srcs/sources_1/new/Cores_controller.vhd:594]
Inferred a: "set_disable_timing -from I1 -to O Cores_Contr/i_5/i_748"
Found timing loop:
     0: Cores_Contr/i_5/i_1697/O[7] (CARRY8)
      [/ihp/departments/D-SYA/work/miglioranza/Encoder/Encoder.srcs/sources_1/new/Cores_controller.vhd:594]
     1: Cores_Contr/i_5/i_1697/S[7] (CARRY8)
     2: Cores_Contr/i_5/i_745/O (GATE_2_14_OR)
      [/ihp/departments/D-SYA/work/miglioranza/Encoder/Encoder.srcs/sources_1/new/Cores_controller.vhd:594]
     3: Cores_Contr/i_5/i_745/I1 (GATE_2_14_OR)
     4: Cores_Contr/i_5/i_743/O (GATE_2_2)
      [/ihp/departments/D-SYA/work/miglioranza/Encoder/Encoder.srcs/sources_1/new/Cores_controller.vhd:594]
     5: Cores_Contr/i_5/i_743/I0 (GATE_2_2)
     6: Cores_Contr/i_5/i_1697/O[7] (CARRY8)
      [/ihp/departments/D-SYA/work/miglioranza/Encoder/Encoder.srcs/sources_1/new/Cores_controller.vhd:594]
Inferred a: "set_disable_timing -from S[7] -to O[7] Cores_Contr/i_5/i_1697"
Found timing loop:
     0: Cores_Contr/i_5/i_350/O (GATE_2_2)
      [/ihp/departments/D-SYA/work/miglioranza/Encoder/Encoder.srcs/sources_1/new/Cores_controller.vhd:594]
     1: Cores_Contr/i_5/i_350/O (GATE_2_2)
Found timing loop:
     0: Cores_Contr/i_5/i_447/O (GATE_2_14_OR)
      [/ihp/departments/D-SYA/work/miglioranza/Encoder/Encoder.srcs/sources_1/new/Cores_controller.vhd:594]
     1: Cores_Contr/i_5/i_447/I0 (GATE_2_14_OR)
     2: Cores_Contr/i_5/i_446/O (GATE_2_2)
      [/ihp/departments/D-SYA/work/miglioranza/Encoder/Encoder.srcs/sources_1/new/Cores_controller.vhd:594]
     3: Cores_Contr/i_5/i_446/I0 (GATE_2_2)
     4: Cores_Contr/i_5/i_449/O (BUF)
      [/ihp/departments/D-SYA/work/miglioranza/Encoder/Encoder.srcs/sources_1/new/Cores_controller.vhd:594]
     5: Cores_Contr/i_5/i_449/I (BUF)
     6: Cores_Contr/i_5/i_448/O (GATE_2_2)
      [/ihp/departments/D-SYA/work/miglioranza/Encoder/Encoder.srcs/sources_1/new/Cores_controller.vhd:594]
     7: Cores_Contr/i_5/i_448/I0 (GATE_2_2)
     8: Cores_Contr/i_5/i_447/O (GATE_2_14_OR)
      [/ihp/departments/D-SYA/work/miglioranza/Encoder/Encoder.srcs/sources_1/new/Cores_controller.vhd:594]
Inferred a: "set_disable_timing -from I0 -to O Cores_Contr/i_5/i_447"
Found timing loop:
     0: Cores_Contr/i_5/i_391/O (GATE_2_2)
      [/ihp/departments/D-SYA/work/miglioranza/Encoder/Encoder.srcs/sources_1/new/Cores_controller.vhd:594]
     1: Cores_Contr/i_5/i_391/I0 (GATE_2_2)
     2: Cores_Contr/i_5/i_390/O (GATE_2_14_OR)
      [/ihp/departments/D-SYA/work/miglioranza/Encoder/Encoder.srcs/sources_1/new/Cores_controller.vhd:594]
     3: Cores_Contr/i_5/i_390/I0 (GATE_2_14_OR)
     4: Cores_Contr/i_5/i_392/O (BUF)
      [/ihp/departments/D-SYA/work/miglioranza/Encoder/Encoder.srcs/sources_1/new/Cores_controller.vhd:594]
     5: Cores_Contr/i_5/i_392/I (BUF)
     6: Cores_Contr/i_5/i_391/O (GATE_2_2)
      [/ihp/departments/D-SYA/work/miglioranza/Encoder/Encoder.srcs/sources_1/new/Cores_controller.vhd:594]
Inferred a: "set_disable_timing -from I0 -to O Cores_Contr/i_5/i_391"
Found timing loop:
     0: Cores_Contr/i_5/i_447/O (GATE_2_14_OR)
      [/ihp/departments/D-SYA/work/miglioranza/Encoder/Encoder.srcs/sources_1/new/Cores_controller.vhd:594]
     1: Cores_Contr/i_5/i_447/O (GATE_2_14_OR)
Found timing loop:
     0: Cores_Contr/i_5/i_395/O (GATE_2_7_NAND)
      [/ihp/departments/D-SYA/work/miglioranza/Encoder/Encoder.srcs/sources_1/new/Cores_controller.vhd:594]
     1: Cores_Contr/i_5/i_395/I0 (GATE_2_7_NAND)
     2: Cores_Contr/i_5/i_391/O (GATE_2_2)
      [/ihp/departments/D-SYA/work/miglioranza/Encoder/Encoder.srcs/sources_1/new/Cores_controller.vhd:594]
     3: Cores_Contr/i_5/i_391/I1 (GATE_2_2)
     4: Cores_Contr/i_5/i_388/O (GATE_2_11)
      [/ihp/departments/D-SYA/work/miglioranza/Encoder/Encoder.srcs/sources_1/new/Cores_controller.vhd:594]
     5: Cores_Contr/i_5/i_388/I1 (GATE_2_11)
     6: Cores_Contr/i_5/i_396/O (BUF)
      [/ihp/departments/D-SYA/work/miglioranza/Encoder/Encoder.srcs/sources_1/new/Cores_controller.vhd:594]
     7: Cores_Contr/i_5/i_396/I (BUF)
     8: Cores_Contr/i_5/i_395/O (GATE_2_7_NAND)
      [/ihp/departments/D-SYA/work/miglioranza/Encoder/Encoder.srcs/sources_1/new/Cores_controller.vhd:594]
Inferred a: "set_disable_timing -from I0 -to O Cores_Contr/i_5/i_395"
Found timing loop:
     0: Cores_Contr/i_5/i_447/O (GATE_2_14_OR)
      [/ihp/departments/D-SYA/work/miglioranza/Encoder/Encoder.srcs/sources_1/new/Cores_controller.vhd:594]
     1: Cores_Contr/i_5/i_447/O (GATE_2_14_OR)
Found timing loop:
     0: Cores_Contr/i_5/i_843/O (GATE_2_2)
      [/ihp/departments/D-SYA/work/miglioranza/Encoder/Encoder.srcs/sources_1/new/Cores_controller.vhd:594]
     1: Cores_Contr/i_5/i_843/I1 (GATE_2_2)
     2: Cores_Contr/i_5/i_839/O (GATE_2_2)
      [/ihp/departments/D-SYA/work/miglioranza/Encoder/Encoder.srcs/sources_1/new/Cores_controller.vhd:594]
     3: Cores_Contr/i_5/i_839/I0 (GATE_2_2)
     4: Cores_Contr/i_5/i_1698/O[0] (CARRY8)
      [/ihp/departments/D-SYA/work/miglioranza/Encoder/Encoder.srcs/sources_1/new/Cores_controller.vhd:594]
     5: Cores_Contr/i_5/i_1698/S[0] (CARRY8)
     6: Cores_Contr/i_5/i_843/O (GATE_2_2)
      [/ihp/departments/D-SYA/work/miglioranza/Encoder/Encoder.srcs/sources_1/new/Cores_controller.vhd:594]
Inferred a: "set_disable_timing -from I1 -to O Cores_Contr/i_5/i_843"
Found timing loop:
     0: Cores_Contr/i_5/i_446/O (GATE_2_2)
      [/ihp/departments/D-SYA/work/miglioranza/Encoder/Encoder.srcs/sources_1/new/Cores_controller.vhd:594]
     1: Cores_Contr/i_5/i_446/I0 (GATE_2_2)
     2: Cores_Contr/i_5/i_449/O (BUF)
      [/ihp/departments/D-SYA/work/miglioranza/Encoder/Encoder.srcs/sources_1/new/Cores_controller.vhd:594]
     3: Cores_Contr/i_5/i_449/I (BUF)
     4: Cores_Contr/i_5/i_448/O (GATE_2_2)
      [/ihp/departments/D-SYA/work/miglioranza/Encoder/Encoder.srcs/sources_1/new/Cores_controller.vhd:594]
     5: Cores_Contr/i_5/i_448/I0 (GATE_2_2)
     6: Cores_Contr/i_5/i_447/O (GATE_2_14_OR)
      [/ihp/departments/D-SYA/work/miglioranza/Encoder/Encoder.srcs/sources_1/new/Cores_controller.vhd:594]
     7: Cores_Contr/i_5/i_447/O (GATE_2_14_OR)
Inferred a: "set_disable_timing -from I0 -to O Cores_Contr/i_5/i_446"
Found timing loop:
     0: Cores_Contr/i_5/i_427/O (GATE_2_2)
      [/ihp/departments/D-SYA/work/miglioranza/Encoder/Encoder.srcs/sources_1/new/Cores_controller.vhd:594]
     1: Cores_Contr/i_5/i_427/I0 (GATE_2_2)
     2: Cores_Contr/i_5/i_426/O (GATE_2_2)
      [/ihp/departments/D-SYA/work/miglioranza/Encoder/Encoder.srcs/sources_1/new/Cores_controller.vhd:594]
     3: Cores_Contr/i_5/i_426/I0 (GATE_2_2)
     4: Cores_Contr/i_5/i_425/O (GATE_2_2)
      [/ihp/departments/D-SYA/work/miglioranza/Encoder/Encoder.srcs/sources_1/new/Cores_controller.vhd:594]
     5: Cores_Contr/i_5/i_425/I0 (GATE_2_2)
     6: Cores_Contr/i_5/i_424/O (GATE_2_2)
      [/ihp/departments/D-SYA/work/miglioranza/Encoder/Encoder.srcs/sources_1/new/Cores_controller.vhd:594]
     7: Cores_Contr/i_5/i_424/I0 (GATE_2_2)
     8: Cores_Contr/i_5/i_423/O (GATE_2_2)
      [/ihp/departments/D-SYA/work/miglioranza/Encoder/Encoder.srcs/sources_1/new/Cores_controller.vhd:594]
     9: Cores_Contr/i_5/i_423/I0 (GATE_2_2)
    10: Cores_Contr/i_5/i_1698/O[3] (CARRY8)
      [/ihp/departments/D-SYA/work/miglioranza/Encoder/Encoder.srcs/sources_1/new/Cores_controller.vhd:594]
    11: Cores_Contr/i_5/i_1698/S[0] (CARRY8)
    12: Cores_Contr/i_5/i_843/O (GATE_2_2)
      [/ihp/departments/D-SYA/work/miglioranza/Encoder/Encoder.srcs/sources_1/new/Cores_controller.vhd:594]
    13: Cores_Contr/i_5/i_843/O (GATE_2_2)
Inferred a: "set_disable_timing -from I0 -to O Cores_Contr/i_5/i_427"
Found timing loop:
     0: Cores_Contr/i_5/i_936/O (GATE_2_14_OR)
      [/ihp/departments/D-SYA/work/miglioranza/Encoder/Encoder.srcs/sources_1/new/Cores_controller.vhd:594]
     1: Cores_Contr/i_5/i_936/I1 (GATE_2_14_OR)
     2: Cores_Contr/i_5/i_934/O (GATE_2_2)
      [/ihp/departments/D-SYA/work/miglioranza/Encoder/Encoder.srcs/sources_1/new/Cores_controller.vhd:594]
     3: Cores_Contr/i_5/i_934/I0 (GATE_2_2)
     4: Cores_Contr/i_5/i_1698/O[1] (CARRY8)
      [/ihp/departments/D-SYA/work/miglioranza/Encoder/Encoder.srcs/sources_1/new/Cores_controller.vhd:594]
     5: Cores_Contr/i_5/i_1698/S[1] (CARRY8)
     6: Cores_Contr/i_5/i_936/O (GATE_2_14_OR)
      [/ihp/departments/D-SYA/work/miglioranza/Encoder/Encoder.srcs/sources_1/new/Cores_controller.vhd:594]
Inferred a: "set_disable_timing -from I1 -to O Cores_Contr/i_5/i_936"
Found timing loop:
     0: Cores_Contr/i_5/i_933/O (GATE_2_14_OR)
      [/ihp/departments/D-SYA/work/miglioranza/Encoder/Encoder.srcs/sources_1/new/Cores_controller.vhd:594]
     1: Cores_Contr/i_5/i_933/I1 (GATE_2_14_OR)
     2: Cores_Contr/i_5/i_931/O (GATE_2_2)
      [/ihp/departments/D-SYA/work/miglioranza/Encoder/Encoder.srcs/sources_1/new/Cores_controller.vhd:594]
     3: Cores_Contr/i_5/i_931/I0 (GATE_2_2)
     4: Cores_Contr/i_5/i_1698/O[2] (CARRY8)
      [/ihp/departments/D-SYA/work/miglioranza/Encoder/Encoder.srcs/sources_1/new/Cores_controller.vhd:594]
     5: Cores_Contr/i_5/i_1698/S[2] (CARRY8)
     6: Cores_Contr/i_5/i_933/O (GATE_2_14_OR)
      [/ihp/departments/D-SYA/work/miglioranza/Encoder/Encoder.srcs/sources_1/new/Cores_controller.vhd:594]
Inferred a: "set_disable_timing -from I1 -to O Cores_Contr/i_5/i_933"
Found timing loop:
     0: Cores_Contr/i_5/i_1698/O[3] (CARRY8)
      [/ihp/departments/D-SYA/work/miglioranza/Encoder/Encoder.srcs/sources_1/new/Cores_controller.vhd:594]
     1: Cores_Contr/i_5/i_1698/S[3] (CARRY8)
     2: Cores_Contr/i_5/i_930/O (GATE_2_14_OR)
      [/ihp/departments/D-SYA/work/miglioranza/Encoder/Encoder.srcs/sources_1/new/Cores_controller.vhd:594]
     3: Cores_Contr/i_5/i_930/I1 (GATE_2_14_OR)
     4: Cores_Contr/i_5/i_928/O (GATE_2_2)
      [/ihp/departments/D-SYA/work/miglioranza/Encoder/Encoder.srcs/sources_1/new/Cores_controller.vhd:594]
     5: Cores_Contr/i_5/i_928/I0 (GATE_2_2)
     6: Cores_Contr/i_5/i_1698/O[3] (CARRY8)
      [/ihp/departments/D-SYA/work/miglioranza/Encoder/Encoder.srcs/sources_1/new/Cores_controller.vhd:594]
Inferred a: "set_disable_timing -from S[3] -to O[3] Cores_Contr/i_5/i_1698"
Found timing loop:
     0: Cores_Contr/i_5/i_1699/O[0] (CARRY8)
      [/ihp/departments/D-SYA/work/miglioranza/Encoder/Encoder.srcs/sources_1/new/Cores_controller.vhd:594]
     1: Cores_Contr/i_5/i_1699/S[0] (CARRY8)
     2: Cores_Contr/i_5/i_915/O (GATE_2_14_OR)
      [/ihp/departments/D-SYA/work/miglioranza/Encoder/Encoder.srcs/sources_1/new/Cores_controller.vhd:594]
     3: Cores_Contr/i_5/i_915/I0 (GATE_2_14_OR)
     4: Cores_Contr/i_5/i_914/O (GATE_2_2)
      [/ihp/departments/D-SYA/work/miglioranza/Encoder/Encoder.srcs/sources_1/new/Cores_controller.vhd:594]
     5: Cores_Contr/i_5/i_914/I0 (GATE_2_2)
     6: Cores_Contr/i_5/i_1699/O[0] (CARRY8)
      [/ihp/departments/D-SYA/work/miglioranza/Encoder/Encoder.srcs/sources_1/new/Cores_controller.vhd:594]
Inferred a: "set_disable_timing -from S[0] -to O[0] Cores_Contr/i_5/i_1699"
Found timing loop:
     0: Cores_Contr/i_5/i_927/O (GATE_2_14_OR)
      [/ihp/departments/D-SYA/work/miglioranza/Encoder/Encoder.srcs/sources_1/new/Cores_controller.vhd:594]
     1: Cores_Contr/i_5/i_927/I1 (GATE_2_14_OR)
     2: Cores_Contr/i_5/i_925/O (GATE_2_2)
      [/ihp/departments/D-SYA/work/miglioranza/Encoder/Encoder.srcs/sources_1/new/Cores_controller.vhd:594]
     3: Cores_Contr/i_5/i_925/I0 (GATE_2_2)
     4: Cores_Contr/i_5/i_1698/O[4] (CARRY8)
      [/ihp/departments/D-SYA/work/miglioranza/Encoder/Encoder.srcs/sources_1/new/Cores_controller.vhd:594]
     5: Cores_Contr/i_5/i_1698/S[4] (CARRY8)
     6: Cores_Contr/i_5/i_927/O (GATE_2_14_OR)
      [/ihp/departments/D-SYA/work/miglioranza/Encoder/Encoder.srcs/sources_1/new/Cores_controller.vhd:594]
Inferred a: "set_disable_timing -from I1 -to O Cores_Contr/i_5/i_927"
Found timing loop:
     0: Cores_Contr/i_5/i_924/O (GATE_2_14_OR)
      [/ihp/departments/D-SYA/work/miglioranza/Encoder/Encoder.srcs/sources_1/new/Cores_controller.vhd:594]
     1: Cores_Contr/i_5/i_924/I1 (GATE_2_14_OR)
     2: Cores_Contr/i_5/i_922/O (GATE_2_2)
      [/ihp/departments/D-SYA/work/miglioranza/Encoder/Encoder.srcs/sources_1/new/Cores_controller.vhd:594]
     3: Cores_Contr/i_5/i_922/I0 (GATE_2_2)
     4: Cores_Contr/i_5/i_1698/O[5] (CARRY8)
      [/ihp/departments/D-SYA/work/miglioranza/Encoder/Encoder.srcs/sources_1/new/Cores_controller.vhd:594]
     5: Cores_Contr/i_5/i_1698/S[5] (CARRY8)
     6: Cores_Contr/i_5/i_924/O (GATE_2_14_OR)
      [/ihp/departments/D-SYA/work/miglioranza/Encoder/Encoder.srcs/sources_1/new/Cores_controller.vhd:594]
Inferred a: "set_disable_timing -from I1 -to O Cores_Contr/i_5/i_924"
Found timing loop:
     0: Cores_Contr/i_5/i_921/O (GATE_2_14_OR)
      [/ihp/departments/D-SYA/work/miglioranza/Encoder/Encoder.srcs/sources_1/new/Cores_controller.vhd:594]
     1: Cores_Contr/i_5/i_921/I0 (GATE_2_14_OR)
     2: Cores_Contr/i_5/i_920/O (GATE_2_2)
      [/ihp/departments/D-SYA/work/miglioranza/Encoder/Encoder.srcs/sources_1/new/Cores_controller.vhd:594]
     3: Cores_Contr/i_5/i_920/I0 (GATE_2_2)
     4: Cores_Contr/i_5/i_1698/O[6] (CARRY8)
      [/ihp/departments/D-SYA/work/miglioranza/Encoder/Encoder.srcs/sources_1/new/Cores_controller.vhd:594]
     5: Cores_Contr/i_5/i_1698/S[6] (CARRY8)
     6: Cores_Contr/i_5/i_921/O (GATE_2_14_OR)
      [/ihp/departments/D-SYA/work/miglioranza/Encoder/Encoder.srcs/sources_1/new/Cores_controller.vhd:594]
Inferred a: "set_disable_timing -from I0 -to O Cores_Contr/i_5/i_921"
Found timing loop:
     0: Cores_Contr/i_5/i_918/O (GATE_2_14_OR)
      [/ihp/departments/D-SYA/work/miglioranza/Encoder/Encoder.srcs/sources_1/new/Cores_controller.vhd:594]
     1: Cores_Contr/i_5/i_918/I1 (GATE_2_14_OR)
     2: Cores_Contr/i_5/i_916/O (GATE_2_2)
      [/ihp/departments/D-SYA/work/miglioranza/Encoder/Encoder.srcs/sources_1/new/Cores_controller.vhd:594]
     3: Cores_Contr/i_5/i_916/I0 (GATE_2_2)
     4: Cores_Contr/i_5/i_1698/O[7] (CARRY8)
      [/ihp/departments/D-SYA/work/miglioranza/Encoder/Encoder.srcs/sources_1/new/Cores_controller.vhd:594]
     5: Cores_Contr/i_5/i_1698/S[7] (CARRY8)
     6: Cores_Contr/i_5/i_918/O (GATE_2_14_OR)
      [/ihp/departments/D-SYA/work/miglioranza/Encoder/Encoder.srcs/sources_1/new/Cores_controller.vhd:594]
Inferred a: "set_disable_timing -from I1 -to O Cores_Contr/i_5/i_918"
Found timing loop:
     0: Cores_Contr/i_5/i_912/O (GATE_2_14_OR)
      [/ihp/departments/D-SYA/work/miglioranza/Encoder/Encoder.srcs/sources_1/new/Cores_controller.vhd:594]
     1: Cores_Contr/i_5/i_912/I1 (GATE_2_14_OR)
     2: Cores_Contr/i_5/i_910/O (GATE_2_2)
      [/ihp/departments/D-SYA/work/miglioranza/Encoder/Encoder.srcs/sources_1/new/Cores_controller.vhd:594]
     3: Cores_Contr/i_5/i_910/I0 (GATE_2_2)
     4: Cores_Contr/i_5/i_1699/O[1] (CARRY8)
      [/ihp/departments/D-SYA/work/miglioranza/Encoder/Encoder.srcs/sources_1/new/Cores_controller.vhd:594]
     5: Cores_Contr/i_5/i_1699/S[1] (CARRY8)
     6: Cores_Contr/i_5/i_912/O (GATE_2_14_OR)
      [/ihp/departments/D-SYA/work/miglioranza/Encoder/Encoder.srcs/sources_1/new/Cores_controller.vhd:594]
Inferred a: "set_disable_timing -from I1 -to O Cores_Contr/i_5/i_912"
Found timing loop:
     0: Cores_Contr/i_5/i_909/O (GATE_2_14_OR)
      [/ihp/departments/D-SYA/work/miglioranza/Encoder/Encoder.srcs/sources_1/new/Cores_controller.vhd:594]
     1: Cores_Contr/i_5/i_909/I1 (GATE_2_14_OR)
     2: Cores_Contr/i_5/i_907/O (GATE_2_2)
      [/ihp/departments/D-SYA/work/miglioranza/Encoder/Encoder.srcs/sources_1/new/Cores_controller.vhd:594]
     3: Cores_Contr/i_5/i_907/I0 (GATE_2_2)
     4: Cores_Contr/i_5/i_1699/O[2] (CARRY8)
      [/ihp/departments/D-SYA/work/miglioranza/Encoder/Encoder.srcs/sources_1/new/Cores_controller.vhd:594]
     5: Cores_Contr/i_5/i_1699/S[2] (CARRY8)
     6: Cores_Contr/i_5/i_909/O (GATE_2_14_OR)
      [/ihp/departments/D-SYA/work/miglioranza/Encoder/Encoder.srcs/sources_1/new/Cores_controller.vhd:594]
Inferred a: "set_disable_timing -from I1 -to O Cores_Contr/i_5/i_909"
Found timing loop:
     0: Cores_Contr/i_5/i_906/O (GATE_2_14_OR)
      [/ihp/departments/D-SYA/work/miglioranza/Encoder/Encoder.srcs/sources_1/new/Cores_controller.vhd:594]
     1: Cores_Contr/i_5/i_906/I0 (GATE_2_14_OR)
     2: Cores_Contr/i_5/i_905/O (GATE_2_2)
      [/ihp/departments/D-SYA/work/miglioranza/Encoder/Encoder.srcs/sources_1/new/Cores_controller.vhd:594]
     3: Cores_Contr/i_5/i_905/I0 (GATE_2_2)
     4: Cores_Contr/i_5/i_1699/O[3] (CARRY8)
      [/ihp/departments/D-SYA/work/miglioranza/Encoder/Encoder.srcs/sources_1/new/Cores_controller.vhd:594]
     5: Cores_Contr/i_5/i_1699/S[3] (CARRY8)
     6: Cores_Contr/i_5/i_906/O (GATE_2_14_OR)
      [/ihp/departments/D-SYA/work/miglioranza/Encoder/Encoder.srcs/sources_1/new/Cores_controller.vhd:594]
Inferred a: "set_disable_timing -from I0 -to O Cores_Contr/i_5/i_906"
Found timing loop:
     0: Cores_Contr/i_5/i_903/O (GATE_2_14_OR)
      [/ihp/departments/D-SYA/work/miglioranza/Encoder/Encoder.srcs/sources_1/new/Cores_controller.vhd:594]
     1: Cores_Contr/i_5/i_903/I1 (GATE_2_14_OR)
     2: Cores_Contr/i_5/i_901/O (GATE_2_2)
      [/ihp/departments/D-SYA/work/miglioranza/Encoder/Encoder.srcs/sources_1/new/Cores_controller.vhd:594]
     3: Cores_Contr/i_5/i_901/I0 (GATE_2_2)
     4: Cores_Contr/i_5/i_1699/O[4] (CARRY8)
      [/ihp/departments/D-SYA/work/miglioranza/Encoder/Encoder.srcs/sources_1/new/Cores_controller.vhd:594]
     5: Cores_Contr/i_5/i_1699/S[4] (CARRY8)
     6: Cores_Contr/i_5/i_903/O (GATE_2_14_OR)
      [/ihp/departments/D-SYA/work/miglioranza/Encoder/Encoder.srcs/sources_1/new/Cores_controller.vhd:594]
Inferred a: "set_disable_timing -from I1 -to O Cores_Contr/i_5/i_903"
Found timing loop:
     0: Cores_Contr/i_5/i_900/O (GATE_2_14_OR)
      [/ihp/departments/D-SYA/work/miglioranza/Encoder/Encoder.srcs/sources_1/new/Cores_controller.vhd:594]
     1: Cores_Contr/i_5/i_900/I1 (GATE_2_14_OR)
     2: Cores_Contr/i_5/i_898/O (GATE_2_2)
      [/ihp/departments/D-SYA/work/miglioranza/Encoder/Encoder.srcs/sources_1/new/Cores_controller.vhd:594]
     3: Cores_Contr/i_5/i_898/I0 (GATE_2_2)
     4: Cores_Contr/i_5/i_1699/O[5] (CARRY8)
      [/ihp/departments/D-SYA/work/miglioranza/Encoder/Encoder.srcs/sources_1/new/Cores_controller.vhd:594]
     5: Cores_Contr/i_5/i_1699/S[5] (CARRY8)
     6: Cores_Contr/i_5/i_900/O (GATE_2_14_OR)
      [/ihp/departments/D-SYA/work/miglioranza/Encoder/Encoder.srcs/sources_1/new/Cores_controller.vhd:594]
Inferred a: "set_disable_timing -from I1 -to O Cores_Contr/i_5/i_900"
Found timing loop:
     0: Cores_Contr/i_5/i_1699/O[6] (CARRY8)
      [/ihp/departments/D-SYA/work/miglioranza/Encoder/Encoder.srcs/sources_1/new/Cores_controller.vhd:594]
     1: Cores_Contr/i_5/i_1699/S[6] (CARRY8)
     2: Cores_Contr/i_5/i_897/O (GATE_2_14_OR)
      [/ihp/departments/D-SYA/work/miglioranza/Encoder/Encoder.srcs/sources_1/new/Cores_controller.vhd:594]
     3: Cores_Contr/i_5/i_897/I1 (GATE_2_14_OR)
     4: Cores_Contr/i_5/i_895/O (GATE_2_2)
      [/ihp/departments/D-SYA/work/miglioranza/Encoder/Encoder.srcs/sources_1/new/Cores_controller.vhd:594]
     5: Cores_Contr/i_5/i_895/I0 (GATE_2_2)
     6: Cores_Contr/i_5/i_1699/O[6] (CARRY8)
      [/ihp/departments/D-SYA/work/miglioranza/Encoder/Encoder.srcs/sources_1/new/Cores_controller.vhd:594]
Inferred a: "set_disable_timing -from S[6] -to O[6] Cores_Contr/i_5/i_1699"
Found timing loop:
     0: Cores_Contr/i_5/i_1700/O[0] (CARRY8)
      [/ihp/departments/D-SYA/work/miglioranza/Encoder/Encoder.srcs/sources_1/new/Cores_controller.vhd:594]
     1: Cores_Contr/i_5/i_1700/S[0] (CARRY8)
     2: Cores_Contr/i_5/i_891/O (GATE_2_14_OR)
      [/ihp/departments/D-SYA/work/miglioranza/Encoder/Encoder.srcs/sources_1/new/Cores_controller.vhd:594]
     3: Cores_Contr/i_5/i_891/I1 (GATE_2_14_OR)
     4: Cores_Contr/i_5/i_889/O (GATE_2_2)
      [/ihp/departments/D-SYA/work/miglioranza/Encoder/Encoder.srcs/sources_1/new/Cores_controller.vhd:594]
     5: Cores_Contr/i_5/i_889/I0 (GATE_2_2)
     6: Cores_Contr/i_5/i_1700/O[0] (CARRY8)
      [/ihp/departments/D-SYA/work/miglioranza/Encoder/Encoder.srcs/sources_1/new/Cores_controller.vhd:594]
Inferred a: "set_disable_timing -from S[0] -to O[0] Cores_Contr/i_5/i_1700"
Found timing loop:
     0: Cores_Contr/i_5/i_894/O (GATE_2_14_OR)
      [/ihp/departments/D-SYA/work/miglioranza/Encoder/Encoder.srcs/sources_1/new/Cores_controller.vhd:594]
     1: Cores_Contr/i_5/i_894/I1 (GATE_2_14_OR)
     2: Cores_Contr/i_5/i_892/O (GATE_2_2)
      [/ihp/departments/D-SYA/work/miglioranza/Encoder/Encoder.srcs/sources_1/new/Cores_controller.vhd:594]
     3: Cores_Contr/i_5/i_892/I0 (GATE_2_2)
     4: Cores_Contr/i_5/i_1699/O[7] (CARRY8)
      [/ihp/departments/D-SYA/work/miglioranza/Encoder/Encoder.srcs/sources_1/new/Cores_controller.vhd:594]
     5: Cores_Contr/i_5/i_1699/S[7] (CARRY8)
     6: Cores_Contr/i_5/i_894/O (GATE_2_14_OR)
      [/ihp/departments/D-SYA/work/miglioranza/Encoder/Encoder.srcs/sources_1/new/Cores_controller.vhd:594]
Inferred a: "set_disable_timing -from I1 -to O Cores_Contr/i_5/i_894"
Found timing loop:
     0: Cores_Contr/i_5/i_888/O (GATE_2_14_OR)
      [/ihp/departments/D-SYA/work/miglioranza/Encoder/Encoder.srcs/sources_1/new/Cores_controller.vhd:594]
     1: Cores_Contr/i_5/i_888/I1 (GATE_2_14_OR)
     2: Cores_Contr/i_5/i_886/O (GATE_2_2)
      [/ihp/departments/D-SYA/work/miglioranza/Encoder/Encoder.srcs/sources_1/new/Cores_controller.vhd:594]
     3: Cores_Contr/i_5/i_886/I0 (GATE_2_2)
     4: Cores_Contr/i_5/i_1700/O[1] (CARRY8)
      [/ihp/departments/D-SYA/work/miglioranza/Encoder/Encoder.srcs/sources_1/new/Cores_controller.vhd:594]
     5: Cores_Contr/i_5/i_1700/S[1] (CARRY8)
     6: Cores_Contr/i_5/i_888/O (GATE_2_14_OR)
      [/ihp/departments/D-SYA/work/miglioranza/Encoder/Encoder.srcs/sources_1/new/Cores_controller.vhd:594]
Inferred a: "set_disable_timing -from I1 -to O Cores_Contr/i_5/i_888"
Found timing loop:
     0: Cores_Contr/i_5/i_885/O (GATE_2_14_OR)
      [/ihp/departments/D-SYA/work/miglioranza/Encoder/Encoder.srcs/sources_1/new/Cores_controller.vhd:594]
     1: Cores_Contr/i_5/i_885/I0 (GATE_2_14_OR)
     2: Cores_Contr/i_5/i_884/O (GATE_2_2)
      [/ihp/departments/D-SYA/work/miglioranza/Encoder/Encoder.srcs/sources_1/new/Cores_controller.vhd:594]
     3: Cores_Contr/i_5/i_884/I0 (GATE_2_2)
     4: Cores_Contr/i_5/i_1700/O[2] (CARRY8)
      [/ihp/departments/D-SYA/work/miglioranza/Encoder/Encoder.srcs/sources_1/new/Cores_controller.vhd:594]
     5: Cores_Contr/i_5/i_1700/S[2] (CARRY8)
     6: Cores_Contr/i_5/i_885/O (GATE_2_14_OR)
      [/ihp/departments/D-SYA/work/miglioranza/Encoder/Encoder.srcs/sources_1/new/Cores_controller.vhd:594]
Inferred a: "set_disable_timing -from I0 -to O Cores_Contr/i_5/i_885"
Found timing loop:
     0: Cores_Contr/i_5/i_882/O (GATE_2_14_OR)
      [/ihp/departments/D-SYA/work/miglioranza/Encoder/Encoder.srcs/sources_1/new/Cores_controller.vhd:594]
     1: Cores_Contr/i_5/i_882/I0 (GATE_2_14_OR)
     2: Cores_Contr/i_5/i_881/O (GATE_2_2)
      [/ihp/departments/D-SYA/work/miglioranza/Encoder/Encoder.srcs/sources_1/new/Cores_controller.vhd:594]
     3: Cores_Contr/i_5/i_881/I0 (GATE_2_2)
     4: Cores_Contr/i_5/i_1700/O[3] (CARRY8)
      [/ihp/departments/D-SYA/work/miglioranza/Encoder/Encoder.srcs/sources_1/new/Cores_controller.vhd:594]
     5: Cores_Contr/i_5/i_1700/S[3] (CARRY8)
     6: Cores_Contr/i_5/i_882/O (GATE_2_14_OR)
      [/ihp/departments/D-SYA/work/miglioranza/Encoder/Encoder.srcs/sources_1/new/Cores_controller.vhd:594]
Inferred a: "set_disable_timing -from I0 -to O Cores_Contr/i_5/i_882"
Found timing loop:
     0: Cores_Contr/i_5/i_1700/O[4] (CARRY8)
      [/ihp/departments/D-SYA/work/miglioranza/Encoder/Encoder.srcs/sources_1/new/Cores_controller.vhd:594]
     1: Cores_Contr/i_5/i_1700/S[4] (CARRY8)
     2: Cores_Contr/i_5/i_879/O (GATE_2_14_OR)
      [/ihp/departments/D-SYA/work/miglioranza/Encoder/Encoder.srcs/sources_1/new/Cores_controller.vhd:594]
     3: Cores_Contr/i_5/i_879/I0 (GATE_2_14_OR)
     4: Cores_Contr/i_5/i_878/O (GATE_2_2)
      [/ihp/departments/D-SYA/work/miglioranza/Encoder/Encoder.srcs/sources_1/new/Cores_controller.vhd:594]
     5: Cores_Contr/i_5/i_878/I0 (GATE_2_2)
     6: Cores_Contr/i_5/i_1700/O[4] (CARRY8)
      [/ihp/departments/D-SYA/work/miglioranza/Encoder/Encoder.srcs/sources_1/new/Cores_controller.vhd:594]
Inferred a: "set_disable_timing -from S[4] -to O[4] Cores_Contr/i_5/i_1700"
Found timing loop:
     0: Cores_Contr/i_5/i_876/O (GATE_2_14_OR)
      [/ihp/departments/D-SYA/work/miglioranza/Encoder/Encoder.srcs/sources_1/new/Cores_controller.vhd:594]
     1: Cores_Contr/i_5/i_876/I0 (GATE_2_14_OR)
     2: Cores_Contr/i_5/i_875/O (GATE_2_2)
      [/ihp/departments/D-SYA/work/miglioranza/Encoder/Encoder.srcs/sources_1/new/Cores_controller.vhd:594]
     3: Cores_Contr/i_5/i_875/I0 (GATE_2_2)
     4: Cores_Contr/i_5/i_1700/O[5] (CARRY8)
      [/ihp/departments/D-SYA/work/miglioranza/Encoder/Encoder.srcs/sources_1/new/Cores_controller.vhd:594]
     5: Cores_Contr/i_5/i_1700/S[5] (CARRY8)
     6: Cores_Contr/i_5/i_876/O (GATE_2_14_OR)
      [/ihp/departments/D-SYA/work/miglioranza/Encoder/Encoder.srcs/sources_1/new/Cores_controller.vhd:594]
Inferred a: "set_disable_timing -from I0 -to O Cores_Contr/i_5/i_876"
Found timing loop:
     0: Cores_Contr/i_5/i_1700/O[6] (CARRY8)
      [/ihp/departments/D-SYA/work/miglioranza/Encoder/Encoder.srcs/sources_1/new/Cores_controller.vhd:594]
     1: Cores_Contr/i_5/i_1700/S[6] (CARRY8)
     2: Cores_Contr/i_5/i_873/O (GATE_2_14_OR)
      [/ihp/departments/D-SYA/work/miglioranza/Encoder/Encoder.srcs/sources_1/new/Cores_controller.vhd:594]
     3: Cores_Contr/i_5/i_873/I0 (GATE_2_14_OR)
     4: Cores_Contr/i_5/i_872/O (GATE_2_2)
      [/ihp/departments/D-SYA/work/miglioranza/Encoder/Encoder.srcs/sources_1/new/Cores_controller.vhd:594]
     5: Cores_Contr/i_5/i_872/I0 (GATE_2_2)
     6: Cores_Contr/i_5/i_1700/O[6] (CARRY8)
      [/ihp/departments/D-SYA/work/miglioranza/Encoder/Encoder.srcs/sources_1/new/Cores_controller.vhd:594]
Inferred a: "set_disable_timing -from S[6] -to O[6] Cores_Contr/i_5/i_1700"
Found timing loop:
     0: Cores_Contr/i_5/i_867/O (GATE_2_14_OR)
      [/ihp/departments/D-SYA/work/miglioranza/Encoder/Encoder.srcs/sources_1/new/Cores_controller.vhd:594]
     1: Cores_Contr/i_5/i_867/I0 (GATE_2_14_OR)
     2: Cores_Contr/i_5/i_866/O (GATE_2_8_AND)
      [/ihp/departments/D-SYA/work/miglioranza/Encoder/Encoder.srcs/sources_1/new/Cores_controller.vhd:594]
     3: Cores_Contr/i_5/i_866/I0 (GATE_2_8_AND)
     4: Cores_Contr/i_5/i_1701/O[0] (CARRY8)
      [/ihp/departments/D-SYA/work/miglioranza/Encoder/Encoder.srcs/sources_1/new/Cores_controller.vhd:594]
     5: Cores_Contr/i_5/i_1701/S[0] (CARRY8)
     6: Cores_Contr/i_5/i_867/O (GATE_2_14_OR)
      [/ihp/departments/D-SYA/work/miglioranza/Encoder/Encoder.srcs/sources_1/new/Cores_controller.vhd:594]
Inferred a: "set_disable_timing -from I0 -to O Cores_Contr/i_5/i_867"
Found timing loop:
     0: Cores_Contr/i_5/i_870/O (GATE_2_14_OR)
      [/ihp/departments/D-SYA/work/miglioranza/Encoder/Encoder.srcs/sources_1/new/Cores_controller.vhd:594]
     1: Cores_Contr/i_5/i_870/I0 (GATE_2_14_OR)
     2: Cores_Contr/i_5/i_869/O (GATE_2_2)
      [/ihp/departments/D-SYA/work/miglioranza/Encoder/Encoder.srcs/sources_1/new/Cores_controller.vhd:594]
     3: Cores_Contr/i_5/i_869/I0 (GATE_2_2)
     4: Cores_Contr/i_5/i_1700/O[7] (CARRY8)
      [/ihp/departments/D-SYA/work/miglioranza/Encoder/Encoder.srcs/sources_1/new/Cores_controller.vhd:594]
     5: Cores_Contr/i_5/i_1700/S[7] (CARRY8)
     6: Cores_Contr/i_5/i_870/O (GATE_2_14_OR)
      [/ihp/departments/D-SYA/work/miglioranza/Encoder/Encoder.srcs/sources_1/new/Cores_controller.vhd:594]
Inferred a: "set_disable_timing -from I0 -to O Cores_Contr/i_5/i_870"
Found timing loop:
     0: Cores_Contr/i_5/i_446/O (GATE_2_2)
      [/ihp/departments/D-SYA/work/miglioranza/Encoder/Encoder.srcs/sources_1/new/Cores_controller.vhd:594]
     1: Cores_Contr/i_5/i_446/O (GATE_2_2)
Found timing loop:
     0: Cores_Contr/i_5/i_864/O (GATE_2_14_OR)
      [/ihp/departments/D-SYA/work/miglioranza/Encoder/Encoder.srcs/sources_1/new/Cores_controller.vhd:594]
     1: Cores_Contr/i_5/i_864/I0 (GATE_2_14_OR)
     2: Cores_Contr/i_5/i_863/O (GATE_2_2)
      [/ihp/departments/D-SYA/work/miglioranza/Encoder/Encoder.srcs/sources_1/new/Cores_controller.vhd:594]
     3: Cores_Contr/i_5/i_863/I0 (GATE_2_2)
     4: Cores_Contr/i_5/i_1701/O[1] (CARRY8)
      [/ihp/departments/D-SYA/work/miglioranza/Encoder/Encoder.srcs/sources_1/new/Cores_controller.vhd:594]
     5: Cores_Contr/i_5/i_1701/S[1] (CARRY8)
     6: Cores_Contr/i_5/i_864/O (GATE_2_14_OR)
      [/ihp/departments/D-SYA/work/miglioranza/Encoder/Encoder.srcs/sources_1/new/Cores_controller.vhd:594]
Inferred a: "set_disable_timing -from I0 -to O Cores_Contr/i_5/i_864"
Found timing loop:
     0: Cores_Contr/i_5/i_861/O (GATE_2_14_OR)
      [/ihp/departments/D-SYA/work/miglioranza/Encoder/Encoder.srcs/sources_1/new/Cores_controller.vhd:594]
     1: Cores_Contr/i_5/i_861/I0 (GATE_2_14_OR)
     2: Cores_Contr/i_5/i_860/O (GATE_2_2)
      [/ihp/departments/D-SYA/work/miglioranza/Encoder/Encoder.srcs/sources_1/new/Cores_controller.vhd:594]
     3: Cores_Contr/i_5/i_860/I0 (GATE_2_2)
     4: Cores_Contr/i_5/i_1701/O[2] (CARRY8)
      [/ihp/departments/D-SYA/work/miglioranza/Encoder/Encoder.srcs/sources_1/new/Cores_controller.vhd:594]
     5: Cores_Contr/i_5/i_1701/S[2] (CARRY8)
     6: Cores_Contr/i_5/i_861/O (GATE_2_14_OR)
      [/ihp/departments/D-SYA/work/miglioranza/Encoder/Encoder.srcs/sources_1/new/Cores_controller.vhd:594]
Inferred a: "set_disable_timing -from I0 -to O Cores_Contr/i_5/i_861"
Found timing loop:
     0: Cores_Contr/i_5/i_858/O (GATE_2_14_OR)
      [/ihp/departments/D-SYA/work/miglioranza/Encoder/Encoder.srcs/sources_1/new/Cores_controller.vhd:594]
     1: Cores_Contr/i_5/i_858/I0 (GATE_2_14_OR)
     2: Cores_Contr/i_5/i_857/O (GATE_2_8_AND)
      [/ihp/departments/D-SYA/work/miglioranza/Encoder/Encoder.srcs/sources_1/new/Cores_controller.vhd:594]
     3: Cores_Contr/i_5/i_857/I0 (GATE_2_8_AND)
     4: Cores_Contr/i_5/i_1701/O[3] (CARRY8)
      [/ihp/departments/D-SYA/work/miglioranza/Encoder/Encoder.srcs/sources_1/new/Cores_controller.vhd:594]
     5: Cores_Contr/i_5/i_1701/S[3] (CARRY8)
     6: Cores_Contr/i_5/i_858/O (GATE_2_14_OR)
      [/ihp/departments/D-SYA/work/miglioranza/Encoder/Encoder.srcs/sources_1/new/Cores_controller.vhd:594]
Inferred a: "set_disable_timing -from I0 -to O Cores_Contr/i_5/i_858"
Found timing loop:
     0: Cores_Contr/i_5/i_446/O (GATE_2_2)
      [/ihp/departments/D-SYA/work/miglioranza/Encoder/Encoder.srcs/sources_1/new/Cores_controller.vhd:594]
     1: Cores_Contr/i_5/i_446/O (GATE_2_2)
Found timing loop:
     0: Cores_Contr/i_5/i_1701/O[4] (CARRY8)
      [/ihp/departments/D-SYA/work/miglioranza/Encoder/Encoder.srcs/sources_1/new/Cores_controller.vhd:594]
     1: Cores_Contr/i_5/i_1701/S[4] (CARRY8)
     2: Cores_Contr/i_5/i_855/O (GATE_2_14_OR)
      [/ihp/departments/D-SYA/work/miglioranza/Encoder/Encoder.srcs/sources_1/new/Cores_controller.vhd:594]
     3: Cores_Contr/i_5/i_855/I0 (GATE_2_14_OR)
     4: Cores_Contr/i_5/i_854/O (GATE_2_2)
      [/ihp/departments/D-SYA/work/miglioranza/Encoder/Encoder.srcs/sources_1/new/Cores_controller.vhd:594]
     5: Cores_Contr/i_5/i_854/I0 (GATE_2_2)
     6: Cores_Contr/i_5/i_1701/O[4] (CARRY8)
      [/ihp/departments/D-SYA/work/miglioranza/Encoder/Encoder.srcs/sources_1/new/Cores_controller.vhd:594]
Inferred a: "set_disable_timing -from S[4] -to O[4] Cores_Contr/i_5/i_1701"
Found timing loop:
     0: Cores_Contr/i_5/i_1701/O[5] (CARRY8)
      [/ihp/departments/D-SYA/work/miglioranza/Encoder/Encoder.srcs/sources_1/new/Cores_controller.vhd:594]
     1: Cores_Contr/i_5/i_1701/S[5] (CARRY8)
     2: Cores_Contr/i_5/i_852/O (GATE_2_14_OR)
      [/ihp/departments/D-SYA/work/miglioranza/Encoder/Encoder.srcs/sources_1/new/Cores_controller.vhd:594]
     3: Cores_Contr/i_5/i_852/I0 (GATE_2_14_OR)
     4: Cores_Contr/i_5/i_851/O (GATE_2_2)
      [/ihp/departments/D-SYA/work/miglioranza/Encoder/Encoder.srcs/sources_1/new/Cores_controller.vhd:594]
     5: Cores_Contr/i_5/i_851/I0 (GATE_2_2)
     6: Cores_Contr/i_5/i_1701/O[5] (CARRY8)
      [/ihp/departments/D-SYA/work/miglioranza/Encoder/Encoder.srcs/sources_1/new/Cores_controller.vhd:594]
Inferred a: "set_disable_timing -from S[5] -to O[5] Cores_Contr/i_5/i_1701"
Found timing loop:
     0: Cores_Contr/i_5/i_849/O (GATE_2_14_OR)
      [/ihp/departments/D-SYA/work/miglioranza/Encoder/Encoder.srcs/sources_1/new/Cores_controller.vhd:594]
     1: Cores_Contr/i_5/i_849/I0 (GATE_2_14_OR)
     2: Cores_Contr/i_5/i_848/O (GATE_2_2)
      [/ihp/departments/D-SYA/work/miglioranza/Encoder/Encoder.srcs/sources_1/new/Cores_controller.vhd:594]
     3: Cores_Contr/i_5/i_848/I0 (GATE_2_2)
     4: Cores_Contr/i_5/i_1701/O[6] (CARRY8)
      [/ihp/departments/D-SYA/work/miglioranza/Encoder/Encoder.srcs/sources_1/new/Cores_controller.vhd:594]
     5: Cores_Contr/i_5/i_1701/S[6] (CARRY8)
     6: Cores_Contr/i_5/i_849/O (GATE_2_14_OR)
      [/ihp/departments/D-SYA/work/miglioranza/Encoder/Encoder.srcs/sources_1/new/Cores_controller.vhd:594]
Inferred a: "set_disable_timing -from I0 -to O Cores_Contr/i_5/i_849"
Found timing loop:
     0: Cores_Contr/i_5/i_1701/O[7] (CARRY8)
      [/ihp/departments/D-SYA/work/miglioranza/Encoder/Encoder.srcs/sources_1/new/Cores_controller.vhd:594]
     1: Cores_Contr/i_5/i_1701/S[7] (CARRY8)
     2: Cores_Contr/i_5/i_846/O (GATE_2_14_OR)
      [/ihp/departments/D-SYA/work/miglioranza/Encoder/Encoder.srcs/sources_1/new/Cores_controller.vhd:594]
     3: Cores_Contr/i_5/i_846/I0 (GATE_2_14_OR)
     4: Cores_Contr/i_5/i_845/O (GATE_2_2)
      [/ihp/departments/D-SYA/work/miglioranza/Encoder/Encoder.srcs/sources_1/new/Cores_controller.vhd:594]
     5: Cores_Contr/i_5/i_845/I0 (GATE_2_2)
     6: Cores_Contr/i_5/i_1701/O[7] (CARRY8)
      [/ihp/departments/D-SYA/work/miglioranza/Encoder/Encoder.srcs/sources_1/new/Cores_controller.vhd:594]
Inferred a: "set_disable_timing -from S[7] -to O[7] Cores_Contr/i_5/i_1701"
Found timing loop:
     0: Cores_Contr/i_5/i_447/O (GATE_2_14_OR)
      [/ihp/departments/D-SYA/work/miglioranza/Encoder/Encoder.srcs/sources_1/new/Cores_controller.vhd:594]
     1: Cores_Contr/i_5/i_447/I1 (GATE_2_14_OR)
     2: Cores_Contr/i_5/i_445/O (GATE_2_2)
      [/ihp/departments/D-SYA/work/miglioranza/Encoder/Encoder.srcs/sources_1/new/Cores_controller.vhd:594]
     3: Cores_Contr/i_5/i_445/I1 (GATE_2_2)
     4: Cores_Contr/i_5/i_428/O (GATE_2_7_NAND)
      [/ihp/departments/D-SYA/work/miglioranza/Encoder/Encoder.srcs/sources_1/new/Cores_controller.vhd:594]
     5: Cores_Contr/i_5/i_428/I0 (GATE_2_7_NAND)
     6: Cores_Contr/i_5/i_451/O (GATE_2_2)
      [/ihp/departments/D-SYA/work/miglioranza/Encoder/Encoder.srcs/sources_1/new/Cores_controller.vhd:594]
     7: Cores_Contr/i_5/i_451/I1 (GATE_2_2)
     8: Cores_Contr/i_5/i_447/O (GATE_2_14_OR)
      [/ihp/departments/D-SYA/work/miglioranza/Encoder/Encoder.srcs/sources_1/new/Cores_controller.vhd:594]
Inferred a: "set_disable_timing -from I1 -to O Cores_Contr/i_5/i_447"
Found timing loop:
     0: Cores_Contr/i_5/i_637/O (GATE_2_14_OR)
      [/ihp/departments/D-SYA/work/miglioranza/Encoder/Encoder.srcs/sources_1/new/Cores_controller.vhd:594]
     1: Cores_Contr/i_5/i_637/I0 (GATE_2_14_OR)
     2: Cores_Contr/i_5/i_636/O (GATE_2_2)
      [/ihp/departments/D-SYA/work/miglioranza/Encoder/Encoder.srcs/sources_1/new/Cores_controller.vhd:594]
     3: Cores_Contr/i_5/i_636/I0 (GATE_2_2)
     4: Cores_Contr/i_5/i_638/O (GATE_2_2)
      [/ihp/departments/D-SYA/work/miglioranza/Encoder/Encoder.srcs/sources_1/new/Cores_controller.vhd:594]
     5: Cores_Contr/i_5/i_638/I0 (GATE_2_2)
     6: Cores_Contr/i_5/i_637/O (GATE_2_14_OR)
      [/ihp/departments/D-SYA/work/miglioranza/Encoder/Encoder.srcs/sources_1/new/Cores_controller.vhd:594]
Inferred a: "set_disable_timing -from I0 -to O Cores_Contr/i_5/i_637"
Found timing loop:
     0: Cores_Contr/i_5/i_1089/O (GATE_2_14_OR)
      [/ihp/departments/D-SYA/work/miglioranza/Encoder/Encoder.srcs/sources_1/new/Cores_controller.vhd:594]
     1: Cores_Contr/i_5/i_1089/I0 (GATE_2_14_OR)
     2: Cores_Contr/i_5/i_1088/O (GATE_2_2)
      [/ihp/departments/D-SYA/work/miglioranza/Encoder/Encoder.srcs/sources_1/new/Cores_controller.vhd:594]
     3: Cores_Contr/i_5/i_1088/I0 (GATE_2_2)
     4: Cores_Contr/i_5/i_1714/O[0] (CARRY8)
      [/ihp/departments/D-SYA/work/miglioranza/Encoder/Encoder.srcs/sources_1/new/Cores_controller.vhd:594]
     5: Cores_Contr/i_5/i_1714/S[0] (CARRY8)
     6: Cores_Contr/i_5/i_1089/O (GATE_2_14_OR)
      [/ihp/departments/D-SYA/work/miglioranza/Encoder/Encoder.srcs/sources_1/new/Cores_controller.vhd:594]
Inferred a: "set_disable_timing -from I0 -to O Cores_Contr/i_5/i_1089"
Found timing loop:
     0: Cores_Contr/i_5/i_1113/O (GATE_2_14_OR)
      [/ihp/departments/D-SYA/work/miglioranza/Encoder/Encoder.srcs/sources_1/new/Cores_controller.vhd:594]
     1: Cores_Contr/i_5/i_1113/I0 (GATE_2_14_OR)
     2: Cores_Contr/i_5/i_1112/O (GATE_2_2)
      [/ihp/departments/D-SYA/work/miglioranza/Encoder/Encoder.srcs/sources_1/new/Cores_controller.vhd:594]
     3: Cores_Contr/i_5/i_1112/I0 (GATE_2_2)
     4: Cores_Contr/i_5/i_1713/O[0] (CARRY8)
      [/ihp/departments/D-SYA/work/miglioranza/Encoder/Encoder.srcs/sources_1/new/Cores_controller.vhd:594]
     5: Cores_Contr/i_5/i_1713/S[0] (CARRY8)
     6: Cores_Contr/i_5/i_1113/O (GATE_2_14_OR)
      [/ihp/departments/D-SYA/work/miglioranza/Encoder/Encoder.srcs/sources_1/new/Cores_controller.vhd:594]
Inferred a: "set_disable_timing -from I0 -to O Cores_Contr/i_5/i_1113"
Found timing loop:
     0: Cores_Contr/i_5/i_621/O (GATE_2_2)
      [/ihp/departments/D-SYA/work/miglioranza/Encoder/Encoder.srcs/sources_1/new/Cores_controller.vhd:594]
     1: Cores_Contr/i_5/i_621/I0 (GATE_2_2)
     2: Cores_Contr/i_5/i_620/O (GATE_2_2)
      [/ihp/departments/D-SYA/work/miglioranza/Encoder/Encoder.srcs/sources_1/new/Cores_controller.vhd:594]
     3: Cores_Contr/i_5/i_620/I0 (GATE_2_2)
     4: Cores_Contr/i_5/i_619/O (GATE_2_2)
      [/ihp/departments/D-SYA/work/miglioranza/Encoder/Encoder.srcs/sources_1/new/Cores_controller.vhd:594]
     5: Cores_Contr/i_5/i_619/I0 (GATE_2_2)
     6: Cores_Contr/i_5/i_618/O (GATE_2_2)
      [/ihp/departments/D-SYA/work/miglioranza/Encoder/Encoder.srcs/sources_1/new/Cores_controller.vhd:594]
     7: Cores_Contr/i_5/i_618/I0 (GATE_2_2)
     8: Cores_Contr/i_5/i_617/O (GATE_2_1_NOR)
      [/ihp/departments/D-SYA/work/miglioranza/Encoder/Encoder.srcs/sources_1/new/Cores_controller.vhd:594]
     9: Cores_Contr/i_5/i_617/I0 (GATE_2_1_NOR)
    10: Cores_Contr/i_5/i_1714/O[5] (CARRY8)
      [/ihp/departments/D-SYA/work/miglioranza/Encoder/Encoder.srcs/sources_1/new/Cores_controller.vhd:594]
    11: Cores_Contr/i_5/i_1714/S[0] (CARRY8)
    12: Cores_Contr/i_5/i_1089/O (GATE_2_14_OR)
      [/ihp/departments/D-SYA/work/miglioranza/Encoder/Encoder.srcs/sources_1/new/Cores_controller.vhd:594]
    13: Cores_Contr/i_5/i_1089/O (GATE_2_14_OR)
Inferred a: "set_disable_timing -from I0 -to O Cores_Contr/i_5/i_621"
Found timing loop:
     0: Cores_Contr/i_5/i_636/O (GATE_2_2)
      [/ihp/departments/D-SYA/work/miglioranza/Encoder/Encoder.srcs/sources_1/new/Cores_controller.vhd:594]
     1: Cores_Contr/i_5/i_636/I0 (GATE_2_2)
     2: Cores_Contr/i_5/i_638/O (GATE_2_2)
      [/ihp/departments/D-SYA/work/miglioranza/Encoder/Encoder.srcs/sources_1/new/Cores_controller.vhd:594]
     3: Cores_Contr/i_5/i_638/I0 (GATE_2_2)
     4: Cores_Contr/i_5/i_637/O (GATE_2_14_OR)
      [/ihp/departments/D-SYA/work/miglioranza/Encoder/Encoder.srcs/sources_1/new/Cores_controller.vhd:594]
     5: Cores_Contr/i_5/i_637/O (GATE_2_14_OR)
Inferred a: "set_disable_timing -from I0 -to O Cores_Contr/i_5/i_636"
Found timing loop:
     0: Cores_Contr/i_5/i_1041/O (GATE_2_2)
      [/ihp/departments/D-SYA/work/miglioranza/Encoder/Encoder.srcs/sources_1/new/Cores_controller.vhd:594]
     1: Cores_Contr/i_5/i_1041/I0 (GATE_2_2)
     2: Cores_Contr/i_5/i_1040/O (GATE_2_11)
      [/ihp/departments/D-SYA/work/miglioranza/Encoder/Encoder.srcs/sources_1/new/Cores_controller.vhd:594]
     3: Cores_Contr/i_5/i_1040/I1 (GATE_2_11)
     4: Cores_Contr/i_5/i_1712/O[0] (CARRY8)
      [/ihp/departments/D-SYA/work/miglioranza/Encoder/Encoder.srcs/sources_1/new/Cores_controller.vhd:594]
     5: Cores_Contr/i_5/i_1712/S[0] (CARRY8)
     6: Cores_Contr/i_5/i_1041/O (GATE_2_2)
      [/ihp/departments/D-SYA/work/miglioranza/Encoder/Encoder.srcs/sources_1/new/Cores_controller.vhd:594]
Inferred a: "set_disable_timing -from I0 -to O Cores_Contr/i_5/i_1041"
Found timing loop:
     0: Cores_Contr/i_5/i_585/O (GATE_2_2)
      [/ihp/departments/D-SYA/work/miglioranza/Encoder/Encoder.srcs/sources_1/new/Cores_controller.vhd:594]
     1: Cores_Contr/i_5/i_585/I0 (GATE_2_2)
     2: Cores_Contr/i_5/i_584/O (GATE_2_14_OR)
      [/ihp/departments/D-SYA/work/miglioranza/Encoder/Encoder.srcs/sources_1/new/Cores_controller.vhd:594]
     3: Cores_Contr/i_5/i_584/I0 (GATE_2_14_OR)
     4: Cores_Contr/i_5/i_586/O (BUF)
      [/ihp/departments/D-SYA/work/miglioranza/Encoder/Encoder.srcs/sources_1/new/Cores_controller.vhd:594]
     5: Cores_Contr/i_5/i_586/I (BUF)
     6: Cores_Contr/i_5/i_585/O (GATE_2_2)
      [/ihp/departments/D-SYA/work/miglioranza/Encoder/Encoder.srcs/sources_1/new/Cores_controller.vhd:594]
Inferred a: "set_disable_timing -from I0 -to O Cores_Contr/i_5/i_585"
Found timing loop:
     0: Cores_Contr/i_5/i_637/O (GATE_2_14_OR)
      [/ihp/departments/D-SYA/work/miglioranza/Encoder/Encoder.srcs/sources_1/new/Cores_controller.vhd:594]
     1: Cores_Contr/i_5/i_637/O (GATE_2_14_OR)
Found timing loop:
     0: Cores_Contr/i_5/i_589/O (GATE_2_7_NAND)
      [/ihp/departments/D-SYA/work/miglioranza/Encoder/Encoder.srcs/sources_1/new/Cores_controller.vhd:594]
     1: Cores_Contr/i_5/i_589/I0 (GATE_2_7_NAND)
     2: Cores_Contr/i_5/i_585/O (GATE_2_2)
      [/ihp/departments/D-SYA/work/miglioranza/Encoder/Encoder.srcs/sources_1/new/Cores_controller.vhd:594]
     3: Cores_Contr/i_5/i_585/I1 (GATE_2_2)
     4: Cores_Contr/i_5/i_582/O (GATE_2_11)
      [/ihp/departments/D-SYA/work/miglioranza/Encoder/Encoder.srcs/sources_1/new/Cores_controller.vhd:594]
     5: Cores_Contr/i_5/i_582/I1 (GATE_2_11)
     6: Cores_Contr/i_5/i_590/O (BUF)
      [/ihp/departments/D-SYA/work/miglioranza/Encoder/Encoder.srcs/sources_1/new/Cores_controller.vhd:594]
     7: Cores_Contr/i_5/i_590/I (BUF)
     8: Cores_Contr/i_5/i_589/O (GATE_2_7_NAND)
      [/ihp/departments/D-SYA/work/miglioranza/Encoder/Encoder.srcs/sources_1/new/Cores_controller.vhd:594]
Inferred a: "set_disable_timing -from I0 -to O Cores_Contr/i_5/i_589"
Found timing loop:
     0: Cores_Contr/i_5/i_637/O (GATE_2_14_OR)
      [/ihp/departments/D-SYA/work/miglioranza/Encoder/Encoder.srcs/sources_1/new/Cores_controller.vhd:594]
     1: Cores_Contr/i_5/i_637/I1 (GATE_2_14_OR)
     2: Cores_Contr/i_5/i_635/O (GATE_2_2)
      [/ihp/departments/D-SYA/work/miglioranza/Encoder/Encoder.srcs/sources_1/new/Cores_controller.vhd:594]
     3: Cores_Contr/i_5/i_635/I1 (GATE_2_2)
     4: Cores_Contr/i_5/i_622/O (GATE_2_7_NAND)
      [/ihp/departments/D-SYA/work/miglioranza/Encoder/Encoder.srcs/sources_1/new/Cores_controller.vhd:594]
     5: Cores_Contr/i_5/i_622/I0 (GATE_2_7_NAND)
     6: Cores_Contr/i_5/i_640/O (GATE_2_2)
      [/ihp/departments/D-SYA/work/miglioranza/Encoder/Encoder.srcs/sources_1/new/Cores_controller.vhd:594]
     7: Cores_Contr/i_5/i_640/I1 (GATE_2_2)
     8: Cores_Contr/i_5/i_637/O (GATE_2_14_OR)
      [/ihp/departments/D-SYA/work/miglioranza/Encoder/Encoder.srcs/sources_1/new/Cores_controller.vhd:594]
Inferred a: "set_disable_timing -from I1 -to O Cores_Contr/i_5/i_637"
Found timing loop:
     0: Cores_Contr/i_5/i_1135/O (GATE_2_14_OR)
      [/ihp/departments/D-SYA/work/miglioranza/Encoder/Encoder.srcs/sources_1/new/Cores_controller.vhd:594]
     1: Cores_Contr/i_5/i_1135/I0 (GATE_2_14_OR)
     2: Cores_Contr/i_5/i_1134/O (GATE_2_1_NOR)
      [/ihp/departments/D-SYA/work/miglioranza/Encoder/Encoder.srcs/sources_1/new/Cores_controller.vhd:594]
     3: Cores_Contr/i_5/i_1134/I1 (GATE_2_1_NOR)
     4: Cores_Contr/i_5/i_1133/O (GATE_2_11)
      [/ihp/departments/D-SYA/work/miglioranza/Encoder/Encoder.srcs/sources_1/new/Cores_controller.vhd:594]
     5: Cores_Contr/i_5/i_1133/I1 (GATE_2_11)
     6: Cores_Contr/i_5/i_1712/O[1] (CARRY8)
      [/ihp/departments/D-SYA/work/miglioranza/Encoder/Encoder.srcs/sources_1/new/Cores_controller.vhd:594]
     7: Cores_Contr/i_5/i_1712/S[1] (CARRY8)
     8: Cores_Contr/i_5/i_1135/O (GATE_2_14_OR)
      [/ihp/departments/D-SYA/work/miglioranza/Encoder/Encoder.srcs/sources_1/new/Cores_controller.vhd:594]
Inferred a: "set_disable_timing -from I0 -to O Cores_Contr/i_5/i_1135"
Found timing loop:
     0: Cores_Contr/i_5/i_1131/O (GATE_2_14_OR)
      [/ihp/departments/D-SYA/work/miglioranza/Encoder/Encoder.srcs/sources_1/new/Cores_controller.vhd:594]
     1: Cores_Contr/i_5/i_1131/I0 (GATE_2_14_OR)
     2: Cores_Contr/i_5/i_1130/O (GATE_2_2)
      [/ihp/departments/D-SYA/work/miglioranza/Encoder/Encoder.srcs/sources_1/new/Cores_controller.vhd:594]
     3: Cores_Contr/i_5/i_1130/I0 (GATE_2_2)
     4: Cores_Contr/i_5/i_1712/O[2] (CARRY8)
      [/ihp/departments/D-SYA/work/miglioranza/Encoder/Encoder.srcs/sources_1/new/Cores_controller.vhd:594]
     5: Cores_Contr/i_5/i_1712/S[2] (CARRY8)
     6: Cores_Contr/i_5/i_1131/O (GATE_2_14_OR)
      [/ihp/departments/D-SYA/work/miglioranza/Encoder/Encoder.srcs/sources_1/new/Cores_controller.vhd:594]
Inferred a: "set_disable_timing -from I0 -to O Cores_Contr/i_5/i_1131"
Found timing loop:
     0: Cores_Contr/i_5/i_1128/O (GATE_2_14_OR)
      [/ihp/departments/D-SYA/work/miglioranza/Encoder/Encoder.srcs/sources_1/new/Cores_controller.vhd:594]
     1: Cores_Contr/i_5/i_1128/I0 (GATE_2_14_OR)
     2: Cores_Contr/i_5/i_1127/O (GATE_2_2)
      [/ihp/departments/D-SYA/work/miglioranza/Encoder/Encoder.srcs/sources_1/new/Cores_controller.vhd:594]
     3: Cores_Contr/i_5/i_1127/I0 (GATE_2_2)
     4: Cores_Contr/i_5/i_1712/O[3] (CARRY8)
      [/ihp/departments/D-SYA/work/miglioranza/Encoder/Encoder.srcs/sources_1/new/Cores_controller.vhd:594]
     5: Cores_Contr/i_5/i_1712/S[3] (CARRY8)
     6: Cores_Contr/i_5/i_1128/O (GATE_2_14_OR)
      [/ihp/departments/D-SYA/work/miglioranza/Encoder/Encoder.srcs/sources_1/new/Cores_controller.vhd:594]
Inferred a: "set_disable_timing -from I0 -to O Cores_Contr/i_5/i_1128"
Found timing loop:
     0: Cores_Contr/i_5/i_1125/O (GATE_2_14_OR)
      [/ihp/departments/D-SYA/work/miglioranza/Encoder/Encoder.srcs/sources_1/new/Cores_controller.vhd:594]
     1: Cores_Contr/i_5/i_1125/I0 (GATE_2_14_OR)
     2: Cores_Contr/i_5/i_1124/O (GATE_2_2)
      [/ihp/departments/D-SYA/work/miglioranza/Encoder/Encoder.srcs/sources_1/new/Cores_controller.vhd:594]
     3: Cores_Contr/i_5/i_1124/I0 (GATE_2_2)
     4: Cores_Contr/i_5/i_1712/O[4] (CARRY8)
      [/ihp/departments/D-SYA/work/miglioranza/Encoder/Encoder.srcs/sources_1/new/Cores_controller.vhd:594]
     5: Cores_Contr/i_5/i_1712/S[4] (CARRY8)
     6: Cores_Contr/i_5/i_1125/O (GATE_2_14_OR)
      [/ihp/departments/D-SYA/work/miglioranza/Encoder/Encoder.srcs/sources_1/new/Cores_controller.vhd:594]
Inferred a: "set_disable_timing -from I0 -to O Cores_Contr/i_5/i_1125"
Found timing loop:
     0: Cores_Contr/i_5/i_1122/O (GATE_2_14_OR)
      [/ihp/departments/D-SYA/work/miglioranza/Encoder/Encoder.srcs/sources_1/new/Cores_controller.vhd:594]
     1: Cores_Contr/i_5/i_1122/I0 (GATE_2_14_OR)
     2: Cores_Contr/i_5/i_1121/O (GATE_2_2)
      [/ihp/departments/D-SYA/work/miglioranza/Encoder/Encoder.srcs/sources_1/new/Cores_controller.vhd:594]
     3: Cores_Contr/i_5/i_1121/I0 (GATE_2_2)
     4: Cores_Contr/i_5/i_1712/O[5] (CARRY8)
      [/ihp/departments/D-SYA/work/miglioranza/Encoder/Encoder.srcs/sources_1/new/Cores_controller.vhd:594]
     5: Cores_Contr/i_5/i_1712/S[5] (CARRY8)
     6: Cores_Contr/i_5/i_1122/O (GATE_2_14_OR)
      [/ihp/departments/D-SYA/work/miglioranza/Encoder/Encoder.srcs/sources_1/new/Cores_controller.vhd:594]
Inferred a: "set_disable_timing -from I0 -to O Cores_Contr/i_5/i_1122"
Found timing loop:
     0: Cores_Contr/i_5/i_1119/O (GATE_2_14_OR)
      [/ihp/departments/D-SYA/work/miglioranza/Encoder/Encoder.srcs/sources_1/new/Cores_controller.vhd:594]
     1: Cores_Contr/i_5/i_1119/I0 (GATE_2_14_OR)
     2: Cores_Contr/i_5/i_1118/O (GATE_2_2)
      [/ihp/departments/D-SYA/work/miglioranza/Encoder/Encoder.srcs/sources_1/new/Cores_controller.vhd:594]
     3: Cores_Contr/i_5/i_1118/I0 (GATE_2_2)
     4: Cores_Contr/i_5/i_1712/O[6] (CARRY8)
      [/ihp/departments/D-SYA/work/miglioranza/Encoder/Encoder.srcs/sources_1/new/Cores_controller.vhd:594]
     5: Cores_Contr/i_5/i_1712/S[6] (CARRY8)
     6: Cores_Contr/i_5/i_1119/O (GATE_2_14_OR)
      [/ihp/departments/D-SYA/work/miglioranza/Encoder/Encoder.srcs/sources_1/new/Cores_controller.vhd:594]
Inferred a: "set_disable_timing -from I0 -to O Cores_Contr/i_5/i_1119"
Found timing loop:
     0: Cores_Contr/i_5/i_1116/O (GATE_2_14_OR)
      [/ihp/departments/D-SYA/work/miglioranza/Encoder/Encoder.srcs/sources_1/new/Cores_controller.vhd:594]
     1: Cores_Contr/i_5/i_1116/I0 (GATE_2_14_OR)
     2: Cores_Contr/i_5/i_1115/O (GATE_2_2)
      [/ihp/departments/D-SYA/work/miglioranza/Encoder/Encoder.srcs/sources_1/new/Cores_controller.vhd:594]
     3: Cores_Contr/i_5/i_1115/I0 (GATE_2_2)
     4: Cores_Contr/i_5/i_1712/O[7] (CARRY8)
      [/ihp/departments/D-SYA/work/miglioranza/Encoder/Encoder.srcs/sources_1/new/Cores_controller.vhd:594]
     5: Cores_Contr/i_5/i_1712/S[7] (CARRY8)
     6: Cores_Contr/i_5/i_1116/O (GATE_2_14_OR)
      [/ihp/departments/D-SYA/work/miglioranza/Encoder/Encoder.srcs/sources_1/new/Cores_controller.vhd:594]
Inferred a: "set_disable_timing -from I0 -to O Cores_Contr/i_5/i_1116"
Found timing loop:
     0: Cores_Contr/i_5/i_1110/O (GATE_2_14_OR)
      [/ihp/departments/D-SYA/work/miglioranza/Encoder/Encoder.srcs/sources_1/new/Cores_controller.vhd:594]
     1: Cores_Contr/i_5/i_1110/I0 (GATE_2_14_OR)
     2: Cores_Contr/i_5/i_1109/O (GATE_2_2)
      [/ihp/departments/D-SYA/work/miglioranza/Encoder/Encoder.srcs/sources_1/new/Cores_controller.vhd:594]
     3: Cores_Contr/i_5/i_1109/I0 (GATE_2_2)
     4: Cores_Contr/i_5/i_1713/O[1] (CARRY8)
      [/ihp/departments/D-SYA/work/miglioranza/Encoder/Encoder.srcs/sources_1/new/Cores_controller.vhd:594]
     5: Cores_Contr/i_5/i_1713/S[1] (CARRY8)
     6: Cores_Contr/i_5/i_1110/O (GATE_2_14_OR)
      [/ihp/departments/D-SYA/work/miglioranza/Encoder/Encoder.srcs/sources_1/new/Cores_controller.vhd:594]
Inferred a: "set_disable_timing -from I0 -to O Cores_Contr/i_5/i_1110"
Found timing loop:
     0: Cores_Contr/i_5/i_1107/O (GATE_2_14_OR)
      [/ihp/departments/D-SYA/work/miglioranza/Encoder/Encoder.srcs/sources_1/new/Cores_controller.vhd:594]
     1: Cores_Contr/i_5/i_1107/I0 (GATE_2_14_OR)
     2: Cores_Contr/i_5/i_1106/O (GATE_2_8_AND)
      [/ihp/departments/D-SYA/work/miglioranza/Encoder/Encoder.srcs/sources_1/new/Cores_controller.vhd:594]
     3: Cores_Contr/i_5/i_1106/I0 (GATE_2_8_AND)
     4: Cores_Contr/i_5/i_1713/O[2] (CARRY8)
      [/ihp/departments/D-SYA/work/miglioranza/Encoder/Encoder.srcs/sources_1/new/Cores_controller.vhd:594]
     5: Cores_Contr/i_5/i_1713/S[2] (CARRY8)
     6: Cores_Contr/i_5/i_1107/O (GATE_2_14_OR)
      [/ihp/departments/D-SYA/work/miglioranza/Encoder/Encoder.srcs/sources_1/new/Cores_controller.vhd:594]
Inferred a: "set_disable_timing -from I0 -to O Cores_Contr/i_5/i_1107"
Found timing loop:
     0: Cores_Contr/i_5/i_636/O (GATE_2_2)
      [/ihp/departments/D-SYA/work/miglioranza/Encoder/Encoder.srcs/sources_1/new/Cores_controller.vhd:594]
     1: Cores_Contr/i_5/i_636/O (GATE_2_2)
Found timing loop:
     0: Cores_Contr/i_5/i_1104/O (GATE_2_14_OR)
      [/ihp/departments/D-SYA/work/miglioranza/Encoder/Encoder.srcs/sources_1/new/Cores_controller.vhd:594]
     1: Cores_Contr/i_5/i_1104/I0 (GATE_2_14_OR)
     2: Cores_Contr/i_5/i_1103/O (GATE_2_2)
      [/ihp/departments/D-SYA/work/miglioranza/Encoder/Encoder.srcs/sources_1/new/Cores_controller.vhd:594]
     3: Cores_Contr/i_5/i_1103/I0 (GATE_2_2)
     4: Cores_Contr/i_5/i_1713/O[3] (CARRY8)
      [/ihp/departments/D-SYA/work/miglioranza/Encoder/Encoder.srcs/sources_1/new/Cores_controller.vhd:594]
     5: Cores_Contr/i_5/i_1713/S[3] (CARRY8)
     6: Cores_Contr/i_5/i_1104/O (GATE_2_14_OR)
      [/ihp/departments/D-SYA/work/miglioranza/Encoder/Encoder.srcs/sources_1/new/Cores_controller.vhd:594]
Inferred a: "set_disable_timing -from I0 -to O Cores_Contr/i_5/i_1104"
Found timing loop:
     0: Cores_Contr/i_5/i_1101/O (GATE_2_14_OR)
      [/ihp/departments/D-SYA/work/miglioranza/Encoder/Encoder.srcs/sources_1/new/Cores_controller.vhd:594]
     1: Cores_Contr/i_5/i_1101/I0 (GATE_2_14_OR)
     2: Cores_Contr/i_5/i_1100/O (GATE_2_2)
      [/ihp/departments/D-SYA/work/miglioranza/Encoder/Encoder.srcs/sources_1/new/Cores_controller.vhd:594]
     3: Cores_Contr/i_5/i_1100/I0 (GATE_2_2)
     4: Cores_Contr/i_5/i_1713/O[4] (CARRY8)
      [/ihp/departments/D-SYA/work/miglioranza/Encoder/Encoder.srcs/sources_1/new/Cores_controller.vhd:594]
     5: Cores_Contr/i_5/i_1713/S[4] (CARRY8)
     6: Cores_Contr/i_5/i_1101/O (GATE_2_14_OR)
      [/ihp/departments/D-SYA/work/miglioranza/Encoder/Encoder.srcs/sources_1/new/Cores_controller.vhd:594]
Inferred a: "set_disable_timing -from I0 -to O Cores_Contr/i_5/i_1101"
Found timing loop:
     0: Cores_Contr/i_5/i_1098/O (GATE_2_14_OR)
      [/ihp/departments/D-SYA/work/miglioranza/Encoder/Encoder.srcs/sources_1/new/Cores_controller.vhd:594]
     1: Cores_Contr/i_5/i_1098/I0 (GATE_2_14_OR)
     2: Cores_Contr/i_5/i_1097/O (GATE_2_2)
      [/ihp/departments/D-SYA/work/miglioranza/Encoder/Encoder.srcs/sources_1/new/Cores_controller.vhd:594]
     3: Cores_Contr/i_5/i_1097/I0 (GATE_2_2)
     4: Cores_Contr/i_5/i_1713/O[5] (CARRY8)
      [/ihp/departments/D-SYA/work/miglioranza/Encoder/Encoder.srcs/sources_1/new/Cores_controller.vhd:594]
     5: Cores_Contr/i_5/i_1713/S[5] (CARRY8)
     6: Cores_Contr/i_5/i_1098/O (GATE_2_14_OR)
      [/ihp/departments/D-SYA/work/miglioranza/Encoder/Encoder.srcs/sources_1/new/Cores_controller.vhd:594]
Inferred a: "set_disable_timing -from I0 -to O Cores_Contr/i_5/i_1098"
Found timing loop:
     0: Cores_Contr/i_5/i_1095/O (GATE_2_14_OR)
      [/ihp/departments/D-SYA/work/miglioranza/Encoder/Encoder.srcs/sources_1/new/Cores_controller.vhd:594]
     1: Cores_Contr/i_5/i_1095/I0 (GATE_2_14_OR)
     2: Cores_Contr/i_5/i_1094/O (GATE_2_2)
      [/ihp/departments/D-SYA/work/miglioranza/Encoder/Encoder.srcs/sources_1/new/Cores_controller.vhd:594]
     3: Cores_Contr/i_5/i_1094/I0 (GATE_2_2)
     4: Cores_Contr/i_5/i_1713/O[6] (CARRY8)
      [/ihp/departments/D-SYA/work/miglioranza/Encoder/Encoder.srcs/sources_1/new/Cores_controller.vhd:594]
     5: Cores_Contr/i_5/i_1713/S[6] (CARRY8)
     6: Cores_Contr/i_5/i_1095/O (GATE_2_14_OR)
      [/ihp/departments/D-SYA/work/miglioranza/Encoder/Encoder.srcs/sources_1/new/Cores_controller.vhd:594]
Inferred a: "set_disable_timing -from I0 -to O Cores_Contr/i_5/i_1095"
Found timing loop:
     0: Cores_Contr/i_5/i_1092/O (GATE_2_14_OR)
      [/ihp/departments/D-SYA/work/miglioranza/Encoder/Encoder.srcs/sources_1/new/Cores_controller.vhd:594]
     1: Cores_Contr/i_5/i_1092/I0 (GATE_2_14_OR)
     2: Cores_Contr/i_5/i_1091/O (GATE_2_2)
      [/ihp/departments/D-SYA/work/miglioranza/Encoder/Encoder.srcs/sources_1/new/Cores_controller.vhd:594]
     3: Cores_Contr/i_5/i_1091/I0 (GATE_2_2)
     4: Cores_Contr/i_5/i_1713/O[7] (CARRY8)
      [/ihp/departments/D-SYA/work/miglioranza/Encoder/Encoder.srcs/sources_1/new/Cores_controller.vhd:594]
     5: Cores_Contr/i_5/i_1713/S[7] (CARRY8)
     6: Cores_Contr/i_5/i_1092/O (GATE_2_14_OR)
      [/ihp/departments/D-SYA/work/miglioranza/Encoder/Encoder.srcs/sources_1/new/Cores_controller.vhd:594]
Inferred a: "set_disable_timing -from I0 -to O Cores_Contr/i_5/i_1092"
Found timing loop:
     0: Cores_Contr/i_5/i_1086/O (GATE_2_14_OR)
      [/ihp/departments/D-SYA/work/miglioranza/Encoder/Encoder.srcs/sources_1/new/Cores_controller.vhd:594]
     1: Cores_Contr/i_5/i_1086/I0 (GATE_2_14_OR)
     2: Cores_Contr/i_5/i_1085/O (GATE_2_2)
      [/ihp/departments/D-SYA/work/miglioranza/Encoder/Encoder.srcs/sources_1/new/Cores_controller.vhd:594]
     3: Cores_Contr/i_5/i_1085/I0 (GATE_2_2)
     4: Cores_Contr/i_5/i_1714/O[1] (CARRY8)
      [/ihp/departments/D-SYA/work/miglioranza/Encoder/Encoder.srcs/sources_1/new/Cores_controller.vhd:594]
     5: Cores_Contr/i_5/i_1714/S[1] (CARRY8)
     6: Cores_Contr/i_5/i_1086/O (GATE_2_14_OR)
      [/ihp/departments/D-SYA/work/miglioranza/Encoder/Encoder.srcs/sources_1/new/Cores_controller.vhd:594]
Inferred a: "set_disable_timing -from I0 -to O Cores_Contr/i_5/i_1086"
Found timing loop:
     0: Cores_Contr/i_5/i_1083/O (GATE_2_14_OR)
      [/ihp/departments/D-SYA/work/miglioranza/Encoder/Encoder.srcs/sources_1/new/Cores_controller.vhd:594]
     1: Cores_Contr/i_5/i_1083/I0 (GATE_2_14_OR)
     2: Cores_Contr/i_5/i_1082/O (GATE_2_2)
      [/ihp/departments/D-SYA/work/miglioranza/Encoder/Encoder.srcs/sources_1/new/Cores_controller.vhd:594]
     3: Cores_Contr/i_5/i_1082/I0 (GATE_2_2)
     4: Cores_Contr/i_5/i_1714/O[2] (CARRY8)
      [/ihp/departments/D-SYA/work/miglioranza/Encoder/Encoder.srcs/sources_1/new/Cores_controller.vhd:594]
     5: Cores_Contr/i_5/i_1714/S[2] (CARRY8)
     6: Cores_Contr/i_5/i_1083/O (GATE_2_14_OR)
      [/ihp/departments/D-SYA/work/miglioranza/Encoder/Encoder.srcs/sources_1/new/Cores_controller.vhd:594]
Inferred a: "set_disable_timing -from I0 -to O Cores_Contr/i_5/i_1083"
Found timing loop:
     0: Cores_Contr/i_5/i_1080/O (GATE_2_14_OR)
      [/ihp/departments/D-SYA/work/miglioranza/Encoder/Encoder.srcs/sources_1/new/Cores_controller.vhd:594]
     1: Cores_Contr/i_5/i_1080/I0 (GATE_2_14_OR)
     2: Cores_Contr/i_5/i_1079/O (GATE_2_8_AND)
      [/ihp/departments/D-SYA/work/miglioranza/Encoder/Encoder.srcs/sources_1/new/Cores_controller.vhd:594]
     3: Cores_Contr/i_5/i_1079/I0 (GATE_2_8_AND)
     4: Cores_Contr/i_5/i_1714/O[3] (CARRY8)
      [/ihp/departments/D-SYA/work/miglioranza/Encoder/Encoder.srcs/sources_1/new/Cores_controller.vhd:594]
     5: Cores_Contr/i_5/i_1714/S[3] (CARRY8)
     6: Cores_Contr/i_5/i_1080/O (GATE_2_14_OR)
      [/ihp/departments/D-SYA/work/miglioranza/Encoder/Encoder.srcs/sources_1/new/Cores_controller.vhd:594]
Inferred a: "set_disable_timing -from I0 -to O Cores_Contr/i_5/i_1080"
Found timing loop:
     0: Cores_Contr/i_5/i_636/O (GATE_2_2)
      [/ihp/departments/D-SYA/work/miglioranza/Encoder/Encoder.srcs/sources_1/new/Cores_controller.vhd:594]
     1: Cores_Contr/i_5/i_636/O (GATE_2_2)
Found timing loop:
     0: Cores_Contr/i_5/i_1077/O (GATE_2_14_OR)
      [/ihp/departments/D-SYA/work/miglioranza/Encoder/Encoder.srcs/sources_1/new/Cores_controller.vhd:594]
     1: Cores_Contr/i_5/i_1077/I0 (GATE_2_14_OR)
     2: Cores_Contr/i_5/i_1076/O (GATE_2_2)
      [/ihp/departments/D-SYA/work/miglioranza/Encoder/Encoder.srcs/sources_1/new/Cores_controller.vhd:594]
     3: Cores_Contr/i_5/i_1076/I0 (GATE_2_2)
     4: Cores_Contr/i_5/i_1714/O[4] (CARRY8)
      [/ihp/departments/D-SYA/work/miglioranza/Encoder/Encoder.srcs/sources_1/new/Cores_controller.vhd:594]
     5: Cores_Contr/i_5/i_1714/S[4] (CARRY8)
     6: Cores_Contr/i_5/i_1077/O (GATE_2_14_OR)
      [/ihp/departments/D-SYA/work/miglioranza/Encoder/Encoder.srcs/sources_1/new/Cores_controller.vhd:594]
Inferred a: "set_disable_timing -from I0 -to O Cores_Contr/i_5/i_1077"
Found timing loop:
     0: Cores_Contr/i_5/i_1714/O[5] (CARRY8)
      [/ihp/departments/D-SYA/work/miglioranza/Encoder/Encoder.srcs/sources_1/new/Cores_controller.vhd:594]
     1: Cores_Contr/i_5/i_1714/S[5] (CARRY8)
     2: Cores_Contr/i_5/i_1074/O (GATE_2_14_OR)
      [/ihp/departments/D-SYA/work/miglioranza/Encoder/Encoder.srcs/sources_1/new/Cores_controller.vhd:594]
     3: Cores_Contr/i_5/i_1074/I0 (GATE_2_14_OR)
     4: Cores_Contr/i_5/i_1073/O (GATE_2_2)
      [/ihp/departments/D-SYA/work/miglioranza/Encoder/Encoder.srcs/sources_1/new/Cores_controller.vhd:594]
     5: Cores_Contr/i_5/i_1073/I0 (GATE_2_2)
     6: Cores_Contr/i_5/i_1714/O[5] (CARRY8)
      [/ihp/departments/D-SYA/work/miglioranza/Encoder/Encoder.srcs/sources_1/new/Cores_controller.vhd:594]
Inferred a: "set_disable_timing -from S[5] -to O[5] Cores_Contr/i_5/i_1714"
Found timing loop:
     0: Cores_Contr/i_5/i_1071/O (GATE_2_14_OR)
      [/ihp/departments/D-SYA/work/miglioranza/Encoder/Encoder.srcs/sources_1/new/Cores_controller.vhd:594]
     1: Cores_Contr/i_5/i_1071/I0 (GATE_2_14_OR)
     2: Cores_Contr/i_5/i_1070/O (GATE_2_2)
      [/ihp/departments/D-SYA/work/miglioranza/Encoder/Encoder.srcs/sources_1/new/Cores_controller.vhd:594]
     3: Cores_Contr/i_5/i_1070/I0 (GATE_2_2)
     4: Cores_Contr/i_5/i_1714/O[6] (CARRY8)
      [/ihp/departments/D-SYA/work/miglioranza/Encoder/Encoder.srcs/sources_1/new/Cores_controller.vhd:594]
     5: Cores_Contr/i_5/i_1714/S[6] (CARRY8)
     6: Cores_Contr/i_5/i_1071/O (GATE_2_14_OR)
      [/ihp/departments/D-SYA/work/miglioranza/Encoder/Encoder.srcs/sources_1/new/Cores_controller.vhd:594]
Inferred a: "set_disable_timing -from I0 -to O Cores_Contr/i_5/i_1071"
Found timing loop:
     0: Cores_Contr/i_5/i_1714/O[7] (CARRY8)
      [/ihp/departments/D-SYA/work/miglioranza/Encoder/Encoder.srcs/sources_1/new/Cores_controller.vhd:594]
     1: Cores_Contr/i_5/i_1714/S[7] (CARRY8)
     2: Cores_Contr/i_5/i_1068/O (GATE_2_14_OR)
      [/ihp/departments/D-SYA/work/miglioranza/Encoder/Encoder.srcs/sources_1/new/Cores_controller.vhd:594]
     3: Cores_Contr/i_5/i_1068/I0 (GATE_2_14_OR)
     4: Cores_Contr/i_5/i_1067/O (GATE_2_2)
      [/ihp/departments/D-SYA/work/miglioranza/Encoder/Encoder.srcs/sources_1/new/Cores_controller.vhd:594]
     5: Cores_Contr/i_5/i_1067/I0 (GATE_2_2)
     6: Cores_Contr/i_5/i_1714/O[7] (CARRY8)
      [/ihp/departments/D-SYA/work/miglioranza/Encoder/Encoder.srcs/sources_1/new/Cores_controller.vhd:594]
Inferred a: "set_disable_timing -from S[7] -to O[7] Cores_Contr/i_5/i_1714"
Found timing loop:
     0: Cores_Contr/i_5/i_1065/O (GATE_2_14_OR)
      [/ihp/departments/D-SYA/work/miglioranza/Encoder/Encoder.srcs/sources_1/new/Cores_controller.vhd:594]
     1: Cores_Contr/i_5/i_1065/I0 (GATE_2_14_OR)
     2: Cores_Contr/i_5/i_1064/O (GATE_2_8_AND)
      [/ihp/departments/D-SYA/work/miglioranza/Encoder/Encoder.srcs/sources_1/new/Cores_controller.vhd:594]
     3: Cores_Contr/i_5/i_1064/I0 (GATE_2_8_AND)
     4: Cores_Contr/i_5/i_1715/O[0] (CARRY8)
      [/ihp/departments/D-SYA/work/miglioranza/Encoder/Encoder.srcs/sources_1/new/Cores_controller.vhd:594]
     5: Cores_Contr/i_5/i_1715/S[0] (CARRY8)
     6: Cores_Contr/i_5/i_1065/O (GATE_2_14_OR)
      [/ihp/departments/D-SYA/work/miglioranza/Encoder/Encoder.srcs/sources_1/new/Cores_controller.vhd:594]
Inferred a: "set_disable_timing -from I0 -to O Cores_Contr/i_5/i_1065"
Found timing loop:
     0: Cores_Contr/i_5/i_636/O (GATE_2_2)
      [/ihp/departments/D-SYA/work/miglioranza/Encoder/Encoder.srcs/sources_1/new/Cores_controller.vhd:594]
     1: Cores_Contr/i_5/i_636/O (GATE_2_2)
Found timing loop:
     0: Cores_Contr/i_5/i_1062/O (GATE_2_14_OR)
      [/ihp/departments/D-SYA/work/miglioranza/Encoder/Encoder.srcs/sources_1/new/Cores_controller.vhd:594]
     1: Cores_Contr/i_5/i_1062/I0 (GATE_2_14_OR)
     2: Cores_Contr/i_5/i_1061/O (GATE_2_2)
      [/ihp/departments/D-SYA/work/miglioranza/Encoder/Encoder.srcs/sources_1/new/Cores_controller.vhd:594]
     3: Cores_Contr/i_5/i_1061/I0 (GATE_2_2)
     4: Cores_Contr/i_5/i_1715/O[1] (CARRY8)
      [/ihp/departments/D-SYA/work/miglioranza/Encoder/Encoder.srcs/sources_1/new/Cores_controller.vhd:594]
     5: Cores_Contr/i_5/i_1715/S[1] (CARRY8)
     6: Cores_Contr/i_5/i_1062/O (GATE_2_14_OR)
      [/ihp/departments/D-SYA/work/miglioranza/Encoder/Encoder.srcs/sources_1/new/Cores_controller.vhd:594]
Inferred a: "set_disable_timing -from I0 -to O Cores_Contr/i_5/i_1062"
Found timing loop:
     0: Cores_Contr/i_5/i_1059/O (GATE_2_14_OR)
      [/ihp/departments/D-SYA/work/miglioranza/Encoder/Encoder.srcs/sources_1/new/Cores_controller.vhd:594]
     1: Cores_Contr/i_5/i_1059/I0 (GATE_2_14_OR)
     2: Cores_Contr/i_5/i_1058/O (GATE_2_2)
      [/ihp/departments/D-SYA/work/miglioranza/Encoder/Encoder.srcs/sources_1/new/Cores_controller.vhd:594]
     3: Cores_Contr/i_5/i_1058/I0 (GATE_2_2)
     4: Cores_Contr/i_5/i_1715/O[2] (CARRY8)
      [/ihp/departments/D-SYA/work/miglioranza/Encoder/Encoder.srcs/sources_1/new/Cores_controller.vhd:594]
     5: Cores_Contr/i_5/i_1715/S[2] (CARRY8)
     6: Cores_Contr/i_5/i_1059/O (GATE_2_14_OR)
      [/ihp/departments/D-SYA/work/miglioranza/Encoder/Encoder.srcs/sources_1/new/Cores_controller.vhd:594]
Inferred a: "set_disable_timing -from I0 -to O Cores_Contr/i_5/i_1059"
Found timing loop:
     0: Cores_Contr/i_5/i_1056/O (GATE_2_14_OR)
      [/ihp/departments/D-SYA/work/miglioranza/Encoder/Encoder.srcs/sources_1/new/Cores_controller.vhd:594]
     1: Cores_Contr/i_5/i_1056/I0 (GATE_2_14_OR)
     2: Cores_Contr/i_5/i_1055/O (GATE_2_8_AND)
      [/ihp/departments/D-SYA/work/miglioranza/Encoder/Encoder.srcs/sources_1/new/Cores_controller.vhd:594]
     3: Cores_Contr/i_5/i_1055/I0 (GATE_2_8_AND)
     4: Cores_Contr/i_5/i_1715/O[3] (CARRY8)
      [/ihp/departments/D-SYA/work/miglioranza/Encoder/Encoder.srcs/sources_1/new/Cores_controller.vhd:594]
     5: Cores_Contr/i_5/i_1715/S[3] (CARRY8)
     6: Cores_Contr/i_5/i_1056/O (GATE_2_14_OR)
      [/ihp/departments/D-SYA/work/miglioranza/Encoder/Encoder.srcs/sources_1/new/Cores_controller.vhd:594]
Inferred a: "set_disable_timing -from I0 -to O Cores_Contr/i_5/i_1056"
Found timing loop:
     0: Cores_Contr/i_5/i_636/O (GATE_2_2)
      [/ihp/departments/D-SYA/work/miglioranza/Encoder/Encoder.srcs/sources_1/new/Cores_controller.vhd:594]
     1: Cores_Contr/i_5/i_636/O (GATE_2_2)
Found timing loop:
     0: Cores_Contr/i_5/i_1715/O[4] (CARRY8)
      [/ihp/departments/D-SYA/work/miglioranza/Encoder/Encoder.srcs/sources_1/new/Cores_controller.vhd:594]
     1: Cores_Contr/i_5/i_1715/S[4] (CARRY8)
     2: Cores_Contr/i_5/i_1053/O (GATE_2_14_OR)
      [/ihp/departments/D-SYA/work/miglioranza/Encoder/Encoder.srcs/sources_1/new/Cores_controller.vhd:594]
     3: Cores_Contr/i_5/i_1053/I0 (GATE_2_14_OR)
     4: Cores_Contr/i_5/i_1052/O (GATE_2_2)
      [/ihp/departments/D-SYA/work/miglioranza/Encoder/Encoder.srcs/sources_1/new/Cores_controller.vhd:594]
     5: Cores_Contr/i_5/i_1052/I0 (GATE_2_2)
     6: Cores_Contr/i_5/i_1715/O[4] (CARRY8)
      [/ihp/departments/D-SYA/work/miglioranza/Encoder/Encoder.srcs/sources_1/new/Cores_controller.vhd:594]
Inferred a: "set_disable_timing -from S[4] -to O[4] Cores_Contr/i_5/i_1715"
Found timing loop:
     0: Cores_Contr/i_5/i_1715/O[5] (CARRY8)
      [/ihp/departments/D-SYA/work/miglioranza/Encoder/Encoder.srcs/sources_1/new/Cores_controller.vhd:594]
     1: Cores_Contr/i_5/i_1715/S[5] (CARRY8)
     2: Cores_Contr/i_5/i_1050/O (GATE_2_14_OR)
      [/ihp/departments/D-SYA/work/miglioranza/Encoder/Encoder.srcs/sources_1/new/Cores_controller.vhd:594]
     3: Cores_Contr/i_5/i_1050/I0 (GATE_2_14_OR)
     4: Cores_Contr/i_5/i_1049/O (GATE_2_2)
      [/ihp/departments/D-SYA/work/miglioranza/Encoder/Encoder.srcs/sources_1/new/Cores_controller.vhd:594]
     5: Cores_Contr/i_5/i_1049/I0 (GATE_2_2)
     6: Cores_Contr/i_5/i_1715/O[5] (CARRY8)
      [/ihp/departments/D-SYA/work/miglioranza/Encoder/Encoder.srcs/sources_1/new/Cores_controller.vhd:594]
Inferred a: "set_disable_timing -from S[5] -to O[5] Cores_Contr/i_5/i_1715"
Found timing loop:
     0: Cores_Contr/i_5/i_1047/O (GATE_2_14_OR)
      [/ihp/departments/D-SYA/work/miglioranza/Encoder/Encoder.srcs/sources_1/new/Cores_controller.vhd:594]
     1: Cores_Contr/i_5/i_1047/I0 (GATE_2_14_OR)
     2: Cores_Contr/i_5/i_1046/O (GATE_2_2)
      [/ihp/departments/D-SYA/work/miglioranza/Encoder/Encoder.srcs/sources_1/new/Cores_controller.vhd:594]
     3: Cores_Contr/i_5/i_1046/I0 (GATE_2_2)
     4: Cores_Contr/i_5/i_1715/O[6] (CARRY8)
      [/ihp/departments/D-SYA/work/miglioranza/Encoder/Encoder.srcs/sources_1/new/Cores_controller.vhd:594]
     5: Cores_Contr/i_5/i_1715/S[6] (CARRY8)
     6: Cores_Contr/i_5/i_1047/O (GATE_2_14_OR)
      [/ihp/departments/D-SYA/work/miglioranza/Encoder/Encoder.srcs/sources_1/new/Cores_controller.vhd:594]
Inferred a: "set_disable_timing -from I0 -to O Cores_Contr/i_5/i_1047"
Found timing loop:
     0: Cores_Contr/i_5/i_1715/O[7] (CARRY8)
      [/ihp/departments/D-SYA/work/miglioranza/Encoder/Encoder.srcs/sources_1/new/Cores_controller.vhd:594]
     1: Cores_Contr/i_5/i_1715/S[7] (CARRY8)
     2: Cores_Contr/i_5/i_1044/O (GATE_2_14_OR)
      [/ihp/departments/D-SYA/work/miglioranza/Encoder/Encoder.srcs/sources_1/new/Cores_controller.vhd:594]
     3: Cores_Contr/i_5/i_1044/I0 (GATE_2_14_OR)
     4: Cores_Contr/i_5/i_1043/O (GATE_2_2)
      [/ihp/departments/D-SYA/work/miglioranza/Encoder/Encoder.srcs/sources_1/new/Cores_controller.vhd:594]
     5: Cores_Contr/i_5/i_1043/I0 (GATE_2_2)
     6: Cores_Contr/i_5/i_1715/O[7] (CARRY8)
      [/ihp/departments/D-SYA/work/miglioranza/Encoder/Encoder.srcs/sources_1/new/Cores_controller.vhd:594]
Inferred a: "set_disable_timing -from S[7] -to O[7] Cores_Contr/i_5/i_1715"
WARNING: [Synth 8-6779] Delay data for wire-load model not found, using default value
WARNING: [Synth 8-6779] Delay data for wire-load model not found, using default value
WARNING: [Synth 8-326] inferred exception to break timing loop: 'set_false_path -through Cores_Contr/i_5/i_543/O'
WARNING: [Synth 8-326] inferred exception to break timing loop: 'set_false_path -through Cores_Contr/i_5/i_427/O'
WARNING: [Synth 8-326] inferred exception to break timing loop: 'set_false_path -through Cores_Contr/i_5/i_621/O'
WARNING: [Synth 8-326] inferred exception to break timing loop: 'set_false_path -through Cores_Contr/i_5/i_561/O'
WARNING: [Synth 8-326] inferred exception to break timing loop: 'set_false_path -through Cores_Contr/i_5/i_553/O'
WARNING: [Synth 8-326] inferred exception to break timing loop: 'set_false_path -through Cores_Contr/i_5/i_553/O'
WARNING: [Synth 8-326] inferred exception to break timing loop: 'set_false_path -through Cores_Contr/i_5/i_355/O'
WARNING: [Synth 8-326] inferred exception to break timing loop: 'set_false_path -through Cores_Contr/i_5/i_355/O'
WARNING: [Synth 8-326] inferred exception to break timing loop: 'set_false_path -through Cores_Contr/i_5/i_359/O'
WARNING: [Synth 8-326] inferred exception to break timing loop: 'set_false_path -through Cores_Contr/i_5/i_367/O'
---------------------------------------------------------------------------------
Start Technology Mapping
---------------------------------------------------------------------------------
Found timing loop:
     0: Cores_Contr/i_1080/O (LUT2)
      [/ihp/departments/D-SYA/work/miglioranza/Encoder/Encoder.srcs/sources_1/new/Cores_controller.vhd:594]
     1: Cores_Contr/i_1080/I1 (LUT2)
     2: Cores_Contr/i_651/O (LUT2)
      [/ihp/departments/D-SYA/work/miglioranza/Encoder/Encoder.srcs/sources_1/new/Cores_controller.vhd:594]
     3: Cores_Contr/i_651/I1 (LUT2)
     4: Cores_Contr/i_1081/O (LUT2)
      [/ihp/departments/D-SYA/work/miglioranza/Encoder/Encoder.srcs/sources_1/new/Cores_controller.vhd:594]
     5: Cores_Contr/i_1081/I0 (LUT2)
     6: Cores_Contr/i_1080/O (LUT2)
      [/ihp/departments/D-SYA/work/miglioranza/Encoder/Encoder.srcs/sources_1/new/Cores_controller.vhd:594]
Inferred a: "set_disable_timing -from I1 -to O Cores_Contr/i_1080"
Found timing loop:
     0: Cores_Contr/i_1087/O (LUT2)
      [/ihp/departments/D-SYA/work/miglioranza/Encoder/Encoder.srcs/sources_1/new/Cores_controller.vhd:594]
     1: Cores_Contr/i_1087/I1 (LUT2)
     2: Cores_Contr/i_323/O (LUT6)
      [/ihp/departments/D-SYA/work/miglioranza/Encoder/Encoder.srcs/sources_1/new/Cores_controller.vhd:594]
     3: Cores_Contr/i_323/I5 (LUT6)
     4: Cores_Contr/i_1087/O (LUT2)
      [/ihp/departments/D-SYA/work/miglioranza/Encoder/Encoder.srcs/sources_1/new/Cores_controller.vhd:594]
Inferred a: "set_disable_timing -from I1 -to O Cores_Contr/i_1087"
Found timing loop:
     0: Cores_Contr/i_1080/O (LUT2)
      [/ihp/departments/D-SYA/work/miglioranza/Encoder/Encoder.srcs/sources_1/new/Cores_controller.vhd:594]
     1: Cores_Contr/i_1080/O (LUT2)
Found timing loop:
     0: Cores_Contr/i_1082/O (LUT2)
      [/ihp/departments/D-SYA/work/miglioranza/Encoder/Encoder.srcs/sources_1/new/Cores_controller.vhd:594]
     1: Cores_Contr/i_1082/I1 (LUT2)
     2: Cores_Contr/i_1080/O (LUT2)
      [/ihp/departments/D-SYA/work/miglioranza/Encoder/Encoder.srcs/sources_1/new/Cores_controller.vhd:594]
     3: Cores_Contr/i_1080/O (LUT2)
Inferred a: "set_disable_timing -from I1 -to O Cores_Contr/i_1082"
Found timing loop:
     0: Cores_Contr/i_1080/O (LUT2)
      [/ihp/departments/D-SYA/work/miglioranza/Encoder/Encoder.srcs/sources_1/new/Cores_controller.vhd:594]
     1: Cores_Contr/i_1080/I0 (LUT2)
     2: Cores_Contr/i_653/O (LUT3)
      [/ihp/departments/D-SYA/work/miglioranza/Encoder/Encoder.srcs/sources_1/new/Cores_controller.vhd:594]
     3: Cores_Contr/i_653/I0 (LUT3)
     4: Cores_Contr/i_1080/O (LUT2)
      [/ihp/departments/D-SYA/work/miglioranza/Encoder/Encoder.srcs/sources_1/new/Cores_controller.vhd:594]
Inferred a: "set_disable_timing -from I0 -to O Cores_Contr/i_1080"
Found timing loop:
     0: Cores_Contr/i_1088/O (LUT2)
      [/ihp/departments/D-SYA/work/miglioranza/Encoder/Encoder.srcs/sources_1/new/Cores_controller.vhd:594]
     1: Cores_Contr/i_1088/I1 (LUT2)
     2: Cores_Contr/i_666/O (LUT2)
      [/ihp/departments/D-SYA/work/miglioranza/Encoder/Encoder.srcs/sources_1/new/Cores_controller.vhd:594]
     3: Cores_Contr/i_666/I1 (LUT2)
     4: Cores_Contr/i_1089/O (LUT2)
      [/ihp/departments/D-SYA/work/miglioranza/Encoder/Encoder.srcs/sources_1/new/Cores_controller.vhd:594]
     5: Cores_Contr/i_1089/I0 (LUT2)
     6: Cores_Contr/i_1088/O (LUT2)
      [/ihp/departments/D-SYA/work/miglioranza/Encoder/Encoder.srcs/sources_1/new/Cores_controller.vhd:594]
Inferred a: "set_disable_timing -from I1 -to O Cores_Contr/i_1088"
Found timing loop:
     0: Cores_Contr/i_1092/O (LUT2)
      [/ihp/departments/D-SYA/work/miglioranza/Encoder/Encoder.srcs/sources_1/new/Cores_controller.vhd:594]
     1: Cores_Contr/i_1092/I1 (LUT2)
     2: Cores_Contr/i_421/O (LUT6)
      [/ihp/departments/D-SYA/work/miglioranza/Encoder/Encoder.srcs/sources_1/new/Cores_controller.vhd:594]
     3: Cores_Contr/i_421/I5 (LUT6)
     4: Cores_Contr/i_1092/O (LUT2)
      [/ihp/departments/D-SYA/work/miglioranza/Encoder/Encoder.srcs/sources_1/new/Cores_controller.vhd:594]
Inferred a: "set_disable_timing -from I1 -to O Cores_Contr/i_1092"
Found timing loop:
     0: Cores_Contr/i_1088/O (LUT2)
      [/ihp/departments/D-SYA/work/miglioranza/Encoder/Encoder.srcs/sources_1/new/Cores_controller.vhd:594]
     1: Cores_Contr/i_1088/O (LUT2)
Found timing loop:
     0: Cores_Contr/i_1091/O (LUT2)
      [/ihp/departments/D-SYA/work/miglioranza/Encoder/Encoder.srcs/sources_1/new/Cores_controller.vhd:594]
     1: Cores_Contr/i_1091/I1 (LUT2)
     2: Cores_Contr/i_1088/O (LUT2)
      [/ihp/departments/D-SYA/work/miglioranza/Encoder/Encoder.srcs/sources_1/new/Cores_controller.vhd:594]
     3: Cores_Contr/i_1088/O (LUT2)
Inferred a: "set_disable_timing -from I1 -to O Cores_Contr/i_1091"
Found timing loop:
     0: Cores_Contr/i_1088/O (LUT2)
      [/ihp/departments/D-SYA/work/miglioranza/Encoder/Encoder.srcs/sources_1/new/Cores_controller.vhd:594]
     1: Cores_Contr/i_1088/I0 (LUT2)
     2: Cores_Contr/i_668/O (LUT3)
      [/ihp/departments/D-SYA/work/miglioranza/Encoder/Encoder.srcs/sources_1/new/Cores_controller.vhd:594]
     3: Cores_Contr/i_668/I0 (LUT3)
     4: Cores_Contr/i_1088/O (LUT2)
      [/ihp/departments/D-SYA/work/miglioranza/Encoder/Encoder.srcs/sources_1/new/Cores_controller.vhd:594]
Inferred a: "set_disable_timing -from I0 -to O Cores_Contr/i_1088"
Found timing loop:
     0: Cores_Contr/i_1101/O (LUT2)
      [/ihp/departments/D-SYA/work/miglioranza/Encoder/Encoder.srcs/sources_1/new/Cores_controller.vhd:594]
     1: Cores_Contr/i_1101/I1 (LUT2)
     2: Cores_Contr/i_751/O (LUT2)
      [/ihp/departments/D-SYA/work/miglioranza/Encoder/Encoder.srcs/sources_1/new/Cores_controller.vhd:594]
     3: Cores_Contr/i_751/I1 (LUT2)
     4: Cores_Contr/i_1102/O (LUT2)
      [/ihp/departments/D-SYA/work/miglioranza/Encoder/Encoder.srcs/sources_1/new/Cores_controller.vhd:594]
     5: Cores_Contr/i_1102/I0 (LUT2)
     6: Cores_Contr/i_1101/O (LUT2)
      [/ihp/departments/D-SYA/work/miglioranza/Encoder/Encoder.srcs/sources_1/new/Cores_controller.vhd:594]
Inferred a: "set_disable_timing -from I1 -to O Cores_Contr/i_1101"
Found timing loop:
     0: Cores_Contr/i_1105/O (LUT2)
      [/ihp/departments/D-SYA/work/miglioranza/Encoder/Encoder.srcs/sources_1/new/Cores_controller.vhd:594]
     1: Cores_Contr/i_1105/I1 (LUT2)
     2: Cores_Contr/i_602/O (LUT6)
      [/ihp/departments/D-SYA/work/miglioranza/Encoder/Encoder.srcs/sources_1/new/Cores_controller.vhd:594]
     3: Cores_Contr/i_602/I5 (LUT6)
     4: Cores_Contr/i_1105/O (LUT2)
      [/ihp/departments/D-SYA/work/miglioranza/Encoder/Encoder.srcs/sources_1/new/Cores_controller.vhd:594]
Inferred a: "set_disable_timing -from I1 -to O Cores_Contr/i_1105"
Found timing loop:
     0: Cores_Contr/i_1101/O (LUT2)
      [/ihp/departments/D-SYA/work/miglioranza/Encoder/Encoder.srcs/sources_1/new/Cores_controller.vhd:594]
     1: Cores_Contr/i_1101/O (LUT2)
Found timing loop:
     0: Cores_Contr/i_1101/O (LUT2)
      [/ihp/departments/D-SYA/work/miglioranza/Encoder/Encoder.srcs/sources_1/new/Cores_controller.vhd:594]
     1: Cores_Contr/i_1101/O (LUT2)
Found timing loop:
     0: Cores_Contr/i_1105/O (LUT2)
      [/ihp/departments/D-SYA/work/miglioranza/Encoder/Encoder.srcs/sources_1/new/Cores_controller.vhd:594]
     1: Cores_Contr/i_1105/I0 (LUT2)
     2: Cores_Contr/i_1104/O (LUT2)
      [/ihp/departments/D-SYA/work/miglioranza/Encoder/Encoder.srcs/sources_1/new/Cores_controller.vhd:594]
     3: Cores_Contr/i_1104/I1 (LUT2)
     4: Cores_Contr/i_1101/O (LUT2)
      [/ihp/departments/D-SYA/work/miglioranza/Encoder/Encoder.srcs/sources_1/new/Cores_controller.vhd:594]
     5: Cores_Contr/i_1101/O (LUT2)
Inferred a: "set_disable_timing -from I0 -to O Cores_Contr/i_1105"
Found timing loop:
     0: Cores_Contr/i_1101/O (LUT2)
      [/ihp/departments/D-SYA/work/miglioranza/Encoder/Encoder.srcs/sources_1/new/Cores_controller.vhd:594]
     1: Cores_Contr/i_1101/I0 (LUT2)
     2: Cores_Contr/i_753/O (LUT3)
      [/ihp/departments/D-SYA/work/miglioranza/Encoder/Encoder.srcs/sources_1/new/Cores_controller.vhd:594]
     3: Cores_Contr/i_753/I0 (LUT3)
     4: Cores_Contr/i_1101/O (LUT2)
      [/ihp/departments/D-SYA/work/miglioranza/Encoder/Encoder.srcs/sources_1/new/Cores_controller.vhd:594]
Inferred a: "set_disable_timing -from I0 -to O Cores_Contr/i_1101"
Found timing loop:
     0: Cores_Contr/i_1093/O (LUT2)
      [/ihp/departments/D-SYA/work/miglioranza/Encoder/Encoder.srcs/sources_1/new/Cores_controller.vhd:594]
     1: Cores_Contr/i_1093/I1 (LUT2)
     2: Cores_Contr/i_738/O (LUT2)
      [/ihp/departments/D-SYA/work/miglioranza/Encoder/Encoder.srcs/sources_1/new/Cores_controller.vhd:594]
     3: Cores_Contr/i_738/I1 (LUT2)
     4: Cores_Contr/i_1094/O (LUT2)
      [/ihp/departments/D-SYA/work/miglioranza/Encoder/Encoder.srcs/sources_1/new/Cores_controller.vhd:594]
     5: Cores_Contr/i_1094/I0 (LUT2)
     6: Cores_Contr/i_1093/O (LUT2)
      [/ihp/departments/D-SYA/work/miglioranza/Encoder/Encoder.srcs/sources_1/new/Cores_controller.vhd:594]
Inferred a: "set_disable_timing -from I1 -to O Cores_Contr/i_1093"
Found timing loop:
     0: Cores_Contr/i_1100/O (LUT2)
      [/ihp/departments/D-SYA/work/miglioranza/Encoder/Encoder.srcs/sources_1/new/Cores_controller.vhd:594]
     1: Cores_Contr/i_1100/I1 (LUT2)
     2: Cores_Contr/i_1095/O (LUT2)
      [/ihp/departments/D-SYA/work/miglioranza/Encoder/Encoder.srcs/sources_1/new/Cores_controller.vhd:594]
     3: Cores_Contr/i_1095/I1 (LUT2)
     4: Cores_Contr/i_683/O (LUT5)
      [/ihp/departments/D-SYA/work/miglioranza/Encoder/Encoder.srcs/sources_1/new/Cores_controller.vhd:594]
     5: Cores_Contr/i_683/I0 (LUT5)
     6: Cores_Contr/i_1100/O (LUT2)
      [/ihp/departments/D-SYA/work/miglioranza/Encoder/Encoder.srcs/sources_1/new/Cores_controller.vhd:594]
Inferred a: "set_disable_timing -from I1 -to O Cores_Contr/i_1100"
Found timing loop:
     0: Cores_Contr/i_1093/O (LUT2)
      [/ihp/departments/D-SYA/work/miglioranza/Encoder/Encoder.srcs/sources_1/new/Cores_controller.vhd:594]
     1: Cores_Contr/i_1093/O (LUT2)
Found timing loop:
     0: Cores_Contr/i_1096/O (LUT2)
      [/ihp/departments/D-SYA/work/miglioranza/Encoder/Encoder.srcs/sources_1/new/Cores_controller.vhd:594]
     1: Cores_Contr/i_1096/I1 (LUT2)
     2: Cores_Contr/i_1093/O (LUT2)
      [/ihp/departments/D-SYA/work/miglioranza/Encoder/Encoder.srcs/sources_1/new/Cores_controller.vhd:594]
     3: Cores_Contr/i_1093/O (LUT2)
Inferred a: "set_disable_timing -from I1 -to O Cores_Contr/i_1096"
Found timing loop:
     0: Cores_Contr/i_1093/O (LUT2)
      [/ihp/departments/D-SYA/work/miglioranza/Encoder/Encoder.srcs/sources_1/new/Cores_controller.vhd:594]
     1: Cores_Contr/i_1093/I0 (LUT2)
     2: Cores_Contr/i_740/O (LUT3)
      [/ihp/departments/D-SYA/work/miglioranza/Encoder/Encoder.srcs/sources_1/new/Cores_controller.vhd:594]
     3: Cores_Contr/i_740/I0 (LUT3)
     4: Cores_Contr/i_1093/O (LUT2)
      [/ihp/departments/D-SYA/work/miglioranza/Encoder/Encoder.srcs/sources_1/new/Cores_controller.vhd:594]
Inferred a: "set_disable_timing -from I0 -to O Cores_Contr/i_1093"
WARNING: [Synth 8-326] inferred exception to break timing loop: 'set_false_path -through Cores_Contr/i_1134/O'
WARNING: [Synth 8-326] inferred exception to break timing loop: 'set_false_path -through Cores_Contr/i_678/O'
WARNING: [Synth 8-326] inferred exception to break timing loop: 'set_false_path -through Cores_Contr/i_1243/CO[7]'
WARNING: [Synth 8-326] inferred exception to break timing loop: 'set_false_path -through Cores_Contr/i_1243/CO[6]'
WARNING: [Synth 8-326] inferred exception to break timing loop: 'set_false_path -through Cores_Contr/i_1243/CO[5]'
WARNING: [Synth 8-326] inferred exception to break timing loop: 'set_false_path -through Cores_Contr/i_1243/CO[4]'
WARNING: [Synth 8-326] inferred exception to break timing loop: 'set_false_path -through Cores_Contr/i_1243/CO[3]'
WARNING: [Synth 8-326] inferred exception to break timing loop: 'set_false_path -through Cores_Contr/i_1243/O[7]'
WARNING: [Synth 8-326] inferred exception to break timing loop: 'set_false_path -through Cores_Contr/i_1243/O[6]'
WARNING: [Synth 8-326] inferred exception to break timing loop: 'set_false_path -through Cores_Contr/i_1243/O[5]'
WARNING: [Synth 8-326] inferred exception to break timing loop: 'set_false_path -through Cores_Contr/i_1243/O[4]'
WARNING: [Synth 8-326] inferred exception to break timing loop: 'set_false_path -through Cores_Contr/i_1244/CO[7]'
WARNING: [Synth 8-326] inferred exception to break timing loop: 'set_false_path -through Cores_Contr/i_1244/CO[6]'
WARNING: [Synth 8-326] inferred exception to break timing loop: 'set_false_path -through Cores_Contr/i_1244/O[7]'
WARNING: [Synth 8-326] inferred exception to break timing loop: 'set_false_path -through Cores_Contr/i_1244/CO[7]'
WARNING: [Synth 8-326] inferred exception to break timing loop: 'set_false_path -through Cores_Contr/i_1244/CO[6]'
WARNING: [Synth 8-326] inferred exception to break timing loop: 'set_false_path -through Cores_Contr/i_1244/CO[5]'
WARNING: [Synth 8-326] inferred exception to break timing loop: 'set_false_path -through Cores_Contr/i_1244/CO[4]'
WARNING: [Synth 8-326] inferred exception to break timing loop: 'set_false_path -through Cores_Contr/i_1244/CO[3]'
WARNING: [Synth 8-326] inferred exception to break timing loop: 'set_false_path -through Cores_Contr/i_1244/CO[2]'
WARNING: [Synth 8-326] inferred exception to break timing loop: 'set_false_path -through Cores_Contr/i_1244/CO[1]'
WARNING: [Synth 8-326] inferred exception to break timing loop: 'set_false_path -through Cores_Contr/i_1244/CO[0]'
WARNING: [Synth 8-326] inferred exception to break timing loop: 'set_false_path -through Cores_Contr/i_1244/O[7]'
WARNING: [Synth 8-326] inferred exception to break timing loop: 'set_false_path -through Cores_Contr/i_1244/O[6]'
WARNING: [Synth 8-326] inferred exception to break timing loop: 'set_false_path -through Cores_Contr/i_1244/O[5]'
WARNING: [Synth 8-326] inferred exception to break timing loop: 'set_false_path -through Cores_Contr/i_1244/O[4]'
WARNING: [Synth 8-326] inferred exception to break timing loop: 'set_false_path -through Cores_Contr/i_1244/O[3]'
WARNING: [Synth 8-326] inferred exception to break timing loop: 'set_false_path -through Cores_Contr/i_1244/O[2]'
WARNING: [Synth 8-326] inferred exception to break timing loop: 'set_false_path -through Cores_Contr/i_1244/O[1]'
WARNING: [Synth 8-326] inferred exception to break timing loop: 'set_false_path -through Cores_Contr/i_1245/CO[7]'
WARNING: [Synth 8-326] inferred exception to break timing loop: 'set_false_path -through Cores_Contr/i_1245/CO[6]'
WARNING: [Synth 8-326] inferred exception to break timing loop: 'set_false_path -through Cores_Contr/i_1245/O[7]'
WARNING: [Synth 8-326] inferred exception to break timing loop: 'set_false_path -through Cores_Contr/i_1245/CO[7]'
WARNING: [Synth 8-326] inferred exception to break timing loop: 'set_false_path -through Cores_Contr/i_1245/CO[6]'
WARNING: [Synth 8-326] inferred exception to break timing loop: 'set_false_path -through Cores_Contr/i_1245/CO[5]'
WARNING: [Synth 8-326] inferred exception to break timing loop: 'set_false_path -through Cores_Contr/i_1245/CO[4]'
WARNING: [Synth 8-326] inferred exception to break timing loop: 'set_false_path -through Cores_Contr/i_1245/O[7]'
WARNING: [Synth 8-326] inferred exception to break timing loop: 'set_false_path -through Cores_Contr/i_1245/O[6]'
WARNING: [Synth 8-326] inferred exception to break timing loop: 'set_false_path -through Cores_Contr/i_1245/O[5]'
WARNING: [Synth 8-326] inferred exception to break timing loop: 'set_false_path -through Cores_Contr/i_1245/CO[5]'
WARNING: [Synth 8-326] inferred exception to break timing loop: 'set_false_path -through Cores_Contr/i_1245/CO[4]'
WARNING: [Synth 8-326] inferred exception to break timing loop: 'set_false_path -through Cores_Contr/i_1245/CO[3]'
WARNING: [Synth 8-326] inferred exception to break timing loop: 'set_false_path -through Cores_Contr/i_1245/CO[2]'
WARNING: [Synth 8-326] inferred exception to break timing loop: 'set_false_path -through Cores_Contr/i_1245/CO[1]'
WARNING: [Synth 8-326] inferred exception to break timing loop: 'set_false_path -through Cores_Contr/i_1245/CO[0]'
WARNING: [Synth 8-326] inferred exception to break timing loop: 'set_false_path -through Cores_Contr/i_1245/O[6]'
WARNING: [Synth 8-326] inferred exception to break timing loop: 'set_false_path -through Cores_Contr/i_1245/O[5]'
WARNING: [Synth 8-326] inferred exception to break timing loop: 'set_false_path -through Cores_Contr/i_1245/O[4]'
WARNING: [Synth 8-326] inferred exception to break timing loop: 'set_false_path -through Cores_Contr/i_1245/O[3]'
WARNING: [Synth 8-326] inferred exception to break timing loop: 'set_false_path -through Cores_Contr/i_1245/O[2]'
WARNING: [Synth 8-326] inferred exception to break timing loop: 'set_false_path -through Cores_Contr/i_1245/O[1]'
WARNING: [Synth 8-326] inferred exception to break timing loop: 'set_false_path -through Cores_Contr/i_1246/O[7]'
WARNING: [Synth 8-326] inferred exception to break timing loop: 'set_false_path -through Cores_Contr/i_1246/O[6]'
WARNING: [Synth 8-326] inferred exception to break timing loop: 'set_false_path -through Cores_Contr/i_1246/O[7]'
WARNING: [Synth 8-326] inferred exception to break timing loop: 'set_false_path -through Cores_Contr/i_1246/O[6]'
WARNING: [Synth 8-326] inferred exception to break timing loop: 'set_false_path -through Cores_Contr/i_1246/O[5]'
WARNING: [Synth 8-326] inferred exception to break timing loop: 'set_false_path -through Cores_Contr/i_1243/CO[7]'
WARNING: [Synth 8-326] inferred exception to break timing loop: 'set_false_path -through Cores_Contr/i_1243/O[7]'
WARNING: [Synth 8-326] inferred exception to break timing loop: 'set_false_path -through Cores_Contr/i_1243/CO[6]'
WARNING: [Synth 8-326] inferred exception to break timing loop: 'set_false_path -through Cores_Contr/i_1243/O[6]'
WARNING: [Synth 8-326] inferred exception to break timing loop: 'set_false_path -through Cores_Contr/i_1243/CO[5]'
WARNING: [Synth 8-326] inferred exception to break timing loop: 'set_false_path -through Cores_Contr/i_1243/O[5]'
WARNING: [Synth 8-326] inferred exception to break timing loop: 'set_false_path -through Cores_Contr/i_1243/CO[4]'
WARNING: [Synth 8-326] inferred exception to break timing loop: 'set_false_path -through Cores_Contr/i_1243/O[4]'
WARNING: [Synth 8-326] inferred exception to break timing loop: 'set_false_path -through Cores_Contr/i_1243/CO[3]'
WARNING: [Synth 8-326] inferred exception to break timing loop: 'set_false_path -through Cores_Contr/i_1243/CO[2]'
WARNING: [Synth 8-326] inferred exception to break timing loop: 'set_false_path -through Cores_Contr/i_1243/O[3]'
WARNING: [Synth 8-326] inferred exception to break timing loop: 'set_false_path -through Cores_Contr/i_1243/O[2]'
WARNING: [Synth 8-326] inferred exception to break timing loop: 'set_false_path -through Cores_Contr/i_1243/CO[2]'
WARNING: [Synth 8-326] inferred exception to break timing loop: 'set_false_path -through Cores_Contr/i_1243/CO[1]'
WARNING: [Synth 8-326] inferred exception to break timing loop: 'set_false_path -through Cores_Contr/i_1243/O[3]'
WARNING: [Synth 8-326] inferred exception to break timing loop: 'set_false_path -through Cores_Contr/i_1243/O[2]'
WARNING: [Synth 8-326] inferred exception to break timing loop: 'set_false_path -through Cores_Contr/i_1243/O[1]'
WARNING: [Synth 8-326] inferred exception to break timing loop: 'set_false_path -through Cores_Contr/i_1244/CO[5]'
WARNING: [Synth 8-326] inferred exception to break timing loop: 'set_false_path -through Cores_Contr/i_1244/O[6]'
WARNING: [Synth 8-326] inferred exception to break timing loop: 'set_false_path -through Cores_Contr/i_1244/O[5]'
WARNING: [Synth 8-326] inferred exception to break timing loop: 'set_false_path -through Cores_Contr/i_1244/CO[4]'
WARNING: [Synth 8-326] inferred exception to break timing loop: 'set_false_path -through Cores_Contr/i_1244/O[4]'
WARNING: [Synth 8-326] inferred exception to break timing loop: 'set_false_path -through Cores_Contr/i_1244/CO[3]'
WARNING: [Synth 8-326] inferred exception to break timing loop: 'set_false_path -through Cores_Contr/i_1244/O[3]'
WARNING: [Synth 8-326] inferred exception to break timing loop: 'set_false_path -through Cores_Contr/i_1244/CO[2]'
WARNING: [Synth 8-326] inferred exception to break timing loop: 'set_false_path -through Cores_Contr/i_1244/O[2]'
WARNING: [Synth 8-326] inferred exception to break timing loop: 'set_false_path -through Cores_Contr/i_1244/CO[1]'
WARNING: [Synth 8-326] inferred exception to break timing loop: 'set_false_path -through Cores_Contr/i_1244/O[1]'
WARNING: [Synth 8-326] inferred exception to break timing loop: 'set_false_path -through Cores_Contr/i_1245/CO[3]'
WARNING: [Synth 8-326] inferred exception to break timing loop: 'set_false_path -through Cores_Contr/i_1245/O[4]'
WARNING: [Synth 8-326] inferred exception to break timing loop: 'set_false_path -through Cores_Contr/i_1245/O[3]'
WARNING: [Synth 8-326] inferred exception to break timing loop: 'set_false_path -through Cores_Contr/i_1245/CO[2]'
WARNING: [Synth 8-326] inferred exception to break timing loop: 'set_false_path -through Cores_Contr/i_1245/O[2]'
WARNING: [Synth 8-326] inferred exception to break timing loop: 'set_false_path -through Cores_Contr/i_1245/CO[1]'
INFO: [Common 17-14] Message 'Synth 8-326' appears 100 times and further instances of the messages will be disabled. Use the Tcl command set_msg_config to change the current settings.
---------------------------------------------------------------------------------
Finished Technology Mapping : Time (s): cpu = 00:00:37 ; elapsed = 00:00:49 . Memory (MB): peak = 4003.516 ; gain = 756.941 ; free physical = 48073 ; free virtual = 106070
---------------------------------------------------------------------------------
---------------------------------------------------------------------------------
Start IO Insertion
---------------------------------------------------------------------------------
---------------------------------------------------------------------------------
Start Final Netlist Cleanup
---------------------------------------------------------------------------------
---------------------------------------------------------------------------------
Finished Final Netlist Cleanup
---------------------------------------------------------------------------------
---------------------------------------------------------------------------------
Finished IO Insertion : Time (s): cpu = 00:00:40 ; elapsed = 00:00:52 . Memory (MB): peak = 4009.453 ; gain = 762.879 ; free physical = 48076 ; free virtual = 106072
---------------------------------------------------------------------------------
---------------------------------------------------------------------------------
Start Renaming Generated Instances
---------------------------------------------------------------------------------
---------------------------------------------------------------------------------
Finished Renaming Generated Instances : Time (s): cpu = 00:00:40 ; elapsed = 00:00:52 . Memory (MB): peak = 4009.453 ; gain = 762.879 ; free physical = 48076 ; free virtual = 106072
---------------------------------------------------------------------------------
---------------------------------------------------------------------------------
Start Handling Custom Attributes
---------------------------------------------------------------------------------
---------------------------------------------------------------------------------
Finished Handling Custom Attributes : Time (s): cpu = 00:00:40 ; elapsed = 00:00:52 . Memory (MB): peak = 4009.453 ; gain = 762.879 ; free physical = 48076 ; free virtual = 106072
---------------------------------------------------------------------------------
---------------------------------------------------------------------------------
Start Writing Synthesis Report
---------------------------------------------------------------------------------

Report BlackBoxes: 
+------+-----------------+----------+
|      |BlackBox name    |Instances |
+------+-----------------+----------+
|1     |sd_fec_0         |         4|
|2     |axis_data_fifo_0 |         4|
|3     |axis_data_fifo_1 |         4|
+------+-----------------+----------+

Report Cell Usage: 
+------+----------------------+------+
|      |Cell                  |Count |
+------+----------------------+------+
|1     |axis_data_fifo_0_bbox |     4|
|5     |axis_data_fifo_1_bbox |     4|
|9     |sd_fec_0_bbox         |     4|
|13    |BUFG                  |     1|
|14    |CARRY8                |    85|
|15    |LUT1                  |    12|
|16    |LUT2                  |   671|
|17    |LUT3                  |   440|
|18    |LUT4                  |   128|
|19    |LUT5                  |    65|
|20    |LUT6                  |   223|
|21    |RAM32M                |     3|
|22    |RAM32M16              |     6|
|23    |FDCE                  |   369|
|24    |FDRE                  |     5|
|25    |IBUF                  |    39|
|26    |OBUF                  |   132|
|27    |OBUFT                 |     3|
+------+----------------------+------+
---------------------------------------------------------------------------------
Finished Writing Synthesis Report : Time (s): cpu = 00:00:40 ; elapsed = 00:00:52 . Memory (MB): peak = 4009.453 ; gain = 762.879 ; free physical = 48076 ; free virtual = 106072
---------------------------------------------------------------------------------
Synthesis finished with 0 errors, 223 critical warnings and 210 warnings.
Synthesis Optimization Runtime : Time (s): cpu = 00:00:32 ; elapsed = 00:00:44 . Memory (MB): peak = 4009.453 ; gain = 565.254 ; free physical = 48113 ; free virtual = 106109
Synthesis Optimization Complete : Time (s): cpu = 00:00:40 ; elapsed = 00:00:52 . Memory (MB): peak = 4009.461 ; gain = 762.879 ; free physical = 48113 ; free virtual = 106109
INFO: [Project 1-571] Translating synthesized netlist
Netlist sorting complete. Time (s): cpu = 00:00:00.02 ; elapsed = 00:00:00.02 . Memory (MB): peak = 4021.422 ; gain = 0.000 ; free physical = 48212 ; free virtual = 106209
INFO: [Netlist 29-17] Analyzing 134 Unisim elements for replacement
INFO: [Netlist 29-28] Unisim Transformation completed in 0 CPU seconds
WARNING: [Netlist 29-101] Netlist 'LDPC_encoder' is not ideal for floorplanning, since the cellview 'Cores_controller' contains a large number of primitives.  Please consider enabling hierarchy in synthesis if you want to do floorplanning.
INFO: [Project 1-570] Preparing netlist for logic optimization
INFO: [Opt 31-138] Pushed 0 inverter(s) to 0 load pin(s).
Netlist sorting complete. Time (s): cpu = 00:00:00 ; elapsed = 00:00:00.01 . Memory (MB): peak = 4100.191 ; gain = 0.000 ; free physical = 48129 ; free virtual = 106125
INFO: [Project 1-111] Unisim Transformation Summary:
  A total of 49 instances were transformed.
  BUFG => BUFGCE: 1 instance 
  IBUF => IBUF (IBUFCTRL, INBUF): 39 instances
  RAM32M => RAM32M (RAMD32(x6), RAMS32(x2)): 3 instances
  RAM32M16 => RAM32M16 (RAMD32(x14), RAMS32(x2)): 6 instances

Synth Design complete, checksum: a9ff2176
INFO: [Common 17-83] Releasing license: Synthesis
44 Infos, 138 Warnings, 100 Critical Warnings and 0 Errors encountered.
synth_design completed successfully
synth_design: Time (s): cpu = 00:00:54 ; elapsed = 00:01:35 . Memory (MB): peak = 4100.191 ; gain = 1007.273 ; free physical = 48269 ; free virtual = 106266
INFO: [runtcl-6] Synthesis results are not added to the cache due to CRITICAL_WARNING
INFO: [Common 17-1381] The checkpoint '/ihp/departments/D-SYA/work/miglioranza/Encoder/Encoder.runs/synth_3/LDPC_encoder.dcp' has been generated.
INFO: [runtcl-4] Executing : report_utilization -file LDPC_encoder_utilization_synth.rpt -pb LDPC_encoder_utilization_synth.pb
INFO: [Common 17-206] Exiting Vivado at Thu Aug 14 17:58:04 2025...
