Copyright 1986-2021 Xilinx, Inc. All Rights Reserved.
--------------------------------------------------------------------------------------------------------------------------------------------------------------------------------------------------------------------------------------
| Tool Version      : Vivado v.2021.2 (lin64) Build 3367213 Tue Oct 19 02:47:39 MDT 2021
| Date              : Tue Aug 19 16:01:05 2025
| Host              : uxsrv005 running 64-bit Red Hat Enterprise Linux release 8.10 (Ootpa)
| Command           : report_timing_summary -max_paths 10 -report_unconstrained -file LDPC_encoder_timing_summary_routed.rpt -pb LDPC_encoder_timing_summary_routed.pb -rpx LDPC_encoder_timing_summary_routed.rpx -warn_on_violation
| Design            : LDPC_encoder
| Device            : xczu28dr-ffvg1517
| Speed File        : -2  PRODUCTION 1.29 12-02-2020
| Temperature Grade : E
--------------------------------------------------------------------------------------------------------------------------------------------------------------------------------------------------------------------------------------

Timing Summary Report

------------------------------------------------------------------------------------------------
| Timer Settings
| --------------
------------------------------------------------------------------------------------------------

  Enable Multi Corner Analysis               :  Yes
  Enable Pessimism Removal                   :  Yes
  Pessimism Removal Resolution               :  Nearest Common Node
  Enable Input Delay Default Clock           :  No
  Enable Preset / Clear Arcs                 :  No
  Disable Flight Delays                      :  No
  Ignore I/O Paths                           :  No
  Timing Early Launch at Borrowing Latches   :  No
  Borrow Time for Max Delay Exceptions       :  Yes
  Merge Timing Exceptions                    :  Yes

  Corner  Analyze    Analyze    
  Name    Max Paths  Min Paths  
  ------  ---------  ---------  
  Slow    Yes        Yes        
  Fast    Yes        Yes        


------------------------------------------------------------------------------------------------
| Report Methodology
| ------------------
------------------------------------------------------------------------------------------------

Rule       Severity  Description                                                       Violations  
---------  --------  ----------------------------------------------------------------  ----------  
CKLD-2     Warning   Clock Net has IO Driver, not a Clock Buf, and/or non-Clock loads  1           
TIMING-23  Warning   Combinational loop found                                          4           

Note: This report is based on the most recent report_methodology run and may not be up-to-date. Run report_methodology on the current design for the latest report.



check_timing report

Table of Contents
-----------------
1. checking no_clock (0)
2. checking constant_clock (0)
3. checking pulse_width_clock (0)
4. checking unconstrained_internal_endpoints (0)
5. checking no_input_delay (37)
6. checking no_output_delay (132)
7. checking multiple_clock (0)
8. checking generated_clocks (0)
9. checking loops (17)
10. checking partial_input_delay (0)
11. checking partial_output_delay (0)
12. checking latch_loops (0)

1. checking no_clock (0)
------------------------
 There are 0 register/latch pins with no clock.


2. checking constant_clock (0)
------------------------------
 There are 0 register/latch pins with constant_clock.


3. checking pulse_width_clock (0)
---------------------------------
 There are 0 register/latch pins which need pulse_width check


4. checking unconstrained_internal_endpoints (0)
------------------------------------------------
 There are 0 pins that are not constrained for maximum delay.

 There are 0 pins that are not constrained for maximum delay due to constant clock.


5. checking no_input_delay (37)
-------------------------------
 There are 0 input ports with no input delay specified.

 There are 37 input ports with no input delay but user has a false path constraint. (MEDIUM)


6. checking no_output_delay (132)
---------------------------------
 There are 0 ports with no output delay specified.

 There are 132 ports with no output delay but user has a false path constraint (MEDIUM)

 There are 0 ports with no output delay but with a timing clock defined on it or propagating through it


7. checking multiple_clock (0)
------------------------------
 There are 0 register/latch pins with multiple clocks.


8. checking generated_clocks (0)
--------------------------------
 There are 0 generated clocks that are not connected to a clock source.


9. checking loops (17)
----------------------
 There are 17 combinational loops in the design. (HIGH)


10. checking partial_input_delay (0)
------------------------------------
 There are 0 input ports with partial input delay specified.


11. checking partial_output_delay (0)
-------------------------------------
 There are 0 ports with partial output delay specified.


12. checking latch_loops (0)
----------------------------
 There are 0 combinational latch loops in the design through latch input



------------------------------------------------------------------------------------------------
| Design Timing Summary
| ---------------------
------------------------------------------------------------------------------------------------

    WNS(ns)      TNS(ns)  TNS Failing Endpoints  TNS Total Endpoints      WHS(ns)      THS(ns)  THS Failing Endpoints  THS Total Endpoints     WPWS(ns)     TPWS(ns)  TPWS Failing Endpoints  TPWS Total Endpoints  
    -------      -------  ---------------------  -------------------      -------      -------  ---------------------  -------------------     --------     --------  ----------------------  --------------------  
      1.287        0.000                      0                10864        0.010        0.000                      0                10864        1.700        0.000                       0                  3240  


All user specified timing constraints are met.


------------------------------------------------------------------------------------------------
| Clock Summary
| -------------
------------------------------------------------------------------------------------------------

Clock  Waveform(ns)         Period(ns)      Frequency(MHz)
-----  ------------         ----------      --------------
clk    {0.000 2.500}        5.000           200.000         


------------------------------------------------------------------------------------------------
| Intra Clock Table
| -----------------
------------------------------------------------------------------------------------------------

Clock             WNS(ns)      TNS(ns)  TNS Failing Endpoints  TNS Total Endpoints      WHS(ns)      THS(ns)  THS Failing Endpoints  THS Total Endpoints     WPWS(ns)     TPWS(ns)  TPWS Failing Endpoints  TPWS Total Endpoints  
-----             -------      -------  ---------------------  -------------------      -------      -------  ---------------------  -------------------     --------     --------  ----------------------  --------------------  
clk                 1.287        0.000                      0                10864        0.010        0.000                      0                10864        1.700        0.000                       0                  3240  


------------------------------------------------------------------------------------------------
| Inter Clock Table
| -----------------
------------------------------------------------------------------------------------------------

From Clock    To Clock          WNS(ns)      TNS(ns)  TNS Failing Endpoints  TNS Total Endpoints      WHS(ns)      THS(ns)  THS Failing Endpoints  THS Total Endpoints  
----------    --------          -------      -------  ---------------------  -------------------      -------      -------  ---------------------  -------------------  


------------------------------------------------------------------------------------------------
| Other Path Groups Table
| -----------------------
------------------------------------------------------------------------------------------------

Path Group    From Clock    To Clock          WNS(ns)      TNS(ns)  TNS Failing Endpoints  TNS Total Endpoints      WHS(ns)      THS(ns)  THS Failing Endpoints  THS Total Endpoints  
----------    ----------    --------          -------      -------  ---------------------  -------------------      -------      -------  ---------------------  -------------------  


------------------------------------------------------------------------------------------------
| User Ignored Path Table
| -----------------------
------------------------------------------------------------------------------------------------

Path Group    From Clock    To Clock    
----------    ----------    --------    
(none)        clk                         
(none)                      clk           
(none)        clk           clk           


------------------------------------------------------------------------------------------------
| Unconstrained Path Table
| ------------------------
------------------------------------------------------------------------------------------------

Path Group    From Clock    To Clock    
----------    ----------    --------    


------------------------------------------------------------------------------------------------
| Timing Details
| --------------
------------------------------------------------------------------------------------------------


---------------------------------------------------------------------------------------------------
From Clock:  clk
  To Clock:  clk

Setup :            0  Failing Endpoints,  Worst Slack        1.287ns,  Total Violation        0.000ns
Hold  :            0  Failing Endpoints,  Worst Slack        0.010ns,  Total Violation        0.000ns
PW    :            0  Failing Endpoints,  Worst Slack        1.700ns,  Total Violation        0.000ns
---------------------------------------------------------------------------------------------------


Max Delay Paths
--------------------------------------------------------------------------------------
Slack (MET) :             1.287ns  (required time - arrival time)
  Source:                 LDPC_core2/inst/STD_OTHER_G.STD_OTHER_I/FE_I/S_AXIS_DIN_ACLK
                            (rising edge-triggered cell FE clocked by clk  {rise@0.000ns fall@2.500ns period=5.000ns})
  Destination:            Data_controller_inst/cw_counter2_reg[0]/CE
                            (rising edge-triggered cell FDCE clocked by clk  {rise@0.000ns fall@2.500ns period=5.000ns})
  Path Group:             clk
  Path Type:              Setup (Max at Slow Process Corner)
  Requirement:            5.000ns  (clk rise@5.000ns - clk rise@0.000ns)
  Data Path Delay:        3.439ns  (logic 0.957ns (27.828%)  route 2.482ns (72.172%))
  Logic Levels:           4  (LUT2=1 LUT3=1 LUT4=1 LUT5=1)
  Clock Path Skew:        -0.178ns (DCD - SCD + CPR)
    Destination Clock Delay (DCD):    2.471ns = ( 7.471 - 5.000 ) 
    Source Clock Delay      (SCD):    3.088ns
    Clock Pessimism Removal (CPR):    0.439ns
  Clock Uncertainty:      0.035ns  ((TSJ^2 + TIJ^2)^1/2 + DJ) / 2 + PE
    Total System Jitter     (TSJ):    0.071ns
    Total Input Jitter      (TIJ):    0.000ns
    Discrete Jitter          (DJ):    0.000ns
    Phase Error              (PE):    0.000ns
  Clock Net Delay (Source):      2.152ns (routing 1.026ns, distribution 1.126ns)
  Clock Net Delay (Destination): 1.826ns (routing 0.935ns, distribution 0.891ns)

    Location             Delay type                Incr(ns)  Path(ns)    Netlist Resource(s)
  -------------------------------------------------------------------    -------------------
                         (clock clk rise edge)        0.000     0.000 r  
    AN11                                              0.000     0.000 r  clk (IN)
                         net (fo=0)                   0.000     0.000    clk_IBUF_inst/I
    AN11                 INBUF (Prop_INBUF_HPIOB_M_PAD_O)
                                                      0.572     0.572 r  clk_IBUF_inst/INBUF_INST/O
                         net (fo=1, routed)           0.000     0.572    clk_IBUF_inst/OUT
    AN11                 IBUFCTRL (Prop_IBUFCTRL_HPIOB_M_I_O)
                                                      0.000     0.572 r  clk_IBUF_inst/IBUFCTRL_INST/O
                         net (fo=1, routed)           0.336     0.908    clk_IBUF
    BUFGCE_X0Y24         BUFGCE (Prop_BUFCE_BUFGCE_I_O)
                                                      0.028     0.936 r  clk_IBUF_BUFG_inst/O
    X1Y1 (CLOCK_ROOT)    net (fo=3239, routed)        2.152     3.088    LDPC_core2/inst/STD_OTHER_G.STD_OTHER_I/s_axis_din_aclk
    FE_X0Y2              FE                                           r  LDPC_core2/inst/STD_OTHER_G.STD_OTHER_I/FE_I/S_AXIS_DIN_ACLK
  -------------------------------------------------------------------    -------------------
    FE_X0Y2              FE (Prop_FE_S_AXIS_DIN_ACLK_S_AXIS_DIN_TREADY)
                                                      0.609     3.697 r  LDPC_core2/inst/STD_OTHER_G.STD_OTHER_I/FE_I/S_AXIS_DIN_TREADY
                         net (fo=39, routed)          0.841     4.538    Data_controller_inst/din_ready_controller[1]
    SLICE_X37Y151        LUT2 (Prop_D5LUT_SLICEM_I1_O)
                                                      0.110     4.648 r  Data_controller_inst/dout_valid[2]_i_5/O
                         net (fo=3, routed)           0.187     4.835    Data_controller_inst/dout_valid[2]_i_5_n_0
    SLICE_X37Y151        LUT4 (Prop_C6LUT_SLICEM_I2_O)
                                                      0.098     4.933 r  Data_controller_inst/dout_valid[2]_i_3/O
                         net (fo=39, routed)          0.543     5.476    Data_controller_inst/state2[0]
    SLICE_X38Y151        LUT3 (Prop_G6LUT_SLICEL_I2_O)
                                                      0.089     5.565 r  Data_controller_inst/dout_valid[2]_i_2/O
                         net (fo=41, routed)          0.662     6.227    Data_controller_inst/state2[1]
    SLICE_X37Y151        LUT5 (Prop_F6LUT_SLICEM_I3_O)
                                                      0.051     6.278 r  Data_controller_inst/cw_counter2[4]_i_1/O
                         net (fo=5, routed)           0.249     6.527    Data_controller_inst/cw_counter2[4]_i_1_n_0
    SLICE_X37Y150        FDCE                                         r  Data_controller_inst/cw_counter2_reg[0]/CE
  -------------------------------------------------------------------    -------------------

                         (clock clk rise edge)        5.000     5.000 r  
    AN11                                              0.000     5.000 r  clk (IN)
                         net (fo=0)                   0.000     5.000    clk_IBUF_inst/I
    AN11                 INBUF (Prop_INBUF_HPIOB_M_PAD_O)
                                                      0.321     5.321 r  clk_IBUF_inst/INBUF_INST/O
                         net (fo=1, routed)           0.000     5.321    clk_IBUF_inst/OUT
    AN11                 IBUFCTRL (Prop_IBUFCTRL_HPIOB_M_I_O)
                                                      0.000     5.321 r  clk_IBUF_inst/IBUFCTRL_INST/O
                         net (fo=1, routed)           0.300     5.621    clk_IBUF
    BUFGCE_X0Y24         BUFGCE (Prop_BUFCE_BUFGCE_I_O)
                                                      0.024     5.645 r  clk_IBUF_BUFG_inst/O
    X1Y1 (CLOCK_ROOT)    net (fo=3239, routed)        1.826     7.471    Data_controller_inst/CLK
    SLICE_X37Y150        FDCE                                         r  Data_controller_inst/cw_counter2_reg[0]/C
                         clock pessimism              0.439     7.910    
                         clock uncertainty           -0.035     7.874    
    SLICE_X37Y150        FDCE (Setup_DFF_SLICEM_C_CE)
                                                     -0.061     7.813    Data_controller_inst/cw_counter2_reg[0]
  -------------------------------------------------------------------
                         required time                          7.813    
                         arrival time                          -6.527    
  -------------------------------------------------------------------
                         slack                                  1.287    

Slack (MET) :             1.287ns  (required time - arrival time)
  Source:                 LDPC_core2/inst/STD_OTHER_G.STD_OTHER_I/FE_I/S_AXIS_DIN_ACLK
                            (rising edge-triggered cell FE clocked by clk  {rise@0.000ns fall@2.500ns period=5.000ns})
  Destination:            Data_controller_inst/cw_counter2_reg[2]/CE
                            (rising edge-triggered cell FDCE clocked by clk  {rise@0.000ns fall@2.500ns period=5.000ns})
  Path Group:             clk
  Path Type:              Setup (Max at Slow Process Corner)
  Requirement:            5.000ns  (clk rise@5.000ns - clk rise@0.000ns)
  Data Path Delay:        3.439ns  (logic 0.957ns (27.828%)  route 2.482ns (72.172%))
  Logic Levels:           4  (LUT2=1 LUT3=1 LUT4=1 LUT5=1)
  Clock Path Skew:        -0.178ns (DCD - SCD + CPR)
    Destination Clock Delay (DCD):    2.471ns = ( 7.471 - 5.000 ) 
    Source Clock Delay      (SCD):    3.088ns
    Clock Pessimism Removal (CPR):    0.439ns
  Clock Uncertainty:      0.035ns  ((TSJ^2 + TIJ^2)^1/2 + DJ) / 2 + PE
    Total System Jitter     (TSJ):    0.071ns
    Total Input Jitter      (TIJ):    0.000ns
    Discrete Jitter          (DJ):    0.000ns
    Phase Error              (PE):    0.000ns
  Clock Net Delay (Source):      2.152ns (routing 1.026ns, distribution 1.126ns)
  Clock Net Delay (Destination): 1.826ns (routing 0.935ns, distribution 0.891ns)

    Location             Delay type                Incr(ns)  Path(ns)    Netlist Resource(s)
  -------------------------------------------------------------------    -------------------
                         (clock clk rise edge)        0.000     0.000 r  
    AN11                                              0.000     0.000 r  clk (IN)
                         net (fo=0)                   0.000     0.000    clk_IBUF_inst/I
    AN11                 INBUF (Prop_INBUF_HPIOB_M_PAD_O)
                                                      0.572     0.572 r  clk_IBUF_inst/INBUF_INST/O
                         net (fo=1, routed)           0.000     0.572    clk_IBUF_inst/OUT
    AN11                 IBUFCTRL (Prop_IBUFCTRL_HPIOB_M_I_O)
                                                      0.000     0.572 r  clk_IBUF_inst/IBUFCTRL_INST/O
                         net (fo=1, routed)           0.336     0.908    clk_IBUF
    BUFGCE_X0Y24         BUFGCE (Prop_BUFCE_BUFGCE_I_O)
                                                      0.028     0.936 r  clk_IBUF_BUFG_inst/O
    X1Y1 (CLOCK_ROOT)    net (fo=3239, routed)        2.152     3.088    LDPC_core2/inst/STD_OTHER_G.STD_OTHER_I/s_axis_din_aclk
    FE_X0Y2              FE                                           r  LDPC_core2/inst/STD_OTHER_G.STD_OTHER_I/FE_I/S_AXIS_DIN_ACLK
  -------------------------------------------------------------------    -------------------
    FE_X0Y2              FE (Prop_FE_S_AXIS_DIN_ACLK_S_AXIS_DIN_TREADY)
                                                      0.609     3.697 r  LDPC_core2/inst/STD_OTHER_G.STD_OTHER_I/FE_I/S_AXIS_DIN_TREADY
                         net (fo=39, routed)          0.841     4.538    Data_controller_inst/din_ready_controller[1]
    SLICE_X37Y151        LUT2 (Prop_D5LUT_SLICEM_I1_O)
                                                      0.110     4.648 r  Data_controller_inst/dout_valid[2]_i_5/O
                         net (fo=3, routed)           0.187     4.835    Data_controller_inst/dout_valid[2]_i_5_n_0
    SLICE_X37Y151        LUT4 (Prop_C6LUT_SLICEM_I2_O)
                                                      0.098     4.933 r  Data_controller_inst/dout_valid[2]_i_3/O
                         net (fo=39, routed)          0.543     5.476    Data_controller_inst/state2[0]
    SLICE_X38Y151        LUT3 (Prop_G6LUT_SLICEL_I2_O)
                                                      0.089     5.565 r  Data_controller_inst/dout_valid[2]_i_2/O
                         net (fo=41, routed)          0.662     6.227    Data_controller_inst/state2[1]
    SLICE_X37Y151        LUT5 (Prop_F6LUT_SLICEM_I3_O)
                                                      0.051     6.278 r  Data_controller_inst/cw_counter2[4]_i_1/O
                         net (fo=5, routed)           0.249     6.527    Data_controller_inst/cw_counter2[4]_i_1_n_0
    SLICE_X37Y150        FDCE                                         r  Data_controller_inst/cw_counter2_reg[2]/CE
  -------------------------------------------------------------------    -------------------

                         (clock clk rise edge)        5.000     5.000 r  
    AN11                                              0.000     5.000 r  clk (IN)
                         net (fo=0)                   0.000     5.000    clk_IBUF_inst/I
    AN11                 INBUF (Prop_INBUF_HPIOB_M_PAD_O)
                                                      0.321     5.321 r  clk_IBUF_inst/INBUF_INST/O
                         net (fo=1, routed)           0.000     5.321    clk_IBUF_inst/OUT
    AN11                 IBUFCTRL (Prop_IBUFCTRL_HPIOB_M_I_O)
                                                      0.000     5.321 r  clk_IBUF_inst/IBUFCTRL_INST/O
                         net (fo=1, routed)           0.300     5.621    clk_IBUF
    BUFGCE_X0Y24         BUFGCE (Prop_BUFCE_BUFGCE_I_O)
                                                      0.024     5.645 r  clk_IBUF_BUFG_inst/O
    X1Y1 (CLOCK_ROOT)    net (fo=3239, routed)        1.826     7.471    Data_controller_inst/CLK
    SLICE_X37Y150        FDCE                                         r  Data_controller_inst/cw_counter2_reg[2]/C
                         clock pessimism              0.439     7.910    
                         clock uncertainty           -0.035     7.874    
    SLICE_X37Y150        FDCE (Setup_CFF_SLICEM_C_CE)
                                                     -0.061     7.813    Data_controller_inst/cw_counter2_reg[2]
  -------------------------------------------------------------------
                         required time                          7.813    
                         arrival time                          -6.527    
  -------------------------------------------------------------------
                         slack                                  1.287    

Slack (MET) :             1.287ns  (required time - arrival time)
  Source:                 LDPC_core2/inst/STD_OTHER_G.STD_OTHER_I/FE_I/S_AXIS_DIN_ACLK
                            (rising edge-triggered cell FE clocked by clk  {rise@0.000ns fall@2.500ns period=5.000ns})
  Destination:            Data_controller_inst/cw_counter2_reg[4]/CE
                            (rising edge-triggered cell FDCE clocked by clk  {rise@0.000ns fall@2.500ns period=5.000ns})
  Path Group:             clk
  Path Type:              Setup (Max at Slow Process Corner)
  Requirement:            5.000ns  (clk rise@5.000ns - clk rise@0.000ns)
  Data Path Delay:        3.439ns  (logic 0.957ns (27.828%)  route 2.482ns (72.172%))
  Logic Levels:           4  (LUT2=1 LUT3=1 LUT4=1 LUT5=1)
  Clock Path Skew:        -0.178ns (DCD - SCD + CPR)
    Destination Clock Delay (DCD):    2.471ns = ( 7.471 - 5.000 ) 
    Source Clock Delay      (SCD):    3.088ns
    Clock Pessimism Removal (CPR):    0.439ns
  Clock Uncertainty:      0.035ns  ((TSJ^2 + TIJ^2)^1/2 + DJ) / 2 + PE
    Total System Jitter     (TSJ):    0.071ns
    Total Input Jitter      (TIJ):    0.000ns
    Discrete Jitter          (DJ):    0.000ns
    Phase Error              (PE):    0.000ns
  Clock Net Delay (Source):      2.152ns (routing 1.026ns, distribution 1.126ns)
  Clock Net Delay (Destination): 1.826ns (routing 0.935ns, distribution 0.891ns)

    Location             Delay type                Incr(ns)  Path(ns)    Netlist Resource(s)
  -------------------------------------------------------------------    -------------------
                         (clock clk rise edge)        0.000     0.000 r  
    AN11                                              0.000     0.000 r  clk (IN)
                         net (fo=0)                   0.000     0.000    clk_IBUF_inst/I
    AN11                 INBUF (Prop_INBUF_HPIOB_M_PAD_O)
                                                      0.572     0.572 r  clk_IBUF_inst/INBUF_INST/O
                         net (fo=1, routed)           0.000     0.572    clk_IBUF_inst/OUT
    AN11                 IBUFCTRL (Prop_IBUFCTRL_HPIOB_M_I_O)
                                                      0.000     0.572 r  clk_IBUF_inst/IBUFCTRL_INST/O
                         net (fo=1, routed)           0.336     0.908    clk_IBUF
    BUFGCE_X0Y24         BUFGCE (Prop_BUFCE_BUFGCE_I_O)
                                                      0.028     0.936 r  clk_IBUF_BUFG_inst/O
    X1Y1 (CLOCK_ROOT)    net (fo=3239, routed)        2.152     3.088    LDPC_core2/inst/STD_OTHER_G.STD_OTHER_I/s_axis_din_aclk
    FE_X0Y2              FE                                           r  LDPC_core2/inst/STD_OTHER_G.STD_OTHER_I/FE_I/S_AXIS_DIN_ACLK
  -------------------------------------------------------------------    -------------------
    FE_X0Y2              FE (Prop_FE_S_AXIS_DIN_ACLK_S_AXIS_DIN_TREADY)
                                                      0.609     3.697 r  LDPC_core2/inst/STD_OTHER_G.STD_OTHER_I/FE_I/S_AXIS_DIN_TREADY
                         net (fo=39, routed)          0.841     4.538    Data_controller_inst/din_ready_controller[1]
    SLICE_X37Y151        LUT2 (Prop_D5LUT_SLICEM_I1_O)
                                                      0.110     4.648 r  Data_controller_inst/dout_valid[2]_i_5/O
                         net (fo=3, routed)           0.187     4.835    Data_controller_inst/dout_valid[2]_i_5_n_0
    SLICE_X37Y151        LUT4 (Prop_C6LUT_SLICEM_I2_O)
                                                      0.098     4.933 r  Data_controller_inst/dout_valid[2]_i_3/O
                         net (fo=39, routed)          0.543     5.476    Data_controller_inst/state2[0]
    SLICE_X38Y151        LUT3 (Prop_G6LUT_SLICEL_I2_O)
                                                      0.089     5.565 r  Data_controller_inst/dout_valid[2]_i_2/O
                         net (fo=41, routed)          0.662     6.227    Data_controller_inst/state2[1]
    SLICE_X37Y151        LUT5 (Prop_F6LUT_SLICEM_I3_O)
                                                      0.051     6.278 r  Data_controller_inst/cw_counter2[4]_i_1/O
                         net (fo=5, routed)           0.249     6.527    Data_controller_inst/cw_counter2[4]_i_1_n_0
    SLICE_X37Y150        FDCE                                         r  Data_controller_inst/cw_counter2_reg[4]/CE
  -------------------------------------------------------------------    -------------------

                         (clock clk rise edge)        5.000     5.000 r  
    AN11                                              0.000     5.000 r  clk (IN)
                         net (fo=0)                   0.000     5.000    clk_IBUF_inst/I
    AN11                 INBUF (Prop_INBUF_HPIOB_M_PAD_O)
                                                      0.321     5.321 r  clk_IBUF_inst/INBUF_INST/O
                         net (fo=1, routed)           0.000     5.321    clk_IBUF_inst/OUT
    AN11                 IBUFCTRL (Prop_IBUFCTRL_HPIOB_M_I_O)
                                                      0.000     5.321 r  clk_IBUF_inst/IBUFCTRL_INST/O
                         net (fo=1, routed)           0.300     5.621    clk_IBUF
    BUFGCE_X0Y24         BUFGCE (Prop_BUFCE_BUFGCE_I_O)
                                                      0.024     5.645 r  clk_IBUF_BUFG_inst/O
    X1Y1 (CLOCK_ROOT)    net (fo=3239, routed)        1.826     7.471    Data_controller_inst/CLK
    SLICE_X37Y150        FDCE                                         r  Data_controller_inst/cw_counter2_reg[4]/C
                         clock pessimism              0.439     7.910    
                         clock uncertainty           -0.035     7.874    
    SLICE_X37Y150        FDCE (Setup_AFF_SLICEM_C_CE)
                                                     -0.061     7.813    Data_controller_inst/cw_counter2_reg[4]
  -------------------------------------------------------------------
                         required time                          7.813    
                         arrival time                          -6.527    
  -------------------------------------------------------------------
                         slack                                  1.287    

Slack (MET) :             1.288ns  (required time - arrival time)
  Source:                 LDPC_core2/inst/STD_OTHER_G.STD_OTHER_I/FE_I/S_AXIS_DIN_ACLK
                            (rising edge-triggered cell FE clocked by clk  {rise@0.000ns fall@2.500ns period=5.000ns})
  Destination:            Data_controller_inst/cw_counter2_reg[1]/CE
                            (rising edge-triggered cell FDCE clocked by clk  {rise@0.000ns fall@2.500ns period=5.000ns})
  Path Group:             clk
  Path Type:              Setup (Max at Slow Process Corner)
  Requirement:            5.000ns  (clk rise@5.000ns - clk rise@0.000ns)
  Data Path Delay:        3.439ns  (logic 0.957ns (27.828%)  route 2.482ns (72.172%))
  Logic Levels:           4  (LUT2=1 LUT3=1 LUT4=1 LUT5=1)
  Clock Path Skew:        -0.178ns (DCD - SCD + CPR)
    Destination Clock Delay (DCD):    2.471ns = ( 7.471 - 5.000 ) 
    Source Clock Delay      (SCD):    3.088ns
    Clock Pessimism Removal (CPR):    0.439ns
  Clock Uncertainty:      0.035ns  ((TSJ^2 + TIJ^2)^1/2 + DJ) / 2 + PE
    Total System Jitter     (TSJ):    0.071ns
    Total Input Jitter      (TIJ):    0.000ns
    Discrete Jitter          (DJ):    0.000ns
    Phase Error              (PE):    0.000ns
  Clock Net Delay (Source):      2.152ns (routing 1.026ns, distribution 1.126ns)
  Clock Net Delay (Destination): 1.826ns (routing 0.935ns, distribution 0.891ns)

    Location             Delay type                Incr(ns)  Path(ns)    Netlist Resource(s)
  -------------------------------------------------------------------    -------------------
                         (clock clk rise edge)        0.000     0.000 r  
    AN11                                              0.000     0.000 r  clk (IN)
                         net (fo=0)                   0.000     0.000    clk_IBUF_inst/I
    AN11                 INBUF (Prop_INBUF_HPIOB_M_PAD_O)
                                                      0.572     0.572 r  clk_IBUF_inst/INBUF_INST/O
                         net (fo=1, routed)           0.000     0.572    clk_IBUF_inst/OUT
    AN11                 IBUFCTRL (Prop_IBUFCTRL_HPIOB_M_I_O)
                                                      0.000     0.572 r  clk_IBUF_inst/IBUFCTRL_INST/O
                         net (fo=1, routed)           0.336     0.908    clk_IBUF
    BUFGCE_X0Y24         BUFGCE (Prop_BUFCE_BUFGCE_I_O)
                                                      0.028     0.936 r  clk_IBUF_BUFG_inst/O
    X1Y1 (CLOCK_ROOT)    net (fo=3239, routed)        2.152     3.088    LDPC_core2/inst/STD_OTHER_G.STD_OTHER_I/s_axis_din_aclk
    FE_X0Y2              FE                                           r  LDPC_core2/inst/STD_OTHER_G.STD_OTHER_I/FE_I/S_AXIS_DIN_ACLK
  -------------------------------------------------------------------    -------------------
    FE_X0Y2              FE (Prop_FE_S_AXIS_DIN_ACLK_S_AXIS_DIN_TREADY)
                                                      0.609     3.697 r  LDPC_core2/inst/STD_OTHER_G.STD_OTHER_I/FE_I/S_AXIS_DIN_TREADY
                         net (fo=39, routed)          0.841     4.538    Data_controller_inst/din_ready_controller[1]
    SLICE_X37Y151        LUT2 (Prop_D5LUT_SLICEM_I1_O)
                                                      0.110     4.648 r  Data_controller_inst/dout_valid[2]_i_5/O
                         net (fo=3, routed)           0.187     4.835    Data_controller_inst/dout_valid[2]_i_5_n_0
    SLICE_X37Y151        LUT4 (Prop_C6LUT_SLICEM_I2_O)
                                                      0.098     4.933 r  Data_controller_inst/dout_valid[2]_i_3/O
                         net (fo=39, routed)          0.543     5.476    Data_controller_inst/state2[0]
    SLICE_X38Y151        LUT3 (Prop_G6LUT_SLICEL_I2_O)
                                                      0.089     5.565 r  Data_controller_inst/dout_valid[2]_i_2/O
                         net (fo=41, routed)          0.662     6.227    Data_controller_inst/state2[1]
    SLICE_X37Y151        LUT5 (Prop_F6LUT_SLICEM_I3_O)
                                                      0.051     6.278 r  Data_controller_inst/cw_counter2[4]_i_1/O
                         net (fo=5, routed)           0.249     6.527    Data_controller_inst/cw_counter2[4]_i_1_n_0
    SLICE_X37Y150        FDCE                                         r  Data_controller_inst/cw_counter2_reg[1]/CE
  -------------------------------------------------------------------    -------------------

                         (clock clk rise edge)        5.000     5.000 r  
    AN11                                              0.000     5.000 r  clk (IN)
                         net (fo=0)                   0.000     5.000    clk_IBUF_inst/I
    AN11                 INBUF (Prop_INBUF_HPIOB_M_PAD_O)
                                                      0.321     5.321 r  clk_IBUF_inst/INBUF_INST/O
                         net (fo=1, routed)           0.000     5.321    clk_IBUF_inst/OUT
    AN11                 IBUFCTRL (Prop_IBUFCTRL_HPIOB_M_I_O)
                                                      0.000     5.321 r  clk_IBUF_inst/IBUFCTRL_INST/O
                         net (fo=1, routed)           0.300     5.621    clk_IBUF
    BUFGCE_X0Y24         BUFGCE (Prop_BUFCE_BUFGCE_I_O)
                                                      0.024     5.645 r  clk_IBUF_BUFG_inst/O
    X1Y1 (CLOCK_ROOT)    net (fo=3239, routed)        1.826     7.471    Data_controller_inst/CLK
    SLICE_X37Y150        FDCE                                         r  Data_controller_inst/cw_counter2_reg[1]/C
                         clock pessimism              0.439     7.910    
                         clock uncertainty           -0.035     7.874    
    SLICE_X37Y150        FDCE (Setup_DFF2_SLICEM_C_CE)
                                                     -0.060     7.814    Data_controller_inst/cw_counter2_reg[1]
  -------------------------------------------------------------------
                         required time                          7.814    
                         arrival time                          -6.527    
  -------------------------------------------------------------------
                         slack                                  1.288    

Slack (MET) :             1.288ns  (required time - arrival time)
  Source:                 LDPC_core2/inst/STD_OTHER_G.STD_OTHER_I/FE_I/S_AXIS_DIN_ACLK
                            (rising edge-triggered cell FE clocked by clk  {rise@0.000ns fall@2.500ns period=5.000ns})
  Destination:            Data_controller_inst/cw_counter2_reg[3]/CE
                            (rising edge-triggered cell FDCE clocked by clk  {rise@0.000ns fall@2.500ns period=5.000ns})
  Path Group:             clk
  Path Type:              Setup (Max at Slow Process Corner)
  Requirement:            5.000ns  (clk rise@5.000ns - clk rise@0.000ns)
  Data Path Delay:        3.439ns  (logic 0.957ns (27.828%)  route 2.482ns (72.172%))
  Logic Levels:           4  (LUT2=1 LUT3=1 LUT4=1 LUT5=1)
  Clock Path Skew:        -0.178ns (DCD - SCD + CPR)
    Destination Clock Delay (DCD):    2.471ns = ( 7.471 - 5.000 ) 
    Source Clock Delay      (SCD):    3.088ns
    Clock Pessimism Removal (CPR):    0.439ns
  Clock Uncertainty:      0.035ns  ((TSJ^2 + TIJ^2)^1/2 + DJ) / 2 + PE
    Total System Jitter     (TSJ):    0.071ns
    Total Input Jitter      (TIJ):    0.000ns
    Discrete Jitter          (DJ):    0.000ns
    Phase Error              (PE):    0.000ns
  Clock Net Delay (Source):      2.152ns (routing 1.026ns, distribution 1.126ns)
  Clock Net Delay (Destination): 1.826ns (routing 0.935ns, distribution 0.891ns)

    Location             Delay type                Incr(ns)  Path(ns)    Netlist Resource(s)
  -------------------------------------------------------------------    -------------------
                         (clock clk rise edge)        0.000     0.000 r  
    AN11                                              0.000     0.000 r  clk (IN)
                         net (fo=0)                   0.000     0.000    clk_IBUF_inst/I
    AN11                 INBUF (Prop_INBUF_HPIOB_M_PAD_O)
                                                      0.572     0.572 r  clk_IBUF_inst/INBUF_INST/O
                         net (fo=1, routed)           0.000     0.572    clk_IBUF_inst/OUT
    AN11                 IBUFCTRL (Prop_IBUFCTRL_HPIOB_M_I_O)
                                                      0.000     0.572 r  clk_IBUF_inst/IBUFCTRL_INST/O
                         net (fo=1, routed)           0.336     0.908    clk_IBUF
    BUFGCE_X0Y24         BUFGCE (Prop_BUFCE_BUFGCE_I_O)
                                                      0.028     0.936 r  clk_IBUF_BUFG_inst/O
    X1Y1 (CLOCK_ROOT)    net (fo=3239, routed)        2.152     3.088    LDPC_core2/inst/STD_OTHER_G.STD_OTHER_I/s_axis_din_aclk
    FE_X0Y2              FE                                           r  LDPC_core2/inst/STD_OTHER_G.STD_OTHER_I/FE_I/S_AXIS_DIN_ACLK
  -------------------------------------------------------------------    -------------------
    FE_X0Y2              FE (Prop_FE_S_AXIS_DIN_ACLK_S_AXIS_DIN_TREADY)
                                                      0.609     3.697 r  LDPC_core2/inst/STD_OTHER_G.STD_OTHER_I/FE_I/S_AXIS_DIN_TREADY
                         net (fo=39, routed)          0.841     4.538    Data_controller_inst/din_ready_controller[1]
    SLICE_X37Y151        LUT2 (Prop_D5LUT_SLICEM_I1_O)
                                                      0.110     4.648 r  Data_controller_inst/dout_valid[2]_i_5/O
                         net (fo=3, routed)           0.187     4.835    Data_controller_inst/dout_valid[2]_i_5_n_0
    SLICE_X37Y151        LUT4 (Prop_C6LUT_SLICEM_I2_O)
                                                      0.098     4.933 r  Data_controller_inst/dout_valid[2]_i_3/O
                         net (fo=39, routed)          0.543     5.476    Data_controller_inst/state2[0]
    SLICE_X38Y151        LUT3 (Prop_G6LUT_SLICEL_I2_O)
                                                      0.089     5.565 r  Data_controller_inst/dout_valid[2]_i_2/O
                         net (fo=41, routed)          0.662     6.227    Data_controller_inst/state2[1]
    SLICE_X37Y151        LUT5 (Prop_F6LUT_SLICEM_I3_O)
                                                      0.051     6.278 r  Data_controller_inst/cw_counter2[4]_i_1/O
                         net (fo=5, routed)           0.249     6.527    Data_controller_inst/cw_counter2[4]_i_1_n_0
    SLICE_X37Y150        FDCE                                         r  Data_controller_inst/cw_counter2_reg[3]/CE
  -------------------------------------------------------------------    -------------------

                         (clock clk rise edge)        5.000     5.000 r  
    AN11                                              0.000     5.000 r  clk (IN)
                         net (fo=0)                   0.000     5.000    clk_IBUF_inst/I
    AN11                 INBUF (Prop_INBUF_HPIOB_M_PAD_O)
                                                      0.321     5.321 r  clk_IBUF_inst/INBUF_INST/O
                         net (fo=1, routed)           0.000     5.321    clk_IBUF_inst/OUT
    AN11                 IBUFCTRL (Prop_IBUFCTRL_HPIOB_M_I_O)
                                                      0.000     5.321 r  clk_IBUF_inst/IBUFCTRL_INST/O
                         net (fo=1, routed)           0.300     5.621    clk_IBUF
    BUFGCE_X0Y24         BUFGCE (Prop_BUFCE_BUFGCE_I_O)
                                                      0.024     5.645 r  clk_IBUF_BUFG_inst/O
    X1Y1 (CLOCK_ROOT)    net (fo=3239, routed)        1.826     7.471    Data_controller_inst/CLK
    SLICE_X37Y150        FDCE                                         r  Data_controller_inst/cw_counter2_reg[3]/C
                         clock pessimism              0.439     7.910    
                         clock uncertainty           -0.035     7.874    
    SLICE_X37Y150        FDCE (Setup_CFF2_SLICEM_C_CE)
                                                     -0.060     7.814    Data_controller_inst/cw_counter2_reg[3]
  -------------------------------------------------------------------
                         required time                          7.814    
                         arrival time                          -6.527    
  -------------------------------------------------------------------
                         slack                                  1.288    

Slack (MET) :             1.434ns  (required time - arrival time)
  Source:                 LDPC_core2/inst/STD_OTHER_G.STD_OTHER_I/FE_I/S_AXIS_DIN_ACLK
                            (rising edge-triggered cell FE clocked by clk  {rise@0.000ns fall@2.500ns period=5.000ns})
  Destination:            Data_controller_inst/dout_data2_reg[21]/D
                            (rising edge-triggered cell FDCE clocked by clk  {rise@0.000ns fall@2.500ns period=5.000ns})
  Path Group:             clk
  Path Type:              Setup (Max at Slow Process Corner)
  Requirement:            5.000ns  (clk rise@5.000ns - clk rise@0.000ns)
  Data Path Delay:        3.377ns  (logic 1.052ns (31.152%)  route 2.325ns (68.848%))
  Logic Levels:           4  (LUT2=1 LUT3=1 LUT4=1 LUT6=1)
  Clock Path Skew:        -0.179ns (DCD - SCD + CPR)
    Destination Clock Delay (DCD):    2.470ns = ( 7.470 - 5.000 ) 
    Source Clock Delay      (SCD):    3.088ns
    Clock Pessimism Removal (CPR):    0.439ns
  Clock Uncertainty:      0.035ns  ((TSJ^2 + TIJ^2)^1/2 + DJ) / 2 + PE
    Total System Jitter     (TSJ):    0.071ns
    Total Input Jitter      (TIJ):    0.000ns
    Discrete Jitter          (DJ):    0.000ns
    Phase Error              (PE):    0.000ns
  Clock Net Delay (Source):      2.152ns (routing 1.026ns, distribution 1.126ns)
  Clock Net Delay (Destination): 1.825ns (routing 0.935ns, distribution 0.890ns)

    Location             Delay type                Incr(ns)  Path(ns)    Netlist Resource(s)
  -------------------------------------------------------------------    -------------------
                         (clock clk rise edge)        0.000     0.000 r  
    AN11                                              0.000     0.000 r  clk (IN)
                         net (fo=0)                   0.000     0.000    clk_IBUF_inst/I
    AN11                 INBUF (Prop_INBUF_HPIOB_M_PAD_O)
                                                      0.572     0.572 r  clk_IBUF_inst/INBUF_INST/O
                         net (fo=1, routed)           0.000     0.572    clk_IBUF_inst/OUT
    AN11                 IBUFCTRL (Prop_IBUFCTRL_HPIOB_M_I_O)
                                                      0.000     0.572 r  clk_IBUF_inst/IBUFCTRL_INST/O
                         net (fo=1, routed)           0.336     0.908    clk_IBUF
    BUFGCE_X0Y24         BUFGCE (Prop_BUFCE_BUFGCE_I_O)
                                                      0.028     0.936 r  clk_IBUF_BUFG_inst/O
    X1Y1 (CLOCK_ROOT)    net (fo=3239, routed)        2.152     3.088    LDPC_core2/inst/STD_OTHER_G.STD_OTHER_I/s_axis_din_aclk
    FE_X0Y2              FE                                           r  LDPC_core2/inst/STD_OTHER_G.STD_OTHER_I/FE_I/S_AXIS_DIN_ACLK
  -------------------------------------------------------------------    -------------------
    FE_X0Y2              FE (Prop_FE_S_AXIS_DIN_ACLK_S_AXIS_DIN_TREADY)
                                                      0.609     3.697 r  LDPC_core2/inst/STD_OTHER_G.STD_OTHER_I/FE_I/S_AXIS_DIN_TREADY
                         net (fo=39, routed)          0.841     4.538    Data_controller_inst/din_ready_controller[1]
    SLICE_X37Y151        LUT2 (Prop_D5LUT_SLICEM_I1_O)
                                                      0.110     4.648 r  Data_controller_inst/dout_valid[2]_i_5/O
                         net (fo=3, routed)           0.187     4.835    Data_controller_inst/dout_valid[2]_i_5_n_0
    SLICE_X37Y151        LUT4 (Prop_C6LUT_SLICEM_I2_O)
                                                      0.098     4.933 r  Data_controller_inst/dout_valid[2]_i_3/O
                         net (fo=39, routed)          0.543     5.476    Data_controller_inst/state2[0]
    SLICE_X38Y151        LUT3 (Prop_G6LUT_SLICEL_I2_O)
                                                      0.089     5.565 f  Data_controller_inst/dout_valid[2]_i_2/O
                         net (fo=41, routed)          0.705     6.270    Data_controller_inst/state2[1]
    SLICE_X36Y153        LUT6 (Prop_D6LUT_SLICEL_I0_O)
                                                      0.146     6.416 r  Data_controller_inst/dout_data2[21]_i_1/O
                         net (fo=1, routed)           0.049     6.465    Data_controller_inst/next_input_128bits[2]_0[21]
    SLICE_X36Y153        FDCE                                         r  Data_controller_inst/dout_data2_reg[21]/D
  -------------------------------------------------------------------    -------------------

                         (clock clk rise edge)        5.000     5.000 r  
    AN11                                              0.000     5.000 r  clk (IN)
                         net (fo=0)                   0.000     5.000    clk_IBUF_inst/I
    AN11                 INBUF (Prop_INBUF_HPIOB_M_PAD_O)
                                                      0.321     5.321 r  clk_IBUF_inst/INBUF_INST/O
                         net (fo=1, routed)           0.000     5.321    clk_IBUF_inst/OUT
    AN11                 IBUFCTRL (Prop_IBUFCTRL_HPIOB_M_I_O)
                                                      0.000     5.321 r  clk_IBUF_inst/IBUFCTRL_INST/O
                         net (fo=1, routed)           0.300     5.621    clk_IBUF
    BUFGCE_X0Y24         BUFGCE (Prop_BUFCE_BUFGCE_I_O)
                                                      0.024     5.645 r  clk_IBUF_BUFG_inst/O
    X1Y1 (CLOCK_ROOT)    net (fo=3239, routed)        1.825     7.470    Data_controller_inst/CLK
    SLICE_X36Y153        FDCE                                         r  Data_controller_inst/dout_data2_reg[21]/C
                         clock pessimism              0.439     7.909    
                         clock uncertainty           -0.035     7.873    
    SLICE_X36Y153        FDCE (Setup_DFF_SLICEL_C_D)
                                                      0.025     7.898    Data_controller_inst/dout_data2_reg[21]
  -------------------------------------------------------------------
                         required time                          7.898    
                         arrival time                          -6.465    
  -------------------------------------------------------------------
                         slack                                  1.434    

Slack (MET) :             1.518ns  (required time - arrival time)
  Source:                 LDPC_core2/inst/STD_OTHER_G.STD_OTHER_I/FE_I/S_AXIS_DIN_ACLK
                            (rising edge-triggered cell FE clocked by clk  {rise@0.000ns fall@2.500ns period=5.000ns})
  Destination:            Data_controller_inst/dout_data2_reg[3]/D
                            (rising edge-triggered cell FDCE clocked by clk  {rise@0.000ns fall@2.500ns period=5.000ns})
  Path Group:             clk
  Path Type:              Setup (Max at Slow Process Corner)
  Requirement:            5.000ns  (clk rise@5.000ns - clk rise@0.000ns)
  Data Path Delay:        3.303ns  (logic 1.004ns (30.397%)  route 2.299ns (69.603%))
  Logic Levels:           4  (LUT2=1 LUT3=1 LUT4=1 LUT6=1)
  Clock Path Skew:        -0.169ns (DCD - SCD + CPR)
    Destination Clock Delay (DCD):    2.480ns = ( 7.480 - 5.000 ) 
    Source Clock Delay      (SCD):    3.088ns
    Clock Pessimism Removal (CPR):    0.438ns
  Clock Uncertainty:      0.035ns  ((TSJ^2 + TIJ^2)^1/2 + DJ) / 2 + PE
    Total System Jitter     (TSJ):    0.071ns
    Total Input Jitter      (TIJ):    0.000ns
    Discrete Jitter          (DJ):    0.000ns
    Phase Error              (PE):    0.000ns
  Clock Net Delay (Source):      2.152ns (routing 1.026ns, distribution 1.126ns)
  Clock Net Delay (Destination): 1.835ns (routing 0.935ns, distribution 0.900ns)

    Location             Delay type                Incr(ns)  Path(ns)    Netlist Resource(s)
  -------------------------------------------------------------------    -------------------
                         (clock clk rise edge)        0.000     0.000 r  
    AN11                                              0.000     0.000 r  clk (IN)
                         net (fo=0)                   0.000     0.000    clk_IBUF_inst/I
    AN11                 INBUF (Prop_INBUF_HPIOB_M_PAD_O)
                                                      0.572     0.572 r  clk_IBUF_inst/INBUF_INST/O
                         net (fo=1, routed)           0.000     0.572    clk_IBUF_inst/OUT
    AN11                 IBUFCTRL (Prop_IBUFCTRL_HPIOB_M_I_O)
                                                      0.000     0.572 r  clk_IBUF_inst/IBUFCTRL_INST/O
                         net (fo=1, routed)           0.336     0.908    clk_IBUF
    BUFGCE_X0Y24         BUFGCE (Prop_BUFCE_BUFGCE_I_O)
                                                      0.028     0.936 r  clk_IBUF_BUFG_inst/O
    X1Y1 (CLOCK_ROOT)    net (fo=3239, routed)        2.152     3.088    LDPC_core2/inst/STD_OTHER_G.STD_OTHER_I/s_axis_din_aclk
    FE_X0Y2              FE                                           r  LDPC_core2/inst/STD_OTHER_G.STD_OTHER_I/FE_I/S_AXIS_DIN_ACLK
  -------------------------------------------------------------------    -------------------
    FE_X0Y2              FE (Prop_FE_S_AXIS_DIN_ACLK_S_AXIS_DIN_TREADY)
                                                      0.609     3.697 r  LDPC_core2/inst/STD_OTHER_G.STD_OTHER_I/FE_I/S_AXIS_DIN_TREADY
                         net (fo=39, routed)          0.841     4.538    Data_controller_inst/din_ready_controller[1]
    SLICE_X37Y151        LUT2 (Prop_D5LUT_SLICEM_I1_O)
                                                      0.110     4.648 r  Data_controller_inst/dout_valid[2]_i_5/O
                         net (fo=3, routed)           0.187     4.835    Data_controller_inst/dout_valid[2]_i_5_n_0
    SLICE_X37Y151        LUT4 (Prop_C6LUT_SLICEM_I2_O)
                                                      0.098     4.933 r  Data_controller_inst/dout_valid[2]_i_3/O
                         net (fo=39, routed)          0.543     5.476    Data_controller_inst/state2[0]
    SLICE_X38Y151        LUT3 (Prop_G6LUT_SLICEL_I2_O)
                                                      0.089     5.565 r  Data_controller_inst/dout_valid[2]_i_2/O
                         net (fo=41, routed)          0.661     6.226    Data_controller_inst/state2[1]
    SLICE_X37Y154        LUT6 (Prop_F6LUT_SLICEM_I5_O)
                                                      0.098     6.324 r  Data_controller_inst/dout_data2[3]_i_1/O
                         net (fo=1, routed)           0.067     6.391    Data_controller_inst/next_input_128bits[2]_0[3]
    SLICE_X37Y154        FDCE                                         r  Data_controller_inst/dout_data2_reg[3]/D
  -------------------------------------------------------------------    -------------------

                         (clock clk rise edge)        5.000     5.000 r  
    AN11                                              0.000     5.000 r  clk (IN)
                         net (fo=0)                   0.000     5.000    clk_IBUF_inst/I
    AN11                 INBUF (Prop_INBUF_HPIOB_M_PAD_O)
                                                      0.321     5.321 r  clk_IBUF_inst/INBUF_INST/O
                         net (fo=1, routed)           0.000     5.321    clk_IBUF_inst/OUT
    AN11                 IBUFCTRL (Prop_IBUFCTRL_HPIOB_M_I_O)
                                                      0.000     5.321 r  clk_IBUF_inst/IBUFCTRL_INST/O
                         net (fo=1, routed)           0.300     5.621    clk_IBUF
    BUFGCE_X0Y24         BUFGCE (Prop_BUFCE_BUFGCE_I_O)
                                                      0.024     5.645 r  clk_IBUF_BUFG_inst/O
    X1Y1 (CLOCK_ROOT)    net (fo=3239, routed)        1.835     7.480    Data_controller_inst/CLK
    SLICE_X37Y154        FDCE                                         r  Data_controller_inst/dout_data2_reg[3]/C
                         clock pessimism              0.438     7.919    
                         clock uncertainty           -0.035     7.883    
    SLICE_X37Y154        FDCE (Setup_FFF_SLICEM_C_D)
                                                      0.025     7.908    Data_controller_inst/dout_data2_reg[3]
  -------------------------------------------------------------------
                         required time                          7.908    
                         arrival time                          -6.391    
  -------------------------------------------------------------------
                         slack                                  1.518    

Slack (MET) :             1.526ns  (required time - arrival time)
  Source:                 LDPC_core2/inst/STD_OTHER_G.STD_OTHER_I/FE_I/S_AXIS_DIN_ACLK
                            (rising edge-triggered cell FE clocked by clk  {rise@0.000ns fall@2.500ns period=5.000ns})
  Destination:            Data_controller_inst/dout_data2_reg[17]/D
                            (rising edge-triggered cell FDCE clocked by clk  {rise@0.000ns fall@2.500ns period=5.000ns})
  Path Group:             clk
  Path Type:              Setup (Max at Slow Process Corner)
  Requirement:            5.000ns  (clk rise@5.000ns - clk rise@0.000ns)
  Data Path Delay:        3.296ns  (logic 0.958ns (29.066%)  route 2.338ns (70.934%))
  Logic Levels:           4  (LUT2=1 LUT3=1 LUT4=1 LUT6=1)
  Clock Path Skew:        -0.168ns (DCD - SCD + CPR)
    Destination Clock Delay (DCD):    2.481ns = ( 7.481 - 5.000 ) 
    Source Clock Delay      (SCD):    3.088ns
    Clock Pessimism Removal (CPR):    0.438ns
  Clock Uncertainty:      0.035ns  ((TSJ^2 + TIJ^2)^1/2 + DJ) / 2 + PE
    Total System Jitter     (TSJ):    0.071ns
    Total Input Jitter      (TIJ):    0.000ns
    Discrete Jitter          (DJ):    0.000ns
    Phase Error              (PE):    0.000ns
  Clock Net Delay (Source):      2.152ns (routing 1.026ns, distribution 1.126ns)
  Clock Net Delay (Destination): 1.836ns (routing 0.935ns, distribution 0.901ns)

    Location             Delay type                Incr(ns)  Path(ns)    Netlist Resource(s)
  -------------------------------------------------------------------    -------------------
                         (clock clk rise edge)        0.000     0.000 r  
    AN11                                              0.000     0.000 r  clk (IN)
                         net (fo=0)                   0.000     0.000    clk_IBUF_inst/I
    AN11                 INBUF (Prop_INBUF_HPIOB_M_PAD_O)
                                                      0.572     0.572 r  clk_IBUF_inst/INBUF_INST/O
                         net (fo=1, routed)           0.000     0.572    clk_IBUF_inst/OUT
    AN11                 IBUFCTRL (Prop_IBUFCTRL_HPIOB_M_I_O)
                                                      0.000     0.572 r  clk_IBUF_inst/IBUFCTRL_INST/O
                         net (fo=1, routed)           0.336     0.908    clk_IBUF
    BUFGCE_X0Y24         BUFGCE (Prop_BUFCE_BUFGCE_I_O)
                                                      0.028     0.936 r  clk_IBUF_BUFG_inst/O
    X1Y1 (CLOCK_ROOT)    net (fo=3239, routed)        2.152     3.088    LDPC_core2/inst/STD_OTHER_G.STD_OTHER_I/s_axis_din_aclk
    FE_X0Y2              FE                                           r  LDPC_core2/inst/STD_OTHER_G.STD_OTHER_I/FE_I/S_AXIS_DIN_ACLK
  -------------------------------------------------------------------    -------------------
    FE_X0Y2              FE (Prop_FE_S_AXIS_DIN_ACLK_S_AXIS_DIN_TREADY)
                                                      0.609     3.697 r  LDPC_core2/inst/STD_OTHER_G.STD_OTHER_I/FE_I/S_AXIS_DIN_TREADY
                         net (fo=39, routed)          0.841     4.538    Data_controller_inst/din_ready_controller[1]
    SLICE_X37Y151        LUT2 (Prop_D5LUT_SLICEM_I1_O)
                                                      0.110     4.648 r  Data_controller_inst/dout_valid[2]_i_5/O
                         net (fo=3, routed)           0.187     4.835    Data_controller_inst/dout_valid[2]_i_5_n_0
    SLICE_X37Y151        LUT4 (Prop_C6LUT_SLICEM_I2_O)
                                                      0.098     4.933 r  Data_controller_inst/dout_valid[2]_i_3/O
                         net (fo=39, routed)          0.543     5.476    Data_controller_inst/state2[0]
    SLICE_X38Y151        LUT3 (Prop_G6LUT_SLICEL_I2_O)
                                                      0.089     5.565 r  Data_controller_inst/dout_valid[2]_i_2/O
                         net (fo=41, routed)          0.708     6.273    Data_controller_inst/state2[1]
    SLICE_X37Y154        LUT6 (Prop_B6LUT_SLICEM_I5_O)
                                                      0.052     6.325 r  Data_controller_inst/dout_data2[17]_i_1/O
                         net (fo=1, routed)           0.059     6.384    Data_controller_inst/next_input_128bits[2]_0[17]
    SLICE_X37Y154        FDCE                                         r  Data_controller_inst/dout_data2_reg[17]/D
  -------------------------------------------------------------------    -------------------

                         (clock clk rise edge)        5.000     5.000 r  
    AN11                                              0.000     5.000 r  clk (IN)
                         net (fo=0)                   0.000     5.000    clk_IBUF_inst/I
    AN11                 INBUF (Prop_INBUF_HPIOB_M_PAD_O)
                                                      0.321     5.321 r  clk_IBUF_inst/INBUF_INST/O
                         net (fo=1, routed)           0.000     5.321    clk_IBUF_inst/OUT
    AN11                 IBUFCTRL (Prop_IBUFCTRL_HPIOB_M_I_O)
                                                      0.000     5.321 r  clk_IBUF_inst/IBUFCTRL_INST/O
                         net (fo=1, routed)           0.300     5.621    clk_IBUF
    BUFGCE_X0Y24         BUFGCE (Prop_BUFCE_BUFGCE_I_O)
                                                      0.024     5.645 r  clk_IBUF_BUFG_inst/O
    X1Y1 (CLOCK_ROOT)    net (fo=3239, routed)        1.836     7.481    Data_controller_inst/CLK
    SLICE_X37Y154        FDCE                                         r  Data_controller_inst/dout_data2_reg[17]/C
                         clock pessimism              0.438     7.920    
                         clock uncertainty           -0.035     7.884    
    SLICE_X37Y154        FDCE (Setup_BFF_SLICEM_C_D)
                                                      0.025     7.909    Data_controller_inst/dout_data2_reg[17]
  -------------------------------------------------------------------
                         required time                          7.909    
                         arrival time                          -6.384    
  -------------------------------------------------------------------
                         slack                                  1.526    

Slack (MET) :             1.533ns  (required time - arrival time)
  Source:                 LDPC_core2/inst/STD_OTHER_G.STD_OTHER_I/FE_I/S_AXIS_DIN_ACLK
                            (rising edge-triggered cell FE clocked by clk  {rise@0.000ns fall@2.500ns period=5.000ns})
  Destination:            Data_controller_inst/dout_data2_reg[11]/D
                            (rising edge-triggered cell FDCE clocked by clk  {rise@0.000ns fall@2.500ns period=5.000ns})
  Path Group:             clk
  Path Type:              Setup (Max at Slow Process Corner)
  Requirement:            5.000ns  (clk rise@5.000ns - clk rise@0.000ns)
  Data Path Delay:        3.280ns  (logic 1.028ns (31.341%)  route 2.252ns (68.659%))
  Logic Levels:           4  (LUT2=1 LUT3=1 LUT4=1 LUT6=1)
  Clock Path Skew:        -0.177ns (DCD - SCD + CPR)
    Destination Clock Delay (DCD):    2.472ns = ( 7.472 - 5.000 ) 
    Source Clock Delay      (SCD):    3.088ns
    Clock Pessimism Removal (CPR):    0.438ns
  Clock Uncertainty:      0.035ns  ((TSJ^2 + TIJ^2)^1/2 + DJ) / 2 + PE
    Total System Jitter     (TSJ):    0.071ns
    Total Input Jitter      (TIJ):    0.000ns
    Discrete Jitter          (DJ):    0.000ns
    Phase Error              (PE):    0.000ns
  Clock Net Delay (Source):      2.152ns (routing 1.026ns, distribution 1.126ns)
  Clock Net Delay (Destination): 1.827ns (routing 0.935ns, distribution 0.892ns)

    Location             Delay type                Incr(ns)  Path(ns)    Netlist Resource(s)
  -------------------------------------------------------------------    -------------------
                         (clock clk rise edge)        0.000     0.000 r  
    AN11                                              0.000     0.000 r  clk (IN)
                         net (fo=0)                   0.000     0.000    clk_IBUF_inst/I
    AN11                 INBUF (Prop_INBUF_HPIOB_M_PAD_O)
                                                      0.572     0.572 r  clk_IBUF_inst/INBUF_INST/O
                         net (fo=1, routed)           0.000     0.572    clk_IBUF_inst/OUT
    AN11                 IBUFCTRL (Prop_IBUFCTRL_HPIOB_M_I_O)
                                                      0.000     0.572 r  clk_IBUF_inst/IBUFCTRL_INST/O
                         net (fo=1, routed)           0.336     0.908    clk_IBUF
    BUFGCE_X0Y24         BUFGCE (Prop_BUFCE_BUFGCE_I_O)
                                                      0.028     0.936 r  clk_IBUF_BUFG_inst/O
    X1Y1 (CLOCK_ROOT)    net (fo=3239, routed)        2.152     3.088    LDPC_core2/inst/STD_OTHER_G.STD_OTHER_I/s_axis_din_aclk
    FE_X0Y2              FE                                           r  LDPC_core2/inst/STD_OTHER_G.STD_OTHER_I/FE_I/S_AXIS_DIN_ACLK
  -------------------------------------------------------------------    -------------------
    FE_X0Y2              FE (Prop_FE_S_AXIS_DIN_ACLK_S_AXIS_DIN_TREADY)
                                                      0.609     3.697 r  LDPC_core2/inst/STD_OTHER_G.STD_OTHER_I/FE_I/S_AXIS_DIN_TREADY
                         net (fo=39, routed)          0.841     4.538    Data_controller_inst/din_ready_controller[1]
    SLICE_X37Y151        LUT2 (Prop_D5LUT_SLICEM_I1_O)
                                                      0.110     4.648 r  Data_controller_inst/dout_valid[2]_i_5/O
                         net (fo=3, routed)           0.187     4.835    Data_controller_inst/dout_valid[2]_i_5_n_0
    SLICE_X37Y151        LUT4 (Prop_C6LUT_SLICEM_I2_O)
                                                      0.098     4.933 r  Data_controller_inst/dout_valid[2]_i_3/O
                         net (fo=39, routed)          0.543     5.476    Data_controller_inst/state2[0]
    SLICE_X38Y151        LUT3 (Prop_G6LUT_SLICEL_I2_O)
                                                      0.089     5.565 r  Data_controller_inst/dout_valid[2]_i_2/O
                         net (fo=41, routed)          0.632     6.197    Data_controller_inst/state2[1]
    SLICE_X36Y154        LUT6 (Prop_D6LUT_SLICEL_I5_O)
                                                      0.122     6.319 r  Data_controller_inst/dout_data2[11]_i_1/O
                         net (fo=1, routed)           0.049     6.368    Data_controller_inst/next_input_128bits[2]_0[11]
    SLICE_X36Y154        FDCE                                         r  Data_controller_inst/dout_data2_reg[11]/D
  -------------------------------------------------------------------    -------------------

                         (clock clk rise edge)        5.000     5.000 r  
    AN11                                              0.000     5.000 r  clk (IN)
                         net (fo=0)                   0.000     5.000    clk_IBUF_inst/I
    AN11                 INBUF (Prop_INBUF_HPIOB_M_PAD_O)
                                                      0.321     5.321 r  clk_IBUF_inst/INBUF_INST/O
                         net (fo=1, routed)           0.000     5.321    clk_IBUF_inst/OUT
    AN11                 IBUFCTRL (Prop_IBUFCTRL_HPIOB_M_I_O)
                                                      0.000     5.321 r  clk_IBUF_inst/IBUFCTRL_INST/O
                         net (fo=1, routed)           0.300     5.621    clk_IBUF
    BUFGCE_X0Y24         BUFGCE (Prop_BUFCE_BUFGCE_I_O)
                                                      0.024     5.645 r  clk_IBUF_BUFG_inst/O
    X1Y1 (CLOCK_ROOT)    net (fo=3239, routed)        1.827     7.472    Data_controller_inst/CLK
    SLICE_X36Y154        FDCE                                         r  Data_controller_inst/dout_data2_reg[11]/C
                         clock pessimism              0.438     7.911    
                         clock uncertainty           -0.035     7.875    
    SLICE_X36Y154        FDCE (Setup_DFF_SLICEL_C_D)
                                                      0.025     7.900    Data_controller_inst/dout_data2_reg[11]
  -------------------------------------------------------------------
                         required time                          7.900    
                         arrival time                          -6.368    
  -------------------------------------------------------------------
                         slack                                  1.533    

Slack (MET) :             1.537ns  (required time - arrival time)
  Source:                 LDPC_core2/inst/STD_OTHER_G.STD_OTHER_I/FE_I/S_AXIS_DIN_ACLK
                            (rising edge-triggered cell FE clocked by clk  {rise@0.000ns fall@2.500ns period=5.000ns})
  Destination:            Data_controller_inst/cw_counter2_reg[0]/D
                            (rising edge-triggered cell FDCE clocked by clk  {rise@0.000ns fall@2.500ns period=5.000ns})
  Path Group:             clk
  Path Type:              Setup (Max at Slow Process Corner)
  Requirement:            5.000ns  (clk rise@5.000ns - clk rise@0.000ns)
  Data Path Delay:        3.275ns  (logic 0.996ns (30.412%)  route 2.279ns (69.588%))
  Logic Levels:           5  (LUT2=2 LUT3=1 LUT4=1 LUT6=1)
  Clock Path Skew:        -0.178ns (DCD - SCD + CPR)
    Destination Clock Delay (DCD):    2.471ns = ( 7.471 - 5.000 ) 
    Source Clock Delay      (SCD):    3.088ns
    Clock Pessimism Removal (CPR):    0.439ns
  Clock Uncertainty:      0.035ns  ((TSJ^2 + TIJ^2)^1/2 + DJ) / 2 + PE
    Total System Jitter     (TSJ):    0.071ns
    Total Input Jitter      (TIJ):    0.000ns
    Discrete Jitter          (DJ):    0.000ns
    Phase Error              (PE):    0.000ns
  Clock Net Delay (Source):      2.152ns (routing 1.026ns, distribution 1.126ns)
  Clock Net Delay (Destination): 1.826ns (routing 0.935ns, distribution 0.891ns)

    Location             Delay type                Incr(ns)  Path(ns)    Netlist Resource(s)
  -------------------------------------------------------------------    -------------------
                         (clock clk rise edge)        0.000     0.000 r  
    AN11                                              0.000     0.000 r  clk (IN)
                         net (fo=0)                   0.000     0.000    clk_IBUF_inst/I
    AN11                 INBUF (Prop_INBUF_HPIOB_M_PAD_O)
                                                      0.572     0.572 r  clk_IBUF_inst/INBUF_INST/O
                         net (fo=1, routed)           0.000     0.572    clk_IBUF_inst/OUT
    AN11                 IBUFCTRL (Prop_IBUFCTRL_HPIOB_M_I_O)
                                                      0.000     0.572 r  clk_IBUF_inst/IBUFCTRL_INST/O
                         net (fo=1, routed)           0.336     0.908    clk_IBUF
    BUFGCE_X0Y24         BUFGCE (Prop_BUFCE_BUFGCE_I_O)
                                                      0.028     0.936 r  clk_IBUF_BUFG_inst/O
    X1Y1 (CLOCK_ROOT)    net (fo=3239, routed)        2.152     3.088    LDPC_core2/inst/STD_OTHER_G.STD_OTHER_I/s_axis_din_aclk
    FE_X0Y2              FE                                           r  LDPC_core2/inst/STD_OTHER_G.STD_OTHER_I/FE_I/S_AXIS_DIN_ACLK
  -------------------------------------------------------------------    -------------------
    FE_X0Y2              FE (Prop_FE_S_AXIS_DIN_ACLK_S_AXIS_DIN_TREADY)
                                                      0.609     3.697 r  LDPC_core2/inst/STD_OTHER_G.STD_OTHER_I/FE_I/S_AXIS_DIN_TREADY
                         net (fo=39, routed)          0.841     4.538    Data_controller_inst/din_ready_controller[1]
    SLICE_X37Y151        LUT2 (Prop_D5LUT_SLICEM_I1_O)
                                                      0.110     4.648 r  Data_controller_inst/dout_valid[2]_i_5/O
                         net (fo=3, routed)           0.187     4.835    Data_controller_inst/dout_valid[2]_i_5_n_0
    SLICE_X37Y151        LUT4 (Prop_C6LUT_SLICEM_I2_O)
                                                      0.098     4.933 r  Data_controller_inst/dout_valid[2]_i_3/O
                         net (fo=39, routed)          0.543     5.476    Data_controller_inst/state2[0]
    SLICE_X38Y151        LUT3 (Prop_G6LUT_SLICEL_I2_O)
                                                      0.089     5.565 r  Data_controller_inst/dout_valid[2]_i_2/O
                         net (fo=41, routed)          0.494     6.059    Data_controller_inst/state2[1]
    SLICE_X37Y151        LUT6 (Prop_H6LUT_SLICEM_I1_O)
                                                      0.039     6.098 r  Data_controller_inst/cw_counter2[4]_i_3/O
                         net (fo=5, routed)           0.142     6.240    Data_controller_inst/cw_counter2[4]_i_3_n_0
    SLICE_X37Y150        LUT2 (Prop_D6LUT_SLICEM_I0_O)
                                                      0.051     6.291 r  Data_controller_inst/cw_counter2[0]_i_1/O
                         net (fo=1, routed)           0.072     6.363    Data_controller_inst/next_counter2[0]
    SLICE_X37Y150        FDCE                                         r  Data_controller_inst/cw_counter2_reg[0]/D
  -------------------------------------------------------------------    -------------------

                         (clock clk rise edge)        5.000     5.000 r  
    AN11                                              0.000     5.000 r  clk (IN)
                         net (fo=0)                   0.000     5.000    clk_IBUF_inst/I
    AN11                 INBUF (Prop_INBUF_HPIOB_M_PAD_O)
                                                      0.321     5.321 r  clk_IBUF_inst/INBUF_INST/O
                         net (fo=1, routed)           0.000     5.321    clk_IBUF_inst/OUT
    AN11                 IBUFCTRL (Prop_IBUFCTRL_HPIOB_M_I_O)
                                                      0.000     5.321 r  clk_IBUF_inst/IBUFCTRL_INST/O
                         net (fo=1, routed)           0.300     5.621    clk_IBUF
    BUFGCE_X0Y24         BUFGCE (Prop_BUFCE_BUFGCE_I_O)
                                                      0.024     5.645 r  clk_IBUF_BUFG_inst/O
    X1Y1 (CLOCK_ROOT)    net (fo=3239, routed)        1.826     7.471    Data_controller_inst/CLK
    SLICE_X37Y150        FDCE                                         r  Data_controller_inst/cw_counter2_reg[0]/C
                         clock pessimism              0.439     7.910    
                         clock uncertainty           -0.035     7.874    
    SLICE_X37Y150        FDCE (Setup_DFF_SLICEM_C_D)
                                                      0.025     7.899    Data_controller_inst/cw_counter2_reg[0]
  -------------------------------------------------------------------
                         required time                          7.899    
                         arrival time                          -6.363    
  -------------------------------------------------------------------
                         slack                                  1.537    





Min Delay Paths
--------------------------------------------------------------------------------------
Slack (MET) :             0.010ns  (arrival time - required time)
  Source:                 LDPC_core3/inst/STD_OTHER_G.STD_OTHER_I/S_AXI_INITIALIZED_G.SD_FEC_NON_5G_CODE_GEN_I/LDPC_MODE.FIFO_I/INST_G.fifo_2_reg[22]/C
                            (rising edge-triggered cell FDRE clocked by clk  {rise@0.000ns fall@2.500ns period=5.000ns})
  Destination:            LDPC_core3/inst/STD_OTHER_G.STD_OTHER_I/S_AXI_INITIALIZED_G.SD_FEC_NON_5G_CODE_GEN_I/LDPC_MODE.data_pend_reg[22]/D
                            (rising edge-triggered cell FDRE clocked by clk  {rise@0.000ns fall@2.500ns period=5.000ns})
  Path Group:             clk
  Path Type:              Hold (Min at Slow Process Corner)
  Requirement:            0.000ns  (clk rise@0.000ns - clk rise@0.000ns)
  Data Path Delay:        0.151ns  (logic 0.058ns (38.411%)  route 0.093ns (61.589%))
  Logic Levels:           0  
  Clock Path Skew:        0.079ns (DCD - SCD - CPR)
    Destination Clock Delay (DCD):    3.042ns
    Source Clock Delay      (SCD):    2.523ns
    Clock Pessimism Removal (CPR):    0.440ns
  Clock Net Delay (Source):      1.878ns (routing 0.935ns, distribution 0.943ns)
  Clock Net Delay (Destination): 2.106ns (routing 1.026ns, distribution 1.080ns)

    Location             Delay type                Incr(ns)  Path(ns)    Netlist Resource(s)
  -------------------------------------------------------------------    -------------------
                         (clock clk rise edge)        0.000     0.000 r  
    AN11                                              0.000     0.000 r  clk (IN)
                         net (fo=0)                   0.000     0.000    clk_IBUF_inst/I
    AN11                 INBUF (Prop_INBUF_HPIOB_M_PAD_O)
                                                      0.321     0.321 r  clk_IBUF_inst/INBUF_INST/O
                         net (fo=1, routed)           0.000     0.321    clk_IBUF_inst/OUT
    AN11                 IBUFCTRL (Prop_IBUFCTRL_HPIOB_M_I_O)
                                                      0.000     0.321 r  clk_IBUF_inst/IBUFCTRL_INST/O
                         net (fo=1, routed)           0.300     0.621    clk_IBUF
    BUFGCE_X0Y24         BUFGCE (Prop_BUFCE_BUFGCE_I_O)
                                                      0.024     0.645 r  clk_IBUF_BUFG_inst/O
    X1Y1 (CLOCK_ROOT)    net (fo=3239, routed)        1.878     2.523    LDPC_core3/inst/STD_OTHER_G.STD_OTHER_I/S_AXI_INITIALIZED_G.SD_FEC_NON_5G_CODE_GEN_I/LDPC_MODE.FIFO_I/s_axi_aclk
    SLICE_X35Y196        FDRE                                         r  LDPC_core3/inst/STD_OTHER_G.STD_OTHER_I/S_AXI_INITIALIZED_G.SD_FEC_NON_5G_CODE_GEN_I/LDPC_MODE.FIFO_I/INST_G.fifo_2_reg[22]/C
  -------------------------------------------------------------------    -------------------
    SLICE_X35Y196        FDRE (Prop_EFF_SLICEM_C_Q)
                                                      0.058     2.581 r  LDPC_core3/inst/STD_OTHER_G.STD_OTHER_I/S_AXI_INITIALIZED_G.SD_FEC_NON_5G_CODE_GEN_I/LDPC_MODE.FIFO_I/INST_G.fifo_2_reg[22]/Q
                         net (fo=2, routed)           0.093     2.674    LDPC_core3/inst/STD_OTHER_G.STD_OTHER_I/S_AXI_INITIALIZED_G.SD_FEC_NON_5G_CODE_GEN_I/fifo_2[22]
    SLICE_X37Y196        FDRE                                         r  LDPC_core3/inst/STD_OTHER_G.STD_OTHER_I/S_AXI_INITIALIZED_G.SD_FEC_NON_5G_CODE_GEN_I/LDPC_MODE.data_pend_reg[22]/D
  -------------------------------------------------------------------    -------------------

                         (clock clk rise edge)        0.000     0.000 r  
    AN11                                              0.000     0.000 r  clk (IN)
                         net (fo=0)                   0.000     0.000    clk_IBUF_inst/I
    AN11                 INBUF (Prop_INBUF_HPIOB_M_PAD_O)
                                                      0.572     0.572 r  clk_IBUF_inst/INBUF_INST/O
                         net (fo=1, routed)           0.000     0.572    clk_IBUF_inst/OUT
    AN11                 IBUFCTRL (Prop_IBUFCTRL_HPIOB_M_I_O)
                                                      0.000     0.572 r  clk_IBUF_inst/IBUFCTRL_INST/O
                         net (fo=1, routed)           0.336     0.908    clk_IBUF
    BUFGCE_X0Y24         BUFGCE (Prop_BUFCE_BUFGCE_I_O)
                                                      0.028     0.936 r  clk_IBUF_BUFG_inst/O
    X1Y1 (CLOCK_ROOT)    net (fo=3239, routed)        2.106     3.042    LDPC_core3/inst/STD_OTHER_G.STD_OTHER_I/S_AXI_INITIALIZED_G.SD_FEC_NON_5G_CODE_GEN_I/s_axi_aclk
    SLICE_X37Y196        FDRE                                         r  LDPC_core3/inst/STD_OTHER_G.STD_OTHER_I/S_AXI_INITIALIZED_G.SD_FEC_NON_5G_CODE_GEN_I/LDPC_MODE.data_pend_reg[22]/C
                         clock pessimism             -0.440     2.602    
    SLICE_X37Y196        FDRE (Hold_GFF2_SLICEM_C_D)
                                                      0.062     2.664    LDPC_core3/inst/STD_OTHER_G.STD_OTHER_I/S_AXI_INITIALIZED_G.SD_FEC_NON_5G_CODE_GEN_I/LDPC_MODE.data_pend_reg[22]
  -------------------------------------------------------------------
                         required time                         -2.664    
                         arrival time                           2.674    
  -------------------------------------------------------------------
                         slack                                  0.010    

Slack (MET) :             0.011ns  (arrival time - required time)
  Source:                 LDPC_core2/inst/STD_OTHER_G.STD_OTHER_I/S_AXI_INITIALIZED_G.SD_FEC_NON_5G_CODE_GEN_I/LDPC_MODE.REF_NON_5G_CODE_TABLE_IF_I/ref_code_table_rdata_reg[18]/C
                            (rising edge-triggered cell FDRE clocked by clk  {rise@0.000ns fall@2.500ns period=5.000ns})
  Destination:            LDPC_core2/inst/STD_OTHER_G.STD_OTHER_I/S_AXI_INITIALIZED_G.SD_FEC_NON_5G_CODE_GEN_I/LDPC_MODE.FIFO_I/INST_G.SRL_ARRAY_I/SRL_LOOP_G[9].SRL16E0_I/D
                            (rising edge-triggered cell SRL16E clocked by clk  {rise@0.000ns fall@2.500ns period=5.000ns})
  Path Group:             clk
  Path Type:              Hold (Min at Slow Process Corner)
  Requirement:            0.000ns  (clk rise@0.000ns - clk rise@0.000ns)
  Data Path Delay:        0.189ns  (logic 0.058ns (30.688%)  route 0.131ns (69.312%))
  Logic Levels:           0  
  Clock Path Skew:        0.149ns (DCD - SCD - CPR)
    Destination Clock Delay (DCD):    3.085ns
    Source Clock Delay      (SCD):    2.500ns
    Clock Pessimism Removal (CPR):    0.436ns
  Clock Net Delay (Source):      1.855ns (routing 0.935ns, distribution 0.920ns)
  Clock Net Delay (Destination): 2.149ns (routing 1.026ns, distribution 1.123ns)

    Location             Delay type                Incr(ns)  Path(ns)    Netlist Resource(s)
  -------------------------------------------------------------------    -------------------
                         (clock clk rise edge)        0.000     0.000 r  
    AN11                                              0.000     0.000 r  clk (IN)
                         net (fo=0)                   0.000     0.000    clk_IBUF_inst/I
    AN11                 INBUF (Prop_INBUF_HPIOB_M_PAD_O)
                                                      0.321     0.321 r  clk_IBUF_inst/INBUF_INST/O
                         net (fo=1, routed)           0.000     0.321    clk_IBUF_inst/OUT
    AN11                 IBUFCTRL (Prop_IBUFCTRL_HPIOB_M_I_O)
                                                      0.000     0.321 r  clk_IBUF_inst/IBUFCTRL_INST/O
                         net (fo=1, routed)           0.300     0.621    clk_IBUF
    BUFGCE_X0Y24         BUFGCE (Prop_BUFCE_BUFGCE_I_O)
                                                      0.024     0.645 r  clk_IBUF_BUFG_inst/O
    X1Y1 (CLOCK_ROOT)    net (fo=3239, routed)        1.855     2.500    LDPC_core2/inst/STD_OTHER_G.STD_OTHER_I/S_AXI_INITIALIZED_G.SD_FEC_NON_5G_CODE_GEN_I/LDPC_MODE.REF_NON_5G_CODE_TABLE_IF_I/s_axi_aclk
    SLICE_X34Y132        FDRE                                         r  LDPC_core2/inst/STD_OTHER_G.STD_OTHER_I/S_AXI_INITIALIZED_G.SD_FEC_NON_5G_CODE_GEN_I/LDPC_MODE.REF_NON_5G_CODE_TABLE_IF_I/ref_code_table_rdata_reg[18]/C
  -------------------------------------------------------------------    -------------------
    SLICE_X34Y132        FDRE (Prop_AFF_SLICEM_C_Q)
                                                      0.058     2.558 r  LDPC_core2/inst/STD_OTHER_G.STD_OTHER_I/S_AXI_INITIALIZED_G.SD_FEC_NON_5G_CODE_GEN_I/LDPC_MODE.REF_NON_5G_CODE_TABLE_IF_I/ref_code_table_rdata_reg[18]/Q
                         net (fo=1, routed)           0.131     2.689    LDPC_core2/inst/STD_OTHER_G.STD_OTHER_I/S_AXI_INITIALIZED_G.SD_FEC_NON_5G_CODE_GEN_I/LDPC_MODE.FIFO_I/INST_G.SRL_ARRAY_I/SRL_LOOP_G[15].SRL16E0_I_0[18]
    SLICE_X35Y134        SRL16E                                       r  LDPC_core2/inst/STD_OTHER_G.STD_OTHER_I/S_AXI_INITIALIZED_G.SD_FEC_NON_5G_CODE_GEN_I/LDPC_MODE.FIFO_I/INST_G.SRL_ARRAY_I/SRL_LOOP_G[9].SRL16E0_I/D
  -------------------------------------------------------------------    -------------------

                         (clock clk rise edge)        0.000     0.000 r  
    AN11                                              0.000     0.000 r  clk (IN)
                         net (fo=0)                   0.000     0.000    clk_IBUF_inst/I
    AN11                 INBUF (Prop_INBUF_HPIOB_M_PAD_O)
                                                      0.572     0.572 r  clk_IBUF_inst/INBUF_INST/O
                         net (fo=1, routed)           0.000     0.572    clk_IBUF_inst/OUT
    AN11                 IBUFCTRL (Prop_IBUFCTRL_HPIOB_M_I_O)
                                                      0.000     0.572 r  clk_IBUF_inst/IBUFCTRL_INST/O
                         net (fo=1, routed)           0.336     0.908    clk_IBUF
    BUFGCE_X0Y24         BUFGCE (Prop_BUFCE_BUFGCE_I_O)
                                                      0.028     0.936 r  clk_IBUF_BUFG_inst/O
    X1Y1 (CLOCK_ROOT)    net (fo=3239, routed)        2.149     3.085    LDPC_core2/inst/STD_OTHER_G.STD_OTHER_I/S_AXI_INITIALIZED_G.SD_FEC_NON_5G_CODE_GEN_I/LDPC_MODE.FIFO_I/INST_G.SRL_ARRAY_I/s_axi_aclk
    SLICE_X35Y134        SRL16E                                       r  LDPC_core2/inst/STD_OTHER_G.STD_OTHER_I/S_AXI_INITIALIZED_G.SD_FEC_NON_5G_CODE_GEN_I/LDPC_MODE.FIFO_I/INST_G.SRL_ARRAY_I/SRL_LOOP_G[9].SRL16E0_I/CLK
                         clock pessimism             -0.436     2.649    
    SLICE_X35Y134        SRL16E (Hold_F6LUT_SLICEM_CLK_D)
                                                      0.029     2.678    LDPC_core2/inst/STD_OTHER_G.STD_OTHER_I/S_AXI_INITIALIZED_G.SD_FEC_NON_5G_CODE_GEN_I/LDPC_MODE.FIFO_I/INST_G.SRL_ARRAY_I/SRL_LOOP_G[9].SRL16E0_I
  -------------------------------------------------------------------
                         required time                         -2.678    
                         arrival time                           2.689    
  -------------------------------------------------------------------
                         slack                                  0.011    

Slack (MET) :             0.013ns  (arrival time - required time)
  Source:                 LDPC_core1/inst/STD_OTHER_G.STD_OTHER_I/S_AXI_INITIALIZED_G.SD_FEC_NON_5G_CODE_GEN_I/LDPC_MODE.REF_NON_5G_CODE_TABLE_IF_I/ref_code_table_rdata_reg[10]/C
                            (rising edge-triggered cell FDRE clocked by clk  {rise@0.000ns fall@2.500ns period=5.000ns})
  Destination:            LDPC_core1/inst/STD_OTHER_G.STD_OTHER_I/S_AXI_INITIALIZED_G.SD_FEC_NON_5G_CODE_GEN_I/LDPC_MODE.FIFO_I/INST_G.SRL_ARRAY_I/SRL_LOOP_G[5].SRL16E0_I/D
                            (rising edge-triggered cell SRL16E clocked by clk  {rise@0.000ns fall@2.500ns period=5.000ns})
  Path Group:             clk
  Path Type:              Hold (Min at Slow Process Corner)
  Requirement:            0.000ns  (clk rise@0.000ns - clk rise@0.000ns)
  Data Path Delay:        0.133ns  (logic 0.058ns (43.609%)  route 0.075ns (56.391%))
  Logic Levels:           0  
  Clock Path Skew:        0.100ns (DCD - SCD - CPR)
    Destination Clock Delay (DCD):    3.033ns
    Source Clock Delay      (SCD):    2.452ns
    Clock Pessimism Removal (CPR):    0.480ns
  Clock Net Delay (Source):      1.807ns (routing 0.935ns, distribution 0.872ns)
  Clock Net Delay (Destination): 2.097ns (routing 1.026ns, distribution 1.071ns)

    Location             Delay type                Incr(ns)  Path(ns)    Netlist Resource(s)
  -------------------------------------------------------------------    -------------------
                         (clock clk rise edge)        0.000     0.000 r  
    AN11                                              0.000     0.000 r  clk (IN)
                         net (fo=0)                   0.000     0.000    clk_IBUF_inst/I
    AN11                 INBUF (Prop_INBUF_HPIOB_M_PAD_O)
                                                      0.321     0.321 r  clk_IBUF_inst/INBUF_INST/O
                         net (fo=1, routed)           0.000     0.321    clk_IBUF_inst/OUT
    AN11                 IBUFCTRL (Prop_IBUFCTRL_HPIOB_M_I_O)
                                                      0.000     0.321 r  clk_IBUF_inst/IBUFCTRL_INST/O
                         net (fo=1, routed)           0.300     0.621    clk_IBUF
    BUFGCE_X0Y24         BUFGCE (Prop_BUFCE_BUFGCE_I_O)
                                                      0.024     0.645 r  clk_IBUF_BUFG_inst/O
    X1Y1 (CLOCK_ROOT)    net (fo=3239, routed)        1.807     2.452    LDPC_core1/inst/STD_OTHER_G.STD_OTHER_I/S_AXI_INITIALIZED_G.SD_FEC_NON_5G_CODE_GEN_I/LDPC_MODE.REF_NON_5G_CODE_TABLE_IF_I/s_axi_aclk
    SLICE_X35Y78         FDRE                                         r  LDPC_core1/inst/STD_OTHER_G.STD_OTHER_I/S_AXI_INITIALIZED_G.SD_FEC_NON_5G_CODE_GEN_I/LDPC_MODE.REF_NON_5G_CODE_TABLE_IF_I/ref_code_table_rdata_reg[10]/C
  -------------------------------------------------------------------    -------------------
    SLICE_X35Y78         FDRE (Prop_HFF_SLICEM_C_Q)
                                                      0.058     2.510 r  LDPC_core1/inst/STD_OTHER_G.STD_OTHER_I/S_AXI_INITIALIZED_G.SD_FEC_NON_5G_CODE_GEN_I/LDPC_MODE.REF_NON_5G_CODE_TABLE_IF_I/ref_code_table_rdata_reg[10]/Q
                         net (fo=1, routed)           0.075     2.585    LDPC_core1/inst/STD_OTHER_G.STD_OTHER_I/S_AXI_INITIALIZED_G.SD_FEC_NON_5G_CODE_GEN_I/LDPC_MODE.FIFO_I/INST_G.SRL_ARRAY_I/SRL_LOOP_G[15].SRL16E0_I_0[10]
    SLICE_X35Y79         SRL16E                                       r  LDPC_core1/inst/STD_OTHER_G.STD_OTHER_I/S_AXI_INITIALIZED_G.SD_FEC_NON_5G_CODE_GEN_I/LDPC_MODE.FIFO_I/INST_G.SRL_ARRAY_I/SRL_LOOP_G[5].SRL16E0_I/D
  -------------------------------------------------------------------    -------------------

                         (clock clk rise edge)        0.000     0.000 r  
    AN11                                              0.000     0.000 r  clk (IN)
                         net (fo=0)                   0.000     0.000    clk_IBUF_inst/I
    AN11                 INBUF (Prop_INBUF_HPIOB_M_PAD_O)
                                                      0.572     0.572 r  clk_IBUF_inst/INBUF_INST/O
                         net (fo=1, routed)           0.000     0.572    clk_IBUF_inst/OUT
    AN11                 IBUFCTRL (Prop_IBUFCTRL_HPIOB_M_I_O)
                                                      0.000     0.572 r  clk_IBUF_inst/IBUFCTRL_INST/O
                         net (fo=1, routed)           0.336     0.908    clk_IBUF
    BUFGCE_X0Y24         BUFGCE (Prop_BUFCE_BUFGCE_I_O)
                                                      0.028     0.936 r  clk_IBUF_BUFG_inst/O
    X1Y1 (CLOCK_ROOT)    net (fo=3239, routed)        2.097     3.033    LDPC_core1/inst/STD_OTHER_G.STD_OTHER_I/S_AXI_INITIALIZED_G.SD_FEC_NON_5G_CODE_GEN_I/LDPC_MODE.FIFO_I/INST_G.SRL_ARRAY_I/s_axi_aclk
    SLICE_X35Y79         SRL16E                                       r  LDPC_core1/inst/STD_OTHER_G.STD_OTHER_I/S_AXI_INITIALIZED_G.SD_FEC_NON_5G_CODE_GEN_I/LDPC_MODE.FIFO_I/INST_G.SRL_ARRAY_I/SRL_LOOP_G[5].SRL16E0_I/CLK
                         clock pessimism             -0.480     2.552    
    SLICE_X35Y79         SRL16E (Hold_G6LUT_SLICEM_CLK_D)
                                                      0.020     2.572    LDPC_core1/inst/STD_OTHER_G.STD_OTHER_I/S_AXI_INITIALIZED_G.SD_FEC_NON_5G_CODE_GEN_I/LDPC_MODE.FIFO_I/INST_G.SRL_ARRAY_I/SRL_LOOP_G[5].SRL16E0_I
  -------------------------------------------------------------------
                         required time                         -2.572    
                         arrival time                           2.585    
  -------------------------------------------------------------------
                         slack                                  0.013    

Slack (MET) :             0.013ns  (arrival time - required time)
  Source:                 LDPC_core1/inst/STD_OTHER_G.STD_OTHER_I/S_AXI_INITIALIZED_G.SD_FEC_NON_5G_CODE_GEN_I/LDPC_MODE.axi_awaddr_reg[12]/C
                            (rising edge-triggered cell FDRE clocked by clk  {rise@0.000ns fall@2.500ns period=5.000ns})
  Destination:            LDPC_core1/inst/STD_OTHER_G.STD_OTHER_I/S_AXI_INITIALIZED_G.SD_FEC_NON_5G_CODE_GEN_I/LDPC_MODE.AXI_WADDR_IF_I/xpm_fifo_base_inst/gen_sdpram.xpm_memory_base_inst/gen_wr_a.gen_word_narrow.mem_reg_0_15_0_13/RAMG/I
                            (rising edge-triggered cell RAMD32 clocked by clk  {rise@0.000ns fall@2.500ns period=5.000ns})
  Path Group:             clk
  Path Type:              Hold (Min at Slow Process Corner)
  Requirement:            0.000ns  (clk rise@0.000ns - clk rise@0.000ns)
  Data Path Delay:        0.257ns  (logic 0.058ns (22.568%)  route 0.199ns (77.432%))
  Logic Levels:           0  
  Clock Path Skew:        0.166ns (DCD - SCD - CPR)
    Destination Clock Delay (DCD):    3.138ns
    Source Clock Delay      (SCD):    2.534ns
    Clock Pessimism Removal (CPR):    0.437ns
  Clock Net Delay (Source):      1.889ns (routing 0.935ns, distribution 0.954ns)
  Clock Net Delay (Destination): 2.202ns (routing 1.026ns, distribution 1.176ns)

    Location             Delay type                Incr(ns)  Path(ns)    Netlist Resource(s)
  -------------------------------------------------------------------    -------------------
                         (clock clk rise edge)        0.000     0.000 r  
    AN11                                              0.000     0.000 r  clk (IN)
                         net (fo=0)                   0.000     0.000    clk_IBUF_inst/I
    AN11                 INBUF (Prop_INBUF_HPIOB_M_PAD_O)
                                                      0.321     0.321 r  clk_IBUF_inst/INBUF_INST/O
                         net (fo=1, routed)           0.000     0.321    clk_IBUF_inst/OUT
    AN11                 IBUFCTRL (Prop_IBUFCTRL_HPIOB_M_I_O)
                                                      0.000     0.321 r  clk_IBUF_inst/IBUFCTRL_INST/O
                         net (fo=1, routed)           0.300     0.621    clk_IBUF
    BUFGCE_X0Y24         BUFGCE (Prop_BUFCE_BUFGCE_I_O)
                                                      0.024     0.645 r  clk_IBUF_BUFG_inst/O
    X1Y1 (CLOCK_ROOT)    net (fo=3239, routed)        1.889     2.534    LDPC_core1/inst/STD_OTHER_G.STD_OTHER_I/S_AXI_INITIALIZED_G.SD_FEC_NON_5G_CODE_GEN_I/s_axi_aclk
    SLICE_X38Y79         FDRE                                         r  LDPC_core1/inst/STD_OTHER_G.STD_OTHER_I/S_AXI_INITIALIZED_G.SD_FEC_NON_5G_CODE_GEN_I/LDPC_MODE.axi_awaddr_reg[12]/C
  -------------------------------------------------------------------    -------------------
    SLICE_X38Y79         FDRE (Prop_CFF_SLICEL_C_Q)
                                                      0.058     2.592 r  LDPC_core1/inst/STD_OTHER_G.STD_OTHER_I/S_AXI_INITIALIZED_G.SD_FEC_NON_5G_CODE_GEN_I/LDPC_MODE.axi_awaddr_reg[12]/Q
                         net (fo=3, routed)           0.199     2.791    LDPC_core1/inst/STD_OTHER_G.STD_OTHER_I/S_AXI_INITIALIZED_G.SD_FEC_NON_5G_CODE_GEN_I/LDPC_MODE.AXI_WADDR_IF_I/xpm_fifo_base_inst/gen_sdpram.xpm_memory_base_inst/gen_wr_a.gen_word_narrow.mem_reg_0_15_0_13/DIG0
    SLICE_X39Y77         RAMD32                                       r  LDPC_core1/inst/STD_OTHER_G.STD_OTHER_I/S_AXI_INITIALIZED_G.SD_FEC_NON_5G_CODE_GEN_I/LDPC_MODE.AXI_WADDR_IF_I/xpm_fifo_base_inst/gen_sdpram.xpm_memory_base_inst/gen_wr_a.gen_word_narrow.mem_reg_0_15_0_13/RAMG/I
  -------------------------------------------------------------------    -------------------

                         (clock clk rise edge)        0.000     0.000 r  
    AN11                                              0.000     0.000 r  clk (IN)
                         net (fo=0)                   0.000     0.000    clk_IBUF_inst/I
    AN11                 INBUF (Prop_INBUF_HPIOB_M_PAD_O)
                                                      0.572     0.572 r  clk_IBUF_inst/INBUF_INST/O
                         net (fo=1, routed)           0.000     0.572    clk_IBUF_inst/OUT
    AN11                 IBUFCTRL (Prop_IBUFCTRL_HPIOB_M_I_O)
                                                      0.000     0.572 r  clk_IBUF_inst/IBUFCTRL_INST/O
                         net (fo=1, routed)           0.336     0.908    clk_IBUF
    BUFGCE_X0Y24         BUFGCE (Prop_BUFCE_BUFGCE_I_O)
                                                      0.028     0.936 r  clk_IBUF_BUFG_inst/O
    X1Y1 (CLOCK_ROOT)    net (fo=3239, routed)        2.202     3.138    LDPC_core1/inst/STD_OTHER_G.STD_OTHER_I/S_AXI_INITIALIZED_G.SD_FEC_NON_5G_CODE_GEN_I/LDPC_MODE.AXI_WADDR_IF_I/xpm_fifo_base_inst/gen_sdpram.xpm_memory_base_inst/gen_wr_a.gen_word_narrow.mem_reg_0_15_0_13/WCLK
    SLICE_X39Y77         RAMD32                                       r  LDPC_core1/inst/STD_OTHER_G.STD_OTHER_I/S_AXI_INITIALIZED_G.SD_FEC_NON_5G_CODE_GEN_I/LDPC_MODE.AXI_WADDR_IF_I/xpm_fifo_base_inst/gen_sdpram.xpm_memory_base_inst/gen_wr_a.gen_word_narrow.mem_reg_0_15_0_13/RAMG/CLK
                         clock pessimism             -0.437     2.700    
    SLICE_X39Y77         RAMD32 (Hold_G5LUT_SLICEM_CLK_I)
                                                      0.078     2.778    LDPC_core1/inst/STD_OTHER_G.STD_OTHER_I/S_AXI_INITIALIZED_G.SD_FEC_NON_5G_CODE_GEN_I/LDPC_MODE.AXI_WADDR_IF_I/xpm_fifo_base_inst/gen_sdpram.xpm_memory_base_inst/gen_wr_a.gen_word_narrow.mem_reg_0_15_0_13/RAMG
  -------------------------------------------------------------------
                         required time                         -2.778    
                         arrival time                           2.791    
  -------------------------------------------------------------------
                         slack                                  0.013    

Slack (MET) :             0.013ns  (arrival time - required time)
  Source:                 LDPC_core2/inst/STD_OTHER_G.STD_OTHER_I/S_AXI_INITIALIZED_G.SD_FEC_NON_5G_CODE_GEN_I/LDPC_MODE.axi_awaddr_reg[9]/C
                            (rising edge-triggered cell FDRE clocked by clk  {rise@0.000ns fall@2.500ns period=5.000ns})
  Destination:            LDPC_core2/inst/STD_OTHER_G.STD_OTHER_I/S_AXI_INITIALIZED_G.SD_FEC_NON_5G_CODE_GEN_I/LDPC_MODE.AXI_WADDR_IF_I/xpm_fifo_base_inst/gen_sdpram.xpm_memory_base_inst/gen_wr_a.gen_word_narrow.mem_reg_0_15_0_13/RAME_D1/I
                            (rising edge-triggered cell RAMD32 clocked by clk  {rise@0.000ns fall@2.500ns period=5.000ns})
  Path Group:             clk
  Path Type:              Hold (Min at Slow Process Corner)
  Requirement:            0.000ns  (clk rise@0.000ns - clk rise@0.000ns)
  Data Path Delay:        0.143ns  (logic 0.058ns (40.559%)  route 0.085ns (59.441%))
  Logic Levels:           0  
  Clock Path Skew:        0.070ns (DCD - SCD - CPR)
    Destination Clock Delay (DCD):    3.167ns
    Source Clock Delay      (SCD):    2.602ns
    Clock Pessimism Removal (CPR):    0.494ns
  Clock Net Delay (Source):      1.957ns (routing 0.935ns, distribution 1.022ns)
  Clock Net Delay (Destination): 2.231ns (routing 1.026ns, distribution 1.205ns)

    Location             Delay type                Incr(ns)  Path(ns)    Netlist Resource(s)
  -------------------------------------------------------------------    -------------------
                         (clock clk rise edge)        0.000     0.000 r  
    AN11                                              0.000     0.000 r  clk (IN)
                         net (fo=0)                   0.000     0.000    clk_IBUF_inst/I
    AN11                 INBUF (Prop_INBUF_HPIOB_M_PAD_O)
                                                      0.321     0.321 r  clk_IBUF_inst/INBUF_INST/O
                         net (fo=1, routed)           0.000     0.321    clk_IBUF_inst/OUT
    AN11                 IBUFCTRL (Prop_IBUFCTRL_HPIOB_M_I_O)
                                                      0.000     0.321 r  clk_IBUF_inst/IBUFCTRL_INST/O
                         net (fo=1, routed)           0.300     0.621    clk_IBUF
    BUFGCE_X0Y24         BUFGCE (Prop_BUFCE_BUFGCE_I_O)
                                                      0.024     0.645 r  clk_IBUF_BUFG_inst/O
    X1Y1 (CLOCK_ROOT)    net (fo=3239, routed)        1.957     2.602    LDPC_core2/inst/STD_OTHER_G.STD_OTHER_I/S_AXI_INITIALIZED_G.SD_FEC_NON_5G_CODE_GEN_I/s_axi_aclk
    SLICE_X39Y133        FDRE                                         r  LDPC_core2/inst/STD_OTHER_G.STD_OTHER_I/S_AXI_INITIALIZED_G.SD_FEC_NON_5G_CODE_GEN_I/LDPC_MODE.axi_awaddr_reg[9]/C
  -------------------------------------------------------------------    -------------------
    SLICE_X39Y133        FDRE (Prop_DFF_SLICEM_C_Q)
                                                      0.058     2.660 r  LDPC_core2/inst/STD_OTHER_G.STD_OTHER_I/S_AXI_INITIALIZED_G.SD_FEC_NON_5G_CODE_GEN_I/LDPC_MODE.axi_awaddr_reg[9]/Q
                         net (fo=3, routed)           0.085     2.745    LDPC_core2/inst/STD_OTHER_G.STD_OTHER_I/S_AXI_INITIALIZED_G.SD_FEC_NON_5G_CODE_GEN_I/LDPC_MODE.AXI_WADDR_IF_I/xpm_fifo_base_inst/gen_sdpram.xpm_memory_base_inst/gen_wr_a.gen_word_narrow.mem_reg_0_15_0_13/DIE1
    SLICE_X39Y132        RAMD32                                       r  LDPC_core2/inst/STD_OTHER_G.STD_OTHER_I/S_AXI_INITIALIZED_G.SD_FEC_NON_5G_CODE_GEN_I/LDPC_MODE.AXI_WADDR_IF_I/xpm_fifo_base_inst/gen_sdpram.xpm_memory_base_inst/gen_wr_a.gen_word_narrow.mem_reg_0_15_0_13/RAME_D1/I
  -------------------------------------------------------------------    -------------------

                         (clock clk rise edge)        0.000     0.000 r  
    AN11                                              0.000     0.000 r  clk (IN)
                         net (fo=0)                   0.000     0.000    clk_IBUF_inst/I
    AN11                 INBUF (Prop_INBUF_HPIOB_M_PAD_O)
                                                      0.572     0.572 r  clk_IBUF_inst/INBUF_INST/O
                         net (fo=1, routed)           0.000     0.572    clk_IBUF_inst/OUT
    AN11                 IBUFCTRL (Prop_IBUFCTRL_HPIOB_M_I_O)
                                                      0.000     0.572 r  clk_IBUF_inst/IBUFCTRL_INST/O
                         net (fo=1, routed)           0.336     0.908    clk_IBUF
    BUFGCE_X0Y24         BUFGCE (Prop_BUFCE_BUFGCE_I_O)
                                                      0.028     0.936 r  clk_IBUF_BUFG_inst/O
    X1Y1 (CLOCK_ROOT)    net (fo=3239, routed)        2.231     3.167    LDPC_core2/inst/STD_OTHER_G.STD_OTHER_I/S_AXI_INITIALIZED_G.SD_FEC_NON_5G_CODE_GEN_I/LDPC_MODE.AXI_WADDR_IF_I/xpm_fifo_base_inst/gen_sdpram.xpm_memory_base_inst/gen_wr_a.gen_word_narrow.mem_reg_0_15_0_13/WCLK
    SLICE_X39Y132        RAMD32                                       r  LDPC_core2/inst/STD_OTHER_G.STD_OTHER_I/S_AXI_INITIALIZED_G.SD_FEC_NON_5G_CODE_GEN_I/LDPC_MODE.AXI_WADDR_IF_I/xpm_fifo_base_inst/gen_sdpram.xpm_memory_base_inst/gen_wr_a.gen_word_narrow.mem_reg_0_15_0_13/RAME_D1/CLK
                         clock pessimism             -0.494     2.672    
    SLICE_X39Y132        RAMD32 (Hold_E6LUT_SLICEM_CLK_I)
                                                      0.060     2.732    LDPC_core2/inst/STD_OTHER_G.STD_OTHER_I/S_AXI_INITIALIZED_G.SD_FEC_NON_5G_CODE_GEN_I/LDPC_MODE.AXI_WADDR_IF_I/xpm_fifo_base_inst/gen_sdpram.xpm_memory_base_inst/gen_wr_a.gen_word_narrow.mem_reg_0_15_0_13/RAME_D1
  -------------------------------------------------------------------
                         required time                         -2.732    
                         arrival time                           2.745    
  -------------------------------------------------------------------
                         slack                                  0.013    

Slack (MET) :             0.013ns  (arrival time - required time)
  Source:                 LDPC_core0/inst/STD_OTHER_G.STD_OTHER_I/S_AXI_INITIALIZED_G.SD_FEC_NON_5G_CODE_GEN_I/LDPC_MODE.axi_awaddr_reg[7]/C
                            (rising edge-triggered cell FDRE clocked by clk  {rise@0.000ns fall@2.500ns period=5.000ns})
  Destination:            LDPC_core0/inst/STD_OTHER_G.STD_OTHER_I/S_AXI_INITIALIZED_G.SD_FEC_NON_5G_CODE_GEN_I/LDPC_MODE.AXI_WADDR_IF_I/xpm_fifo_base_inst/gen_sdpram.xpm_memory_base_inst/gen_wr_a.gen_word_narrow.mem_reg_0_15_0_13/RAMD_D1/I
                            (rising edge-triggered cell RAMD32 clocked by clk  {rise@0.000ns fall@2.500ns period=5.000ns})
  Path Group:             clk
  Path Type:              Hold (Min at Slow Process Corner)
  Requirement:            0.000ns  (clk rise@0.000ns - clk rise@0.000ns)
  Data Path Delay:        0.144ns  (logic 0.058ns (40.278%)  route 0.086ns (59.722%))
  Logic Levels:           0  
  Clock Path Skew:        0.072ns (DCD - SCD - CPR)
    Destination Clock Delay (DCD):    3.142ns
    Source Clock Delay      (SCD):    2.575ns
    Clock Pessimism Removal (CPR):    0.495ns
  Clock Net Delay (Source):      1.930ns (routing 0.935ns, distribution 0.995ns)
  Clock Net Delay (Destination): 2.206ns (routing 1.026ns, distribution 1.180ns)

    Location             Delay type                Incr(ns)  Path(ns)    Netlist Resource(s)
  -------------------------------------------------------------------    -------------------
                         (clock clk rise edge)        0.000     0.000 r  
    AN11                                              0.000     0.000 r  clk (IN)
                         net (fo=0)                   0.000     0.000    clk_IBUF_inst/I
    AN11                 INBUF (Prop_INBUF_HPIOB_M_PAD_O)
                                                      0.321     0.321 r  clk_IBUF_inst/INBUF_INST/O
                         net (fo=1, routed)           0.000     0.321    clk_IBUF_inst/OUT
    AN11                 IBUFCTRL (Prop_IBUFCTRL_HPIOB_M_I_O)
                                                      0.000     0.321 r  clk_IBUF_inst/IBUFCTRL_INST/O
                         net (fo=1, routed)           0.300     0.621    clk_IBUF
    BUFGCE_X0Y24         BUFGCE (Prop_BUFCE_BUFGCE_I_O)
                                                      0.024     0.645 r  clk_IBUF_BUFG_inst/O
    X1Y1 (CLOCK_ROOT)    net (fo=3239, routed)        1.930     2.575    LDPC_core0/inst/STD_OTHER_G.STD_OTHER_I/S_AXI_INITIALIZED_G.SD_FEC_NON_5G_CODE_GEN_I/s_axi_aclk
    SLICE_X39Y10         FDRE                                         r  LDPC_core0/inst/STD_OTHER_G.STD_OTHER_I/S_AXI_INITIALIZED_G.SD_FEC_NON_5G_CODE_GEN_I/LDPC_MODE.axi_awaddr_reg[7]/C
  -------------------------------------------------------------------    -------------------
    SLICE_X39Y10         FDRE (Prop_CFF_SLICEM_C_Q)
                                                      0.058     2.633 r  LDPC_core0/inst/STD_OTHER_G.STD_OTHER_I/S_AXI_INITIALIZED_G.SD_FEC_NON_5G_CODE_GEN_I/LDPC_MODE.axi_awaddr_reg[7]/Q
                         net (fo=3, routed)           0.086     2.719    LDPC_core0/inst/STD_OTHER_G.STD_OTHER_I/S_AXI_INITIALIZED_G.SD_FEC_NON_5G_CODE_GEN_I/LDPC_MODE.AXI_WADDR_IF_I/xpm_fifo_base_inst/gen_sdpram.xpm_memory_base_inst/gen_wr_a.gen_word_narrow.mem_reg_0_15_0_13/DID1
    SLICE_X39Y12         RAMD32                                       r  LDPC_core0/inst/STD_OTHER_G.STD_OTHER_I/S_AXI_INITIALIZED_G.SD_FEC_NON_5G_CODE_GEN_I/LDPC_MODE.AXI_WADDR_IF_I/xpm_fifo_base_inst/gen_sdpram.xpm_memory_base_inst/gen_wr_a.gen_word_narrow.mem_reg_0_15_0_13/RAMD_D1/I
  -------------------------------------------------------------------    -------------------

                         (clock clk rise edge)        0.000     0.000 r  
    AN11                                              0.000     0.000 r  clk (IN)
                         net (fo=0)                   0.000     0.000    clk_IBUF_inst/I
    AN11                 INBUF (Prop_INBUF_HPIOB_M_PAD_O)
                                                      0.572     0.572 r  clk_IBUF_inst/INBUF_INST/O
                         net (fo=1, routed)           0.000     0.572    clk_IBUF_inst/OUT
    AN11                 IBUFCTRL (Prop_IBUFCTRL_HPIOB_M_I_O)
                                                      0.000     0.572 r  clk_IBUF_inst/IBUFCTRL_INST/O
                         net (fo=1, routed)           0.336     0.908    clk_IBUF
    BUFGCE_X0Y24         BUFGCE (Prop_BUFCE_BUFGCE_I_O)
                                                      0.028     0.936 r  clk_IBUF_BUFG_inst/O
    X1Y1 (CLOCK_ROOT)    net (fo=3239, routed)        2.206     3.142    LDPC_core0/inst/STD_OTHER_G.STD_OTHER_I/S_AXI_INITIALIZED_G.SD_FEC_NON_5G_CODE_GEN_I/LDPC_MODE.AXI_WADDR_IF_I/xpm_fifo_base_inst/gen_sdpram.xpm_memory_base_inst/gen_wr_a.gen_word_narrow.mem_reg_0_15_0_13/WCLK
    SLICE_X39Y12         RAMD32                                       r  LDPC_core0/inst/STD_OTHER_G.STD_OTHER_I/S_AXI_INITIALIZED_G.SD_FEC_NON_5G_CODE_GEN_I/LDPC_MODE.AXI_WADDR_IF_I/xpm_fifo_base_inst/gen_sdpram.xpm_memory_base_inst/gen_wr_a.gen_word_narrow.mem_reg_0_15_0_13/RAMD_D1/CLK
                         clock pessimism             -0.495     2.647    
    SLICE_X39Y12         RAMD32 (Hold_D6LUT_SLICEM_CLK_I)
                                                      0.059     2.706    LDPC_core0/inst/STD_OTHER_G.STD_OTHER_I/S_AXI_INITIALIZED_G.SD_FEC_NON_5G_CODE_GEN_I/LDPC_MODE.AXI_WADDR_IF_I/xpm_fifo_base_inst/gen_sdpram.xpm_memory_base_inst/gen_wr_a.gen_word_narrow.mem_reg_0_15_0_13/RAMD_D1
  -------------------------------------------------------------------
                         required time                         -2.706    
                         arrival time                           2.719    
  -------------------------------------------------------------------
                         slack                                  0.013    

Slack (MET) :             0.013ns  (arrival time - required time)
  Source:                 LDPC_core1/inst/STD_OTHER_G.STD_OTHER_I/S_AXI_INITIALIZED_G.SD_FEC_NON_5G_CODE_GEN_I/LDPC_MODE.AXI_WADDR_IF_I/xpm_fifo_base_inst/rdp_inst/count_value_i_reg[2]/C
                            (rising edge-triggered cell FDRE clocked by clk  {rise@0.000ns fall@2.500ns period=5.000ns})
  Destination:            LDPC_core1/inst/STD_OTHER_G.STD_OTHER_I/S_AXI_INITIALIZED_G.SD_FEC_NON_5G_CODE_GEN_I/LDPC_MODE.AXI_WADDR_IF_I/xpm_fifo_base_inst/gen_pntr_flags_cc.wrp_eq_rdp_pf_cc.gpf_cc_sym.diff_pntr_pf_q_reg[4]/D
                            (rising edge-triggered cell FDRE clocked by clk  {rise@0.000ns fall@2.500ns period=5.000ns})
  Path Group:             clk
  Path Type:              Hold (Min at Slow Process Corner)
  Requirement:            0.000ns  (clk rise@0.000ns - clk rise@0.000ns)
  Data Path Delay:        0.184ns  (logic 0.093ns (50.543%)  route 0.091ns (49.457%))
  Logic Levels:           1  (LUT6=1)
  Clock Path Skew:        0.111ns (DCD - SCD - CPR)
    Destination Clock Delay (DCD):    3.086ns
    Source Clock Delay      (SCD):    2.537ns
    Clock Pessimism Removal (CPR):    0.438ns
  Clock Net Delay (Source):      1.892ns (routing 0.935ns, distribution 0.957ns)
  Clock Net Delay (Destination): 2.150ns (routing 1.026ns, distribution 1.124ns)

    Location             Delay type                Incr(ns)  Path(ns)    Netlist Resource(s)
  -------------------------------------------------------------------    -------------------
                         (clock clk rise edge)        0.000     0.000 r  
    AN11                                              0.000     0.000 r  clk (IN)
                         net (fo=0)                   0.000     0.000    clk_IBUF_inst/I
    AN11                 INBUF (Prop_INBUF_HPIOB_M_PAD_O)
                                                      0.321     0.321 r  clk_IBUF_inst/INBUF_INST/O
                         net (fo=1, routed)           0.000     0.321    clk_IBUF_inst/OUT
    AN11                 IBUFCTRL (Prop_IBUFCTRL_HPIOB_M_I_O)
                                                      0.000     0.321 r  clk_IBUF_inst/IBUFCTRL_INST/O
                         net (fo=1, routed)           0.300     0.621    clk_IBUF
    BUFGCE_X0Y24         BUFGCE (Prop_BUFCE_BUFGCE_I_O)
                                                      0.024     0.645 r  clk_IBUF_BUFG_inst/O
    X1Y1 (CLOCK_ROOT)    net (fo=3239, routed)        1.892     2.537    LDPC_core1/inst/STD_OTHER_G.STD_OTHER_I/S_AXI_INITIALIZED_G.SD_FEC_NON_5G_CODE_GEN_I/LDPC_MODE.AXI_WADDR_IF_I/xpm_fifo_base_inst/rdp_inst/rd_clk
    SLICE_X38Y76         FDRE                                         r  LDPC_core1/inst/STD_OTHER_G.STD_OTHER_I/S_AXI_INITIALIZED_G.SD_FEC_NON_5G_CODE_GEN_I/LDPC_MODE.AXI_WADDR_IF_I/xpm_fifo_base_inst/rdp_inst/count_value_i_reg[2]/C
  -------------------------------------------------------------------    -------------------
    SLICE_X38Y76         FDRE (Prop_AFF_SLICEL_C_Q)
                                                      0.058     2.595 r  LDPC_core1/inst/STD_OTHER_G.STD_OTHER_I/S_AXI_INITIALIZED_G.SD_FEC_NON_5G_CODE_GEN_I/LDPC_MODE.AXI_WADDR_IF_I/xpm_fifo_base_inst/rdp_inst/count_value_i_reg[2]/Q
                         net (fo=26, routed)          0.067     2.662    LDPC_core1/inst/STD_OTHER_G.STD_OTHER_I/S_AXI_INITIALIZED_G.SD_FEC_NON_5G_CODE_GEN_I/LDPC_MODE.AXI_WADDR_IF_I/xpm_fifo_base_inst/rdp_inst/count_value_i_reg[3]_0[2]
    SLICE_X40Y76         LUT6 (Prop_C6LUT_SLICEL_I5_O)
                                                      0.035     2.697 r  LDPC_core1/inst/STD_OTHER_G.STD_OTHER_I/S_AXI_INITIALIZED_G.SD_FEC_NON_5G_CODE_GEN_I/LDPC_MODE.AXI_WADDR_IF_I/xpm_fifo_base_inst/rdp_inst/gen_pntr_flags_cc.wrp_eq_rdp_pf_cc.gpf_cc_sym.diff_pntr_pf_q[4]_i_1/O
                         net (fo=1, routed)           0.024     2.721    LDPC_core1/inst/STD_OTHER_G.STD_OTHER_I/S_AXI_INITIALIZED_G.SD_FEC_NON_5G_CODE_GEN_I/LDPC_MODE.AXI_WADDR_IF_I/xpm_fifo_base_inst/diff_pntr_pf_q0[4]
    SLICE_X40Y76         FDRE                                         r  LDPC_core1/inst/STD_OTHER_G.STD_OTHER_I/S_AXI_INITIALIZED_G.SD_FEC_NON_5G_CODE_GEN_I/LDPC_MODE.AXI_WADDR_IF_I/xpm_fifo_base_inst/gen_pntr_flags_cc.wrp_eq_rdp_pf_cc.gpf_cc_sym.diff_pntr_pf_q_reg[4]/D
  -------------------------------------------------------------------    -------------------

                         (clock clk rise edge)        0.000     0.000 r  
    AN11                                              0.000     0.000 r  clk (IN)
                         net (fo=0)                   0.000     0.000    clk_IBUF_inst/I
    AN11                 INBUF (Prop_INBUF_HPIOB_M_PAD_O)
                                                      0.572     0.572 r  clk_IBUF_inst/INBUF_INST/O
                         net (fo=1, routed)           0.000     0.572    clk_IBUF_inst/OUT
    AN11                 IBUFCTRL (Prop_IBUFCTRL_HPIOB_M_I_O)
                                                      0.000     0.572 r  clk_IBUF_inst/IBUFCTRL_INST/O
                         net (fo=1, routed)           0.336     0.908    clk_IBUF
    BUFGCE_X0Y24         BUFGCE (Prop_BUFCE_BUFGCE_I_O)
                                                      0.028     0.936 r  clk_IBUF_BUFG_inst/O
    X1Y1 (CLOCK_ROOT)    net (fo=3239, routed)        2.150     3.086    LDPC_core1/inst/STD_OTHER_G.STD_OTHER_I/S_AXI_INITIALIZED_G.SD_FEC_NON_5G_CODE_GEN_I/LDPC_MODE.AXI_WADDR_IF_I/xpm_fifo_base_inst/rd_clk
    SLICE_X40Y76         FDRE                                         r  LDPC_core1/inst/STD_OTHER_G.STD_OTHER_I/S_AXI_INITIALIZED_G.SD_FEC_NON_5G_CODE_GEN_I/LDPC_MODE.AXI_WADDR_IF_I/xpm_fifo_base_inst/gen_pntr_flags_cc.wrp_eq_rdp_pf_cc.gpf_cc_sym.diff_pntr_pf_q_reg[4]/C
                         clock pessimism             -0.438     2.648    
    SLICE_X40Y76         FDRE (Hold_CFF_SLICEL_C_D)
                                                      0.060     2.708    LDPC_core1/inst/STD_OTHER_G.STD_OTHER_I/S_AXI_INITIALIZED_G.SD_FEC_NON_5G_CODE_GEN_I/LDPC_MODE.AXI_WADDR_IF_I/xpm_fifo_base_inst/gen_pntr_flags_cc.wrp_eq_rdp_pf_cc.gpf_cc_sym.diff_pntr_pf_q_reg[4]
  -------------------------------------------------------------------
                         required time                         -2.708    
                         arrival time                           2.721    
  -------------------------------------------------------------------
                         slack                                  0.013    

Slack (MET) :             0.014ns  (arrival time - required time)
  Source:                 Data_controller_inst/dout_data0_reg[30]/C
                            (rising edge-triggered cell FDCE clocked by clk  {rise@0.000ns fall@2.500ns period=5.000ns})
  Destination:            LDPC_core0/inst/STD_OTHER_G.STD_OTHER_I/FE_I/S_AXIS_DIN_TDATA[30]
                            (rising edge-triggered cell FE clocked by clk  {rise@0.000ns fall@2.500ns period=5.000ns})
  Path Group:             clk
  Path Type:              Hold (Min at Slow Process Corner)
  Requirement:            0.000ns  (clk rise@0.000ns - clk rise@0.000ns)
  Data Path Delay:        0.402ns  (logic 0.061ns (15.174%)  route 0.341ns (84.826%))
  Logic Levels:           0  
  Clock Path Skew:        0.175ns (DCD - SCD - CPR)
    Destination Clock Delay (DCD):    3.063ns
    Source Clock Delay      (SCD):    2.449ns
    Clock Pessimism Removal (CPR):    0.438ns
  Clock Net Delay (Source):      1.804ns (routing 0.935ns, distribution 0.869ns)
  Clock Net Delay (Destination): 2.127ns (routing 1.026ns, distribution 1.101ns)

    Location             Delay type                Incr(ns)  Path(ns)    Netlist Resource(s)
  -------------------------------------------------------------------    -------------------
                         (clock clk rise edge)        0.000     0.000 r  
    AN11                                              0.000     0.000 r  clk (IN)
                         net (fo=0)                   0.000     0.000    clk_IBUF_inst/I
    AN11                 INBUF (Prop_INBUF_HPIOB_M_PAD_O)
                                                      0.321     0.321 r  clk_IBUF_inst/INBUF_INST/O
                         net (fo=1, routed)           0.000     0.321    clk_IBUF_inst/OUT
    AN11                 IBUFCTRL (Prop_IBUFCTRL_HPIOB_M_I_O)
                                                      0.000     0.321 r  clk_IBUF_inst/IBUFCTRL_INST/O
                         net (fo=1, routed)           0.300     0.621    clk_IBUF
    BUFGCE_X0Y24         BUFGCE (Prop_BUFCE_BUFGCE_I_O)
                                                      0.024     0.645 r  clk_IBUF_BUFG_inst/O
    X1Y1 (CLOCK_ROOT)    net (fo=3239, routed)        1.804     2.449    Data_controller_inst/CLK
    SLICE_X36Y36         FDCE                                         r  Data_controller_inst/dout_data0_reg[30]/C
  -------------------------------------------------------------------    -------------------
    SLICE_X36Y36         FDCE (Prop_DFF2_SLICEL_C_Q)
                                                      0.061     2.510 r  Data_controller_inst/dout_data0_reg[30]/Q
                         net (fo=1, routed)           0.341     2.851    LDPC_core0/inst/STD_OTHER_G.STD_OTHER_I/s_axis_din_tdata[30]
    FE_X0Y0              FE                                           r  LDPC_core0/inst/STD_OTHER_G.STD_OTHER_I/FE_I/S_AXIS_DIN_TDATA[30]
  -------------------------------------------------------------------    -------------------

                         (clock clk rise edge)        0.000     0.000 r  
    AN11                                              0.000     0.000 r  clk (IN)
                         net (fo=0)                   0.000     0.000    clk_IBUF_inst/I
    AN11                 INBUF (Prop_INBUF_HPIOB_M_PAD_O)
                                                      0.572     0.572 r  clk_IBUF_inst/INBUF_INST/O
                         net (fo=1, routed)           0.000     0.572    clk_IBUF_inst/OUT
    AN11                 IBUFCTRL (Prop_IBUFCTRL_HPIOB_M_I_O)
                                                      0.000     0.572 r  clk_IBUF_inst/IBUFCTRL_INST/O
                         net (fo=1, routed)           0.336     0.908    clk_IBUF
    BUFGCE_X0Y24         BUFGCE (Prop_BUFCE_BUFGCE_I_O)
                                                      0.028     0.936 r  clk_IBUF_BUFG_inst/O
    X1Y1 (CLOCK_ROOT)    net (fo=3239, routed)        2.127     3.063    LDPC_core0/inst/STD_OTHER_G.STD_OTHER_I/s_axis_din_aclk
    FE_X0Y0              FE                                           r  LDPC_core0/inst/STD_OTHER_G.STD_OTHER_I/FE_I/S_AXIS_DIN_ACLK
                         clock pessimism             -0.438     2.624    
    FE_X0Y0              FE (Hold_FE_S_AXIS_DIN_ACLK_S_AXIS_DIN_TDATA[30])
                                                      0.213     2.837    LDPC_core0/inst/STD_OTHER_G.STD_OTHER_I/FE_I
  -------------------------------------------------------------------
                         required time                         -2.837    
                         arrival time                           2.851    
  -------------------------------------------------------------------
                         slack                                  0.014    

Slack (MET) :             0.017ns  (arrival time - required time)
  Source:                 LDPC_core3/inst/STD_OTHER_G.STD_OTHER_I/S_AXI_INITIALIZED_G.LDPC.SD_FEC_NON_5G_MANAGER_I/FSM_onehot_sm_5g_code_manage_reg[7]/C
                            (rising edge-triggered cell FDRE clocked by clk  {rise@0.000ns fall@2.500ns period=5.000ns})
  Destination:            LDPC_core3/inst/STD_OTHER_G.STD_OTHER_I/S_AXI_INITIALIZED_G.LDPC.SD_FEC_NON_5G_MANAGER_I/table_size_reg[bg_size][0]/D
                            (rising edge-triggered cell FDRE clocked by clk  {rise@0.000ns fall@2.500ns period=5.000ns})
  Path Group:             clk
  Path Type:              Hold (Min at Slow Process Corner)
  Requirement:            0.000ns  (clk rise@0.000ns - clk rise@0.000ns)
  Data Path Delay:        0.185ns  (logic 0.058ns (31.351%)  route 0.127ns (68.649%))
  Logic Levels:           0  
  Clock Path Skew:        0.106ns (DCD - SCD - CPR)
    Destination Clock Delay (DCD):    3.069ns
    Source Clock Delay      (SCD):    2.523ns
    Clock Pessimism Removal (CPR):    0.440ns
  Clock Net Delay (Source):      1.878ns (routing 0.935ns, distribution 0.943ns)
  Clock Net Delay (Destination): 2.133ns (routing 1.026ns, distribution 1.107ns)

    Location             Delay type                Incr(ns)  Path(ns)    Netlist Resource(s)
  -------------------------------------------------------------------    -------------------
                         (clock clk rise edge)        0.000     0.000 r  
    AN11                                              0.000     0.000 r  clk (IN)
                         net (fo=0)                   0.000     0.000    clk_IBUF_inst/I
    AN11                 INBUF (Prop_INBUF_HPIOB_M_PAD_O)
                                                      0.321     0.321 r  clk_IBUF_inst/INBUF_INST/O
                         net (fo=1, routed)           0.000     0.321    clk_IBUF_inst/OUT
    AN11                 IBUFCTRL (Prop_IBUFCTRL_HPIOB_M_I_O)
                                                      0.000     0.321 r  clk_IBUF_inst/IBUFCTRL_INST/O
                         net (fo=1, routed)           0.300     0.621    clk_IBUF
    BUFGCE_X0Y24         BUFGCE (Prop_BUFCE_BUFGCE_I_O)
                                                      0.024     0.645 r  clk_IBUF_BUFG_inst/O
    X1Y1 (CLOCK_ROOT)    net (fo=3239, routed)        1.878     2.523    LDPC_core3/inst/STD_OTHER_G.STD_OTHER_I/S_AXI_INITIALIZED_G.LDPC.SD_FEC_NON_5G_MANAGER_I/s_axi_aclk
    SLICE_X37Y190        FDRE                                         r  LDPC_core3/inst/STD_OTHER_G.STD_OTHER_I/S_AXI_INITIALIZED_G.LDPC.SD_FEC_NON_5G_MANAGER_I/FSM_onehot_sm_5g_code_manage_reg[7]/C
  -------------------------------------------------------------------    -------------------
    SLICE_X37Y190        FDRE (Prop_CFF_SLICEM_C_Q)
                                                      0.058     2.581 r  LDPC_core3/inst/STD_OTHER_G.STD_OTHER_I/S_AXI_INITIALIZED_G.LDPC.SD_FEC_NON_5G_MANAGER_I/FSM_onehot_sm_5g_code_manage_reg[7]/Q
                         net (fo=21, routed)          0.127     2.708    LDPC_core3/inst/STD_OTHER_G.STD_OTHER_I/S_AXI_INITIALIZED_G.LDPC.SD_FEC_NON_5G_MANAGER_I/table_size_nxt[0]
    SLICE_X35Y192        FDRE                                         r  LDPC_core3/inst/STD_OTHER_G.STD_OTHER_I/S_AXI_INITIALIZED_G.LDPC.SD_FEC_NON_5G_MANAGER_I/table_size_reg[bg_size][0]/D
  -------------------------------------------------------------------    -------------------

                         (clock clk rise edge)        0.000     0.000 r  
    AN11                                              0.000     0.000 r  clk (IN)
                         net (fo=0)                   0.000     0.000    clk_IBUF_inst/I
    AN11                 INBUF (Prop_INBUF_HPIOB_M_PAD_O)
                                                      0.572     0.572 r  clk_IBUF_inst/INBUF_INST/O
                         net (fo=1, routed)           0.000     0.572    clk_IBUF_inst/OUT
    AN11                 IBUFCTRL (Prop_IBUFCTRL_HPIOB_M_I_O)
                                                      0.000     0.572 r  clk_IBUF_inst/IBUFCTRL_INST/O
                         net (fo=1, routed)           0.336     0.908    clk_IBUF
    BUFGCE_X0Y24         BUFGCE (Prop_BUFCE_BUFGCE_I_O)
                                                      0.028     0.936 r  clk_IBUF_BUFG_inst/O
    X1Y1 (CLOCK_ROOT)    net (fo=3239, routed)        2.133     3.069    LDPC_core3/inst/STD_OTHER_G.STD_OTHER_I/S_AXI_INITIALIZED_G.LDPC.SD_FEC_NON_5G_MANAGER_I/s_axi_aclk
    SLICE_X35Y192        FDRE                                         r  LDPC_core3/inst/STD_OTHER_G.STD_OTHER_I/S_AXI_INITIALIZED_G.LDPC.SD_FEC_NON_5G_MANAGER_I/table_size_reg[bg_size][0]/C
                         clock pessimism             -0.440     2.629    
    SLICE_X35Y192        FDRE (Hold_BFF2_SLICEM_C_D)
                                                      0.062     2.691    LDPC_core3/inst/STD_OTHER_G.STD_OTHER_I/S_AXI_INITIALIZED_G.LDPC.SD_FEC_NON_5G_MANAGER_I/table_size_reg[bg_size][0]
  -------------------------------------------------------------------
                         required time                         -2.691    
                         arrival time                           2.708    
  -------------------------------------------------------------------
                         slack                                  0.017    

Slack (MET) :             0.018ns  (arrival time - required time)
  Source:                 LDPC_core2/inst/STD_OTHER_G.STD_OTHER_I/S_AXI_INITIALIZED_G.SD_FEC_NON_5G_CODE_GEN_I/LDPC_MODE.axi_awaddr_reg[5]/C
                            (rising edge-triggered cell FDRE clocked by clk  {rise@0.000ns fall@2.500ns period=5.000ns})
  Destination:            LDPC_core2/inst/STD_OTHER_G.STD_OTHER_I/S_AXI_INITIALIZED_G.SD_FEC_NON_5G_CODE_GEN_I/LDPC_MODE.AXI_WADDR_IF_I/xpm_fifo_base_inst/gen_sdpram.xpm_memory_base_inst/gen_wr_a.gen_word_narrow.mem_reg_0_15_0_13/RAMC_D1/I
                            (rising edge-triggered cell RAMD32 clocked by clk  {rise@0.000ns fall@2.500ns period=5.000ns})
  Path Group:             clk
  Path Type:              Hold (Min at Slow Process Corner)
  Requirement:            0.000ns  (clk rise@0.000ns - clk rise@0.000ns)
  Data Path Delay:        0.146ns  (logic 0.058ns (39.726%)  route 0.088ns (60.274%))
  Logic Levels:           0  
  Clock Path Skew:        0.068ns (DCD - SCD - CPR)
    Destination Clock Delay (DCD):    3.167ns
    Source Clock Delay      (SCD):    2.604ns
    Clock Pessimism Removal (CPR):    0.494ns
  Clock Net Delay (Source):      1.959ns (routing 0.935ns, distribution 1.024ns)
  Clock Net Delay (Destination): 2.231ns (routing 1.026ns, distribution 1.205ns)

    Location             Delay type                Incr(ns)  Path(ns)    Netlist Resource(s)
  -------------------------------------------------------------------    -------------------
                         (clock clk rise edge)        0.000     0.000 r  
    AN11                                              0.000     0.000 r  clk (IN)
                         net (fo=0)                   0.000     0.000    clk_IBUF_inst/I
    AN11                 INBUF (Prop_INBUF_HPIOB_M_PAD_O)
                                                      0.321     0.321 r  clk_IBUF_inst/INBUF_INST/O
                         net (fo=1, routed)           0.000     0.321    clk_IBUF_inst/OUT
    AN11                 IBUFCTRL (Prop_IBUFCTRL_HPIOB_M_I_O)
                                                      0.000     0.321 r  clk_IBUF_inst/IBUFCTRL_INST/O
                         net (fo=1, routed)           0.300     0.621    clk_IBUF
    BUFGCE_X0Y24         BUFGCE (Prop_BUFCE_BUFGCE_I_O)
                                                      0.024     0.645 r  clk_IBUF_BUFG_inst/O
    X1Y1 (CLOCK_ROOT)    net (fo=3239, routed)        1.959     2.604    LDPC_core2/inst/STD_OTHER_G.STD_OTHER_I/S_AXI_INITIALIZED_G.SD_FEC_NON_5G_CODE_GEN_I/s_axi_aclk
    SLICE_X39Y130        FDRE                                         r  LDPC_core2/inst/STD_OTHER_G.STD_OTHER_I/S_AXI_INITIALIZED_G.SD_FEC_NON_5G_CODE_GEN_I/LDPC_MODE.axi_awaddr_reg[5]/C
  -------------------------------------------------------------------    -------------------
    SLICE_X39Y130        FDRE (Prop_BFF_SLICEM_C_Q)
                                                      0.058     2.662 r  LDPC_core2/inst/STD_OTHER_G.STD_OTHER_I/S_AXI_INITIALIZED_G.SD_FEC_NON_5G_CODE_GEN_I/LDPC_MODE.axi_awaddr_reg[5]/Q
                         net (fo=3, routed)           0.088     2.750    LDPC_core2/inst/STD_OTHER_G.STD_OTHER_I/S_AXI_INITIALIZED_G.SD_FEC_NON_5G_CODE_GEN_I/LDPC_MODE.AXI_WADDR_IF_I/xpm_fifo_base_inst/gen_sdpram.xpm_memory_base_inst/gen_wr_a.gen_word_narrow.mem_reg_0_15_0_13/DIC1
    SLICE_X39Y132        RAMD32                                       r  LDPC_core2/inst/STD_OTHER_G.STD_OTHER_I/S_AXI_INITIALIZED_G.SD_FEC_NON_5G_CODE_GEN_I/LDPC_MODE.AXI_WADDR_IF_I/xpm_fifo_base_inst/gen_sdpram.xpm_memory_base_inst/gen_wr_a.gen_word_narrow.mem_reg_0_15_0_13/RAMC_D1/I
  -------------------------------------------------------------------    -------------------

                         (clock clk rise edge)        0.000     0.000 r  
    AN11                                              0.000     0.000 r  clk (IN)
                         net (fo=0)                   0.000     0.000    clk_IBUF_inst/I
    AN11                 INBUF (Prop_INBUF_HPIOB_M_PAD_O)
                                                      0.572     0.572 r  clk_IBUF_inst/INBUF_INST/O
                         net (fo=1, routed)           0.000     0.572    clk_IBUF_inst/OUT
    AN11                 IBUFCTRL (Prop_IBUFCTRL_HPIOB_M_I_O)
                                                      0.000     0.572 r  clk_IBUF_inst/IBUFCTRL_INST/O
                         net (fo=1, routed)           0.336     0.908    clk_IBUF
    BUFGCE_X0Y24         BUFGCE (Prop_BUFCE_BUFGCE_I_O)
                                                      0.028     0.936 r  clk_IBUF_BUFG_inst/O
    X1Y1 (CLOCK_ROOT)    net (fo=3239, routed)        2.231     3.167    LDPC_core2/inst/STD_OTHER_G.STD_OTHER_I/S_AXI_INITIALIZED_G.SD_FEC_NON_5G_CODE_GEN_I/LDPC_MODE.AXI_WADDR_IF_I/xpm_fifo_base_inst/gen_sdpram.xpm_memory_base_inst/gen_wr_a.gen_word_narrow.mem_reg_0_15_0_13/WCLK
    SLICE_X39Y132        RAMD32                                       r  LDPC_core2/inst/STD_OTHER_G.STD_OTHER_I/S_AXI_INITIALIZED_G.SD_FEC_NON_5G_CODE_GEN_I/LDPC_MODE.AXI_WADDR_IF_I/xpm_fifo_base_inst/gen_sdpram.xpm_memory_base_inst/gen_wr_a.gen_word_narrow.mem_reg_0_15_0_13/RAMC_D1/CLK
                         clock pessimism             -0.494     2.672    
    SLICE_X39Y132        RAMD32 (Hold_C6LUT_SLICEM_CLK_I)
                                                      0.060     2.732    LDPC_core2/inst/STD_OTHER_G.STD_OTHER_I/S_AXI_INITIALIZED_G.SD_FEC_NON_5G_CODE_GEN_I/LDPC_MODE.AXI_WADDR_IF_I/xpm_fifo_base_inst/gen_sdpram.xpm_memory_base_inst/gen_wr_a.gen_word_narrow.mem_reg_0_15_0_13/RAMC_D1
  -------------------------------------------------------------------
                         required time                         -2.732    
                         arrival time                           2.750    
  -------------------------------------------------------------------
                         slack                                  0.018    





Pulse Width Checks
--------------------------------------------------------------------------------------
Clock Name:         clk
Waveform(ns):       { 0.000 2.500 }
Period(ns):         5.000
Sources:            { clk }

Check Type        Corner  Lib Pin                    Reference Pin  Required(ns)  Actual(ns)  Slack(ns)  Location  Pin
Min Period        n/a     FE/M_AXIS_DOUT_ACLK        n/a            2.500         5.000       2.500      FE_X0Y0   LDPC_core0/inst/STD_OTHER_G.STD_OTHER_I/FE_I/M_AXIS_DOUT_ACLK
Min Period        n/a     FE/M_AXIS_STATUS_ACLK      n/a            2.500         5.000       2.500      FE_X0Y0   LDPC_core0/inst/STD_OTHER_G.STD_OTHER_I/FE_I/M_AXIS_STATUS_ACLK
Min Period        n/a     FE/S_AXIS_CTRL_ACLK        n/a            2.500         5.000       2.500      FE_X0Y0   LDPC_core0/inst/STD_OTHER_G.STD_OTHER_I/FE_I/S_AXIS_CTRL_ACLK
Min Period        n/a     FE/S_AXIS_DIN_ACLK         n/a            2.500         5.000       2.500      FE_X0Y0   LDPC_core0/inst/STD_OTHER_G.STD_OTHER_I/FE_I/S_AXIS_DIN_ACLK
Min Period        n/a     FE/S_AXIS_DIN_WORDS_ACLK   n/a            2.500         5.000       2.500      FE_X0Y0   LDPC_core0/inst/STD_OTHER_G.STD_OTHER_I/FE_I/S_AXIS_DIN_WORDS_ACLK
Min Period        n/a     FE/S_AXIS_DOUT_WORDS_ACLK  n/a            2.500         5.000       2.500      FE_X0Y0   LDPC_core0/inst/STD_OTHER_G.STD_OTHER_I/FE_I/S_AXIS_DOUT_WORDS_ACLK
Min Period        n/a     FE/S_AXI_ACLK              n/a            2.500         5.000       2.500      FE_X0Y0   LDPC_core0/inst/STD_OTHER_G.STD_OTHER_I/FE_I/S_AXI_ACLK
Min Period        n/a     FE/M_AXIS_DOUT_ACLK        n/a            2.500         5.000       2.500      FE_X0Y1   LDPC_core1/inst/STD_OTHER_G.STD_OTHER_I/FE_I/M_AXIS_DOUT_ACLK
Min Period        n/a     FE/M_AXIS_STATUS_ACLK      n/a            2.500         5.000       2.500      FE_X0Y1   LDPC_core1/inst/STD_OTHER_G.STD_OTHER_I/FE_I/M_AXIS_STATUS_ACLK
Min Period        n/a     FE/S_AXIS_CTRL_ACLK        n/a            2.500         5.000       2.500      FE_X0Y1   LDPC_core1/inst/STD_OTHER_G.STD_OTHER_I/FE_I/S_AXIS_CTRL_ACLK
Low Pulse Width   Slow    FE/M_AXIS_DOUT_ACLK        n/a            0.800         2.500       1.700      FE_X0Y0   LDPC_core0/inst/STD_OTHER_G.STD_OTHER_I/FE_I/M_AXIS_DOUT_ACLK
Low Pulse Width   Fast    FE/M_AXIS_DOUT_ACLK        n/a            0.800         2.500       1.700      FE_X0Y0   LDPC_core0/inst/STD_OTHER_G.STD_OTHER_I/FE_I/M_AXIS_DOUT_ACLK
Low Pulse Width   Slow    FE/M_AXIS_STATUS_ACLK      n/a            0.800         2.500       1.700      FE_X0Y0   LDPC_core0/inst/STD_OTHER_G.STD_OTHER_I/FE_I/M_AXIS_STATUS_ACLK
Low Pulse Width   Fast    FE/M_AXIS_STATUS_ACLK      n/a            0.800         2.500       1.700      FE_X0Y0   LDPC_core0/inst/STD_OTHER_G.STD_OTHER_I/FE_I/M_AXIS_STATUS_ACLK
Low Pulse Width   Slow    FE/S_AXIS_CTRL_ACLK        n/a            0.800         2.500       1.700      FE_X0Y0   LDPC_core0/inst/STD_OTHER_G.STD_OTHER_I/FE_I/S_AXIS_CTRL_ACLK
Low Pulse Width   Fast    FE/S_AXIS_CTRL_ACLK        n/a            0.800         2.500       1.700      FE_X0Y0   LDPC_core0/inst/STD_OTHER_G.STD_OTHER_I/FE_I/S_AXIS_CTRL_ACLK
Low Pulse Width   Slow    FE/S_AXIS_DIN_ACLK         n/a            0.800         2.500       1.700      FE_X0Y0   LDPC_core0/inst/STD_OTHER_G.STD_OTHER_I/FE_I/S_AXIS_DIN_ACLK
Low Pulse Width   Fast    FE/S_AXIS_DIN_ACLK         n/a            0.800         2.500       1.700      FE_X0Y0   LDPC_core0/inst/STD_OTHER_G.STD_OTHER_I/FE_I/S_AXIS_DIN_ACLK
Low Pulse Width   Slow    FE/S_AXIS_DIN_WORDS_ACLK   n/a            0.800         2.500       1.700      FE_X0Y0   LDPC_core0/inst/STD_OTHER_G.STD_OTHER_I/FE_I/S_AXIS_DIN_WORDS_ACLK
Low Pulse Width   Fast    FE/S_AXIS_DIN_WORDS_ACLK   n/a            0.800         2.500       1.700      FE_X0Y0   LDPC_core0/inst/STD_OTHER_G.STD_OTHER_I/FE_I/S_AXIS_DIN_WORDS_ACLK
High Pulse Width  Slow    FE/M_AXIS_DOUT_ACLK        n/a            0.800         2.500       1.700      FE_X0Y0   LDPC_core0/inst/STD_OTHER_G.STD_OTHER_I/FE_I/M_AXIS_DOUT_ACLK
High Pulse Width  Fast    FE/M_AXIS_DOUT_ACLK        n/a            0.800         2.500       1.700      FE_X0Y0   LDPC_core0/inst/STD_OTHER_G.STD_OTHER_I/FE_I/M_AXIS_DOUT_ACLK
High Pulse Width  Slow    FE/M_AXIS_STATUS_ACLK      n/a            0.800         2.500       1.700      FE_X0Y0   LDPC_core0/inst/STD_OTHER_G.STD_OTHER_I/FE_I/M_AXIS_STATUS_ACLK
High Pulse Width  Fast    FE/M_AXIS_STATUS_ACLK      n/a            0.800         2.500       1.700      FE_X0Y0   LDPC_core0/inst/STD_OTHER_G.STD_OTHER_I/FE_I/M_AXIS_STATUS_ACLK
High Pulse Width  Slow    FE/S_AXIS_CTRL_ACLK        n/a            0.800         2.500       1.700      FE_X0Y0   LDPC_core0/inst/STD_OTHER_G.STD_OTHER_I/FE_I/S_AXIS_CTRL_ACLK
High Pulse Width  Fast    FE/S_AXIS_CTRL_ACLK        n/a            0.800         2.500       1.700      FE_X0Y0   LDPC_core0/inst/STD_OTHER_G.STD_OTHER_I/FE_I/S_AXIS_CTRL_ACLK
High Pulse Width  Slow    FE/S_AXIS_DIN_ACLK         n/a            0.800         2.500       1.700      FE_X0Y0   LDPC_core0/inst/STD_OTHER_G.STD_OTHER_I/FE_I/S_AXIS_DIN_ACLK
High Pulse Width  Fast    FE/S_AXIS_DIN_ACLK         n/a            0.800         2.500       1.700      FE_X0Y0   LDPC_core0/inst/STD_OTHER_G.STD_OTHER_I/FE_I/S_AXIS_DIN_ACLK
High Pulse Width  Slow    FE/S_AXIS_DIN_WORDS_ACLK   n/a            0.800         2.500       1.700      FE_X0Y0   LDPC_core0/inst/STD_OTHER_G.STD_OTHER_I/FE_I/S_AXIS_DIN_WORDS_ACLK
High Pulse Width  Fast    FE/S_AXIS_DIN_WORDS_ACLK   n/a            0.800         2.500       1.700      FE_X0Y0   LDPC_core0/inst/STD_OTHER_G.STD_OTHER_I/FE_I/S_AXIS_DIN_WORDS_ACLK



--------------------------------------------------------------------------------------
Path Group:  (none)
From Clock:  clk
  To Clock:  

Max Delay           132 Endpoints
Min Delay           132 Endpoints
--------------------------------------------------------------------------------------


Max Delay Paths
--------------------------------------------------------------------------------------
Slack:                    inf
  Source:                 Output_FIFO_inst[3].output_fifo/inst/gen_fifo.xpm_fifo_axis_inst/xpm_fifo_base_inst/gen_fwft.gdvld_fwft.data_valid_fwft_reg/C
                            (rising edge-triggered cell FDRE clocked by clk  {rise@0.000ns fall@2.500ns period=5.000ns})
  Destination:            data_out_valid[3]
                            (output port)
  Path Group:             (none)
  Path Type:              Max at Slow Process Corner
  Data Path Delay:        4.463ns  (logic 1.115ns (24.980%)  route 3.348ns (75.020%))
  Logic Levels:           2  (LUT2=1 OBUF=1)
  Clock Uncertainty:      0.025ns  ((TSJ^2 + TIJ^2)^1/2 + DJ) / 2 + PE
    Total System Jitter     (TSJ):    0.050ns
    Total Input Jitter      (TIJ):    0.000ns
    Discrete Jitter          (DJ):    0.000ns
    Phase Error              (PE):    0.000ns
  Clock Net Delay (Source):      2.224ns (routing 1.026ns, distribution 1.198ns)
  Timing Exception:       False Path

    Location             Delay type                Incr(ns)  Path(ns)    Netlist Resource(s)
  -------------------------------------------------------------------    -------------------
                         (clock clk rise edge)        0.000     0.000 r  
    AN11                                              0.000     0.000 r  clk (IN)
                         net (fo=0)                   0.000     0.000    clk_IBUF_inst/I
    AN11                 INBUF (Prop_INBUF_HPIOB_M_PAD_O)
                                                      0.572     0.572 r  clk_IBUF_inst/INBUF_INST/O
                         net (fo=1, routed)           0.000     0.572    clk_IBUF_inst/OUT
    AN11                 IBUFCTRL (Prop_IBUFCTRL_HPIOB_M_I_O)
                                                      0.000     0.572 r  clk_IBUF_inst/IBUFCTRL_INST/O
                         net (fo=1, routed)           0.336     0.908    clk_IBUF
    BUFGCE_X0Y24         BUFGCE (Prop_BUFCE_BUFGCE_I_O)
                                                      0.028     0.936 r  clk_IBUF_BUFG_inst/O
    X1Y1 (CLOCK_ROOT)    net (fo=3239, routed)        2.224     3.160    Output_FIFO_inst[3].output_fifo/inst/gen_fifo.xpm_fifo_axis_inst/xpm_fifo_base_inst/wr_clk
    SLICE_X46Y205        FDRE                                         r  Output_FIFO_inst[3].output_fifo/inst/gen_fifo.xpm_fifo_axis_inst/xpm_fifo_base_inst/gen_fwft.gdvld_fwft.data_valid_fwft_reg/C
  -------------------------------------------------------------------    -------------------
    SLICE_X46Y205        FDRE (Prop_CFF2_SLICEM_C_Q)
                                                      0.077     3.237 r  Output_FIFO_inst[3].output_fifo/inst/gen_fifo.xpm_fifo_axis_inst/xpm_fifo_base_inst/gen_fwft.gdvld_fwft.data_valid_fwft_reg/Q
                         net (fo=36, routed)          0.339     3.576    Output_FIFO_inst[3].output_fifo/inst/gen_fifo.xpm_fifo_axis_inst/data_valid_axis
    SLICE_X45Y205        LUT2 (Prop_D5LUT_SLICEM_I0_O)
                                                      0.097     3.673 r  Output_FIFO_inst[3].output_fifo/inst/gen_fifo.xpm_fifo_axis_inst/m_axis_tvalid_INST_0/O
                         net (fo=1, routed)           3.009     6.682    data_out_valid_OBUF[3]
    AV11                 OBUF (Prop_OUTBUF_HPIOB_M_I_O)
                                                      0.941     7.623 r  data_out_valid_OBUF[3]_inst/O
                         net (fo=0)                   0.000     7.623    data_out_valid[3]
    AV11                                                              r  data_out_valid[3] (OUT)
  -------------------------------------------------------------------    -------------------

Slack:                    inf
  Source:                 Output_FIFO_inst[2].output_fifo/inst/gen_fifo.xpm_fifo_axis_inst/xpm_fifo_base_inst/gen_sdpram.xpm_memory_base_inst/gen_wr_a.gen_word_narrow.mem_reg_bram_5/CLKBWRCLK
                            (rising edge-triggered cell RAMB36E2 clocked by clk  {rise@0.000ns fall@2.500ns period=5.000ns})
  Destination:            data_out2[24]
                            (output port)
  Path Group:             (none)
  Path Type:              Max at Slow Process Corner
  Data Path Delay:        4.277ns  (logic 1.137ns (26.579%)  route 3.140ns (73.421%))
  Logic Levels:           1  (OBUF=1)
  Clock Uncertainty:      0.025ns  ((TSJ^2 + TIJ^2)^1/2 + DJ) / 2 + PE
    Total System Jitter     (TSJ):    0.050ns
    Total Input Jitter      (TIJ):    0.000ns
    Discrete Jitter          (DJ):    0.000ns
    Phase Error              (PE):    0.000ns
  Clock Net Delay (Source):      2.318ns (routing 1.026ns, distribution 1.292ns)
  Timing Exception:       False Path

    Location             Delay type                Incr(ns)  Path(ns)    Netlist Resource(s)
  -------------------------------------------------------------------    -------------------
                         (clock clk rise edge)        0.000     0.000 r  
    AN11                                              0.000     0.000 r  clk (IN)
                         net (fo=0)                   0.000     0.000    clk_IBUF_inst/I
    AN11                 INBUF (Prop_INBUF_HPIOB_M_PAD_O)
                                                      0.572     0.572 r  clk_IBUF_inst/INBUF_INST/O
                         net (fo=1, routed)           0.000     0.572    clk_IBUF_inst/OUT
    AN11                 IBUFCTRL (Prop_IBUFCTRL_HPIOB_M_I_O)
                                                      0.000     0.572 r  clk_IBUF_inst/IBUFCTRL_INST/O
                         net (fo=1, routed)           0.336     0.908    clk_IBUF
    BUFGCE_X0Y24         BUFGCE (Prop_BUFCE_BUFGCE_I_O)
                                                      0.028     0.936 r  clk_IBUF_BUFG_inst/O
    X1Y1 (CLOCK_ROOT)    net (fo=3239, routed)        2.318     3.254    Output_FIFO_inst[2].output_fifo/inst/gen_fifo.xpm_fifo_axis_inst/xpm_fifo_base_inst/gen_sdpram.xpm_memory_base_inst/clka
    RAMB36_X4Y29         RAMB36E2                                     r  Output_FIFO_inst[2].output_fifo/inst/gen_fifo.xpm_fifo_axis_inst/xpm_fifo_base_inst/gen_sdpram.xpm_memory_base_inst/gen_wr_a.gen_word_narrow.mem_reg_bram_5/CLKBWRCLK
  -------------------------------------------------------------------    -------------------
    RAMB36_X4Y29         RAMB36E2 (Prop_RAMB36E2_RAMB36_CLKBWRCLK_DOUTBDOUT[6])
                                                      0.227     3.481 r  Output_FIFO_inst[2].output_fifo/inst/gen_fifo.xpm_fifo_axis_inst/xpm_fifo_base_inst/gen_sdpram.xpm_memory_base_inst/gen_wr_a.gen_word_narrow.mem_reg_bram_5/DOUTBDOUT[6]
                         net (fo=1, routed)           3.140     6.621    data_out2_OBUF[24]
    AU15                 OBUF (Prop_OUTBUF_HPIOB_M_I_O)
                                                      0.910     7.531 r  data_out2_OBUF[24]_inst/O
                         net (fo=0)                   0.000     7.531    data_out2[24]
    AU15                                                              r  data_out2[24] (OUT)
  -------------------------------------------------------------------    -------------------

Slack:                    inf
  Source:                 Output_FIFO_inst[2].output_fifo/inst/gen_fifo.xpm_fifo_axis_inst/xpm_fifo_base_inst/gen_sdpram.xpm_memory_base_inst/gen_wr_a.gen_word_narrow.mem_reg_bram_5/CLKBWRCLK
                            (rising edge-triggered cell RAMB36E2 clocked by clk  {rise@0.000ns fall@2.500ns period=5.000ns})
  Destination:            data_out2[22]
                            (output port)
  Path Group:             (none)
  Path Type:              Max at Slow Process Corner
  Data Path Delay:        4.175ns  (logic 1.141ns (27.326%)  route 3.034ns (72.674%))
  Logic Levels:           1  (OBUF=1)
  Clock Uncertainty:      0.025ns  ((TSJ^2 + TIJ^2)^1/2 + DJ) / 2 + PE
    Total System Jitter     (TSJ):    0.050ns
    Total Input Jitter      (TIJ):    0.000ns
    Discrete Jitter          (DJ):    0.000ns
    Phase Error              (PE):    0.000ns
  Clock Net Delay (Source):      2.318ns (routing 1.026ns, distribution 1.292ns)
  Timing Exception:       False Path

    Location             Delay type                Incr(ns)  Path(ns)    Netlist Resource(s)
  -------------------------------------------------------------------    -------------------
                         (clock clk rise edge)        0.000     0.000 r  
    AN11                                              0.000     0.000 r  clk (IN)
                         net (fo=0)                   0.000     0.000    clk_IBUF_inst/I
    AN11                 INBUF (Prop_INBUF_HPIOB_M_PAD_O)
                                                      0.572     0.572 r  clk_IBUF_inst/INBUF_INST/O
                         net (fo=1, routed)           0.000     0.572    clk_IBUF_inst/OUT
    AN11                 IBUFCTRL (Prop_IBUFCTRL_HPIOB_M_I_O)
                                                      0.000     0.572 r  clk_IBUF_inst/IBUFCTRL_INST/O
                         net (fo=1, routed)           0.336     0.908    clk_IBUF
    BUFGCE_X0Y24         BUFGCE (Prop_BUFCE_BUFGCE_I_O)
                                                      0.028     0.936 r  clk_IBUF_BUFG_inst/O
    X1Y1 (CLOCK_ROOT)    net (fo=3239, routed)        2.318     3.254    Output_FIFO_inst[2].output_fifo/inst/gen_fifo.xpm_fifo_axis_inst/xpm_fifo_base_inst/gen_sdpram.xpm_memory_base_inst/clka
    RAMB36_X4Y29         RAMB36E2                                     r  Output_FIFO_inst[2].output_fifo/inst/gen_fifo.xpm_fifo_axis_inst/xpm_fifo_base_inst/gen_sdpram.xpm_memory_base_inst/gen_wr_a.gen_word_narrow.mem_reg_bram_5/CLKBWRCLK
  -------------------------------------------------------------------    -------------------
    RAMB36_X4Y29         RAMB36E2 (Prop_RAMB36E2_RAMB36_CLKBWRCLK_DOUTBDOUT[4])
                                                      0.228     3.482 r  Output_FIFO_inst[2].output_fifo/inst/gen_fifo.xpm_fifo_axis_inst/xpm_fifo_base_inst/gen_sdpram.xpm_memory_base_inst/gen_wr_a.gen_word_narrow.mem_reg_bram_5/DOUTBDOUT[4]
                         net (fo=1, routed)           3.034     6.516    data_out2_OBUF[22]
    AP13                 OBUF (Prop_OUTBUF_HPIOB_M_I_O)
                                                      0.913     7.429 r  data_out2_OBUF[22]_inst/O
                         net (fo=0)                   0.000     7.429    data_out2[22]
    AP13                                                              r  data_out2[22] (OUT)
  -------------------------------------------------------------------    -------------------

Slack:                    inf
  Source:                 Output_FIFO_inst[2].output_fifo/inst/gen_fifo.xpm_fifo_axis_inst/xpm_fifo_base_inst/gen_sdpram.xpm_memory_base_inst/gen_wr_a.gen_word_narrow.mem_reg_bram_7/CLKBWRCLK
                            (rising edge-triggered cell RAMB18E2 clocked by clk  {rise@0.000ns fall@2.500ns period=5.000ns})
  Destination:            data_out2[31]
                            (output port)
  Path Group:             (none)
  Path Type:              Max at Slow Process Corner
  Data Path Delay:        4.165ns  (logic 1.149ns (27.582%)  route 3.016ns (72.418%))
  Logic Levels:           1  (OBUF=1)
  Clock Uncertainty:      0.025ns  ((TSJ^2 + TIJ^2)^1/2 + DJ) / 2 + PE
    Total System Jitter     (TSJ):    0.050ns
    Total Input Jitter      (TIJ):    0.000ns
    Discrete Jitter          (DJ):    0.000ns
    Phase Error              (PE):    0.000ns
  Clock Net Delay (Source):      2.308ns (routing 1.026ns, distribution 1.282ns)
  Timing Exception:       False Path

    Location             Delay type                Incr(ns)  Path(ns)    Netlist Resource(s)
  -------------------------------------------------------------------    -------------------
                         (clock clk rise edge)        0.000     0.000 r  
    AN11                                              0.000     0.000 r  clk (IN)
                         net (fo=0)                   0.000     0.000    clk_IBUF_inst/I
    AN11                 INBUF (Prop_INBUF_HPIOB_M_PAD_O)
                                                      0.572     0.572 r  clk_IBUF_inst/INBUF_INST/O
                         net (fo=1, routed)           0.000     0.572    clk_IBUF_inst/OUT
    AN11                 IBUFCTRL (Prop_IBUFCTRL_HPIOB_M_I_O)
                                                      0.000     0.572 r  clk_IBUF_inst/IBUFCTRL_INST/O
                         net (fo=1, routed)           0.336     0.908    clk_IBUF
    BUFGCE_X0Y24         BUFGCE (Prop_BUFCE_BUFGCE_I_O)
                                                      0.028     0.936 r  clk_IBUF_BUFG_inst/O
    X1Y1 (CLOCK_ROOT)    net (fo=3239, routed)        2.308     3.244    Output_FIFO_inst[2].output_fifo/inst/gen_fifo.xpm_fifo_axis_inst/xpm_fifo_base_inst/gen_sdpram.xpm_memory_base_inst/clka
    RAMB18_X5Y58         RAMB18E2                                     r  Output_FIFO_inst[2].output_fifo/inst/gen_fifo.xpm_fifo_axis_inst/xpm_fifo_base_inst/gen_sdpram.xpm_memory_base_inst/gen_wr_a.gen_word_narrow.mem_reg_bram_7/CLKBWRCLK
  -------------------------------------------------------------------    -------------------
    RAMB18_X5Y58         RAMB18E2 (Prop_RAMB18E2_L_RAMB180_CLKBWRCLK_DOUTBDOUT[0])
                                                      0.229     3.473 r  Output_FIFO_inst[2].output_fifo/inst/gen_fifo.xpm_fifo_axis_inst/xpm_fifo_base_inst/gen_sdpram.xpm_memory_base_inst/gen_wr_a.gen_word_narrow.mem_reg_bram_7/DOUTBDOUT[0]
                         net (fo=1, routed)           3.016     6.489    data_out2_OBUF[31]
    AV13                 OBUF (Prop_OUTBUF_HPIOB_S_I_O)
                                                      0.920     7.409 r  data_out2_OBUF[31]_inst/O
                         net (fo=0)                   0.000     7.409    data_out2[31]
    AV13                                                              r  data_out2[31] (OUT)
  -------------------------------------------------------------------    -------------------

Slack:                    inf
  Source:                 Output_FIFO_inst[2].output_fifo/inst/gen_fifo.xpm_fifo_axis_inst/xpm_fifo_base_inst/gen_sdpram.xpm_memory_base_inst/gen_wr_a.gen_word_narrow.mem_reg_bram_3/CLKBWRCLK
                            (rising edge-triggered cell RAMB36E2 clocked by clk  {rise@0.000ns fall@2.500ns period=5.000ns})
  Destination:            data_out2[12]
                            (output port)
  Path Group:             (none)
  Path Type:              Max at Slow Process Corner
  Data Path Delay:        4.142ns  (logic 1.146ns (27.659%)  route 2.996ns (72.341%))
  Logic Levels:           1  (OBUF=1)
  Clock Uncertainty:      0.025ns  ((TSJ^2 + TIJ^2)^1/2 + DJ) / 2 + PE
    Total System Jitter     (TSJ):    0.050ns
    Total Input Jitter      (TIJ):    0.000ns
    Discrete Jitter          (DJ):    0.000ns
    Phase Error              (PE):    0.000ns
  Clock Net Delay (Source):      2.307ns (routing 1.026ns, distribution 1.281ns)
  Timing Exception:       False Path

    Location             Delay type                Incr(ns)  Path(ns)    Netlist Resource(s)
  -------------------------------------------------------------------    -------------------
                         (clock clk rise edge)        0.000     0.000 r  
    AN11                                              0.000     0.000 r  clk (IN)
                         net (fo=0)                   0.000     0.000    clk_IBUF_inst/I
    AN11                 INBUF (Prop_INBUF_HPIOB_M_PAD_O)
                                                      0.572     0.572 r  clk_IBUF_inst/INBUF_INST/O
                         net (fo=1, routed)           0.000     0.572    clk_IBUF_inst/OUT
    AN11                 IBUFCTRL (Prop_IBUFCTRL_HPIOB_M_I_O)
                                                      0.000     0.572 r  clk_IBUF_inst/IBUFCTRL_INST/O
                         net (fo=1, routed)           0.336     0.908    clk_IBUF
    BUFGCE_X0Y24         BUFGCE (Prop_BUFCE_BUFGCE_I_O)
                                                      0.028     0.936 r  clk_IBUF_BUFG_inst/O
    X1Y1 (CLOCK_ROOT)    net (fo=3239, routed)        2.307     3.243    Output_FIFO_inst[2].output_fifo/inst/gen_fifo.xpm_fifo_axis_inst/xpm_fifo_base_inst/gen_sdpram.xpm_memory_base_inst/clka
    RAMB36_X4Y27         RAMB36E2                                     r  Output_FIFO_inst[2].output_fifo/inst/gen_fifo.xpm_fifo_axis_inst/xpm_fifo_base_inst/gen_sdpram.xpm_memory_base_inst/gen_wr_a.gen_word_narrow.mem_reg_bram_3/CLKBWRCLK
  -------------------------------------------------------------------    -------------------
    RAMB36_X4Y27         RAMB36E2 (Prop_RAMB36E2_RAMB36_CLKBWRCLK_DOUTBDOUT[12])
                                                      0.222     3.465 r  Output_FIFO_inst[2].output_fifo/inst/gen_fifo.xpm_fifo_axis_inst/xpm_fifo_base_inst/gen_sdpram.xpm_memory_base_inst/gen_wr_a.gen_word_narrow.mem_reg_bram_3/DOUTBDOUT[12]
                         net (fo=1, routed)           2.996     6.461    data_out2_OBUF[12]
    AL17                 OBUF (Prop_OUTBUF_HPIOB_M_I_O)
                                                      0.924     7.384 r  data_out2_OBUF[12]_inst/O
                         net (fo=0)                   0.000     7.384    data_out2[12]
    AL17                                                              r  data_out2[12] (OUT)
  -------------------------------------------------------------------    -------------------

Slack:                    inf
  Source:                 Output_FIFO_inst[2].output_fifo/inst/gen_fifo.xpm_fifo_axis_inst/xpm_fifo_base_inst/gen_sdpram.xpm_memory_base_inst/gen_wr_a.gen_word_narrow.mem_reg_bram_3/CLKBWRCLK
                            (rising edge-triggered cell RAMB36E2 clocked by clk  {rise@0.000ns fall@2.500ns period=5.000ns})
  Destination:            data_out2[16]
                            (output port)
  Path Group:             (none)
  Path Type:              Max at Slow Process Corner
  Data Path Delay:        4.088ns  (logic 1.161ns (28.402%)  route 2.927ns (71.598%))
  Logic Levels:           1  (OBUF=1)
  Clock Uncertainty:      0.025ns  ((TSJ^2 + TIJ^2)^1/2 + DJ) / 2 + PE
    Total System Jitter     (TSJ):    0.050ns
    Total Input Jitter      (TIJ):    0.000ns
    Discrete Jitter          (DJ):    0.000ns
    Phase Error              (PE):    0.000ns
  Clock Net Delay (Source):      2.307ns (routing 1.026ns, distribution 1.281ns)
  Timing Exception:       False Path

    Location             Delay type                Incr(ns)  Path(ns)    Netlist Resource(s)
  -------------------------------------------------------------------    -------------------
                         (clock clk rise edge)        0.000     0.000 r  
    AN11                                              0.000     0.000 r  clk (IN)
                         net (fo=0)                   0.000     0.000    clk_IBUF_inst/I
    AN11                 INBUF (Prop_INBUF_HPIOB_M_PAD_O)
                                                      0.572     0.572 r  clk_IBUF_inst/INBUF_INST/O
                         net (fo=1, routed)           0.000     0.572    clk_IBUF_inst/OUT
    AN11                 IBUFCTRL (Prop_IBUFCTRL_HPIOB_M_I_O)
                                                      0.000     0.572 r  clk_IBUF_inst/IBUFCTRL_INST/O
                         net (fo=1, routed)           0.336     0.908    clk_IBUF
    BUFGCE_X0Y24         BUFGCE (Prop_BUFCE_BUFGCE_I_O)
                                                      0.028     0.936 r  clk_IBUF_BUFG_inst/O
    X1Y1 (CLOCK_ROOT)    net (fo=3239, routed)        2.307     3.243    Output_FIFO_inst[2].output_fifo/inst/gen_fifo.xpm_fifo_axis_inst/xpm_fifo_base_inst/gen_sdpram.xpm_memory_base_inst/clka
    RAMB36_X4Y27         RAMB36E2                                     r  Output_FIFO_inst[2].output_fifo/inst/gen_fifo.xpm_fifo_axis_inst/xpm_fifo_base_inst/gen_sdpram.xpm_memory_base_inst/gen_wr_a.gen_word_narrow.mem_reg_bram_3/CLKBWRCLK
  -------------------------------------------------------------------    -------------------
    RAMB36_X4Y27         RAMB36E2 (Prop_RAMB36E2_RAMB36_CLKBWRCLK_DOUTPBDOUTP[0])
                                                      0.227     3.470 r  Output_FIFO_inst[2].output_fifo/inst/gen_fifo.xpm_fifo_axis_inst/xpm_fifo_base_inst/gen_sdpram.xpm_memory_base_inst/gen_wr_a.gen_word_narrow.mem_reg_bram_3/DOUTPBDOUTP[0]
                         net (fo=1, routed)           2.927     6.397    data_out2_OBUF[16]
    AN17                 OBUF (Prop_OUTBUF_HPIOB_M_I_O)
                                                      0.934     7.331 r  data_out2_OBUF[16]_inst/O
                         net (fo=0)                   0.000     7.331    data_out2[16]
    AN17                                                              r  data_out2[16] (OUT)
  -------------------------------------------------------------------    -------------------

Slack:                    inf
  Source:                 Output_FIFO_inst[2].output_fifo/inst/gen_fifo.xpm_fifo_axis_inst/xpm_fifo_base_inst/gen_sdpram.xpm_memory_base_inst/gen_wr_a.gen_word_narrow.mem_reg_bram_6/CLKBWRCLK
                            (rising edge-triggered cell RAMB36E2 clocked by clk  {rise@0.000ns fall@2.500ns period=5.000ns})
  Destination:            data_out2[28]
                            (output port)
  Path Group:             (none)
  Path Type:              Max at Slow Process Corner
  Data Path Delay:        4.075ns  (logic 1.127ns (27.655%)  route 2.948ns (72.345%))
  Logic Levels:           1  (OBUF=1)
  Clock Uncertainty:      0.025ns  ((TSJ^2 + TIJ^2)^1/2 + DJ) / 2 + PE
    Total System Jitter     (TSJ):    0.050ns
    Total Input Jitter      (TIJ):    0.000ns
    Discrete Jitter          (DJ):    0.000ns
    Phase Error              (PE):    0.000ns
  Clock Net Delay (Source):      2.315ns (routing 1.026ns, distribution 1.289ns)
  Timing Exception:       False Path

    Location             Delay type                Incr(ns)  Path(ns)    Netlist Resource(s)
  -------------------------------------------------------------------    -------------------
                         (clock clk rise edge)        0.000     0.000 r  
    AN11                                              0.000     0.000 r  clk (IN)
                         net (fo=0)                   0.000     0.000    clk_IBUF_inst/I
    AN11                 INBUF (Prop_INBUF_HPIOB_M_PAD_O)
                                                      0.572     0.572 r  clk_IBUF_inst/INBUF_INST/O
                         net (fo=1, routed)           0.000     0.572    clk_IBUF_inst/OUT
    AN11                 IBUFCTRL (Prop_IBUFCTRL_HPIOB_M_I_O)
                                                      0.000     0.572 r  clk_IBUF_inst/IBUFCTRL_INST/O
                         net (fo=1, routed)           0.336     0.908    clk_IBUF
    BUFGCE_X0Y24         BUFGCE (Prop_BUFCE_BUFGCE_I_O)
                                                      0.028     0.936 r  clk_IBUF_BUFG_inst/O
    X1Y1 (CLOCK_ROOT)    net (fo=3239, routed)        2.315     3.251    Output_FIFO_inst[2].output_fifo/inst/gen_fifo.xpm_fifo_axis_inst/xpm_fifo_base_inst/gen_sdpram.xpm_memory_base_inst/clka
    RAMB36_X5Y28         RAMB36E2                                     r  Output_FIFO_inst[2].output_fifo/inst/gen_fifo.xpm_fifo_axis_inst/xpm_fifo_base_inst/gen_sdpram.xpm_memory_base_inst/gen_wr_a.gen_word_narrow.mem_reg_bram_6/CLKBWRCLK
  -------------------------------------------------------------------    -------------------
    RAMB36_X5Y28         RAMB36E2 (Prop_RAMB36E2_RAMB36_CLKBWRCLK_DOUTBDOUT[1])
                                                      0.218     3.469 r  Output_FIFO_inst[2].output_fifo/inst/gen_fifo.xpm_fifo_axis_inst/xpm_fifo_base_inst/gen_sdpram.xpm_memory_base_inst/gen_wr_a.gen_word_narrow.mem_reg_bram_6/DOUTBDOUT[1]
                         net (fo=1, routed)           2.948     6.417    data_out2_OBUF[28]
    AV16                 OBUF (Prop_OUTBUF_HPIOB_M_I_O)
                                                      0.909     7.326 r  data_out2_OBUF[28]_inst/O
                         net (fo=0)                   0.000     7.326    data_out2[28]
    AV16                                                              r  data_out2[28] (OUT)
  -------------------------------------------------------------------    -------------------

Slack:                    inf
  Source:                 Output_FIFO_inst[2].output_fifo/inst/gen_fifo.xpm_fifo_axis_inst/xpm_fifo_base_inst/gen_sdpram.xpm_memory_base_inst/gen_wr_a.gen_word_narrow.mem_reg_bram_5/CLKBWRCLK
                            (rising edge-triggered cell RAMB36E2 clocked by clk  {rise@0.000ns fall@2.500ns period=5.000ns})
  Destination:            data_out2[25]
                            (output port)
  Path Group:             (none)
  Path Type:              Max at Slow Process Corner
  Data Path Delay:        4.068ns  (logic 1.136ns (27.934%)  route 2.932ns (72.066%))
  Logic Levels:           1  (OBUF=1)
  Clock Uncertainty:      0.025ns  ((TSJ^2 + TIJ^2)^1/2 + DJ) / 2 + PE
    Total System Jitter     (TSJ):    0.050ns
    Total Input Jitter      (TIJ):    0.000ns
    Discrete Jitter          (DJ):    0.000ns
    Phase Error              (PE):    0.000ns
  Clock Net Delay (Source):      2.318ns (routing 1.026ns, distribution 1.292ns)
  Timing Exception:       False Path

    Location             Delay type                Incr(ns)  Path(ns)    Netlist Resource(s)
  -------------------------------------------------------------------    -------------------
                         (clock clk rise edge)        0.000     0.000 r  
    AN11                                              0.000     0.000 r  clk (IN)
                         net (fo=0)                   0.000     0.000    clk_IBUF_inst/I
    AN11                 INBUF (Prop_INBUF_HPIOB_M_PAD_O)
                                                      0.572     0.572 r  clk_IBUF_inst/INBUF_INST/O
                         net (fo=1, routed)           0.000     0.572    clk_IBUF_inst/OUT
    AN11                 IBUFCTRL (Prop_IBUFCTRL_HPIOB_M_I_O)
                                                      0.000     0.572 r  clk_IBUF_inst/IBUFCTRL_INST/O
                         net (fo=1, routed)           0.336     0.908    clk_IBUF
    BUFGCE_X0Y24         BUFGCE (Prop_BUFCE_BUFGCE_I_O)
                                                      0.028     0.936 r  clk_IBUF_BUFG_inst/O
    X1Y1 (CLOCK_ROOT)    net (fo=3239, routed)        2.318     3.254    Output_FIFO_inst[2].output_fifo/inst/gen_fifo.xpm_fifo_axis_inst/xpm_fifo_base_inst/gen_sdpram.xpm_memory_base_inst/clka
    RAMB36_X4Y29         RAMB36E2                                     r  Output_FIFO_inst[2].output_fifo/inst/gen_fifo.xpm_fifo_axis_inst/xpm_fifo_base_inst/gen_sdpram.xpm_memory_base_inst/gen_wr_a.gen_word_narrow.mem_reg_bram_5/CLKBWRCLK
  -------------------------------------------------------------------    -------------------
    RAMB36_X4Y29         RAMB36E2 (Prop_RAMB36E2_RAMB36_CLKBWRCLK_DOUTBDOUT[7])
                                                      0.223     3.477 r  Output_FIFO_inst[2].output_fifo/inst/gen_fifo.xpm_fifo_axis_inst/xpm_fifo_base_inst/gen_sdpram.xpm_memory_base_inst/gen_wr_a.gen_word_narrow.mem_reg_bram_5/DOUTBDOUT[7]
                         net (fo=1, routed)           2.932     6.409    data_out2_OBUF[25]
    AU14                 OBUF (Prop_OUTBUF_HPIOB_S_I_O)
                                                      0.913     7.322 r  data_out2_OBUF[25]_inst/O
                         net (fo=0)                   0.000     7.322    data_out2[25]
    AU14                                                              r  data_out2[25] (OUT)
  -------------------------------------------------------------------    -------------------

Slack:                    inf
  Source:                 Output_FIFO_inst[2].output_fifo/inst/gen_fifo.xpm_fifo_axis_inst/xpm_fifo_base_inst/gen_sdpram.xpm_memory_base_inst/gen_wr_a.gen_word_narrow.mem_reg_bram_5/CLKBWRCLK
                            (rising edge-triggered cell RAMB36E2 clocked by clk  {rise@0.000ns fall@2.500ns period=5.000ns})
  Destination:            data_out2[23]
                            (output port)
  Path Group:             (none)
  Path Type:              Max at Slow Process Corner
  Data Path Delay:        4.059ns  (logic 1.135ns (27.971%)  route 2.924ns (72.029%))
  Logic Levels:           1  (OBUF=1)
  Clock Uncertainty:      0.025ns  ((TSJ^2 + TIJ^2)^1/2 + DJ) / 2 + PE
    Total System Jitter     (TSJ):    0.050ns
    Total Input Jitter      (TIJ):    0.000ns
    Discrete Jitter          (DJ):    0.000ns
    Phase Error              (PE):    0.000ns
  Clock Net Delay (Source):      2.318ns (routing 1.026ns, distribution 1.292ns)
  Timing Exception:       False Path

    Location             Delay type                Incr(ns)  Path(ns)    Netlist Resource(s)
  -------------------------------------------------------------------    -------------------
                         (clock clk rise edge)        0.000     0.000 r  
    AN11                                              0.000     0.000 r  clk (IN)
                         net (fo=0)                   0.000     0.000    clk_IBUF_inst/I
    AN11                 INBUF (Prop_INBUF_HPIOB_M_PAD_O)
                                                      0.572     0.572 r  clk_IBUF_inst/INBUF_INST/O
                         net (fo=1, routed)           0.000     0.572    clk_IBUF_inst/OUT
    AN11                 IBUFCTRL (Prop_IBUFCTRL_HPIOB_M_I_O)
                                                      0.000     0.572 r  clk_IBUF_inst/IBUFCTRL_INST/O
                         net (fo=1, routed)           0.336     0.908    clk_IBUF
    BUFGCE_X0Y24         BUFGCE (Prop_BUFCE_BUFGCE_I_O)
                                                      0.028     0.936 r  clk_IBUF_BUFG_inst/O
    X1Y1 (CLOCK_ROOT)    net (fo=3239, routed)        2.318     3.254    Output_FIFO_inst[2].output_fifo/inst/gen_fifo.xpm_fifo_axis_inst/xpm_fifo_base_inst/gen_sdpram.xpm_memory_base_inst/clka
    RAMB36_X4Y29         RAMB36E2                                     r  Output_FIFO_inst[2].output_fifo/inst/gen_fifo.xpm_fifo_axis_inst/xpm_fifo_base_inst/gen_sdpram.xpm_memory_base_inst/gen_wr_a.gen_word_narrow.mem_reg_bram_5/CLKBWRCLK
  -------------------------------------------------------------------    -------------------
    RAMB36_X4Y29         RAMB36E2 (Prop_RAMB36E2_RAMB36_CLKBWRCLK_DOUTBDOUT[5])
                                                      0.222     3.476 r  Output_FIFO_inst[2].output_fifo/inst/gen_fifo.xpm_fifo_axis_inst/xpm_fifo_base_inst/gen_sdpram.xpm_memory_base_inst/gen_wr_a.gen_word_narrow.mem_reg_bram_5/DOUTBDOUT[5]
                         net (fo=1, routed)           2.924     6.400    data_out2_OBUF[23]
    AR13                 OBUF (Prop_OUTBUF_HPIOB_S_I_O)
                                                      0.913     7.313 r  data_out2_OBUF[23]_inst/O
                         net (fo=0)                   0.000     7.313    data_out2[23]
    AR13                                                              r  data_out2[23] (OUT)
  -------------------------------------------------------------------    -------------------

Slack:                    inf
  Source:                 Output_FIFO_inst[2].output_fifo/inst/gen_fifo.xpm_fifo_axis_inst/xpm_fifo_base_inst/gen_sdpram.xpm_memory_base_inst/gen_wr_a.gen_word_narrow.mem_reg_bram_5/CLKBWRCLK
                            (rising edge-triggered cell RAMB36E2 clocked by clk  {rise@0.000ns fall@2.500ns period=5.000ns})
  Destination:            data_out2[19]
                            (output port)
  Path Group:             (none)
  Path Type:              Max at Slow Process Corner
  Data Path Delay:        4.057ns  (logic 1.125ns (27.739%)  route 2.932ns (72.261%))
  Logic Levels:           1  (OBUF=1)
  Clock Uncertainty:      0.025ns  ((TSJ^2 + TIJ^2)^1/2 + DJ) / 2 + PE
    Total System Jitter     (TSJ):    0.050ns
    Total Input Jitter      (TIJ):    0.000ns
    Discrete Jitter          (DJ):    0.000ns
    Phase Error              (PE):    0.000ns
  Clock Net Delay (Source):      2.318ns (routing 1.026ns, distribution 1.292ns)
  Timing Exception:       False Path

    Location             Delay type                Incr(ns)  Path(ns)    Netlist Resource(s)
  -------------------------------------------------------------------    -------------------
                         (clock clk rise edge)        0.000     0.000 r  
    AN11                                              0.000     0.000 r  clk (IN)
                         net (fo=0)                   0.000     0.000    clk_IBUF_inst/I
    AN11                 INBUF (Prop_INBUF_HPIOB_M_PAD_O)
                                                      0.572     0.572 r  clk_IBUF_inst/INBUF_INST/O
                         net (fo=1, routed)           0.000     0.572    clk_IBUF_inst/OUT
    AN11                 IBUFCTRL (Prop_IBUFCTRL_HPIOB_M_I_O)
                                                      0.000     0.572 r  clk_IBUF_inst/IBUFCTRL_INST/O
                         net (fo=1, routed)           0.336     0.908    clk_IBUF
    BUFGCE_X0Y24         BUFGCE (Prop_BUFCE_BUFGCE_I_O)
                                                      0.028     0.936 r  clk_IBUF_BUFG_inst/O
    X1Y1 (CLOCK_ROOT)    net (fo=3239, routed)        2.318     3.254    Output_FIFO_inst[2].output_fifo/inst/gen_fifo.xpm_fifo_axis_inst/xpm_fifo_base_inst/gen_sdpram.xpm_memory_base_inst/clka
    RAMB36_X4Y29         RAMB36E2                                     r  Output_FIFO_inst[2].output_fifo/inst/gen_fifo.xpm_fifo_axis_inst/xpm_fifo_base_inst/gen_sdpram.xpm_memory_base_inst/gen_wr_a.gen_word_narrow.mem_reg_bram_5/CLKBWRCLK
  -------------------------------------------------------------------    -------------------
    RAMB36_X4Y29         RAMB36E2 (Prop_RAMB36E2_RAMB36_CLKBWRCLK_DOUTBDOUT[1])
                                                      0.218     3.472 r  Output_FIFO_inst[2].output_fifo/inst/gen_fifo.xpm_fifo_axis_inst/xpm_fifo_base_inst/gen_sdpram.xpm_memory_base_inst/gen_wr_a.gen_word_narrow.mem_reg_bram_5/DOUTBDOUT[1]
                         net (fo=1, routed)           2.932     6.404    data_out2_OBUF[19]
    AR14                 OBUF (Prop_OUTBUF_HPIOB_S_I_O)
                                                      0.907     7.311 r  data_out2_OBUF[19]_inst/O
                         net (fo=0)                   0.000     7.311    data_out2[19]
    AR14                                                              r  data_out2[19] (OUT)
  -------------------------------------------------------------------    -------------------





Min Delay Paths
--------------------------------------------------------------------------------------
Slack:                    inf
  Source:                 Output_FIFO_inst[1].output_fifo/inst/gen_fifo.xpm_fifo_axis_inst/gaxis_pkt_fifo_cc.axis_pkt_read_reg/C
                            (rising edge-triggered cell FDRE clocked by clk  {rise@0.000ns fall@2.500ns period=5.000ns})
  Destination:            data_out_valid[1]
                            (output port)
  Path Group:             (none)
  Path Type:              Min at Fast Process Corner
  Data Path Delay:        1.468ns  (logic 0.525ns (35.762%)  route 0.943ns (64.238%))
  Logic Levels:           2  (LUT2=1 OBUF=1)
  Clock Uncertainty:      0.025ns  ((TSJ^2 + TIJ^2)^1/2 + DJ) / 2 + PE
    Total System Jitter     (TSJ):    0.050ns
    Total Input Jitter      (TIJ):    0.000ns
    Discrete Jitter          (DJ):    0.000ns
    Phase Error              (PE):    0.000ns
  Clock Net Delay (Source):      1.173ns (routing 0.555ns, distribution 0.618ns)
  Timing Exception:       False Path

    Location             Delay type                Incr(ns)  Path(ns)    Netlist Resource(s)
  -------------------------------------------------------------------    -------------------
                         (clock clk rise edge)        0.000     0.000 r  
    AN11                                              0.000     0.000 r  clk (IN)
                         net (fo=0)                   0.000     0.000    clk_IBUF_inst/I
    AN11                 INBUF (Prop_INBUF_HPIOB_M_PAD_O)
                                                      0.206     0.206 r  clk_IBUF_inst/INBUF_INST/O
                         net (fo=1, routed)           0.000     0.206    clk_IBUF_inst/OUT
    AN11                 IBUFCTRL (Prop_IBUFCTRL_HPIOB_M_I_O)
                                                      0.000     0.206 r  clk_IBUF_inst/IBUFCTRL_INST/O
                         net (fo=1, routed)           0.194     0.400    clk_IBUF
    BUFGCE_X0Y24         BUFGCE (Prop_BUFCE_BUFGCE_I_O)
                                                      0.017     0.417 r  clk_IBUF_BUFG_inst/O
    X1Y1 (CLOCK_ROOT)    net (fo=3239, routed)        1.173     1.590    Output_FIFO_inst[1].output_fifo/inst/gen_fifo.xpm_fifo_axis_inst/s_aclk
    SLICE_X48Y85         FDRE                                         r  Output_FIFO_inst[1].output_fifo/inst/gen_fifo.xpm_fifo_axis_inst/gaxis_pkt_fifo_cc.axis_pkt_read_reg/C
  -------------------------------------------------------------------    -------------------
    SLICE_X48Y85         FDRE (Prop_EFF_SLICEM_C_Q)
                                                      0.038     1.628 r  Output_FIFO_inst[1].output_fifo/inst/gen_fifo.xpm_fifo_axis_inst/gaxis_pkt_fifo_cc.axis_pkt_read_reg/Q
                         net (fo=36, routed)          0.062     1.690    Output_FIFO_inst[1].output_fifo/inst/gen_fifo.xpm_fifo_axis_inst/axis_pkt_read
    SLICE_X48Y85         LUT2 (Prop_D5LUT_SLICEM_I1_O)
                                                      0.051     1.741 r  Output_FIFO_inst[1].output_fifo/inst/gen_fifo.xpm_fifo_axis_inst/m_axis_tvalid_INST_0/O
                         net (fo=1, routed)           0.881     2.622    data_out_valid_OBUF[1]
    AT12                 OBUF (Prop_OUTBUF_HPIOB_M_I_O)
                                                      0.436     3.058 r  data_out_valid_OBUF[1]_inst/O
                         net (fo=0)                   0.000     3.058    data_out_valid[1]
    AT12                                                              r  data_out_valid[1] (OUT)
  -------------------------------------------------------------------    -------------------

Slack:                    inf
  Source:                 Output_FIFO_inst[3].output_fifo/inst/gen_fifo.xpm_fifo_axis_inst/xpm_fifo_base_inst/gen_sdpram.xpm_memory_base_inst/gen_wr_a.gen_word_narrow.mem_reg_bram_5/CLKBWRCLK
                            (rising edge-triggered cell RAMB36E2 clocked by clk  {rise@0.000ns fall@2.500ns period=5.000ns})
  Destination:            data_out3[25]
                            (output port)
  Path Group:             (none)
  Path Type:              Min at Fast Process Corner
  Data Path Delay:        1.420ns  (logic 0.594ns (41.829%)  route 0.826ns (58.171%))
  Logic Levels:           1  (OBUF=1)
  Clock Uncertainty:      0.025ns  ((TSJ^2 + TIJ^2)^1/2 + DJ) / 2 + PE
    Total System Jitter     (TSJ):    0.050ns
    Total Input Jitter      (TIJ):    0.000ns
    Discrete Jitter          (DJ):    0.000ns
    Phase Error              (PE):    0.000ns
  Clock Net Delay (Source):      1.240ns (routing 0.555ns, distribution 0.685ns)
  Timing Exception:       False Path

    Location             Delay type                Incr(ns)  Path(ns)    Netlist Resource(s)
  -------------------------------------------------------------------    -------------------
                         (clock clk rise edge)        0.000     0.000 r  
    AN11                                              0.000     0.000 r  clk (IN)
                         net (fo=0)                   0.000     0.000    clk_IBUF_inst/I
    AN11                 INBUF (Prop_INBUF_HPIOB_M_PAD_O)
                                                      0.206     0.206 r  clk_IBUF_inst/INBUF_INST/O
                         net (fo=1, routed)           0.000     0.206    clk_IBUF_inst/OUT
    AN11                 IBUFCTRL (Prop_IBUFCTRL_HPIOB_M_I_O)
                                                      0.000     0.206 r  clk_IBUF_inst/IBUFCTRL_INST/O
                         net (fo=1, routed)           0.194     0.400    clk_IBUF
    BUFGCE_X0Y24         BUFGCE (Prop_BUFCE_BUFGCE_I_O)
                                                      0.017     0.417 r  clk_IBUF_BUFG_inst/O
    X1Y1 (CLOCK_ROOT)    net (fo=3239, routed)        1.240     1.657    Output_FIFO_inst[3].output_fifo/inst/gen_fifo.xpm_fifo_axis_inst/xpm_fifo_base_inst/gen_sdpram.xpm_memory_base_inst/clka
    RAMB36_X5Y42         RAMB36E2                                     r  Output_FIFO_inst[3].output_fifo/inst/gen_fifo.xpm_fifo_axis_inst/xpm_fifo_base_inst/gen_sdpram.xpm_memory_base_inst/gen_wr_a.gen_word_narrow.mem_reg_bram_5/CLKBWRCLK
  -------------------------------------------------------------------    -------------------
    RAMB36_X5Y42         RAMB36E2 (Prop_RAMB36E2_RAMB36_CLKBWRCLK_DOUTBDOUT[7])
                                                      0.126     1.783 r  Output_FIFO_inst[3].output_fifo/inst/gen_fifo.xpm_fifo_axis_inst/xpm_fifo_base_inst/gen_sdpram.xpm_memory_base_inst/gen_wr_a.gen_word_narrow.mem_reg_bram_5/DOUTBDOUT[7]
                         net (fo=1, routed)           0.826     2.609    data_out3_OBUF[25]
    G23                  OBUF (Prop_OUTBUF_HPIOB_S_I_O)
                                                      0.468     3.077 r  data_out3_OBUF[25]_inst/O
                         net (fo=0)                   0.000     3.077    data_out3[25]
    G23                                                               r  data_out3[25] (OUT)
  -------------------------------------------------------------------    -------------------

Slack:                    inf
  Source:                 Output_FIFO_inst[3].output_fifo/inst/gen_fifo.xpm_fifo_axis_inst/xpm_fifo_base_inst/gen_sdpram.xpm_memory_base_inst/gen_wr_a.gen_word_narrow.mem_reg_bram_6/CLKBWRCLK
                            (rising edge-triggered cell RAMB36E2 clocked by clk  {rise@0.000ns fall@2.500ns period=5.000ns})
  Destination:            data_out3[29]
                            (output port)
  Path Group:             (none)
  Path Type:              Min at Fast Process Corner
  Data Path Delay:        1.427ns  (logic 0.577ns (40.435%)  route 0.850ns (59.565%))
  Logic Levels:           1  (OBUF=1)
  Clock Uncertainty:      0.025ns  ((TSJ^2 + TIJ^2)^1/2 + DJ) / 2 + PE
    Total System Jitter     (TSJ):    0.050ns
    Total Input Jitter      (TIJ):    0.000ns
    Discrete Jitter          (DJ):    0.000ns
    Phase Error              (PE):    0.000ns
  Clock Net Delay (Source):      1.240ns (routing 0.555ns, distribution 0.685ns)
  Timing Exception:       False Path

    Location             Delay type                Incr(ns)  Path(ns)    Netlist Resource(s)
  -------------------------------------------------------------------    -------------------
                         (clock clk rise edge)        0.000     0.000 r  
    AN11                                              0.000     0.000 r  clk (IN)
                         net (fo=0)                   0.000     0.000    clk_IBUF_inst/I
    AN11                 INBUF (Prop_INBUF_HPIOB_M_PAD_O)
                                                      0.206     0.206 r  clk_IBUF_inst/INBUF_INST/O
                         net (fo=1, routed)           0.000     0.206    clk_IBUF_inst/OUT
    AN11                 IBUFCTRL (Prop_IBUFCTRL_HPIOB_M_I_O)
                                                      0.000     0.206 r  clk_IBUF_inst/IBUFCTRL_INST/O
                         net (fo=1, routed)           0.194     0.400    clk_IBUF
    BUFGCE_X0Y24         BUFGCE (Prop_BUFCE_BUFGCE_I_O)
                                                      0.017     0.417 r  clk_IBUF_BUFG_inst/O
    X1Y1 (CLOCK_ROOT)    net (fo=3239, routed)        1.240     1.657    Output_FIFO_inst[3].output_fifo/inst/gen_fifo.xpm_fifo_axis_inst/xpm_fifo_base_inst/gen_sdpram.xpm_memory_base_inst/clka
    RAMB36_X4Y40         RAMB36E2                                     r  Output_FIFO_inst[3].output_fifo/inst/gen_fifo.xpm_fifo_axis_inst/xpm_fifo_base_inst/gen_sdpram.xpm_memory_base_inst/gen_wr_a.gen_word_narrow.mem_reg_bram_6/CLKBWRCLK
  -------------------------------------------------------------------    -------------------
    RAMB36_X4Y40         RAMB36E2 (Prop_RAMB36E2_RAMB36_CLKBWRCLK_DOUTBDOUT[2])
                                                      0.130     1.787 r  Output_FIFO_inst[3].output_fifo/inst/gen_fifo.xpm_fifo_axis_inst/xpm_fifo_base_inst/gen_sdpram.xpm_memory_base_inst/gen_wr_a.gen_word_narrow.mem_reg_bram_6/DOUTBDOUT[2]
                         net (fo=1, routed)           0.850     2.637    data_out3_OBUF[29]
    H20                  OBUF (Prop_OUTBUF_HPIOB_S_I_O)
                                                      0.447     3.084 r  data_out3_OBUF[29]_inst/O
                         net (fo=0)                   0.000     3.084    data_out3[29]
    H20                                                               r  data_out3[29] (OUT)
  -------------------------------------------------------------------    -------------------

Slack:                    inf
  Source:                 Output_FIFO_inst[0].output_fifo/inst/gen_fifo.xpm_fifo_axis_inst/xpm_fifo_base_inst/gen_sdpram.xpm_memory_base_inst/gen_wr_a.gen_word_narrow.mem_reg_bram_6/CLKBWRCLK
                            (rising edge-triggered cell RAMB36E2 clocked by clk  {rise@0.000ns fall@2.500ns period=5.000ns})
  Destination:            data_out0[27]
                            (output port)
  Path Group:             (none)
  Path Type:              Min at Fast Process Corner
  Data Path Delay:        1.455ns  (logic 0.551ns (37.871%)  route 0.904ns (62.129%))
  Logic Levels:           1  (OBUF=1)
  Clock Uncertainty:      0.025ns  ((TSJ^2 + TIJ^2)^1/2 + DJ) / 2 + PE
    Total System Jitter     (TSJ):    0.050ns
    Total Input Jitter      (TIJ):    0.000ns
    Discrete Jitter          (DJ):    0.000ns
    Phase Error              (PE):    0.000ns
  Clock Net Delay (Source):      1.218ns (routing 0.555ns, distribution 0.663ns)
  Timing Exception:       False Path

    Location             Delay type                Incr(ns)  Path(ns)    Netlist Resource(s)
  -------------------------------------------------------------------    -------------------
                         (clock clk rise edge)        0.000     0.000 r  
    AN11                                              0.000     0.000 r  clk (IN)
                         net (fo=0)                   0.000     0.000    clk_IBUF_inst/I
    AN11                 INBUF (Prop_INBUF_HPIOB_M_PAD_O)
                                                      0.206     0.206 r  clk_IBUF_inst/INBUF_INST/O
                         net (fo=1, routed)           0.000     0.206    clk_IBUF_inst/OUT
    AN11                 IBUFCTRL (Prop_IBUFCTRL_HPIOB_M_I_O)
                                                      0.000     0.206 r  clk_IBUF_inst/IBUFCTRL_INST/O
                         net (fo=1, routed)           0.194     0.400    clk_IBUF
    BUFGCE_X0Y24         BUFGCE (Prop_BUFCE_BUFGCE_I_O)
                                                      0.017     0.417 r  clk_IBUF_BUFG_inst/O
    X1Y1 (CLOCK_ROOT)    net (fo=3239, routed)        1.218     1.635    Output_FIFO_inst[0].output_fifo/inst/gen_fifo.xpm_fifo_axis_inst/xpm_fifo_base_inst/gen_sdpram.xpm_memory_base_inst/clka
    RAMB36_X5Y8          RAMB36E2                                     r  Output_FIFO_inst[0].output_fifo/inst/gen_fifo.xpm_fifo_axis_inst/xpm_fifo_base_inst/gen_sdpram.xpm_memory_base_inst/gen_wr_a.gen_word_narrow.mem_reg_bram_6/CLKBWRCLK
  -------------------------------------------------------------------    -------------------
    RAMB36_X5Y8          RAMB36E2 (Prop_RAMB36E2_RAMB36_CLKBWRCLK_DOUTBDOUT[0])
                                                      0.130     1.765 r  Output_FIFO_inst[0].output_fifo/inst/gen_fifo.xpm_fifo_axis_inst/xpm_fifo_base_inst/gen_sdpram.xpm_memory_base_inst/gen_wr_a.gen_word_narrow.mem_reg_bram_6/DOUTBDOUT[0]
                         net (fo=1, routed)           0.904     2.669    data_out0_OBUF[27]
    AM12                 OBUF (Prop_OUTBUF_HPIOB_M_I_O)
                                                      0.421     3.090 r  data_out0_OBUF[27]_inst/O
                         net (fo=0)                   0.000     3.090    data_out0[27]
    AM12                                                              r  data_out0[27] (OUT)
  -------------------------------------------------------------------    -------------------

Slack:                    inf
  Source:                 Output_FIFO_inst[3].output_fifo/inst/gen_fifo.xpm_fifo_axis_inst/xpm_fifo_base_inst/gen_sdpram.xpm_memory_base_inst/gen_wr_a.gen_word_narrow.mem_reg_bram_3/CLKBWRCLK
                            (rising edge-triggered cell RAMB36E2 clocked by clk  {rise@0.000ns fall@2.500ns period=5.000ns})
  Destination:            data_out3[11]
                            (output port)
  Path Group:             (none)
  Path Type:              Min at Fast Process Corner
  Data Path Delay:        1.435ns  (logic 0.606ns (42.216%)  route 0.829ns (57.784%))
  Logic Levels:           1  (OBUF=1)
  Clock Uncertainty:      0.025ns  ((TSJ^2 + TIJ^2)^1/2 + DJ) / 2 + PE
    Total System Jitter     (TSJ):    0.050ns
    Total Input Jitter      (TIJ):    0.000ns
    Discrete Jitter          (DJ):    0.000ns
    Phase Error              (PE):    0.000ns
  Clock Net Delay (Source):      1.239ns (routing 0.555ns, distribution 0.684ns)
  Timing Exception:       False Path

    Location             Delay type                Incr(ns)  Path(ns)    Netlist Resource(s)
  -------------------------------------------------------------------    -------------------
                         (clock clk rise edge)        0.000     0.000 r  
    AN11                                              0.000     0.000 r  clk (IN)
                         net (fo=0)                   0.000     0.000    clk_IBUF_inst/I
    AN11                 INBUF (Prop_INBUF_HPIOB_M_PAD_O)
                                                      0.206     0.206 r  clk_IBUF_inst/INBUF_INST/O
                         net (fo=1, routed)           0.000     0.206    clk_IBUF_inst/OUT
    AN11                 IBUFCTRL (Prop_IBUFCTRL_HPIOB_M_I_O)
                                                      0.000     0.206 r  clk_IBUF_inst/IBUFCTRL_INST/O
                         net (fo=1, routed)           0.194     0.400    clk_IBUF
    BUFGCE_X0Y24         BUFGCE (Prop_BUFCE_BUFGCE_I_O)
                                                      0.017     0.417 r  clk_IBUF_BUFG_inst/O
    X1Y1 (CLOCK_ROOT)    net (fo=3239, routed)        1.239     1.656    Output_FIFO_inst[3].output_fifo/inst/gen_fifo.xpm_fifo_axis_inst/xpm_fifo_base_inst/gen_sdpram.xpm_memory_base_inst/clka
    RAMB36_X4Y44         RAMB36E2                                     r  Output_FIFO_inst[3].output_fifo/inst/gen_fifo.xpm_fifo_axis_inst/xpm_fifo_base_inst/gen_sdpram.xpm_memory_base_inst/gen_wr_a.gen_word_narrow.mem_reg_bram_3/CLKBWRCLK
  -------------------------------------------------------------------    -------------------
    RAMB36_X4Y44         RAMB36E2 (Prop_RAMB36E2_RAMB36_CLKBWRCLK_DOUTBDOUT[11])
                                                      0.129     1.785 r  Output_FIFO_inst[3].output_fifo/inst/gen_fifo.xpm_fifo_axis_inst/xpm_fifo_base_inst/gen_sdpram.xpm_memory_base_inst/gen_wr_a.gen_word_narrow.mem_reg_bram_3/DOUTBDOUT[11]
                         net (fo=1, routed)           0.829     2.614    data_out3_OBUF[11]
    B23                  OBUF (Prop_OUTBUF_HPIOB_S_I_O)
                                                      0.477     3.091 r  data_out3_OBUF[11]_inst/O
                         net (fo=0)                   0.000     3.091    data_out3[11]
    B23                                                               r  data_out3[11] (OUT)
  -------------------------------------------------------------------    -------------------

Slack:                    inf
  Source:                 Output_FIFO_inst[0].output_fifo/inst/gen_fifo.xpm_fifo_axis_inst/xpm_fifo_base_inst/gen_sdpram.xpm_memory_base_inst/gen_wr_a.gen_word_narrow.mem_reg_bram_5/CLKBWRCLK
                            (rising edge-triggered cell RAMB36E2 clocked by clk  {rise@0.000ns fall@2.500ns period=5.000ns})
  Destination:            data_out0[25]
                            (output port)
  Path Group:             (none)
  Path Type:              Min at Fast Process Corner
  Data Path Delay:        1.461ns  (logic 0.556ns (38.053%)  route 0.905ns (61.947%))
  Logic Levels:           1  (OBUF=1)
  Clock Uncertainty:      0.025ns  ((TSJ^2 + TIJ^2)^1/2 + DJ) / 2 + PE
    Total System Jitter     (TSJ):    0.050ns
    Total Input Jitter      (TIJ):    0.000ns
    Discrete Jitter          (DJ):    0.000ns
    Phase Error              (PE):    0.000ns
  Clock Net Delay (Source):      1.215ns (routing 0.555ns, distribution 0.660ns)
  Timing Exception:       False Path

    Location             Delay type                Incr(ns)  Path(ns)    Netlist Resource(s)
  -------------------------------------------------------------------    -------------------
                         (clock clk rise edge)        0.000     0.000 r  
    AN11                                              0.000     0.000 r  clk (IN)
                         net (fo=0)                   0.000     0.000    clk_IBUF_inst/I
    AN11                 INBUF (Prop_INBUF_HPIOB_M_PAD_O)
                                                      0.206     0.206 r  clk_IBUF_inst/INBUF_INST/O
                         net (fo=1, routed)           0.000     0.206    clk_IBUF_inst/OUT
    AN11                 IBUFCTRL (Prop_IBUFCTRL_HPIOB_M_I_O)
                                                      0.000     0.206 r  clk_IBUF_inst/IBUFCTRL_INST/O
                         net (fo=1, routed)           0.194     0.400    clk_IBUF
    BUFGCE_X0Y24         BUFGCE (Prop_BUFCE_BUFGCE_I_O)
                                                      0.017     0.417 r  clk_IBUF_BUFG_inst/O
    X1Y1 (CLOCK_ROOT)    net (fo=3239, routed)        1.215     1.632    Output_FIFO_inst[0].output_fifo/inst/gen_fifo.xpm_fifo_axis_inst/xpm_fifo_base_inst/gen_sdpram.xpm_memory_base_inst/clka
    RAMB36_X5Y7          RAMB36E2                                     r  Output_FIFO_inst[0].output_fifo/inst/gen_fifo.xpm_fifo_axis_inst/xpm_fifo_base_inst/gen_sdpram.xpm_memory_base_inst/gen_wr_a.gen_word_narrow.mem_reg_bram_5/CLKBWRCLK
  -------------------------------------------------------------------    -------------------
    RAMB36_X5Y7          RAMB36E2 (Prop_RAMB36E2_RAMB36_CLKBWRCLK_DOUTBDOUT[7])
                                                      0.126     1.758 r  Output_FIFO_inst[0].output_fifo/inst/gen_fifo.xpm_fifo_axis_inst/xpm_fifo_base_inst/gen_sdpram.xpm_memory_base_inst/gen_wr_a.gen_word_narrow.mem_reg_bram_5/DOUTBDOUT[7]
                         net (fo=1, routed)           0.905     2.663    data_out0_OBUF[25]
    AR12                 OBUF (Prop_OUTBUF_HPIOB_M_I_O)
                                                      0.430     3.093 r  data_out0_OBUF[25]_inst/O
                         net (fo=0)                   0.000     3.093    data_out0[25]
    AR12                                                              r  data_out0[25] (OUT)
  -------------------------------------------------------------------    -------------------

Slack:                    inf
  Source:                 Output_FIFO_inst[0].output_fifo/inst/gen_fifo.xpm_fifo_axis_inst/xpm_fifo_base_inst/gen_sdpram.xpm_memory_base_inst/gen_wr_a.gen_word_narrow.mem_reg_bram_6/CLKBWRCLK
                            (rising edge-triggered cell RAMB36E2 clocked by clk  {rise@0.000ns fall@2.500ns period=5.000ns})
  Destination:            data_out0[30]
                            (output port)
  Path Group:             (none)
  Path Type:              Min at Fast Process Corner
  Data Path Delay:        1.463ns  (logic 0.577ns (39.428%)  route 0.886ns (60.572%))
  Logic Levels:           1  (OBUF=1)
  Clock Uncertainty:      0.025ns  ((TSJ^2 + TIJ^2)^1/2 + DJ) / 2 + PE
    Total System Jitter     (TSJ):    0.050ns
    Total Input Jitter      (TIJ):    0.000ns
    Discrete Jitter          (DJ):    0.000ns
    Phase Error              (PE):    0.000ns
  Clock Net Delay (Source):      1.218ns (routing 0.555ns, distribution 0.663ns)
  Timing Exception:       False Path

    Location             Delay type                Incr(ns)  Path(ns)    Netlist Resource(s)
  -------------------------------------------------------------------    -------------------
                         (clock clk rise edge)        0.000     0.000 r  
    AN11                                              0.000     0.000 r  clk (IN)
                         net (fo=0)                   0.000     0.000    clk_IBUF_inst/I
    AN11                 INBUF (Prop_INBUF_HPIOB_M_PAD_O)
                                                      0.206     0.206 r  clk_IBUF_inst/INBUF_INST/O
                         net (fo=1, routed)           0.000     0.206    clk_IBUF_inst/OUT
    AN11                 IBUFCTRL (Prop_IBUFCTRL_HPIOB_M_I_O)
                                                      0.000     0.206 r  clk_IBUF_inst/IBUFCTRL_INST/O
                         net (fo=1, routed)           0.194     0.400    clk_IBUF
    BUFGCE_X0Y24         BUFGCE (Prop_BUFCE_BUFGCE_I_O)
                                                      0.017     0.417 r  clk_IBUF_BUFG_inst/O
    X1Y1 (CLOCK_ROOT)    net (fo=3239, routed)        1.218     1.635    Output_FIFO_inst[0].output_fifo/inst/gen_fifo.xpm_fifo_axis_inst/xpm_fifo_base_inst/gen_sdpram.xpm_memory_base_inst/clka
    RAMB36_X5Y8          RAMB36E2                                     r  Output_FIFO_inst[0].output_fifo/inst/gen_fifo.xpm_fifo_axis_inst/xpm_fifo_base_inst/gen_sdpram.xpm_memory_base_inst/gen_wr_a.gen_word_narrow.mem_reg_bram_6/CLKBWRCLK
  -------------------------------------------------------------------    -------------------
    RAMB36_X5Y8          RAMB36E2 (Prop_RAMB36E2_RAMB36_CLKBWRCLK_DOUTBDOUT[3])
                                                      0.124     1.759 r  Output_FIFO_inst[0].output_fifo/inst/gen_fifo.xpm_fifo_axis_inst/xpm_fifo_base_inst/gen_sdpram.xpm_memory_base_inst/gen_wr_a.gen_word_narrow.mem_reg_bram_6/DOUTBDOUT[3]
                         net (fo=1, routed)           0.886     2.645    data_out0_OBUF[30]
    AU10                 OBUF (Prop_OUTBUF_HPIOB_S_I_O)
                                                      0.453     3.098 r  data_out0_OBUF[30]_inst/O
                         net (fo=0)                   0.000     3.098    data_out0[30]
    AU10                                                              r  data_out0[30] (OUT)
  -------------------------------------------------------------------    -------------------

Slack:                    inf
  Source:                 Output_FIFO_inst[3].output_fifo/inst/gen_fifo.xpm_fifo_axis_inst/xpm_fifo_base_inst/gen_sdpram.xpm_memory_base_inst/gen_wr_a.gen_word_narrow.mem_reg_bram_3/CLKBWRCLK
                            (rising edge-triggered cell RAMB36E2 clocked by clk  {rise@0.000ns fall@2.500ns period=5.000ns})
  Destination:            data_out3[5]
                            (output port)
  Path Group:             (none)
  Path Type:              Min at Fast Process Corner
  Data Path Delay:        1.475ns  (logic 0.590ns (40.009%)  route 0.885ns (59.991%))
  Logic Levels:           1  (OBUF=1)
  Clock Uncertainty:      0.025ns  ((TSJ^2 + TIJ^2)^1/2 + DJ) / 2 + PE
    Total System Jitter     (TSJ):    0.050ns
    Total Input Jitter      (TIJ):    0.000ns
    Discrete Jitter          (DJ):    0.000ns
    Phase Error              (PE):    0.000ns
  Clock Net Delay (Source):      1.239ns (routing 0.555ns, distribution 0.684ns)
  Timing Exception:       False Path

    Location             Delay type                Incr(ns)  Path(ns)    Netlist Resource(s)
  -------------------------------------------------------------------    -------------------
                         (clock clk rise edge)        0.000     0.000 r  
    AN11                                              0.000     0.000 r  clk (IN)
                         net (fo=0)                   0.000     0.000    clk_IBUF_inst/I
    AN11                 INBUF (Prop_INBUF_HPIOB_M_PAD_O)
                                                      0.206     0.206 r  clk_IBUF_inst/INBUF_INST/O
                         net (fo=1, routed)           0.000     0.206    clk_IBUF_inst/OUT
    AN11                 IBUFCTRL (Prop_IBUFCTRL_HPIOB_M_I_O)
                                                      0.000     0.206 r  clk_IBUF_inst/IBUFCTRL_INST/O
                         net (fo=1, routed)           0.194     0.400    clk_IBUF
    BUFGCE_X0Y24         BUFGCE (Prop_BUFCE_BUFGCE_I_O)
                                                      0.017     0.417 r  clk_IBUF_BUFG_inst/O
    X1Y1 (CLOCK_ROOT)    net (fo=3239, routed)        1.239     1.656    Output_FIFO_inst[3].output_fifo/inst/gen_fifo.xpm_fifo_axis_inst/xpm_fifo_base_inst/gen_sdpram.xpm_memory_base_inst/clka
    RAMB36_X4Y44         RAMB36E2                                     r  Output_FIFO_inst[3].output_fifo/inst/gen_fifo.xpm_fifo_axis_inst/xpm_fifo_base_inst/gen_sdpram.xpm_memory_base_inst/gen_wr_a.gen_word_narrow.mem_reg_bram_3/CLKBWRCLK
  -------------------------------------------------------------------    -------------------
    RAMB36_X4Y44         RAMB36E2 (Prop_RAMB36E2_RAMB36_CLKBWRCLK_DOUTBDOUT[5])
                                                      0.125     1.781 r  Output_FIFO_inst[3].output_fifo/inst/gen_fifo.xpm_fifo_axis_inst/xpm_fifo_base_inst/gen_sdpram.xpm_memory_base_inst/gen_wr_a.gen_word_narrow.mem_reg_bram_3/DOUTBDOUT[5]
                         net (fo=1, routed)           0.885     2.666    data_out3_OBUF[5]
    A22                  OBUF (Prop_OUTBUF_HPIOB_S_I_O)
                                                      0.465     3.132 r  data_out3_OBUF[5]_inst/O
                         net (fo=0)                   0.000     3.132    data_out3[5]
    A22                                                               r  data_out3[5] (OUT)
  -------------------------------------------------------------------    -------------------

Slack:                    inf
  Source:                 Output_FIFO_inst[3].output_fifo/inst/gen_fifo.xpm_fifo_axis_inst/xpm_fifo_base_inst/gen_sdpram.xpm_memory_base_inst/gen_wr_a.gen_word_narrow.mem_reg_bram_5/CLKBWRCLK
                            (rising edge-triggered cell RAMB36E2 clocked by clk  {rise@0.000ns fall@2.500ns period=5.000ns})
  Destination:            data_out3[19]
                            (output port)
  Path Group:             (none)
  Path Type:              Min at Fast Process Corner
  Data Path Delay:        1.478ns  (logic 0.597ns (40.412%)  route 0.881ns (59.588%))
  Logic Levels:           1  (OBUF=1)
  Clock Uncertainty:      0.025ns  ((TSJ^2 + TIJ^2)^1/2 + DJ) / 2 + PE
    Total System Jitter     (TSJ):    0.050ns
    Total Input Jitter      (TIJ):    0.000ns
    Discrete Jitter          (DJ):    0.000ns
    Phase Error              (PE):    0.000ns
  Clock Net Delay (Source):      1.240ns (routing 0.555ns, distribution 0.685ns)
  Timing Exception:       False Path

    Location             Delay type                Incr(ns)  Path(ns)    Netlist Resource(s)
  -------------------------------------------------------------------    -------------------
                         (clock clk rise edge)        0.000     0.000 r  
    AN11                                              0.000     0.000 r  clk (IN)
                         net (fo=0)                   0.000     0.000    clk_IBUF_inst/I
    AN11                 INBUF (Prop_INBUF_HPIOB_M_PAD_O)
                                                      0.206     0.206 r  clk_IBUF_inst/INBUF_INST/O
                         net (fo=1, routed)           0.000     0.206    clk_IBUF_inst/OUT
    AN11                 IBUFCTRL (Prop_IBUFCTRL_HPIOB_M_I_O)
                                                      0.000     0.206 r  clk_IBUF_inst/IBUFCTRL_INST/O
                         net (fo=1, routed)           0.194     0.400    clk_IBUF
    BUFGCE_X0Y24         BUFGCE (Prop_BUFCE_BUFGCE_I_O)
                                                      0.017     0.417 r  clk_IBUF_BUFG_inst/O
    X1Y1 (CLOCK_ROOT)    net (fo=3239, routed)        1.240     1.657    Output_FIFO_inst[3].output_fifo/inst/gen_fifo.xpm_fifo_axis_inst/xpm_fifo_base_inst/gen_sdpram.xpm_memory_base_inst/clka
    RAMB36_X5Y42         RAMB36E2                                     r  Output_FIFO_inst[3].output_fifo/inst/gen_fifo.xpm_fifo_axis_inst/xpm_fifo_base_inst/gen_sdpram.xpm_memory_base_inst/gen_wr_a.gen_word_narrow.mem_reg_bram_5/CLKBWRCLK
  -------------------------------------------------------------------    -------------------
    RAMB36_X5Y42         RAMB36E2 (Prop_RAMB36E2_RAMB36_CLKBWRCLK_DOUTBDOUT[1])
                                                      0.122     1.779 r  Output_FIFO_inst[3].output_fifo/inst/gen_fifo.xpm_fifo_axis_inst/xpm_fifo_base_inst/gen_sdpram.xpm_memory_base_inst/gen_wr_a.gen_word_narrow.mem_reg_bram_5/DOUTBDOUT[1]
                         net (fo=1, routed)           0.881     2.660    data_out3_OBUF[19]
    E24                  OBUF (Prop_OUTBUF_HPIOB_S_I_O)
                                                      0.475     3.136 r  data_out3_OBUF[19]_inst/O
                         net (fo=0)                   0.000     3.136    data_out3[19]
    E24                                                               r  data_out3[19] (OUT)
  -------------------------------------------------------------------    -------------------

Slack:                    inf
  Source:                 Output_FIFO_inst[3].output_fifo/inst/gen_fifo.xpm_fifo_axis_inst/xpm_fifo_base_inst/gen_sdpram.xpm_memory_base_inst/gen_wr_a.gen_word_narrow.mem_reg_bram_5/CLKBWRCLK
                            (rising edge-triggered cell RAMB36E2 clocked by clk  {rise@0.000ns fall@2.500ns period=5.000ns})
  Destination:            data_out3[22]
                            (output port)
  Path Group:             (none)
  Path Type:              Min at Fast Process Corner
  Data Path Delay:        1.482ns  (logic 0.582ns (39.271%)  route 0.900ns (60.729%))
  Logic Levels:           1  (OBUF=1)
  Clock Uncertainty:      0.025ns  ((TSJ^2 + TIJ^2)^1/2 + DJ) / 2 + PE
    Total System Jitter     (TSJ):    0.050ns
    Total Input Jitter      (TIJ):    0.000ns
    Discrete Jitter          (DJ):    0.000ns
    Phase Error              (PE):    0.000ns
  Clock Net Delay (Source):      1.240ns (routing 0.555ns, distribution 0.685ns)
  Timing Exception:       False Path

    Location             Delay type                Incr(ns)  Path(ns)    Netlist Resource(s)
  -------------------------------------------------------------------    -------------------
                         (clock clk rise edge)        0.000     0.000 r  
    AN11                                              0.000     0.000 r  clk (IN)
                         net (fo=0)                   0.000     0.000    clk_IBUF_inst/I
    AN11                 INBUF (Prop_INBUF_HPIOB_M_PAD_O)
                                                      0.206     0.206 r  clk_IBUF_inst/INBUF_INST/O
                         net (fo=1, routed)           0.000     0.206    clk_IBUF_inst/OUT
    AN11                 IBUFCTRL (Prop_IBUFCTRL_HPIOB_M_I_O)
                                                      0.000     0.206 r  clk_IBUF_inst/IBUFCTRL_INST/O
                         net (fo=1, routed)           0.194     0.400    clk_IBUF
    BUFGCE_X0Y24         BUFGCE (Prop_BUFCE_BUFGCE_I_O)
                                                      0.017     0.417 r  clk_IBUF_BUFG_inst/O
    X1Y1 (CLOCK_ROOT)    net (fo=3239, routed)        1.240     1.657    Output_FIFO_inst[3].output_fifo/inst/gen_fifo.xpm_fifo_axis_inst/xpm_fifo_base_inst/gen_sdpram.xpm_memory_base_inst/clka
    RAMB36_X5Y42         RAMB36E2                                     r  Output_FIFO_inst[3].output_fifo/inst/gen_fifo.xpm_fifo_axis_inst/xpm_fifo_base_inst/gen_sdpram.xpm_memory_base_inst/gen_wr_a.gen_word_narrow.mem_reg_bram_5/CLKBWRCLK
  -------------------------------------------------------------------    -------------------
    RAMB36_X5Y42         RAMB36E2 (Prop_RAMB36E2_RAMB36_CLKBWRCLK_DOUTBDOUT[4])
                                                      0.130     1.787 r  Output_FIFO_inst[3].output_fifo/inst/gen_fifo.xpm_fifo_axis_inst/xpm_fifo_base_inst/gen_sdpram.xpm_memory_base_inst/gen_wr_a.gen_word_narrow.mem_reg_bram_5/DOUTBDOUT[4]
                         net (fo=1, routed)           0.900     2.687    data_out3_OBUF[22]
    F21                  OBUF (Prop_OUTBUF_HPIOB_M_I_O)
                                                      0.452     3.139 r  data_out3_OBUF[22]_inst/O
                         net (fo=0)                   0.000     3.139    data_out3[22]
    F21                                                               r  data_out3[22] (OUT)
  -------------------------------------------------------------------    -------------------





--------------------------------------------------------------------------------------
Path Group:  (none)
From Clock:  
  To Clock:  clk

Max Delay          1107 Endpoints
Min Delay          1107 Endpoints
--------------------------------------------------------------------------------------


Max Delay Paths
--------------------------------------------------------------------------------------
Slack:                    inf
  Source:                 data_in[9]
                            (input port)
  Destination:            input_fifo_0/inst/gen_fifo.xpm_fifo_axis_inst/xpm_fifo_base_inst/gen_sdpram.xpm_memory_base_inst/gen_wr_a.gen_word_narrow.mem_reg_bram_0/DINADIN[9]
                            (rising edge-triggered cell RAMB36E2 clocked by clk  {rise@0.000ns fall@2.500ns period=5.000ns})
  Path Group:             (none)
  Path Type:              Setup (Max at Slow Process Corner)
  Data Path Delay:        5.539ns  (logic 0.593ns (10.713%)  route 4.946ns (89.287%))
  Logic Levels:           2  (IBUFCTRL=1 INBUF=1)
  Clock Path Skew:        2.491ns (DCD - SCD + CPR)
    Destination Clock Delay (DCD):    2.491ns
    Source Clock Delay      (SCD):    0.000ns
    Clock Pessimism Removal (CPR):    0.000ns
  Clock Net Delay (Destination): 1.846ns (routing 0.935ns, distribution 0.911ns)
  Timing Exception:       False Path

    Location             Delay type                Incr(ns)  Path(ns)    Netlist Resource(s)
  -------------------------------------------------------------------    -------------------
    C13                                               0.000     0.000 r  data_in[9] (IN)
                         net (fo=0)                   0.000     0.000    data_in_IBUF[9]_inst/I
    C13                  INBUF (Prop_INBUF_HPIOB_S_PAD_O)
                                                      0.593     0.593 r  data_in_IBUF[9]_inst/INBUF_INST/O
                         net (fo=1, routed)           0.000     0.593    data_in_IBUF[9]_inst/OUT
    C13                  IBUFCTRL (Prop_IBUFCTRL_HPIOB_S_I_O)
                                                      0.000     0.593 r  data_in_IBUF[9]_inst/IBUFCTRL_INST/O
                         net (fo=8, routed)           4.946     5.539    input_fifo_0/inst/gen_fifo.xpm_fifo_axis_inst/xpm_fifo_base_inst/gen_sdpram.xpm_memory_base_inst/dina[9]
    RAMB36_X3Y8          RAMB36E2                                     r  input_fifo_0/inst/gen_fifo.xpm_fifo_axis_inst/xpm_fifo_base_inst/gen_sdpram.xpm_memory_base_inst/gen_wr_a.gen_word_narrow.mem_reg_bram_0/DINADIN[9]
  -------------------------------------------------------------------    -------------------

                         (clock clk rise edge)        0.000     0.000 r  
    AN11                                              0.000     0.000 r  clk (IN)
                         net (fo=0)                   0.000     0.000    clk_IBUF_inst/I
    AN11                 INBUF (Prop_INBUF_HPIOB_M_PAD_O)
                                                      0.321     0.321 r  clk_IBUF_inst/INBUF_INST/O
                         net (fo=1, routed)           0.000     0.321    clk_IBUF_inst/OUT
    AN11                 IBUFCTRL (Prop_IBUFCTRL_HPIOB_M_I_O)
                                                      0.000     0.321 r  clk_IBUF_inst/IBUFCTRL_INST/O
                         net (fo=1, routed)           0.300     0.621    clk_IBUF
    BUFGCE_X0Y24         BUFGCE (Prop_BUFCE_BUFGCE_I_O)
                                                      0.024     0.645 r  clk_IBUF_BUFG_inst/O
    X1Y1 (CLOCK_ROOT)    net (fo=3239, routed)        1.846     2.491    input_fifo_0/inst/gen_fifo.xpm_fifo_axis_inst/xpm_fifo_base_inst/gen_sdpram.xpm_memory_base_inst/clka
    RAMB36_X3Y8          RAMB36E2                                     r  input_fifo_0/inst/gen_fifo.xpm_fifo_axis_inst/xpm_fifo_base_inst/gen_sdpram.xpm_memory_base_inst/gen_wr_a.gen_word_narrow.mem_reg_bram_0/CLKARDCLK

Slack:                    inf
  Source:                 data_in[0]
                            (input port)
  Destination:            input_fifo_0/inst/gen_fifo.xpm_fifo_axis_inst/xpm_fifo_base_inst/gen_sdpram.xpm_memory_base_inst/gen_wr_a.gen_word_narrow.mem_reg_bram_0/DINADIN[0]
                            (rising edge-triggered cell RAMB36E2 clocked by clk  {rise@0.000ns fall@2.500ns period=5.000ns})
  Path Group:             (none)
  Path Type:              Setup (Max at Slow Process Corner)
  Data Path Delay:        5.461ns  (logic 0.595ns (10.891%)  route 4.866ns (89.109%))
  Logic Levels:           2  (IBUFCTRL=1 INBUF=1)
  Clock Path Skew:        2.491ns (DCD - SCD + CPR)
    Destination Clock Delay (DCD):    2.491ns
    Source Clock Delay      (SCD):    0.000ns
    Clock Pessimism Removal (CPR):    0.000ns
  Clock Net Delay (Destination): 1.846ns (routing 0.935ns, distribution 0.911ns)
  Timing Exception:       False Path

    Location             Delay type                Incr(ns)  Path(ns)    Netlist Resource(s)
  -------------------------------------------------------------------    -------------------
    A15                                               0.000     0.000 r  data_in[0] (IN)
                         net (fo=0)                   0.000     0.000    data_in_IBUF[0]_inst/I
    A15                  INBUF (Prop_INBUF_HPIOB_M_PAD_O)
                                                      0.595     0.595 r  data_in_IBUF[0]_inst/INBUF_INST/O
                         net (fo=1, routed)           0.000     0.595    data_in_IBUF[0]_inst/OUT
    A15                  IBUFCTRL (Prop_IBUFCTRL_HPIOB_M_I_O)
                                                      0.000     0.595 r  data_in_IBUF[0]_inst/IBUFCTRL_INST/O
                         net (fo=8, routed)           4.866     5.461    input_fifo_0/inst/gen_fifo.xpm_fifo_axis_inst/xpm_fifo_base_inst/gen_sdpram.xpm_memory_base_inst/dina[0]
    RAMB36_X3Y8          RAMB36E2                                     r  input_fifo_0/inst/gen_fifo.xpm_fifo_axis_inst/xpm_fifo_base_inst/gen_sdpram.xpm_memory_base_inst/gen_wr_a.gen_word_narrow.mem_reg_bram_0/DINADIN[0]
  -------------------------------------------------------------------    -------------------

                         (clock clk rise edge)        0.000     0.000 r  
    AN11                                              0.000     0.000 r  clk (IN)
                         net (fo=0)                   0.000     0.000    clk_IBUF_inst/I
    AN11                 INBUF (Prop_INBUF_HPIOB_M_PAD_O)
                                                      0.321     0.321 r  clk_IBUF_inst/INBUF_INST/O
                         net (fo=1, routed)           0.000     0.321    clk_IBUF_inst/OUT
    AN11                 IBUFCTRL (Prop_IBUFCTRL_HPIOB_M_I_O)
                                                      0.000     0.321 r  clk_IBUF_inst/IBUFCTRL_INST/O
                         net (fo=1, routed)           0.300     0.621    clk_IBUF
    BUFGCE_X0Y24         BUFGCE (Prop_BUFCE_BUFGCE_I_O)
                                                      0.024     0.645 r  clk_IBUF_BUFG_inst/O
    X1Y1 (CLOCK_ROOT)    net (fo=3239, routed)        1.846     2.491    input_fifo_0/inst/gen_fifo.xpm_fifo_axis_inst/xpm_fifo_base_inst/gen_sdpram.xpm_memory_base_inst/clka
    RAMB36_X3Y8          RAMB36E2                                     r  input_fifo_0/inst/gen_fifo.xpm_fifo_axis_inst/xpm_fifo_base_inst/gen_sdpram.xpm_memory_base_inst/gen_wr_a.gen_word_narrow.mem_reg_bram_0/CLKARDCLK

Slack:                    inf
  Source:                 data_in[9]
                            (input port)
  Destination:            input_fifo_0/inst/gen_fifo.xpm_fifo_axis_inst/xpm_fifo_base_inst/gen_sdpram.xpm_memory_base_inst/gen_wr_a.gen_word_narrow.mem_reg_bram_1/DINADIN[9]
                            (rising edge-triggered cell RAMB36E2 clocked by clk  {rise@0.000ns fall@2.500ns period=5.000ns})
  Path Group:             (none)
  Path Type:              Setup (Max at Slow Process Corner)
  Data Path Delay:        5.432ns  (logic 0.593ns (10.924%)  route 4.839ns (89.076%))
  Logic Levels:           2  (IBUFCTRL=1 INBUF=1)
  Clock Path Skew:        2.492ns (DCD - SCD + CPR)
    Destination Clock Delay (DCD):    2.492ns
    Source Clock Delay      (SCD):    0.000ns
    Clock Pessimism Removal (CPR):    0.000ns
  Clock Net Delay (Destination): 1.847ns (routing 0.935ns, distribution 0.912ns)
  Timing Exception:       False Path

    Location             Delay type                Incr(ns)  Path(ns)    Netlist Resource(s)
  -------------------------------------------------------------------    -------------------
    C13                                               0.000     0.000 r  data_in[9] (IN)
                         net (fo=0)                   0.000     0.000    data_in_IBUF[9]_inst/I
    C13                  INBUF (Prop_INBUF_HPIOB_S_PAD_O)
                                                      0.593     0.593 r  data_in_IBUF[9]_inst/INBUF_INST/O
                         net (fo=1, routed)           0.000     0.593    data_in_IBUF[9]_inst/OUT
    C13                  IBUFCTRL (Prop_IBUFCTRL_HPIOB_S_I_O)
                                                      0.000     0.593 r  data_in_IBUF[9]_inst/IBUFCTRL_INST/O
                         net (fo=8, routed)           4.839     5.432    input_fifo_0/inst/gen_fifo.xpm_fifo_axis_inst/xpm_fifo_base_inst/gen_sdpram.xpm_memory_base_inst/dina[9]
    RAMB36_X3Y9          RAMB36E2                                     r  input_fifo_0/inst/gen_fifo.xpm_fifo_axis_inst/xpm_fifo_base_inst/gen_sdpram.xpm_memory_base_inst/gen_wr_a.gen_word_narrow.mem_reg_bram_1/DINADIN[9]
  -------------------------------------------------------------------    -------------------

                         (clock clk rise edge)        0.000     0.000 r  
    AN11                                              0.000     0.000 r  clk (IN)
                         net (fo=0)                   0.000     0.000    clk_IBUF_inst/I
    AN11                 INBUF (Prop_INBUF_HPIOB_M_PAD_O)
                                                      0.321     0.321 r  clk_IBUF_inst/INBUF_INST/O
                         net (fo=1, routed)           0.000     0.321    clk_IBUF_inst/OUT
    AN11                 IBUFCTRL (Prop_IBUFCTRL_HPIOB_M_I_O)
                                                      0.000     0.321 r  clk_IBUF_inst/IBUFCTRL_INST/O
                         net (fo=1, routed)           0.300     0.621    clk_IBUF
    BUFGCE_X0Y24         BUFGCE (Prop_BUFCE_BUFGCE_I_O)
                                                      0.024     0.645 r  clk_IBUF_BUFG_inst/O
    X1Y1 (CLOCK_ROOT)    net (fo=3239, routed)        1.847     2.492    input_fifo_0/inst/gen_fifo.xpm_fifo_axis_inst/xpm_fifo_base_inst/gen_sdpram.xpm_memory_base_inst/clka
    RAMB36_X3Y9          RAMB36E2                                     r  input_fifo_0/inst/gen_fifo.xpm_fifo_axis_inst/xpm_fifo_base_inst/gen_sdpram.xpm_memory_base_inst/gen_wr_a.gen_word_narrow.mem_reg_bram_1/CLKARDCLK

Slack:                    inf
  Source:                 data_in[1]
                            (input port)
  Destination:            input_fifo_0/inst/gen_fifo.xpm_fifo_axis_inst/xpm_fifo_base_inst/gen_sdpram.xpm_memory_base_inst/gen_wr_a.gen_word_narrow.mem_reg_bram_0/DINADIN[1]
                            (rising edge-triggered cell RAMB36E2 clocked by clk  {rise@0.000ns fall@2.500ns period=5.000ns})
  Path Group:             (none)
  Path Type:              Setup (Max at Slow Process Corner)
  Data Path Delay:        5.423ns  (logic 0.603ns (11.119%)  route 4.820ns (88.881%))
  Logic Levels:           2  (IBUFCTRL=1 INBUF=1)
  Clock Path Skew:        2.491ns (DCD - SCD + CPR)
    Destination Clock Delay (DCD):    2.491ns
    Source Clock Delay      (SCD):    0.000ns
    Clock Pessimism Removal (CPR):    0.000ns
  Clock Net Delay (Destination): 1.846ns (routing 0.935ns, distribution 0.911ns)
  Timing Exception:       False Path

    Location             Delay type                Incr(ns)  Path(ns)    Netlist Resource(s)
  -------------------------------------------------------------------    -------------------
    A14                                               0.000     0.000 r  data_in[1] (IN)
                         net (fo=0)                   0.000     0.000    data_in_IBUF[1]_inst/I
    A14                  INBUF (Prop_INBUF_HPIOB_S_PAD_O)
                                                      0.603     0.603 r  data_in_IBUF[1]_inst/INBUF_INST/O
                         net (fo=1, routed)           0.000     0.603    data_in_IBUF[1]_inst/OUT
    A14                  IBUFCTRL (Prop_IBUFCTRL_HPIOB_S_I_O)
                                                      0.000     0.603 r  data_in_IBUF[1]_inst/IBUFCTRL_INST/O
                         net (fo=8, routed)           4.820     5.423    input_fifo_0/inst/gen_fifo.xpm_fifo_axis_inst/xpm_fifo_base_inst/gen_sdpram.xpm_memory_base_inst/dina[1]
    RAMB36_X3Y8          RAMB36E2                                     r  input_fifo_0/inst/gen_fifo.xpm_fifo_axis_inst/xpm_fifo_base_inst/gen_sdpram.xpm_memory_base_inst/gen_wr_a.gen_word_narrow.mem_reg_bram_0/DINADIN[1]
  -------------------------------------------------------------------    -------------------

                         (clock clk rise edge)        0.000     0.000 r  
    AN11                                              0.000     0.000 r  clk (IN)
                         net (fo=0)                   0.000     0.000    clk_IBUF_inst/I
    AN11                 INBUF (Prop_INBUF_HPIOB_M_PAD_O)
                                                      0.321     0.321 r  clk_IBUF_inst/INBUF_INST/O
                         net (fo=1, routed)           0.000     0.321    clk_IBUF_inst/OUT
    AN11                 IBUFCTRL (Prop_IBUFCTRL_HPIOB_M_I_O)
                                                      0.000     0.321 r  clk_IBUF_inst/IBUFCTRL_INST/O
                         net (fo=1, routed)           0.300     0.621    clk_IBUF
    BUFGCE_X0Y24         BUFGCE (Prop_BUFCE_BUFGCE_I_O)
                                                      0.024     0.645 r  clk_IBUF_BUFG_inst/O
    X1Y1 (CLOCK_ROOT)    net (fo=3239, routed)        1.846     2.491    input_fifo_0/inst/gen_fifo.xpm_fifo_axis_inst/xpm_fifo_base_inst/gen_sdpram.xpm_memory_base_inst/clka
    RAMB36_X3Y8          RAMB36E2                                     r  input_fifo_0/inst/gen_fifo.xpm_fifo_axis_inst/xpm_fifo_base_inst/gen_sdpram.xpm_memory_base_inst/gen_wr_a.gen_word_narrow.mem_reg_bram_0/CLKARDCLK

Slack:                    inf
  Source:                 data_in[0]
                            (input port)
  Destination:            input_fifo_0/inst/gen_fifo.xpm_fifo_axis_inst/xpm_fifo_base_inst/gen_sdpram.xpm_memory_base_inst/gen_wr_a.gen_word_narrow.mem_reg_bram_1/DINADIN[0]
                            (rising edge-triggered cell RAMB36E2 clocked by clk  {rise@0.000ns fall@2.500ns period=5.000ns})
  Path Group:             (none)
  Path Type:              Setup (Max at Slow Process Corner)
  Data Path Delay:        5.358ns  (logic 0.595ns (11.101%)  route 4.763ns (88.899%))
  Logic Levels:           2  (IBUFCTRL=1 INBUF=1)
  Clock Path Skew:        2.492ns (DCD - SCD + CPR)
    Destination Clock Delay (DCD):    2.492ns
    Source Clock Delay      (SCD):    0.000ns
    Clock Pessimism Removal (CPR):    0.000ns
  Clock Net Delay (Destination): 1.847ns (routing 0.935ns, distribution 0.912ns)
  Timing Exception:       False Path

    Location             Delay type                Incr(ns)  Path(ns)    Netlist Resource(s)
  -------------------------------------------------------------------    -------------------
    A15                                               0.000     0.000 r  data_in[0] (IN)
                         net (fo=0)                   0.000     0.000    data_in_IBUF[0]_inst/I
    A15                  INBUF (Prop_INBUF_HPIOB_M_PAD_O)
                                                      0.595     0.595 r  data_in_IBUF[0]_inst/INBUF_INST/O
                         net (fo=1, routed)           0.000     0.595    data_in_IBUF[0]_inst/OUT
    A15                  IBUFCTRL (Prop_IBUFCTRL_HPIOB_M_I_O)
                                                      0.000     0.595 r  data_in_IBUF[0]_inst/IBUFCTRL_INST/O
                         net (fo=8, routed)           4.763     5.358    input_fifo_0/inst/gen_fifo.xpm_fifo_axis_inst/xpm_fifo_base_inst/gen_sdpram.xpm_memory_base_inst/dina[0]
    RAMB36_X3Y9          RAMB36E2                                     r  input_fifo_0/inst/gen_fifo.xpm_fifo_axis_inst/xpm_fifo_base_inst/gen_sdpram.xpm_memory_base_inst/gen_wr_a.gen_word_narrow.mem_reg_bram_1/DINADIN[0]
  -------------------------------------------------------------------    -------------------

                         (clock clk rise edge)        0.000     0.000 r  
    AN11                                              0.000     0.000 r  clk (IN)
                         net (fo=0)                   0.000     0.000    clk_IBUF_inst/I
    AN11                 INBUF (Prop_INBUF_HPIOB_M_PAD_O)
                                                      0.321     0.321 r  clk_IBUF_inst/INBUF_INST/O
                         net (fo=1, routed)           0.000     0.321    clk_IBUF_inst/OUT
    AN11                 IBUFCTRL (Prop_IBUFCTRL_HPIOB_M_I_O)
                                                      0.000     0.321 r  clk_IBUF_inst/IBUFCTRL_INST/O
                         net (fo=1, routed)           0.300     0.621    clk_IBUF
    BUFGCE_X0Y24         BUFGCE (Prop_BUFCE_BUFGCE_I_O)
                                                      0.024     0.645 r  clk_IBUF_BUFG_inst/O
    X1Y1 (CLOCK_ROOT)    net (fo=3239, routed)        1.847     2.492    input_fifo_0/inst/gen_fifo.xpm_fifo_axis_inst/xpm_fifo_base_inst/gen_sdpram.xpm_memory_base_inst/clka
    RAMB36_X3Y9          RAMB36E2                                     r  input_fifo_0/inst/gen_fifo.xpm_fifo_axis_inst/xpm_fifo_base_inst/gen_sdpram.xpm_memory_base_inst/gen_wr_a.gen_word_narrow.mem_reg_bram_1/CLKARDCLK

Slack:                    inf
  Source:                 data_in[16]
                            (input port)
  Destination:            input_fifo_0/inst/gen_fifo.xpm_fifo_axis_inst/xpm_fifo_base_inst/gen_sdpram.xpm_memory_base_inst/gen_wr_a.gen_word_narrow.mem_reg_bram_0/DINPADINP[0]
                            (rising edge-triggered cell RAMB36E2 clocked by clk  {rise@0.000ns fall@2.500ns period=5.000ns})
  Path Group:             (none)
  Path Type:              Setup (Max at Slow Process Corner)
  Data Path Delay:        5.355ns  (logic 0.619ns (11.565%)  route 4.736ns (88.435%))
  Logic Levels:           2  (IBUFCTRL=1 INBUF=1)
  Clock Path Skew:        2.491ns (DCD - SCD + CPR)
    Destination Clock Delay (DCD):    2.491ns
    Source Clock Delay      (SCD):    0.000ns
    Clock Pessimism Removal (CPR):    0.000ns
  Clock Net Delay (Destination): 1.846ns (routing 0.935ns, distribution 0.911ns)
  Timing Exception:       False Path

    Location             Delay type                Incr(ns)  Path(ns)    Netlist Resource(s)
  -------------------------------------------------------------------    -------------------
    E13                                               0.000     0.000 r  data_in[16] (IN)
                         net (fo=0)                   0.000     0.000    data_in_IBUF[16]_inst/I
    E13                  INBUF (Prop_INBUF_HPIOB_M_PAD_O)
                                                      0.619     0.619 r  data_in_IBUF[16]_inst/INBUF_INST/O
                         net (fo=1, routed)           0.000     0.619    data_in_IBUF[16]_inst/OUT
    E13                  IBUFCTRL (Prop_IBUFCTRL_HPIOB_M_I_O)
                                                      0.000     0.619 r  data_in_IBUF[16]_inst/IBUFCTRL_INST/O
                         net (fo=8, routed)           4.736     5.355    input_fifo_0/inst/gen_fifo.xpm_fifo_axis_inst/xpm_fifo_base_inst/gen_sdpram.xpm_memory_base_inst/dina[16]
    RAMB36_X3Y8          RAMB36E2                                     r  input_fifo_0/inst/gen_fifo.xpm_fifo_axis_inst/xpm_fifo_base_inst/gen_sdpram.xpm_memory_base_inst/gen_wr_a.gen_word_narrow.mem_reg_bram_0/DINPADINP[0]
  -------------------------------------------------------------------    -------------------

                         (clock clk rise edge)        0.000     0.000 r  
    AN11                                              0.000     0.000 r  clk (IN)
                         net (fo=0)                   0.000     0.000    clk_IBUF_inst/I
    AN11                 INBUF (Prop_INBUF_HPIOB_M_PAD_O)
                                                      0.321     0.321 r  clk_IBUF_inst/INBUF_INST/O
                         net (fo=1, routed)           0.000     0.321    clk_IBUF_inst/OUT
    AN11                 IBUFCTRL (Prop_IBUFCTRL_HPIOB_M_I_O)
                                                      0.000     0.321 r  clk_IBUF_inst/IBUFCTRL_INST/O
                         net (fo=1, routed)           0.300     0.621    clk_IBUF
    BUFGCE_X0Y24         BUFGCE (Prop_BUFCE_BUFGCE_I_O)
                                                      0.024     0.645 r  clk_IBUF_BUFG_inst/O
    X1Y1 (CLOCK_ROOT)    net (fo=3239, routed)        1.846     2.491    input_fifo_0/inst/gen_fifo.xpm_fifo_axis_inst/xpm_fifo_base_inst/gen_sdpram.xpm_memory_base_inst/clka
    RAMB36_X3Y8          RAMB36E2                                     r  input_fifo_0/inst/gen_fifo.xpm_fifo_axis_inst/xpm_fifo_base_inst/gen_sdpram.xpm_memory_base_inst/gen_wr_a.gen_word_narrow.mem_reg_bram_0/CLKARDCLK

Slack:                    inf
  Source:                 data_in[1]
                            (input port)
  Destination:            input_fifo_0/inst/gen_fifo.xpm_fifo_axis_inst/xpm_fifo_base_inst/gen_sdpram.xpm_memory_base_inst/gen_wr_a.gen_word_narrow.mem_reg_bram_1/DINADIN[1]
                            (rising edge-triggered cell RAMB36E2 clocked by clk  {rise@0.000ns fall@2.500ns period=5.000ns})
  Path Group:             (none)
  Path Type:              Setup (Max at Slow Process Corner)
  Data Path Delay:        5.347ns  (logic 0.603ns (11.277%)  route 4.744ns (88.723%))
  Logic Levels:           2  (IBUFCTRL=1 INBUF=1)
  Clock Path Skew:        2.492ns (DCD - SCD + CPR)
    Destination Clock Delay (DCD):    2.492ns
    Source Clock Delay      (SCD):    0.000ns
    Clock Pessimism Removal (CPR):    0.000ns
  Clock Net Delay (Destination): 1.847ns (routing 0.935ns, distribution 0.912ns)
  Timing Exception:       False Path

    Location             Delay type                Incr(ns)  Path(ns)    Netlist Resource(s)
  -------------------------------------------------------------------    -------------------
    A14                                               0.000     0.000 r  data_in[1] (IN)
                         net (fo=0)                   0.000     0.000    data_in_IBUF[1]_inst/I
    A14                  INBUF (Prop_INBUF_HPIOB_S_PAD_O)
                                                      0.603     0.603 r  data_in_IBUF[1]_inst/INBUF_INST/O
                         net (fo=1, routed)           0.000     0.603    data_in_IBUF[1]_inst/OUT
    A14                  IBUFCTRL (Prop_IBUFCTRL_HPIOB_S_I_O)
                                                      0.000     0.603 r  data_in_IBUF[1]_inst/IBUFCTRL_INST/O
                         net (fo=8, routed)           4.744     5.347    input_fifo_0/inst/gen_fifo.xpm_fifo_axis_inst/xpm_fifo_base_inst/gen_sdpram.xpm_memory_base_inst/dina[1]
    RAMB36_X3Y9          RAMB36E2                                     r  input_fifo_0/inst/gen_fifo.xpm_fifo_axis_inst/xpm_fifo_base_inst/gen_sdpram.xpm_memory_base_inst/gen_wr_a.gen_word_narrow.mem_reg_bram_1/DINADIN[1]
  -------------------------------------------------------------------    -------------------

                         (clock clk rise edge)        0.000     0.000 r  
    AN11                                              0.000     0.000 r  clk (IN)
                         net (fo=0)                   0.000     0.000    clk_IBUF_inst/I
    AN11                 INBUF (Prop_INBUF_HPIOB_M_PAD_O)
                                                      0.321     0.321 r  clk_IBUF_inst/INBUF_INST/O
                         net (fo=1, routed)           0.000     0.321    clk_IBUF_inst/OUT
    AN11                 IBUFCTRL (Prop_IBUFCTRL_HPIOB_M_I_O)
                                                      0.000     0.321 r  clk_IBUF_inst/IBUFCTRL_INST/O
                         net (fo=1, routed)           0.300     0.621    clk_IBUF
    BUFGCE_X0Y24         BUFGCE (Prop_BUFCE_BUFGCE_I_O)
                                                      0.024     0.645 r  clk_IBUF_BUFG_inst/O
    X1Y1 (CLOCK_ROOT)    net (fo=3239, routed)        1.847     2.492    input_fifo_0/inst/gen_fifo.xpm_fifo_axis_inst/xpm_fifo_base_inst/gen_sdpram.xpm_memory_base_inst/clka
    RAMB36_X3Y9          RAMB36E2                                     r  input_fifo_0/inst/gen_fifo.xpm_fifo_axis_inst/xpm_fifo_base_inst/gen_sdpram.xpm_memory_base_inst/gen_wr_a.gen_word_narrow.mem_reg_bram_1/CLKARDCLK

Slack:                    inf
  Source:                 data_in_ready
                            (input port)
  Destination:            Output_FIFO_inst[3].output_fifo/inst/gen_fifo.xpm_fifo_axis_inst/xpm_fifo_base_inst/gen_sdpram.xpm_memory_base_inst/gen_wr_a.gen_word_narrow.mem_reg_bram_3/ENBWREN
                            (rising edge-triggered cell RAMB36E2 clocked by clk  {rise@0.000ns fall@2.500ns period=5.000ns})
  Path Group:             (none)
  Path Type:              Setup (Max at Slow Process Corner)
  Data Path Delay:        5.341ns  (logic 0.887ns (16.603%)  route 4.454ns (83.397%))
  Logic Levels:           5  (IBUFCTRL=1 INBUF=1 LUT3=2 LUT4=1)
  Clock Path Skew:        2.649ns (DCD - SCD + CPR)
    Destination Clock Delay (DCD):    2.649ns
    Source Clock Delay      (SCD):    0.000ns
    Clock Pessimism Removal (CPR):    0.000ns
  Clock Net Delay (Destination): 2.004ns (routing 0.935ns, distribution 1.069ns)
  Timing Exception:       False Path

    Location             Delay type                Incr(ns)  Path(ns)    Netlist Resource(s)
  -------------------------------------------------------------------    -------------------
    AH13                                              0.000     0.000 r  data_in_ready (IN)
                         net (fo=0)                   0.000     0.000    data_in_ready_IBUF_inst/I
    AH13                 INBUF (Prop_INBUF_HPIOB_M_PAD_O)
                                                      0.513     0.513 r  data_in_ready_IBUF_inst/INBUF_INST/O
                         net (fo=1, routed)           0.000     0.513    data_in_ready_IBUF_inst/OUT
    AH13                 IBUFCTRL (Prop_IBUFCTRL_HPIOB_M_I_O)
                                                      0.000     0.513 r  data_in_ready_IBUF_inst/IBUFCTRL_INST/O
                         net (fo=136, routed)         3.148     3.661    Output_FIFO_inst[3].output_fifo/inst/gen_fifo.xpm_fifo_axis_inst/m_axis_tready
    SLICE_X45Y205        LUT3 (Prop_C5LUT_SLICEM_I2_O)
                                                      0.159     3.820 r  Output_FIFO_inst[3].output_fifo/inst/gen_fifo.xpm_fifo_axis_inst/xpm_fifo_base_inst_i_1/O
                         net (fo=12, routed)          0.318     4.138    Output_FIFO_inst[3].output_fifo/inst/gen_fifo.xpm_fifo_axis_inst/xpm_fifo_base_inst/rdp_inst/rd_en
    SLICE_X47Y206        LUT4 (Prop_F5LUT_SLICEL_I2_O)
                                                      0.118     4.256 r  Output_FIFO_inst[3].output_fifo/inst/gen_fifo.xpm_fifo_axis_inst/xpm_fifo_base_inst/rdp_inst/gen_sdpram.xpm_memory_base_inst_i_2/O
                         net (fo=44, routed)          0.309     4.565    Output_FIFO_inst[3].output_fifo/inst/gen_fifo.xpm_fifo_axis_inst/xpm_fifo_base_inst/gen_sdpram.xpm_memory_base_inst/enb
    SLICE_X45Y209        LUT3 (Prop_D5LUT_SLICEM_I0_O)
                                                      0.097     4.662 r  Output_FIFO_inst[3].output_fifo/inst/gen_fifo.xpm_fifo_axis_inst/xpm_fifo_base_inst/gen_sdpram.xpm_memory_base_inst/gen_wr_a.gen_word_narrow.mem_reg_bram_3_i_3/O
                         net (fo=1, routed)           0.679     5.341    Output_FIFO_inst[3].output_fifo/inst/gen_fifo.xpm_fifo_axis_inst/xpm_fifo_base_inst/gen_sdpram.xpm_memory_base_inst/gen_wr_a.gen_word_narrow.mem_reg_bram_3_i_3_n_0
    RAMB36_X4Y44         RAMB36E2                                     r  Output_FIFO_inst[3].output_fifo/inst/gen_fifo.xpm_fifo_axis_inst/xpm_fifo_base_inst/gen_sdpram.xpm_memory_base_inst/gen_wr_a.gen_word_narrow.mem_reg_bram_3/ENBWREN
  -------------------------------------------------------------------    -------------------

                         (clock clk rise edge)        0.000     0.000 r  
    AN11                                              0.000     0.000 r  clk (IN)
                         net (fo=0)                   0.000     0.000    clk_IBUF_inst/I
    AN11                 INBUF (Prop_INBUF_HPIOB_M_PAD_O)
                                                      0.321     0.321 r  clk_IBUF_inst/INBUF_INST/O
                         net (fo=1, routed)           0.000     0.321    clk_IBUF_inst/OUT
    AN11                 IBUFCTRL (Prop_IBUFCTRL_HPIOB_M_I_O)
                                                      0.000     0.321 r  clk_IBUF_inst/IBUFCTRL_INST/O
                         net (fo=1, routed)           0.300     0.621    clk_IBUF
    BUFGCE_X0Y24         BUFGCE (Prop_BUFCE_BUFGCE_I_O)
                                                      0.024     0.645 r  clk_IBUF_BUFG_inst/O
    X1Y1 (CLOCK_ROOT)    net (fo=3239, routed)        2.004     2.649    Output_FIFO_inst[3].output_fifo/inst/gen_fifo.xpm_fifo_axis_inst/xpm_fifo_base_inst/gen_sdpram.xpm_memory_base_inst/clka
    RAMB36_X4Y44         RAMB36E2                                     r  Output_FIFO_inst[3].output_fifo/inst/gen_fifo.xpm_fifo_axis_inst/xpm_fifo_base_inst/gen_sdpram.xpm_memory_base_inst/gen_wr_a.gen_word_narrow.mem_reg_bram_3/CLKBWRCLK

Slack:                    inf
  Source:                 data_in[16]
                            (input port)
  Destination:            input_fifo_0/inst/gen_fifo.xpm_fifo_axis_inst/xpm_fifo_base_inst/gen_sdpram.xpm_memory_base_inst/gen_wr_a.gen_word_narrow.mem_reg_bram_1/DINPADINP[0]
                            (rising edge-triggered cell RAMB36E2 clocked by clk  {rise@0.000ns fall@2.500ns period=5.000ns})
  Path Group:             (none)
  Path Type:              Setup (Max at Slow Process Corner)
  Data Path Delay:        5.299ns  (logic 0.619ns (11.687%)  route 4.680ns (88.313%))
  Logic Levels:           2  (IBUFCTRL=1 INBUF=1)
  Clock Path Skew:        2.492ns (DCD - SCD + CPR)
    Destination Clock Delay (DCD):    2.492ns
    Source Clock Delay      (SCD):    0.000ns
    Clock Pessimism Removal (CPR):    0.000ns
  Clock Net Delay (Destination): 1.847ns (routing 0.935ns, distribution 0.912ns)
  Timing Exception:       False Path

    Location             Delay type                Incr(ns)  Path(ns)    Netlist Resource(s)
  -------------------------------------------------------------------    -------------------
    E13                                               0.000     0.000 r  data_in[16] (IN)
                         net (fo=0)                   0.000     0.000    data_in_IBUF[16]_inst/I
    E13                  INBUF (Prop_INBUF_HPIOB_M_PAD_O)
                                                      0.619     0.619 r  data_in_IBUF[16]_inst/INBUF_INST/O
                         net (fo=1, routed)           0.000     0.619    data_in_IBUF[16]_inst/OUT
    E13                  IBUFCTRL (Prop_IBUFCTRL_HPIOB_M_I_O)
                                                      0.000     0.619 r  data_in_IBUF[16]_inst/IBUFCTRL_INST/O
                         net (fo=8, routed)           4.680     5.299    input_fifo_0/inst/gen_fifo.xpm_fifo_axis_inst/xpm_fifo_base_inst/gen_sdpram.xpm_memory_base_inst/dina[16]
    RAMB36_X3Y9          RAMB36E2                                     r  input_fifo_0/inst/gen_fifo.xpm_fifo_axis_inst/xpm_fifo_base_inst/gen_sdpram.xpm_memory_base_inst/gen_wr_a.gen_word_narrow.mem_reg_bram_1/DINPADINP[0]
  -------------------------------------------------------------------    -------------------

                         (clock clk rise edge)        0.000     0.000 r  
    AN11                                              0.000     0.000 r  clk (IN)
                         net (fo=0)                   0.000     0.000    clk_IBUF_inst/I
    AN11                 INBUF (Prop_INBUF_HPIOB_M_PAD_O)
                                                      0.321     0.321 r  clk_IBUF_inst/INBUF_INST/O
                         net (fo=1, routed)           0.000     0.321    clk_IBUF_inst/OUT
    AN11                 IBUFCTRL (Prop_IBUFCTRL_HPIOB_M_I_O)
                                                      0.000     0.321 r  clk_IBUF_inst/IBUFCTRL_INST/O
                         net (fo=1, routed)           0.300     0.621    clk_IBUF
    BUFGCE_X0Y24         BUFGCE (Prop_BUFCE_BUFGCE_I_O)
                                                      0.024     0.645 r  clk_IBUF_BUFG_inst/O
    X1Y1 (CLOCK_ROOT)    net (fo=3239, routed)        1.847     2.492    input_fifo_0/inst/gen_fifo.xpm_fifo_axis_inst/xpm_fifo_base_inst/gen_sdpram.xpm_memory_base_inst/clka
    RAMB36_X3Y9          RAMB36E2                                     r  input_fifo_0/inst/gen_fifo.xpm_fifo_axis_inst/xpm_fifo_base_inst/gen_sdpram.xpm_memory_base_inst/gen_wr_a.gen_word_narrow.mem_reg_bram_1/CLKARDCLK

Slack:                    inf
  Source:                 data_in_ready
                            (input port)
  Destination:            Output_FIFO_inst[3].output_fifo/inst/gen_fifo.xpm_fifo_axis_inst/xpm_fifo_base_inst/gen_pntr_flags_cc.gen_full_rst_val.ram_full_i_reg/D
                            (rising edge-triggered cell FDSE clocked by clk  {rise@0.000ns fall@2.500ns period=5.000ns})
  Path Group:             (none)
  Path Type:              Setup (Max at Slow Process Corner)
  Data Path Delay:        5.257ns  (logic 0.879ns (16.716%)  route 4.378ns (83.284%))
  Logic Levels:           5  (IBUFCTRL=1 INBUF=1 LUT3=1 LUT4=1 LUT6=1)
  Clock Path Skew:        2.608ns (DCD - SCD + CPR)
    Destination Clock Delay (DCD):    2.608ns
    Source Clock Delay      (SCD):    0.000ns
    Clock Pessimism Removal (CPR):    0.000ns
  Clock Net Delay (Destination): 1.963ns (routing 0.935ns, distribution 1.028ns)
  Timing Exception:       False Path

    Location             Delay type                Incr(ns)  Path(ns)    Netlist Resource(s)
  -------------------------------------------------------------------    -------------------
    AH13                                              0.000     0.000 f  data_in_ready (IN)
                         net (fo=0)                   0.000     0.000    data_in_ready_IBUF_inst/I
    AH13                 INBUF (Prop_INBUF_HPIOB_M_PAD_O)
                                                      0.513     0.513 f  data_in_ready_IBUF_inst/INBUF_INST/O
                         net (fo=1, routed)           0.000     0.513    data_in_ready_IBUF_inst/OUT
    AH13                 IBUFCTRL (Prop_IBUFCTRL_HPIOB_M_I_O)
                                                      0.000     0.513 f  data_in_ready_IBUF_inst/IBUFCTRL_INST/O
                         net (fo=136, routed)         3.148     3.661    Output_FIFO_inst[3].output_fifo/inst/gen_fifo.xpm_fifo_axis_inst/m_axis_tready
    SLICE_X45Y205        LUT3 (Prop_C5LUT_SLICEM_I2_O)
                                                      0.159     3.820 f  Output_FIFO_inst[3].output_fifo/inst/gen_fifo.xpm_fifo_axis_inst/xpm_fifo_base_inst_i_1/O
                         net (fo=12, routed)          0.318     4.138    Output_FIFO_inst[3].output_fifo/inst/gen_fifo.xpm_fifo_axis_inst/xpm_fifo_base_inst/rdp_inst/rd_en
    SLICE_X47Y206        LUT4 (Prop_F5LUT_SLICEL_I2_O)
                                                      0.118     4.256 f  Output_FIFO_inst[3].output_fifo/inst/gen_fifo.xpm_fifo_axis_inst/xpm_fifo_base_inst/rdp_inst/gen_sdpram.xpm_memory_base_inst_i_2/O
                         net (fo=44, routed)          0.863     5.119    Output_FIFO_inst[3].output_fifo/inst/gen_fifo.xpm_fifo_axis_inst/xpm_fifo_base_inst/rdp_inst/FSM_sequential_gen_fwft.curr_fwft_state_reg[1]
    SLICE_X44Y207        LUT6 (Prop_D6LUT_SLICEL_I2_O)
                                                      0.089     5.208 r  Output_FIFO_inst[3].output_fifo/inst/gen_fifo.xpm_fifo_axis_inst/xpm_fifo_base_inst/rdp_inst/gen_pntr_flags_cc.gen_full_rst_val.ram_full_i_i_1/O
                         net (fo=1, routed)           0.049     5.257    Output_FIFO_inst[3].output_fifo/inst/gen_fifo.xpm_fifo_axis_inst/xpm_fifo_base_inst/rdp_inst_n_17
    SLICE_X44Y207        FDSE                                         r  Output_FIFO_inst[3].output_fifo/inst/gen_fifo.xpm_fifo_axis_inst/xpm_fifo_base_inst/gen_pntr_flags_cc.gen_full_rst_val.ram_full_i_reg/D
  -------------------------------------------------------------------    -------------------

                         (clock clk rise edge)        0.000     0.000 r  
    AN11                                              0.000     0.000 r  clk (IN)
                         net (fo=0)                   0.000     0.000    clk_IBUF_inst/I
    AN11                 INBUF (Prop_INBUF_HPIOB_M_PAD_O)
                                                      0.321     0.321 r  clk_IBUF_inst/INBUF_INST/O
                         net (fo=1, routed)           0.000     0.321    clk_IBUF_inst/OUT
    AN11                 IBUFCTRL (Prop_IBUFCTRL_HPIOB_M_I_O)
                                                      0.000     0.321 r  clk_IBUF_inst/IBUFCTRL_INST/O
                         net (fo=1, routed)           0.300     0.621    clk_IBUF
    BUFGCE_X0Y24         BUFGCE (Prop_BUFCE_BUFGCE_I_O)
                                                      0.024     0.645 r  clk_IBUF_BUFG_inst/O
    X1Y1 (CLOCK_ROOT)    net (fo=3239, routed)        1.963     2.608    Output_FIFO_inst[3].output_fifo/inst/gen_fifo.xpm_fifo_axis_inst/xpm_fifo_base_inst/wr_clk
    SLICE_X44Y207        FDSE                                         r  Output_FIFO_inst[3].output_fifo/inst/gen_fifo.xpm_fifo_axis_inst/xpm_fifo_base_inst/gen_pntr_flags_cc.gen_full_rst_val.ram_full_i_reg/C





Min Delay Paths
--------------------------------------------------------------------------------------
Slack:                    inf
  Source:                 reset_fifos
                            (input port)
  Destination:            Output_FIFO_inst[1].output_fifo/inst/gen_fifo.xpm_fifo_axis_inst/gaxis_rst_sync.xpm_cdc_sync_rst_inst/syncstages_ff_reg[0]/D
                            (rising edge-triggered cell FDRE clocked by clk  {rise@0.000ns fall@2.500ns period=5.000ns})
  Path Group:             (none)
  Path Type:              Hold (Min at Fast Process Corner)
  Data Path Delay:        1.122ns  (logic 0.189ns (16.822%)  route 0.933ns (83.178%))
  Logic Levels:           3  (IBUFCTRL=1 INBUF=1 LUT1=1)
  Clock Path Skew:        1.967ns (DCD - SCD - CPR)
    Destination Clock Delay (DCD):    1.967ns
    Source Clock Delay      (SCD):    0.000ns
    Clock Pessimism Removal (CPR):    -0.000ns
  Clock Net Delay (Destination): 1.321ns (routing 0.616ns, distribution 0.705ns)
  Timing Exception:       False Path

    Location             Delay type                Incr(ns)  Path(ns)    Netlist Resource(s)
  -------------------------------------------------------------------    -------------------
    AK14                                              0.000     0.000 f  reset_fifos (IN)
                         net (fo=0)                   0.000     0.000    reset_fifos_IBUF_inst/I
    AK14                 INBUF (Prop_INBUF_HPIOB_S_PAD_O)
                                                      0.148     0.148 f  reset_fifos_IBUF_inst/INBUF_INST/O
                         net (fo=1, routed)           0.000     0.148    reset_fifos_IBUF_inst/OUT
    AK14                 IBUFCTRL (Prop_IBUFCTRL_HPIOB_S_I_O)
                                                      0.000     0.148 f  reset_fifos_IBUF_inst/IBUFCTRL_INST/O
                         net (fo=8, routed)           0.918     1.066    Output_FIFO_inst[1].output_fifo/inst/gen_fifo.xpm_fifo_axis_inst/s_aresetn
    SLICE_X44Y96         LUT1 (Prop_H6LUT_SLICEL_I0_O)
                                                      0.041     1.107 r  Output_FIFO_inst[1].output_fifo/inst/gen_fifo.xpm_fifo_axis_inst/gaxis_rst_sync.xpm_cdc_sync_rst_inst_i_1/O
                         net (fo=1, routed)           0.015     1.122    Output_FIFO_inst[1].output_fifo/inst/gen_fifo.xpm_fifo_axis_inst/gaxis_rst_sync.xpm_cdc_sync_rst_inst/src_rst
    SLICE_X44Y96         FDRE                                         r  Output_FIFO_inst[1].output_fifo/inst/gen_fifo.xpm_fifo_axis_inst/gaxis_rst_sync.xpm_cdc_sync_rst_inst/syncstages_ff_reg[0]/D
  -------------------------------------------------------------------    -------------------

                         (clock clk rise edge)        0.000     0.000 r  
    AN11                                              0.000     0.000 r  clk (IN)
                         net (fo=0)                   0.000     0.000    clk_IBUF_inst/I
    AN11                 INBUF (Prop_INBUF_HPIOB_M_PAD_O)
                                                      0.392     0.392 r  clk_IBUF_inst/INBUF_INST/O
                         net (fo=1, routed)           0.000     0.392    clk_IBUF_inst/OUT
    AN11                 IBUFCTRL (Prop_IBUFCTRL_HPIOB_M_I_O)
                                                      0.000     0.392 r  clk_IBUF_inst/IBUFCTRL_INST/O
                         net (fo=1, routed)           0.235     0.627    clk_IBUF
    BUFGCE_X0Y24         BUFGCE (Prop_BUFCE_BUFGCE_I_O)
                                                      0.019     0.646 r  clk_IBUF_BUFG_inst/O
    X1Y1 (CLOCK_ROOT)    net (fo=3239, routed)        1.321     1.967    Output_FIFO_inst[1].output_fifo/inst/gen_fifo.xpm_fifo_axis_inst/gaxis_rst_sync.xpm_cdc_sync_rst_inst/dest_clk
    SLICE_X44Y96         FDRE                                         r  Output_FIFO_inst[1].output_fifo/inst/gen_fifo.xpm_fifo_axis_inst/gaxis_rst_sync.xpm_cdc_sync_rst_inst/syncstages_ff_reg[0]/C

Slack:                    inf
  Source:                 end_of_frame
                            (input port)
  Destination:            input_fifo_1/inst/gen_fifo.xpm_fifo_axis_inst/xpm_fifo_base_inst/gen_sdpram.xpm_memory_base_inst/gen_wr_a.gen_word_narrow.mem_reg_bram_3/DINADIN[5]
                            (rising edge-triggered cell RAMB36E2 clocked by clk  {rise@0.000ns fall@2.500ns period=5.000ns})
  Path Group:             (none)
  Path Type:              Hold (Min at Fast Process Corner)
  Data Path Delay:        1.159ns  (logic 0.175ns (15.085%)  route 0.984ns (84.915%))
  Logic Levels:           2  (IBUFCTRL=1 INBUF=1)
  Clock Path Skew:        1.950ns (DCD - SCD - CPR)
    Destination Clock Delay (DCD):    1.950ns
    Source Clock Delay      (SCD):    0.000ns
    Clock Pessimism Removal (CPR):    -0.000ns
  Clock Net Delay (Destination): 1.304ns (routing 0.616ns, distribution 0.688ns)
  Timing Exception:       False Path

    Location             Delay type                Incr(ns)  Path(ns)    Netlist Resource(s)
  -------------------------------------------------------------------    -------------------
    AG12                                              0.000     0.000 r  end_of_frame (IN)
                         net (fo=0)                   0.000     0.000    end_of_frame_IBUF_inst/I
    AG12                 INBUF (Prop_INBUF_HPIOB_M_PAD_O)
                                                      0.175     0.175 r  end_of_frame_IBUF_inst/INBUF_INST/O
                         net (fo=1, routed)           0.000     0.175    end_of_frame_IBUF_inst/OUT
    AG12                 IBUFCTRL (Prop_IBUFCTRL_HPIOB_M_I_O)
                                                      0.000     0.175 r  end_of_frame_IBUF_inst/IBUFCTRL_INST/O
                         net (fo=4, routed)           0.984     1.159    input_fifo_1/inst/gen_fifo.xpm_fifo_axis_inst/xpm_fifo_base_inst/gen_sdpram.xpm_memory_base_inst/dina[43]
    RAMB36_X3Y18         RAMB36E2                                     r  input_fifo_1/inst/gen_fifo.xpm_fifo_axis_inst/xpm_fifo_base_inst/gen_sdpram.xpm_memory_base_inst/gen_wr_a.gen_word_narrow.mem_reg_bram_3/DINADIN[5]
  -------------------------------------------------------------------    -------------------

                         (clock clk rise edge)        0.000     0.000 r  
    AN11                                              0.000     0.000 r  clk (IN)
                         net (fo=0)                   0.000     0.000    clk_IBUF_inst/I
    AN11                 INBUF (Prop_INBUF_HPIOB_M_PAD_O)
                                                      0.392     0.392 r  clk_IBUF_inst/INBUF_INST/O
                         net (fo=1, routed)           0.000     0.392    clk_IBUF_inst/OUT
    AN11                 IBUFCTRL (Prop_IBUFCTRL_HPIOB_M_I_O)
                                                      0.000     0.392 r  clk_IBUF_inst/IBUFCTRL_INST/O
                         net (fo=1, routed)           0.235     0.627    clk_IBUF
    BUFGCE_X0Y24         BUFGCE (Prop_BUFCE_BUFGCE_I_O)
                                                      0.019     0.646 r  clk_IBUF_BUFG_inst/O
    X1Y1 (CLOCK_ROOT)    net (fo=3239, routed)        1.304     1.950    input_fifo_1/inst/gen_fifo.xpm_fifo_axis_inst/xpm_fifo_base_inst/gen_sdpram.xpm_memory_base_inst/clka
    RAMB36_X3Y18         RAMB36E2                                     r  input_fifo_1/inst/gen_fifo.xpm_fifo_axis_inst/xpm_fifo_base_inst/gen_sdpram.xpm_memory_base_inst/gen_wr_a.gen_word_narrow.mem_reg_bram_3/CLKARDCLK

Slack:                    inf
  Source:                 reset_fifos
                            (input port)
  Destination:            input_fifo_1/inst/gen_fifo.xpm_fifo_axis_inst/gaxis_rst_sync.xpm_cdc_sync_rst_inst/syncstages_ff_reg[0]/D
                            (rising edge-triggered cell FDRE clocked by clk  {rise@0.000ns fall@2.500ns period=5.000ns})
  Path Group:             (none)
  Path Type:              Hold (Min at Fast Process Corner)
  Data Path Delay:        1.228ns  (logic 0.172ns (13.985%)  route 1.056ns (86.015%))
  Logic Levels:           3  (IBUFCTRL=1 INBUF=1 LUT1=1)
  Clock Path Skew:        1.888ns (DCD - SCD - CPR)
    Destination Clock Delay (DCD):    1.888ns
    Source Clock Delay      (SCD):    0.000ns
    Clock Pessimism Removal (CPR):    -0.000ns
  Clock Net Delay (Destination): 1.242ns (routing 0.616ns, distribution 0.626ns)
  Timing Exception:       False Path

    Location             Delay type                Incr(ns)  Path(ns)    Netlist Resource(s)
  -------------------------------------------------------------------    -------------------
    AK14                                              0.000     0.000 f  reset_fifos (IN)
                         net (fo=0)                   0.000     0.000    reset_fifos_IBUF_inst/I
    AK14                 INBUF (Prop_INBUF_HPIOB_S_PAD_O)
                                                      0.148     0.148 f  reset_fifos_IBUF_inst/INBUF_INST/O
                         net (fo=1, routed)           0.000     0.148    reset_fifos_IBUF_inst/OUT
    AK14                 IBUFCTRL (Prop_IBUFCTRL_HPIOB_S_I_O)
                                                      0.000     0.148 f  reset_fifos_IBUF_inst/IBUFCTRL_INST/O
                         net (fo=8, routed)           1.047     1.195    input_fifo_1/inst/gen_fifo.xpm_fifo_axis_inst/s_aresetn
    SLICE_X35Y98         LUT1 (Prop_D5LUT_SLICEM_I0_O)
                                                      0.024     1.219 r  input_fifo_1/inst/gen_fifo.xpm_fifo_axis_inst/gaxis_rst_sync.xpm_cdc_sync_rst_inst_i_1/O
                         net (fo=1, routed)           0.009     1.228    input_fifo_1/inst/gen_fifo.xpm_fifo_axis_inst/gaxis_rst_sync.xpm_cdc_sync_rst_inst/src_rst
    SLICE_X35Y98         FDRE                                         r  input_fifo_1/inst/gen_fifo.xpm_fifo_axis_inst/gaxis_rst_sync.xpm_cdc_sync_rst_inst/syncstages_ff_reg[0]/D
  -------------------------------------------------------------------    -------------------

                         (clock clk rise edge)        0.000     0.000 r  
    AN11                                              0.000     0.000 r  clk (IN)
                         net (fo=0)                   0.000     0.000    clk_IBUF_inst/I
    AN11                 INBUF (Prop_INBUF_HPIOB_M_PAD_O)
                                                      0.392     0.392 r  clk_IBUF_inst/INBUF_INST/O
                         net (fo=1, routed)           0.000     0.392    clk_IBUF_inst/OUT
    AN11                 IBUFCTRL (Prop_IBUFCTRL_HPIOB_M_I_O)
                                                      0.000     0.392 r  clk_IBUF_inst/IBUFCTRL_INST/O
                         net (fo=1, routed)           0.235     0.627    clk_IBUF
    BUFGCE_X0Y24         BUFGCE (Prop_BUFCE_BUFGCE_I_O)
                                                      0.019     0.646 r  clk_IBUF_BUFG_inst/O
    X1Y1 (CLOCK_ROOT)    net (fo=3239, routed)        1.242     1.888    input_fifo_1/inst/gen_fifo.xpm_fifo_axis_inst/gaxis_rst_sync.xpm_cdc_sync_rst_inst/dest_clk
    SLICE_X35Y98         FDRE                                         r  input_fifo_1/inst/gen_fifo.xpm_fifo_axis_inst/gaxis_rst_sync.xpm_cdc_sync_rst_inst/syncstages_ff_reg[0]/C

Slack:                    inf
  Source:                 data_in[27]
                            (input port)
  Destination:            input_fifo_3/inst/gen_fifo.xpm_fifo_axis_inst/xpm_fifo_base_inst/gen_sdpram.xpm_memory_base_inst/gen_wr_a.gen_word_narrow.mem_reg_bram_3/DINADIN[0]
                            (rising edge-triggered cell RAMB36E2 clocked by clk  {rise@0.000ns fall@2.500ns period=5.000ns})
  Path Group:             (none)
  Path Type:              Hold (Min at Fast Process Corner)
  Data Path Delay:        1.305ns  (logic 0.246ns (18.880%)  route 1.059ns (81.120%))
  Logic Levels:           2  (IBUFCTRL=1 INBUF=1)
  Clock Path Skew:        2.007ns (DCD - SCD - CPR)
    Destination Clock Delay (DCD):    2.007ns
    Source Clock Delay      (SCD):    0.000ns
    Clock Pessimism Removal (CPR):    -0.000ns
  Clock Net Delay (Destination): 1.361ns (routing 0.616ns, distribution 0.745ns)
  Timing Exception:       False Path

    Location             Delay type                Incr(ns)  Path(ns)    Netlist Resource(s)
  -------------------------------------------------------------------    -------------------
    J10                                               0.000     0.000 r  data_in[27] (IN)
                         net (fo=0)                   0.000     0.000    data_in_IBUF[27]_inst/I
    J10                  INBUF (Prop_INBUF_HPIOB_S_PAD_O)
                                                      0.246     0.246 r  data_in_IBUF[27]_inst/INBUF_INST/O
                         net (fo=1, routed)           0.000     0.246    data_in_IBUF[27]_inst/OUT
    J10                  IBUFCTRL (Prop_IBUFCTRL_HPIOB_S_I_O)
                                                      0.000     0.246 r  data_in_IBUF[27]_inst/IBUFCTRL_INST/O
                         net (fo=4, routed)           1.059     1.305    input_fifo_3/inst/gen_fifo.xpm_fifo_axis_inst/xpm_fifo_base_inst/gen_sdpram.xpm_memory_base_inst/dina[27]
    RAMB36_X3Y44         RAMB36E2                                     r  input_fifo_3/inst/gen_fifo.xpm_fifo_axis_inst/xpm_fifo_base_inst/gen_sdpram.xpm_memory_base_inst/gen_wr_a.gen_word_narrow.mem_reg_bram_3/DINADIN[0]
  -------------------------------------------------------------------    -------------------

                         (clock clk rise edge)        0.000     0.000 r  
    AN11                                              0.000     0.000 r  clk (IN)
                         net (fo=0)                   0.000     0.000    clk_IBUF_inst/I
    AN11                 INBUF (Prop_INBUF_HPIOB_M_PAD_O)
                                                      0.392     0.392 r  clk_IBUF_inst/INBUF_INST/O
                         net (fo=1, routed)           0.000     0.392    clk_IBUF_inst/OUT
    AN11                 IBUFCTRL (Prop_IBUFCTRL_HPIOB_M_I_O)
                                                      0.000     0.392 r  clk_IBUF_inst/IBUFCTRL_INST/O
                         net (fo=1, routed)           0.235     0.627    clk_IBUF
    BUFGCE_X0Y24         BUFGCE (Prop_BUFCE_BUFGCE_I_O)
                                                      0.019     0.646 r  clk_IBUF_BUFG_inst/O
    X1Y1 (CLOCK_ROOT)    net (fo=3239, routed)        1.361     2.007    input_fifo_3/inst/gen_fifo.xpm_fifo_axis_inst/xpm_fifo_base_inst/gen_sdpram.xpm_memory_base_inst/clka
    RAMB36_X3Y44         RAMB36E2                                     r  input_fifo_3/inst/gen_fifo.xpm_fifo_axis_inst/xpm_fifo_base_inst/gen_sdpram.xpm_memory_base_inst/gen_wr_a.gen_word_narrow.mem_reg_bram_3/CLKARDCLK

Slack:                    inf
  Source:                 end_of_frame
                            (input port)
  Destination:            input_fifo_2/inst/gen_fifo.xpm_fifo_axis_inst/xpm_fifo_base_inst/gen_sdpram.xpm_memory_base_inst/gen_wr_a.gen_word_narrow.mem_reg_bram_3/DINADIN[5]
                            (rising edge-triggered cell RAMB36E2 clocked by clk  {rise@0.000ns fall@2.500ns period=5.000ns})
  Path Group:             (none)
  Path Type:              Hold (Min at Fast Process Corner)
  Data Path Delay:        1.311ns  (logic 0.175ns (13.336%)  route 1.136ns (86.664%))
  Logic Levels:           2  (IBUFCTRL=1 INBUF=1)
  Clock Path Skew:        1.988ns (DCD - SCD - CPR)
    Destination Clock Delay (DCD):    1.988ns
    Source Clock Delay      (SCD):    0.000ns
    Clock Pessimism Removal (CPR):    -0.000ns
  Clock Net Delay (Destination): 1.342ns (routing 0.616ns, distribution 0.726ns)
  Timing Exception:       False Path

    Location             Delay type                Incr(ns)  Path(ns)    Netlist Resource(s)
  -------------------------------------------------------------------    -------------------
    AG12                                              0.000     0.000 r  end_of_frame (IN)
                         net (fo=0)                   0.000     0.000    end_of_frame_IBUF_inst/I
    AG12                 INBUF (Prop_INBUF_HPIOB_M_PAD_O)
                                                      0.175     0.175 r  end_of_frame_IBUF_inst/INBUF_INST/O
                         net (fo=1, routed)           0.000     0.175    end_of_frame_IBUF_inst/OUT
    AG12                 IBUFCTRL (Prop_IBUFCTRL_HPIOB_M_I_O)
                                                      0.000     0.175 r  end_of_frame_IBUF_inst/IBUFCTRL_INST/O
                         net (fo=4, routed)           1.136     1.311    input_fifo_2/inst/gen_fifo.xpm_fifo_axis_inst/xpm_fifo_base_inst/gen_sdpram.xpm_memory_base_inst/dina[43]
    RAMB36_X3Y29         RAMB36E2                                     r  input_fifo_2/inst/gen_fifo.xpm_fifo_axis_inst/xpm_fifo_base_inst/gen_sdpram.xpm_memory_base_inst/gen_wr_a.gen_word_narrow.mem_reg_bram_3/DINADIN[5]
  -------------------------------------------------------------------    -------------------

                         (clock clk rise edge)        0.000     0.000 r  
    AN11                                              0.000     0.000 r  clk (IN)
                         net (fo=0)                   0.000     0.000    clk_IBUF_inst/I
    AN11                 INBUF (Prop_INBUF_HPIOB_M_PAD_O)
                                                      0.392     0.392 r  clk_IBUF_inst/INBUF_INST/O
                         net (fo=1, routed)           0.000     0.392    clk_IBUF_inst/OUT
    AN11                 IBUFCTRL (Prop_IBUFCTRL_HPIOB_M_I_O)
                                                      0.000     0.392 r  clk_IBUF_inst/IBUFCTRL_INST/O
                         net (fo=1, routed)           0.235     0.627    clk_IBUF
    BUFGCE_X0Y24         BUFGCE (Prop_BUFCE_BUFGCE_I_O)
                                                      0.019     0.646 r  clk_IBUF_BUFG_inst/O
    X1Y1 (CLOCK_ROOT)    net (fo=3239, routed)        1.342     1.988    input_fifo_2/inst/gen_fifo.xpm_fifo_axis_inst/xpm_fifo_base_inst/gen_sdpram.xpm_memory_base_inst/clka
    RAMB36_X3Y29         RAMB36E2                                     r  input_fifo_2/inst/gen_fifo.xpm_fifo_axis_inst/xpm_fifo_base_inst/gen_sdpram.xpm_memory_base_inst/gen_wr_a.gen_word_narrow.mem_reg_bram_3/CLKARDCLK

Slack:                    inf
  Source:                 data_in[17]
                            (input port)
  Destination:            input_fifo_3/inst/gen_fifo.xpm_fifo_axis_inst/xpm_fifo_base_inst/gen_sdpram.xpm_memory_base_inst/gen_wr_a.gen_word_narrow.mem_reg_bram_1/DINPADINP[1]
                            (rising edge-triggered cell RAMB36E2 clocked by clk  {rise@0.000ns fall@2.500ns period=5.000ns})
  Path Group:             (none)
  Path Type:              Hold (Min at Fast Process Corner)
  Data Path Delay:        1.319ns  (logic 0.254ns (19.272%)  route 1.065ns (80.728%))
  Logic Levels:           2  (IBUFCTRL=1 INBUF=1)
  Clock Path Skew:        2.010ns (DCD - SCD - CPR)
    Destination Clock Delay (DCD):    2.010ns
    Source Clock Delay      (SCD):    0.000ns
    Clock Pessimism Removal (CPR):    -0.000ns
  Clock Net Delay (Destination): 1.364ns (routing 0.616ns, distribution 0.748ns)
  Timing Exception:       False Path

    Location             Delay type                Incr(ns)  Path(ns)    Netlist Resource(s)
  -------------------------------------------------------------------    -------------------
    E12                                               0.000     0.000 r  data_in[17] (IN)
                         net (fo=0)                   0.000     0.000    data_in_IBUF[17]_inst/I
    E12                  INBUF (Prop_INBUF_HPIOB_S_PAD_O)
                                                      0.254     0.254 r  data_in_IBUF[17]_inst/INBUF_INST/O
                         net (fo=1, routed)           0.000     0.254    data_in_IBUF[17]_inst/OUT
    E12                  IBUFCTRL (Prop_IBUFCTRL_HPIOB_S_I_O)
                                                      0.000     0.254 r  data_in_IBUF[17]_inst/IBUFCTRL_INST/O
                         net (fo=8, routed)           1.065     1.319    input_fifo_3/inst/gen_fifo.xpm_fifo_axis_inst/xpm_fifo_base_inst/gen_sdpram.xpm_memory_base_inst/dina[17]
    RAMB36_X3Y43         RAMB36E2                                     r  input_fifo_3/inst/gen_fifo.xpm_fifo_axis_inst/xpm_fifo_base_inst/gen_sdpram.xpm_memory_base_inst/gen_wr_a.gen_word_narrow.mem_reg_bram_1/DINPADINP[1]
  -------------------------------------------------------------------    -------------------

                         (clock clk rise edge)        0.000     0.000 r  
    AN11                                              0.000     0.000 r  clk (IN)
                         net (fo=0)                   0.000     0.000    clk_IBUF_inst/I
    AN11                 INBUF (Prop_INBUF_HPIOB_M_PAD_O)
                                                      0.392     0.392 r  clk_IBUF_inst/INBUF_INST/O
                         net (fo=1, routed)           0.000     0.392    clk_IBUF_inst/OUT
    AN11                 IBUFCTRL (Prop_IBUFCTRL_HPIOB_M_I_O)
                                                      0.000     0.392 r  clk_IBUF_inst/IBUFCTRL_INST/O
                         net (fo=1, routed)           0.235     0.627    clk_IBUF
    BUFGCE_X0Y24         BUFGCE (Prop_BUFCE_BUFGCE_I_O)
                                                      0.019     0.646 r  clk_IBUF_BUFG_inst/O
    X1Y1 (CLOCK_ROOT)    net (fo=3239, routed)        1.364     2.010    input_fifo_3/inst/gen_fifo.xpm_fifo_axis_inst/xpm_fifo_base_inst/gen_sdpram.xpm_memory_base_inst/clka
    RAMB36_X3Y43         RAMB36E2                                     r  input_fifo_3/inst/gen_fifo.xpm_fifo_axis_inst/xpm_fifo_base_inst/gen_sdpram.xpm_memory_base_inst/gen_wr_a.gen_word_narrow.mem_reg_bram_1/CLKARDCLK

Slack:                    inf
  Source:                 data_in_ready
                            (input port)
  Destination:            Output_FIFO_inst[1].output_fifo/inst/gen_fifo.xpm_fifo_axis_inst/gaxis_pkt_fifo_cc.axis_pkt_cnt_reg[4]/D
                            (rising edge-triggered cell FDRE clocked by clk  {rise@0.000ns fall@2.500ns period=5.000ns})
  Path Group:             (none)
  Path Type:              Hold (Min at Fast Process Corner)
  Data Path Delay:        1.322ns  (logic 0.188ns (14.207%)  route 1.134ns (85.793%))
  Logic Levels:           4  (CARRY8=1 IBUFCTRL=1 INBUF=1 LUT6=1)
  Clock Path Skew:        1.968ns (DCD - SCD - CPR)
    Destination Clock Delay (DCD):    1.968ns
    Source Clock Delay      (SCD):    0.000ns
    Clock Pessimism Removal (CPR):    -0.000ns
  Clock Net Delay (Destination): 1.322ns (routing 0.616ns, distribution 0.706ns)
  Timing Exception:       False Path

    Location             Delay type                Incr(ns)  Path(ns)    Netlist Resource(s)
  -------------------------------------------------------------------    -------------------
    AH13                                              0.000     0.000 r  data_in_ready (IN)
                         net (fo=0)                   0.000     0.000    data_in_ready_IBUF_inst/I
    AH13                 INBUF (Prop_INBUF_HPIOB_M_PAD_O)
                                                      0.148     0.148 r  data_in_ready_IBUF_inst/INBUF_INST/O
                         net (fo=1, routed)           0.000     0.148    data_in_ready_IBUF_inst/OUT
    AH13                 IBUFCTRL (Prop_IBUFCTRL_HPIOB_M_I_O)
                                                      0.000     0.148 r  data_in_ready_IBUF_inst/IBUFCTRL_INST/O
                         net (fo=136, routed)         1.116     1.264    Output_FIFO_inst[1].output_fifo/inst/gen_fifo.xpm_fifo_axis_inst/m_axis_tready
    SLICE_X48Y81         LUT6 (Prop_E6LUT_SLICEM_I0_O)
                                                      0.022     1.286 r  Output_FIFO_inst[1].output_fifo/inst/gen_fifo.xpm_fifo_axis_inst/gaxis_pkt_fifo_cc.axis_pkt_cnt[0]_i_6/O
                         net (fo=1, routed)           0.011     1.297    Output_FIFO_inst[1].output_fifo/inst/gen_fifo.xpm_fifo_axis_inst/gaxis_pkt_fifo_cc.axis_pkt_cnt[0]_i_6_n_0
    SLICE_X48Y81         CARRY8 (Prop_CARRY8_SLICEM_S[4]_O[4])
                                                      0.018     1.315 r  Output_FIFO_inst[1].output_fifo/inst/gen_fifo.xpm_fifo_axis_inst/gaxis_pkt_fifo_cc.axis_pkt_cnt_reg[0]_i_2/O[4]
                         net (fo=1, routed)           0.007     1.322    Output_FIFO_inst[1].output_fifo/inst/gen_fifo.xpm_fifo_axis_inst/gaxis_pkt_fifo_cc.axis_pkt_cnt_reg[0]_i_2_n_11
    SLICE_X48Y81         FDRE                                         r  Output_FIFO_inst[1].output_fifo/inst/gen_fifo.xpm_fifo_axis_inst/gaxis_pkt_fifo_cc.axis_pkt_cnt_reg[4]/D
  -------------------------------------------------------------------    -------------------

                         (clock clk rise edge)        0.000     0.000 r  
    AN11                                              0.000     0.000 r  clk (IN)
                         net (fo=0)                   0.000     0.000    clk_IBUF_inst/I
    AN11                 INBUF (Prop_INBUF_HPIOB_M_PAD_O)
                                                      0.392     0.392 r  clk_IBUF_inst/INBUF_INST/O
                         net (fo=1, routed)           0.000     0.392    clk_IBUF_inst/OUT
    AN11                 IBUFCTRL (Prop_IBUFCTRL_HPIOB_M_I_O)
                                                      0.000     0.392 r  clk_IBUF_inst/IBUFCTRL_INST/O
                         net (fo=1, routed)           0.235     0.627    clk_IBUF
    BUFGCE_X0Y24         BUFGCE (Prop_BUFCE_BUFGCE_I_O)
                                                      0.019     0.646 r  clk_IBUF_BUFG_inst/O
    X1Y1 (CLOCK_ROOT)    net (fo=3239, routed)        1.322     1.968    Output_FIFO_inst[1].output_fifo/inst/gen_fifo.xpm_fifo_axis_inst/s_aclk
    SLICE_X48Y81         FDRE                                         r  Output_FIFO_inst[1].output_fifo/inst/gen_fifo.xpm_fifo_axis_inst/gaxis_pkt_fifo_cc.axis_pkt_cnt_reg[4]/C

Slack:                    inf
  Source:                 data_in_ready
                            (input port)
  Destination:            Output_FIFO_inst[1].output_fifo/inst/gen_fifo.xpm_fifo_axis_inst/gaxis_pkt_fifo_cc.axis_pkt_cnt_reg[20]/D
                            (rising edge-triggered cell FDRE clocked by clk  {rise@0.000ns fall@2.500ns period=5.000ns})
  Path Group:             (none)
  Path Type:              Hold (Min at Fast Process Corner)
  Data Path Delay:        1.324ns  (logic 0.188ns (14.186%)  route 1.136ns (85.814%))
  Logic Levels:           4  (CARRY8=1 IBUFCTRL=1 INBUF=1 LUT6=1)
  Clock Path Skew:        1.967ns (DCD - SCD - CPR)
    Destination Clock Delay (DCD):    1.967ns
    Source Clock Delay      (SCD):    0.000ns
    Clock Pessimism Removal (CPR):    -0.000ns
  Clock Net Delay (Destination): 1.321ns (routing 0.616ns, distribution 0.705ns)
  Timing Exception:       False Path

    Location             Delay type                Incr(ns)  Path(ns)    Netlist Resource(s)
  -------------------------------------------------------------------    -------------------
    AH13                                              0.000     0.000 r  data_in_ready (IN)
                         net (fo=0)                   0.000     0.000    data_in_ready_IBUF_inst/I
    AH13                 INBUF (Prop_INBUF_HPIOB_M_PAD_O)
                                                      0.148     0.148 r  data_in_ready_IBUF_inst/INBUF_INST/O
                         net (fo=1, routed)           0.000     0.148    data_in_ready_IBUF_inst/OUT
    AH13                 IBUFCTRL (Prop_IBUFCTRL_HPIOB_M_I_O)
                                                      0.000     0.148 r  data_in_ready_IBUF_inst/IBUFCTRL_INST/O
                         net (fo=136, routed)         1.118     1.266    Output_FIFO_inst[1].output_fifo/inst/gen_fifo.xpm_fifo_axis_inst/m_axis_tready
    SLICE_X48Y83         LUT6 (Prop_E6LUT_SLICEM_I0_O)
                                                      0.022     1.288 r  Output_FIFO_inst[1].output_fifo/inst/gen_fifo.xpm_fifo_axis_inst/gaxis_pkt_fifo_cc.axis_pkt_cnt[16]_i_5/O
                         net (fo=1, routed)           0.011     1.299    Output_FIFO_inst[1].output_fifo/inst/gen_fifo.xpm_fifo_axis_inst/gaxis_pkt_fifo_cc.axis_pkt_cnt[16]_i_5_n_0
    SLICE_X48Y83         CARRY8 (Prop_CARRY8_SLICEM_S[4]_O[4])
                                                      0.018     1.317 r  Output_FIFO_inst[1].output_fifo/inst/gen_fifo.xpm_fifo_axis_inst/gaxis_pkt_fifo_cc.axis_pkt_cnt_reg[16]_i_1/O[4]
                         net (fo=1, routed)           0.007     1.324    Output_FIFO_inst[1].output_fifo/inst/gen_fifo.xpm_fifo_axis_inst/gaxis_pkt_fifo_cc.axis_pkt_cnt_reg[16]_i_1_n_11
    SLICE_X48Y83         FDRE                                         r  Output_FIFO_inst[1].output_fifo/inst/gen_fifo.xpm_fifo_axis_inst/gaxis_pkt_fifo_cc.axis_pkt_cnt_reg[20]/D
  -------------------------------------------------------------------    -------------------

                         (clock clk rise edge)        0.000     0.000 r  
    AN11                                              0.000     0.000 r  clk (IN)
                         net (fo=0)                   0.000     0.000    clk_IBUF_inst/I
    AN11                 INBUF (Prop_INBUF_HPIOB_M_PAD_O)
                                                      0.392     0.392 r  clk_IBUF_inst/INBUF_INST/O
                         net (fo=1, routed)           0.000     0.392    clk_IBUF_inst/OUT
    AN11                 IBUFCTRL (Prop_IBUFCTRL_HPIOB_M_I_O)
                                                      0.000     0.392 r  clk_IBUF_inst/IBUFCTRL_INST/O
                         net (fo=1, routed)           0.235     0.627    clk_IBUF
    BUFGCE_X0Y24         BUFGCE (Prop_BUFCE_BUFGCE_I_O)
                                                      0.019     0.646 r  clk_IBUF_BUFG_inst/O
    X1Y1 (CLOCK_ROOT)    net (fo=3239, routed)        1.321     1.967    Output_FIFO_inst[1].output_fifo/inst/gen_fifo.xpm_fifo_axis_inst/s_aclk
    SLICE_X48Y83         FDRE                                         r  Output_FIFO_inst[1].output_fifo/inst/gen_fifo.xpm_fifo_axis_inst/gaxis_pkt_fifo_cc.axis_pkt_cnt_reg[20]/C

Slack:                    inf
  Source:                 data_in_ready
                            (input port)
  Destination:            Output_FIFO_inst[1].output_fifo/inst/gen_fifo.xpm_fifo_axis_inst/gaxis_pkt_fifo_cc.axis_pkt_cnt_reg[21]/D
                            (rising edge-triggered cell FDRE clocked by clk  {rise@0.000ns fall@2.500ns period=5.000ns})
  Path Group:             (none)
  Path Type:              Hold (Min at Fast Process Corner)
  Data Path Delay:        1.327ns  (logic 0.189ns (14.229%)  route 1.138ns (85.771%))
  Logic Levels:           4  (CARRY8=1 IBUFCTRL=1 INBUF=1 LUT6=1)
  Clock Path Skew:        1.967ns (DCD - SCD - CPR)
    Destination Clock Delay (DCD):    1.967ns
    Source Clock Delay      (SCD):    0.000ns
    Clock Pessimism Removal (CPR):    -0.000ns
  Clock Net Delay (Destination): 1.321ns (routing 0.616ns, distribution 0.705ns)
  Timing Exception:       False Path

    Location             Delay type                Incr(ns)  Path(ns)    Netlist Resource(s)
  -------------------------------------------------------------------    -------------------
    AH13                                              0.000     0.000 r  data_in_ready (IN)
                         net (fo=0)                   0.000     0.000    data_in_ready_IBUF_inst/I
    AH13                 INBUF (Prop_INBUF_HPIOB_M_PAD_O)
                                                      0.148     0.148 r  data_in_ready_IBUF_inst/INBUF_INST/O
                         net (fo=1, routed)           0.000     0.148    data_in_ready_IBUF_inst/OUT
    AH13                 IBUFCTRL (Prop_IBUFCTRL_HPIOB_M_I_O)
                                                      0.000     0.148 r  data_in_ready_IBUF_inst/IBUFCTRL_INST/O
                         net (fo=136, routed)         1.116     1.264    Output_FIFO_inst[1].output_fifo/inst/gen_fifo.xpm_fifo_axis_inst/m_axis_tready
    SLICE_X48Y83         LUT6 (Prop_F6LUT_SLICEM_I0_O)
                                                      0.022     1.286 r  Output_FIFO_inst[1].output_fifo/inst/gen_fifo.xpm_fifo_axis_inst/gaxis_pkt_fifo_cc.axis_pkt_cnt[16]_i_4/O
                         net (fo=1, routed)           0.015     1.301    Output_FIFO_inst[1].output_fifo/inst/gen_fifo.xpm_fifo_axis_inst/gaxis_pkt_fifo_cc.axis_pkt_cnt[16]_i_4_n_0
    SLICE_X48Y83         CARRY8 (Prop_CARRY8_SLICEM_S[5]_O[5])
                                                      0.019     1.320 r  Output_FIFO_inst[1].output_fifo/inst/gen_fifo.xpm_fifo_axis_inst/gaxis_pkt_fifo_cc.axis_pkt_cnt_reg[16]_i_1/O[5]
                         net (fo=1, routed)           0.007     1.327    Output_FIFO_inst[1].output_fifo/inst/gen_fifo.xpm_fifo_axis_inst/gaxis_pkt_fifo_cc.axis_pkt_cnt_reg[16]_i_1_n_10
    SLICE_X48Y83         FDRE                                         r  Output_FIFO_inst[1].output_fifo/inst/gen_fifo.xpm_fifo_axis_inst/gaxis_pkt_fifo_cc.axis_pkt_cnt_reg[21]/D
  -------------------------------------------------------------------    -------------------

                         (clock clk rise edge)        0.000     0.000 r  
    AN11                                              0.000     0.000 r  clk (IN)
                         net (fo=0)                   0.000     0.000    clk_IBUF_inst/I
    AN11                 INBUF (Prop_INBUF_HPIOB_M_PAD_O)
                                                      0.392     0.392 r  clk_IBUF_inst/INBUF_INST/O
                         net (fo=1, routed)           0.000     0.392    clk_IBUF_inst/OUT
    AN11                 IBUFCTRL (Prop_IBUFCTRL_HPIOB_M_I_O)
                                                      0.000     0.392 r  clk_IBUF_inst/IBUFCTRL_INST/O
                         net (fo=1, routed)           0.235     0.627    clk_IBUF
    BUFGCE_X0Y24         BUFGCE (Prop_BUFCE_BUFGCE_I_O)
                                                      0.019     0.646 r  clk_IBUF_BUFG_inst/O
    X1Y1 (CLOCK_ROOT)    net (fo=3239, routed)        1.321     1.967    Output_FIFO_inst[1].output_fifo/inst/gen_fifo.xpm_fifo_axis_inst/s_aclk
    SLICE_X48Y83         FDRE                                         r  Output_FIFO_inst[1].output_fifo/inst/gen_fifo.xpm_fifo_axis_inst/gaxis_pkt_fifo_cc.axis_pkt_cnt_reg[21]/C

Slack:                    inf
  Source:                 data_in_ready
                            (input port)
  Destination:            Output_FIFO_inst[1].output_fifo/inst/gen_fifo.xpm_fifo_axis_inst/gaxis_pkt_fifo_cc.axis_pkt_cnt_reg[30]/D
                            (rising edge-triggered cell FDRE clocked by clk  {rise@0.000ns fall@2.500ns period=5.000ns})
  Path Group:             (none)
  Path Type:              Hold (Min at Fast Process Corner)
  Data Path Delay:        1.327ns  (logic 0.180ns (13.551%)  route 1.147ns (86.449%))
  Logic Levels:           4  (CARRY8=1 IBUFCTRL=1 INBUF=1 LUT6=1)
  Clock Path Skew:        1.966ns (DCD - SCD - CPR)
    Destination Clock Delay (DCD):    1.966ns
    Source Clock Delay      (SCD):    0.000ns
    Clock Pessimism Removal (CPR):    -0.000ns
  Clock Net Delay (Destination): 1.320ns (routing 0.616ns, distribution 0.704ns)
  Timing Exception:       False Path

    Location             Delay type                Incr(ns)  Path(ns)    Netlist Resource(s)
  -------------------------------------------------------------------    -------------------
    AH13                                              0.000     0.000 r  data_in_ready (IN)
                         net (fo=0)                   0.000     0.000    data_in_ready_IBUF_inst/I
    AH13                 INBUF (Prop_INBUF_HPIOB_M_PAD_O)
                                                      0.148     0.148 r  data_in_ready_IBUF_inst/INBUF_INST/O
                         net (fo=1, routed)           0.000     0.148    data_in_ready_IBUF_inst/OUT
    AH13                 IBUFCTRL (Prop_IBUFCTRL_HPIOB_M_I_O)
                                                      0.000     0.148 r  data_in_ready_IBUF_inst/IBUFCTRL_INST/O
                         net (fo=136, routed)         1.128     1.276    Output_FIFO_inst[1].output_fifo/inst/gen_fifo.xpm_fifo_axis_inst/m_axis_tready
    SLICE_X48Y84         LUT6 (Prop_G6LUT_SLICEM_I0_O)
                                                      0.014     1.290 r  Output_FIFO_inst[1].output_fifo/inst/gen_fifo.xpm_fifo_axis_inst/gaxis_pkt_fifo_cc.axis_pkt_cnt[24]_i_3/O
                         net (fo=1, routed)           0.012     1.302    Output_FIFO_inst[1].output_fifo/inst/gen_fifo.xpm_fifo_axis_inst/gaxis_pkt_fifo_cc.axis_pkt_cnt[24]_i_3_n_0
    SLICE_X48Y84         CARRY8 (Prop_CARRY8_SLICEM_S[6]_O[6])
                                                      0.018     1.320 r  Output_FIFO_inst[1].output_fifo/inst/gen_fifo.xpm_fifo_axis_inst/gaxis_pkt_fifo_cc.axis_pkt_cnt_reg[24]_i_1/O[6]
                         net (fo=1, routed)           0.007     1.327    Output_FIFO_inst[1].output_fifo/inst/gen_fifo.xpm_fifo_axis_inst/gaxis_pkt_fifo_cc.axis_pkt_cnt_reg[24]_i_1_n_9
    SLICE_X48Y84         FDRE                                         r  Output_FIFO_inst[1].output_fifo/inst/gen_fifo.xpm_fifo_axis_inst/gaxis_pkt_fifo_cc.axis_pkt_cnt_reg[30]/D
  -------------------------------------------------------------------    -------------------

                         (clock clk rise edge)        0.000     0.000 r  
    AN11                                              0.000     0.000 r  clk (IN)
                         net (fo=0)                   0.000     0.000    clk_IBUF_inst/I
    AN11                 INBUF (Prop_INBUF_HPIOB_M_PAD_O)
                                                      0.392     0.392 r  clk_IBUF_inst/INBUF_INST/O
                         net (fo=1, routed)           0.000     0.392    clk_IBUF_inst/OUT
    AN11                 IBUFCTRL (Prop_IBUFCTRL_HPIOB_M_I_O)
                                                      0.000     0.392 r  clk_IBUF_inst/IBUFCTRL_INST/O
                         net (fo=1, routed)           0.235     0.627    clk_IBUF
    BUFGCE_X0Y24         BUFGCE (Prop_BUFCE_BUFGCE_I_O)
                                                      0.019     0.646 r  clk_IBUF_BUFG_inst/O
    X1Y1 (CLOCK_ROOT)    net (fo=3239, routed)        1.320     1.966    Output_FIFO_inst[1].output_fifo/inst/gen_fifo.xpm_fifo_axis_inst/s_aclk
    SLICE_X48Y84         FDRE                                         r  Output_FIFO_inst[1].output_fifo/inst/gen_fifo.xpm_fifo_axis_inst/gaxis_pkt_fifo_cc.axis_pkt_cnt_reg[30]/C





--------------------------------------------------------------------------------------
Path Group:  (none)
From Clock:  clk
  To Clock:  clk

Max Delay             4 Endpoints
Min Delay             4 Endpoints
--------------------------------------------------------------------------------------


Max Delay Paths
--------------------------------------------------------------------------------------
Slack:                    inf
  Source:                 Data_controller_inst/reset_cores_reg/C
                            (rising edge-triggered cell FDCE clocked by clk  {rise@0.000ns fall@2.500ns period=5.000ns})
  Destination:            LDPC_core0/inst/STD_OTHER_G.STD_OTHER_I/S_AXI_INITIALIZED_G.NON_5G_CDC_SYNC_RST_I/syncstages_ff_reg[0]/D
                            (rising edge-triggered cell FDRE clocked by clk  {rise@0.000ns fall@2.500ns period=5.000ns})
  Path Group:             (none)
  Path Type:              Setup (Max at Slow Process Corner)
  Data Path Delay:        1.401ns  (logic 0.079ns (5.639%)  route 1.322ns (94.361%))
  Logic Levels:           0  
  Clock Path Skew:        -0.588ns (DCD - SCD + CPR)
    Destination Clock Delay (DCD):    2.465ns
    Source Clock Delay      (SCD):    3.053ns
    Clock Pessimism Removal (CPR):    0.000ns
  Clock Uncertainty:      0.035ns  ((TSJ^2 + TIJ^2)^1/2 + DJ) / 2 + PE
    Total System Jitter     (TSJ):    0.071ns
    Total Input Jitter      (TIJ):    0.000ns
    Discrete Jitter          (DJ):    0.000ns
    Phase Error              (PE):    0.000ns
  Clock Net Delay (Source):      2.117ns (routing 1.026ns, distribution 1.091ns)
  Clock Net Delay (Destination): 1.820ns (routing 0.935ns, distribution 0.885ns)
  Timing Exception:       False Path

    Location             Delay type                Incr(ns)  Path(ns)    Netlist Resource(s)
  -------------------------------------------------------------------    -------------------
                         (clock clk rise edge)        0.000     0.000 r  
    AN11                                              0.000     0.000 r  clk (IN)
                         net (fo=0)                   0.000     0.000    clk_IBUF_inst/I
    AN11                 INBUF (Prop_INBUF_HPIOB_M_PAD_O)
                                                      0.572     0.572 r  clk_IBUF_inst/INBUF_INST/O
                         net (fo=1, routed)           0.000     0.572    clk_IBUF_inst/OUT
    AN11                 IBUFCTRL (Prop_IBUFCTRL_HPIOB_M_I_O)
                                                      0.000     0.572 r  clk_IBUF_inst/IBUFCTRL_INST/O
                         net (fo=1, routed)           0.336     0.908    clk_IBUF
    BUFGCE_X0Y24         BUFGCE (Prop_BUFCE_BUFGCE_I_O)
                                                      0.028     0.936 r  clk_IBUF_BUFG_inst/O
    X1Y1 (CLOCK_ROOT)    net (fo=3239, routed)        2.117     3.053    Data_controller_inst/CLK
    SLICE_X38Y108        FDCE                                         r  Data_controller_inst/reset_cores_reg/C
  -------------------------------------------------------------------    -------------------
    SLICE_X38Y108        FDCE (Prop_EFF_SLICEL_C_Q)
                                                      0.079     3.132 r  Data_controller_inst/reset_cores_reg/Q
                         net (fo=8, routed)           1.322     4.454    LDPC_core0/inst/STD_OTHER_G.STD_OTHER_I/S_AXI_INITIALIZED_G.NON_5G_CDC_SYNC_RST_I/src_rst
    SLICE_X37Y19         FDRE                                         r  LDPC_core0/inst/STD_OTHER_G.STD_OTHER_I/S_AXI_INITIALIZED_G.NON_5G_CDC_SYNC_RST_I/syncstages_ff_reg[0]/D
  -------------------------------------------------------------------    -------------------

                         (clock clk rise edge)        0.000     0.000 r  
    AN11                                              0.000     0.000 r  clk (IN)
                         net (fo=0)                   0.000     0.000    clk_IBUF_inst/I
    AN11                 INBUF (Prop_INBUF_HPIOB_M_PAD_O)
                                                      0.321     0.321 r  clk_IBUF_inst/INBUF_INST/O
                         net (fo=1, routed)           0.000     0.321    clk_IBUF_inst/OUT
    AN11                 IBUFCTRL (Prop_IBUFCTRL_HPIOB_M_I_O)
                                                      0.000     0.321 r  clk_IBUF_inst/IBUFCTRL_INST/O
                         net (fo=1, routed)           0.300     0.621    clk_IBUF
    BUFGCE_X0Y24         BUFGCE (Prop_BUFCE_BUFGCE_I_O)
                                                      0.024     0.645 r  clk_IBUF_BUFG_inst/O
    X1Y1 (CLOCK_ROOT)    net (fo=3239, routed)        1.820     2.465    LDPC_core0/inst/STD_OTHER_G.STD_OTHER_I/S_AXI_INITIALIZED_G.NON_5G_CDC_SYNC_RST_I/dest_clk
    SLICE_X37Y19         FDRE                                         r  LDPC_core0/inst/STD_OTHER_G.STD_OTHER_I/S_AXI_INITIALIZED_G.NON_5G_CDC_SYNC_RST_I/syncstages_ff_reg[0]/C

Slack:                    inf
  Source:                 Data_controller_inst/reset_cores_reg/C
                            (rising edge-triggered cell FDCE clocked by clk  {rise@0.000ns fall@2.500ns period=5.000ns})
  Destination:            LDPC_core3/inst/STD_OTHER_G.STD_OTHER_I/S_AXI_INITIALIZED_G.NON_5G_CDC_SYNC_RST_I/syncstages_ff_reg[0]/D
                            (rising edge-triggered cell FDRE clocked by clk  {rise@0.000ns fall@2.500ns period=5.000ns})
  Path Group:             (none)
  Path Type:              Setup (Max at Slow Process Corner)
  Data Path Delay:        1.379ns  (logic 0.079ns (5.729%)  route 1.300ns (94.271%))
  Logic Levels:           0  
  Clock Path Skew:        -0.530ns (DCD - SCD + CPR)
    Destination Clock Delay (DCD):    2.523ns
    Source Clock Delay      (SCD):    3.053ns
    Clock Pessimism Removal (CPR):    0.000ns
  Clock Uncertainty:      0.035ns  ((TSJ^2 + TIJ^2)^1/2 + DJ) / 2 + PE
    Total System Jitter     (TSJ):    0.071ns
    Total Input Jitter      (TIJ):    0.000ns
    Discrete Jitter          (DJ):    0.000ns
    Phase Error              (PE):    0.000ns
  Clock Net Delay (Source):      2.117ns (routing 1.026ns, distribution 1.091ns)
  Clock Net Delay (Destination): 1.878ns (routing 0.935ns, distribution 0.943ns)
  Timing Exception:       False Path

    Location             Delay type                Incr(ns)  Path(ns)    Netlist Resource(s)
  -------------------------------------------------------------------    -------------------
                         (clock clk rise edge)        0.000     0.000 r  
    AN11                                              0.000     0.000 r  clk (IN)
                         net (fo=0)                   0.000     0.000    clk_IBUF_inst/I
    AN11                 INBUF (Prop_INBUF_HPIOB_M_PAD_O)
                                                      0.572     0.572 r  clk_IBUF_inst/INBUF_INST/O
                         net (fo=1, routed)           0.000     0.572    clk_IBUF_inst/OUT
    AN11                 IBUFCTRL (Prop_IBUFCTRL_HPIOB_M_I_O)
                                                      0.000     0.572 r  clk_IBUF_inst/IBUFCTRL_INST/O
                         net (fo=1, routed)           0.336     0.908    clk_IBUF
    BUFGCE_X0Y24         BUFGCE (Prop_BUFCE_BUFGCE_I_O)
                                                      0.028     0.936 r  clk_IBUF_BUFG_inst/O
    X1Y1 (CLOCK_ROOT)    net (fo=3239, routed)        2.117     3.053    Data_controller_inst/CLK
    SLICE_X38Y108        FDCE                                         r  Data_controller_inst/reset_cores_reg/C
  -------------------------------------------------------------------    -------------------
    SLICE_X38Y108        FDCE (Prop_EFF_SLICEL_C_Q)
                                                      0.079     3.132 r  Data_controller_inst/reset_cores_reg/Q
                         net (fo=8, routed)           1.300     4.432    LDPC_core3/inst/STD_OTHER_G.STD_OTHER_I/S_AXI_INITIALIZED_G.NON_5G_CDC_SYNC_RST_I/src_rst
    SLICE_X37Y189        FDRE                                         r  LDPC_core3/inst/STD_OTHER_G.STD_OTHER_I/S_AXI_INITIALIZED_G.NON_5G_CDC_SYNC_RST_I/syncstages_ff_reg[0]/D
  -------------------------------------------------------------------    -------------------

                         (clock clk rise edge)        0.000     0.000 r  
    AN11                                              0.000     0.000 r  clk (IN)
                         net (fo=0)                   0.000     0.000    clk_IBUF_inst/I
    AN11                 INBUF (Prop_INBUF_HPIOB_M_PAD_O)
                                                      0.321     0.321 r  clk_IBUF_inst/INBUF_INST/O
                         net (fo=1, routed)           0.000     0.321    clk_IBUF_inst/OUT
    AN11                 IBUFCTRL (Prop_IBUFCTRL_HPIOB_M_I_O)
                                                      0.000     0.321 r  clk_IBUF_inst/IBUFCTRL_INST/O
                         net (fo=1, routed)           0.300     0.621    clk_IBUF
    BUFGCE_X0Y24         BUFGCE (Prop_BUFCE_BUFGCE_I_O)
                                                      0.024     0.645 r  clk_IBUF_BUFG_inst/O
    X1Y1 (CLOCK_ROOT)    net (fo=3239, routed)        1.878     2.523    LDPC_core3/inst/STD_OTHER_G.STD_OTHER_I/S_AXI_INITIALIZED_G.NON_5G_CDC_SYNC_RST_I/dest_clk
    SLICE_X37Y189        FDRE                                         r  LDPC_core3/inst/STD_OTHER_G.STD_OTHER_I/S_AXI_INITIALIZED_G.NON_5G_CDC_SYNC_RST_I/syncstages_ff_reg[0]/C

Slack:                    inf
  Source:                 Data_controller_inst/reset_cores_reg/C
                            (rising edge-triggered cell FDCE clocked by clk  {rise@0.000ns fall@2.500ns period=5.000ns})
  Destination:            LDPC_core1/inst/STD_OTHER_G.STD_OTHER_I/S_AXI_INITIALIZED_G.NON_5G_CDC_SYNC_RST_I/syncstages_ff_reg[0]/D
                            (rising edge-triggered cell FDRE clocked by clk  {rise@0.000ns fall@2.500ns period=5.000ns})
  Path Group:             (none)
  Path Type:              Setup (Max at Slow Process Corner)
  Data Path Delay:        0.671ns  (logic 0.079ns (11.773%)  route 0.592ns (88.227%))
  Logic Levels:           0  
  Clock Path Skew:        -0.501ns (DCD - SCD + CPR)
    Destination Clock Delay (DCD):    2.552ns
    Source Clock Delay      (SCD):    3.053ns
    Clock Pessimism Removal (CPR):    0.000ns
  Clock Uncertainty:      0.035ns  ((TSJ^2 + TIJ^2)^1/2 + DJ) / 2 + PE
    Total System Jitter     (TSJ):    0.071ns
    Total Input Jitter      (TIJ):    0.000ns
    Discrete Jitter          (DJ):    0.000ns
    Phase Error              (PE):    0.000ns
  Clock Net Delay (Source):      2.117ns (routing 1.026ns, distribution 1.091ns)
  Clock Net Delay (Destination): 1.907ns (routing 0.935ns, distribution 0.972ns)
  Timing Exception:       False Path

    Location             Delay type                Incr(ns)  Path(ns)    Netlist Resource(s)
  -------------------------------------------------------------------    -------------------
                         (clock clk rise edge)        0.000     0.000 r  
    AN11                                              0.000     0.000 r  clk (IN)
                         net (fo=0)                   0.000     0.000    clk_IBUF_inst/I
    AN11                 INBUF (Prop_INBUF_HPIOB_M_PAD_O)
                                                      0.572     0.572 r  clk_IBUF_inst/INBUF_INST/O
                         net (fo=1, routed)           0.000     0.572    clk_IBUF_inst/OUT
    AN11                 IBUFCTRL (Prop_IBUFCTRL_HPIOB_M_I_O)
                                                      0.000     0.572 r  clk_IBUF_inst/IBUFCTRL_INST/O
                         net (fo=1, routed)           0.336     0.908    clk_IBUF
    BUFGCE_X0Y24         BUFGCE (Prop_BUFCE_BUFGCE_I_O)
                                                      0.028     0.936 r  clk_IBUF_BUFG_inst/O
    X1Y1 (CLOCK_ROOT)    net (fo=3239, routed)        2.117     3.053    Data_controller_inst/CLK
    SLICE_X38Y108        FDCE                                         r  Data_controller_inst/reset_cores_reg/C
  -------------------------------------------------------------------    -------------------
    SLICE_X38Y108        FDCE (Prop_EFF_SLICEL_C_Q)
                                                      0.079     3.132 r  Data_controller_inst/reset_cores_reg/Q
                         net (fo=8, routed)           0.592     3.724    LDPC_core1/inst/STD_OTHER_G.STD_OTHER_I/S_AXI_INITIALIZED_G.NON_5G_CDC_SYNC_RST_I/src_rst
    SLICE_X39Y81         FDRE                                         r  LDPC_core1/inst/STD_OTHER_G.STD_OTHER_I/S_AXI_INITIALIZED_G.NON_5G_CDC_SYNC_RST_I/syncstages_ff_reg[0]/D
  -------------------------------------------------------------------    -------------------

                         (clock clk rise edge)        0.000     0.000 r  
    AN11                                              0.000     0.000 r  clk (IN)
                         net (fo=0)                   0.000     0.000    clk_IBUF_inst/I
    AN11                 INBUF (Prop_INBUF_HPIOB_M_PAD_O)
                                                      0.321     0.321 r  clk_IBUF_inst/INBUF_INST/O
                         net (fo=1, routed)           0.000     0.321    clk_IBUF_inst/OUT
    AN11                 IBUFCTRL (Prop_IBUFCTRL_HPIOB_M_I_O)
                                                      0.000     0.321 r  clk_IBUF_inst/IBUFCTRL_INST/O
                         net (fo=1, routed)           0.300     0.621    clk_IBUF
    BUFGCE_X0Y24         BUFGCE (Prop_BUFCE_BUFGCE_I_O)
                                                      0.024     0.645 r  clk_IBUF_BUFG_inst/O
    X1Y1 (CLOCK_ROOT)    net (fo=3239, routed)        1.907     2.552    LDPC_core1/inst/STD_OTHER_G.STD_OTHER_I/S_AXI_INITIALIZED_G.NON_5G_CDC_SYNC_RST_I/dest_clk
    SLICE_X39Y81         FDRE                                         r  LDPC_core1/inst/STD_OTHER_G.STD_OTHER_I/S_AXI_INITIALIZED_G.NON_5G_CDC_SYNC_RST_I/syncstages_ff_reg[0]/C

Slack:                    inf
  Source:                 Data_controller_inst/reset_cores_reg/C
                            (rising edge-triggered cell FDCE clocked by clk  {rise@0.000ns fall@2.500ns period=5.000ns})
  Destination:            LDPC_core2/inst/STD_OTHER_G.STD_OTHER_I/S_AXI_INITIALIZED_G.NON_5G_CDC_SYNC_RST_I/syncstages_ff_reg[0]/D
                            (rising edge-triggered cell FDRE clocked by clk  {rise@0.000ns fall@2.500ns period=5.000ns})
  Path Group:             (none)
  Path Type:              Setup (Max at Slow Process Corner)
  Data Path Delay:        0.469ns  (logic 0.079ns (16.844%)  route 0.390ns (83.156%))
  Logic Levels:           0  
  Clock Path Skew:        -0.467ns (DCD - SCD + CPR)
    Destination Clock Delay (DCD):    2.586ns
    Source Clock Delay      (SCD):    3.053ns
    Clock Pessimism Removal (CPR):    0.000ns
  Clock Uncertainty:      0.035ns  ((TSJ^2 + TIJ^2)^1/2 + DJ) / 2 + PE
    Total System Jitter     (TSJ):    0.071ns
    Total Input Jitter      (TIJ):    0.000ns
    Discrete Jitter          (DJ):    0.000ns
    Phase Error              (PE):    0.000ns
  Clock Net Delay (Source):      2.117ns (routing 1.026ns, distribution 1.091ns)
  Clock Net Delay (Destination): 1.941ns (routing 0.935ns, distribution 1.006ns)
  Timing Exception:       False Path

    Location             Delay type                Incr(ns)  Path(ns)    Netlist Resource(s)
  -------------------------------------------------------------------    -------------------
                         (clock clk rise edge)        0.000     0.000 r  
    AN11                                              0.000     0.000 r  clk (IN)
                         net (fo=0)                   0.000     0.000    clk_IBUF_inst/I
    AN11                 INBUF (Prop_INBUF_HPIOB_M_PAD_O)
                                                      0.572     0.572 r  clk_IBUF_inst/INBUF_INST/O
                         net (fo=1, routed)           0.000     0.572    clk_IBUF_inst/OUT
    AN11                 IBUFCTRL (Prop_IBUFCTRL_HPIOB_M_I_O)
                                                      0.000     0.572 r  clk_IBUF_inst/IBUFCTRL_INST/O
                         net (fo=1, routed)           0.336     0.908    clk_IBUF
    BUFGCE_X0Y24         BUFGCE (Prop_BUFCE_BUFGCE_I_O)
                                                      0.028     0.936 r  clk_IBUF_BUFG_inst/O
    X1Y1 (CLOCK_ROOT)    net (fo=3239, routed)        2.117     3.053    Data_controller_inst/CLK
    SLICE_X38Y108        FDCE                                         r  Data_controller_inst/reset_cores_reg/C
  -------------------------------------------------------------------    -------------------
    SLICE_X38Y108        FDCE (Prop_EFF_SLICEL_C_Q)
                                                      0.079     3.132 r  Data_controller_inst/reset_cores_reg/Q
                         net (fo=8, routed)           0.390     3.522    LDPC_core2/inst/STD_OTHER_G.STD_OTHER_I/S_AXI_INITIALIZED_G.NON_5G_CDC_SYNC_RST_I/src_rst
    SLICE_X38Y130        FDRE                                         r  LDPC_core2/inst/STD_OTHER_G.STD_OTHER_I/S_AXI_INITIALIZED_G.NON_5G_CDC_SYNC_RST_I/syncstages_ff_reg[0]/D
  -------------------------------------------------------------------    -------------------

                         (clock clk rise edge)        0.000     0.000 r  
    AN11                                              0.000     0.000 r  clk (IN)
                         net (fo=0)                   0.000     0.000    clk_IBUF_inst/I
    AN11                 INBUF (Prop_INBUF_HPIOB_M_PAD_O)
                                                      0.321     0.321 r  clk_IBUF_inst/INBUF_INST/O
                         net (fo=1, routed)           0.000     0.321    clk_IBUF_inst/OUT
    AN11                 IBUFCTRL (Prop_IBUFCTRL_HPIOB_M_I_O)
                                                      0.000     0.321 r  clk_IBUF_inst/IBUFCTRL_INST/O
                         net (fo=1, routed)           0.300     0.621    clk_IBUF
    BUFGCE_X0Y24         BUFGCE (Prop_BUFCE_BUFGCE_I_O)
                                                      0.024     0.645 r  clk_IBUF_BUFG_inst/O
    X1Y1 (CLOCK_ROOT)    net (fo=3239, routed)        1.941     2.586    LDPC_core2/inst/STD_OTHER_G.STD_OTHER_I/S_AXI_INITIALIZED_G.NON_5G_CDC_SYNC_RST_I/dest_clk
    SLICE_X38Y130        FDRE                                         r  LDPC_core2/inst/STD_OTHER_G.STD_OTHER_I/S_AXI_INITIALIZED_G.NON_5G_CDC_SYNC_RST_I/syncstages_ff_reg[0]/C





Min Delay Paths
--------------------------------------------------------------------------------------
Slack:                    inf
  Source:                 Data_controller_inst/reset_cores_reg/C
                            (rising edge-triggered cell FDCE clocked by clk  {rise@0.000ns fall@2.500ns period=5.000ns})
  Destination:            LDPC_core2/inst/STD_OTHER_G.STD_OTHER_I/S_AXI_INITIALIZED_G.NON_5G_CDC_SYNC_RST_I/syncstages_ff_reg[0]/D
                            (rising edge-triggered cell FDRE clocked by clk  {rise@0.000ns fall@2.500ns period=5.000ns})
  Path Group:             (none)
  Path Type:              Hold (Min at Fast Process Corner)
  Data Path Delay:        0.227ns  (logic 0.039ns (17.181%)  route 0.188ns (82.819%))
  Logic Levels:           0  
  Clock Path Skew:        0.409ns (DCD - SCD - CPR)
    Destination Clock Delay (DCD):    1.982ns
    Source Clock Delay      (SCD):    1.573ns
    Clock Pessimism Removal (CPR):    -0.000ns
  Clock Uncertainty:      0.035ns  ((TSJ^2 + TIJ^2)^1/2 + DJ) / 2 + PE
    Total System Jitter     (TSJ):    0.071ns
    Total Input Jitter      (TIJ):    0.000ns
    Discrete Jitter          (DJ):    0.000ns
    Phase Error              (PE):    0.000ns
  Clock Net Delay (Source):      1.156ns (routing 0.555ns, distribution 0.601ns)
  Clock Net Delay (Destination): 1.336ns (routing 0.616ns, distribution 0.720ns)
  Timing Exception:       False Path

    Location             Delay type                Incr(ns)  Path(ns)    Netlist Resource(s)
  -------------------------------------------------------------------    -------------------
                         (clock clk rise edge)        0.000     0.000 r  
    AN11                                              0.000     0.000 r  clk (IN)
                         net (fo=0)                   0.000     0.000    clk_IBUF_inst/I
    AN11                 INBUF (Prop_INBUF_HPIOB_M_PAD_O)
                                                      0.206     0.206 r  clk_IBUF_inst/INBUF_INST/O
                         net (fo=1, routed)           0.000     0.206    clk_IBUF_inst/OUT
    AN11                 IBUFCTRL (Prop_IBUFCTRL_HPIOB_M_I_O)
                                                      0.000     0.206 r  clk_IBUF_inst/IBUFCTRL_INST/O
                         net (fo=1, routed)           0.194     0.400    clk_IBUF
    BUFGCE_X0Y24         BUFGCE (Prop_BUFCE_BUFGCE_I_O)
                                                      0.017     0.417 r  clk_IBUF_BUFG_inst/O
    X1Y1 (CLOCK_ROOT)    net (fo=3239, routed)        1.156     1.573    Data_controller_inst/CLK
    SLICE_X38Y108        FDCE                                         r  Data_controller_inst/reset_cores_reg/C
  -------------------------------------------------------------------    -------------------
    SLICE_X38Y108        FDCE (Prop_EFF_SLICEL_C_Q)
                                                      0.039     1.612 r  Data_controller_inst/reset_cores_reg/Q
                         net (fo=8, routed)           0.188     1.800    LDPC_core2/inst/STD_OTHER_G.STD_OTHER_I/S_AXI_INITIALIZED_G.NON_5G_CDC_SYNC_RST_I/src_rst
    SLICE_X38Y130        FDRE                                         r  LDPC_core2/inst/STD_OTHER_G.STD_OTHER_I/S_AXI_INITIALIZED_G.NON_5G_CDC_SYNC_RST_I/syncstages_ff_reg[0]/D
  -------------------------------------------------------------------    -------------------

                         (clock clk rise edge)        0.000     0.000 r  
    AN11                                              0.000     0.000 r  clk (IN)
                         net (fo=0)                   0.000     0.000    clk_IBUF_inst/I
    AN11                 INBUF (Prop_INBUF_HPIOB_M_PAD_O)
                                                      0.392     0.392 r  clk_IBUF_inst/INBUF_INST/O
                         net (fo=1, routed)           0.000     0.392    clk_IBUF_inst/OUT
    AN11                 IBUFCTRL (Prop_IBUFCTRL_HPIOB_M_I_O)
                                                      0.000     0.392 r  clk_IBUF_inst/IBUFCTRL_INST/O
                         net (fo=1, routed)           0.235     0.627    clk_IBUF
    BUFGCE_X0Y24         BUFGCE (Prop_BUFCE_BUFGCE_I_O)
                                                      0.019     0.646 r  clk_IBUF_BUFG_inst/O
    X1Y1 (CLOCK_ROOT)    net (fo=3239, routed)        1.336     1.982    LDPC_core2/inst/STD_OTHER_G.STD_OTHER_I/S_AXI_INITIALIZED_G.NON_5G_CDC_SYNC_RST_I/dest_clk
    SLICE_X38Y130        FDRE                                         r  LDPC_core2/inst/STD_OTHER_G.STD_OTHER_I/S_AXI_INITIALIZED_G.NON_5G_CDC_SYNC_RST_I/syncstages_ff_reg[0]/C

Slack:                    inf
  Source:                 Data_controller_inst/reset_cores_reg/C
                            (rising edge-triggered cell FDCE clocked by clk  {rise@0.000ns fall@2.500ns period=5.000ns})
  Destination:            LDPC_core1/inst/STD_OTHER_G.STD_OTHER_I/S_AXI_INITIALIZED_G.NON_5G_CDC_SYNC_RST_I/syncstages_ff_reg[0]/D
                            (rising edge-triggered cell FDRE clocked by clk  {rise@0.000ns fall@2.500ns period=5.000ns})
  Path Group:             (none)
  Path Type:              Hold (Min at Fast Process Corner)
  Data Path Delay:        0.324ns  (logic 0.039ns (12.037%)  route 0.285ns (87.963%))
  Logic Levels:           0  
  Clock Path Skew:        0.391ns (DCD - SCD - CPR)
    Destination Clock Delay (DCD):    1.964ns
    Source Clock Delay      (SCD):    1.573ns
    Clock Pessimism Removal (CPR):    -0.000ns
  Clock Uncertainty:      0.035ns  ((TSJ^2 + TIJ^2)^1/2 + DJ) / 2 + PE
    Total System Jitter     (TSJ):    0.071ns
    Total Input Jitter      (TIJ):    0.000ns
    Discrete Jitter          (DJ):    0.000ns
    Phase Error              (PE):    0.000ns
  Clock Net Delay (Source):      1.156ns (routing 0.555ns, distribution 0.601ns)
  Clock Net Delay (Destination): 1.318ns (routing 0.616ns, distribution 0.702ns)
  Timing Exception:       False Path

    Location             Delay type                Incr(ns)  Path(ns)    Netlist Resource(s)
  -------------------------------------------------------------------    -------------------
                         (clock clk rise edge)        0.000     0.000 r  
    AN11                                              0.000     0.000 r  clk (IN)
                         net (fo=0)                   0.000     0.000    clk_IBUF_inst/I
    AN11                 INBUF (Prop_INBUF_HPIOB_M_PAD_O)
                                                      0.206     0.206 r  clk_IBUF_inst/INBUF_INST/O
                         net (fo=1, routed)           0.000     0.206    clk_IBUF_inst/OUT
    AN11                 IBUFCTRL (Prop_IBUFCTRL_HPIOB_M_I_O)
                                                      0.000     0.206 r  clk_IBUF_inst/IBUFCTRL_INST/O
                         net (fo=1, routed)           0.194     0.400    clk_IBUF
    BUFGCE_X0Y24         BUFGCE (Prop_BUFCE_BUFGCE_I_O)
                                                      0.017     0.417 r  clk_IBUF_BUFG_inst/O
    X1Y1 (CLOCK_ROOT)    net (fo=3239, routed)        1.156     1.573    Data_controller_inst/CLK
    SLICE_X38Y108        FDCE                                         r  Data_controller_inst/reset_cores_reg/C
  -------------------------------------------------------------------    -------------------
    SLICE_X38Y108        FDCE (Prop_EFF_SLICEL_C_Q)
                                                      0.039     1.612 r  Data_controller_inst/reset_cores_reg/Q
                         net (fo=8, routed)           0.285     1.897    LDPC_core1/inst/STD_OTHER_G.STD_OTHER_I/S_AXI_INITIALIZED_G.NON_5G_CDC_SYNC_RST_I/src_rst
    SLICE_X39Y81         FDRE                                         r  LDPC_core1/inst/STD_OTHER_G.STD_OTHER_I/S_AXI_INITIALIZED_G.NON_5G_CDC_SYNC_RST_I/syncstages_ff_reg[0]/D
  -------------------------------------------------------------------    -------------------

                         (clock clk rise edge)        0.000     0.000 r  
    AN11                                              0.000     0.000 r  clk (IN)
                         net (fo=0)                   0.000     0.000    clk_IBUF_inst/I
    AN11                 INBUF (Prop_INBUF_HPIOB_M_PAD_O)
                                                      0.392     0.392 r  clk_IBUF_inst/INBUF_INST/O
                         net (fo=1, routed)           0.000     0.392    clk_IBUF_inst/OUT
    AN11                 IBUFCTRL (Prop_IBUFCTRL_HPIOB_M_I_O)
                                                      0.000     0.392 r  clk_IBUF_inst/IBUFCTRL_INST/O
                         net (fo=1, routed)           0.235     0.627    clk_IBUF
    BUFGCE_X0Y24         BUFGCE (Prop_BUFCE_BUFGCE_I_O)
                                                      0.019     0.646 r  clk_IBUF_BUFG_inst/O
    X1Y1 (CLOCK_ROOT)    net (fo=3239, routed)        1.318     1.964    LDPC_core1/inst/STD_OTHER_G.STD_OTHER_I/S_AXI_INITIALIZED_G.NON_5G_CDC_SYNC_RST_I/dest_clk
    SLICE_X39Y81         FDRE                                         r  LDPC_core1/inst/STD_OTHER_G.STD_OTHER_I/S_AXI_INITIALIZED_G.NON_5G_CDC_SYNC_RST_I/syncstages_ff_reg[0]/C

Slack:                    inf
  Source:                 Data_controller_inst/reset_cores_reg/C
                            (rising edge-triggered cell FDCE clocked by clk  {rise@0.000ns fall@2.500ns period=5.000ns})
  Destination:            LDPC_core3/inst/STD_OTHER_G.STD_OTHER_I/S_AXI_INITIALIZED_G.NON_5G_CDC_SYNC_RST_I/syncstages_ff_reg[0]/D
                            (rising edge-triggered cell FDRE clocked by clk  {rise@0.000ns fall@2.500ns period=5.000ns})
  Path Group:             (none)
  Path Type:              Hold (Min at Fast Process Corner)
  Data Path Delay:        0.682ns  (logic 0.039ns (5.718%)  route 0.643ns (94.282%))
  Logic Levels:           0  
  Clock Path Skew:        0.377ns (DCD - SCD - CPR)
    Destination Clock Delay (DCD):    1.950ns
    Source Clock Delay      (SCD):    1.573ns
    Clock Pessimism Removal (CPR):    -0.000ns
  Clock Uncertainty:      0.035ns  ((TSJ^2 + TIJ^2)^1/2 + DJ) / 2 + PE
    Total System Jitter     (TSJ):    0.071ns
    Total Input Jitter      (TIJ):    0.000ns
    Discrete Jitter          (DJ):    0.000ns
    Phase Error              (PE):    0.000ns
  Clock Net Delay (Source):      1.156ns (routing 0.555ns, distribution 0.601ns)
  Clock Net Delay (Destination): 1.304ns (routing 0.616ns, distribution 0.688ns)
  Timing Exception:       False Path

    Location             Delay type                Incr(ns)  Path(ns)    Netlist Resource(s)
  -------------------------------------------------------------------    -------------------
                         (clock clk rise edge)        0.000     0.000 r  
    AN11                                              0.000     0.000 r  clk (IN)
                         net (fo=0)                   0.000     0.000    clk_IBUF_inst/I
    AN11                 INBUF (Prop_INBUF_HPIOB_M_PAD_O)
                                                      0.206     0.206 r  clk_IBUF_inst/INBUF_INST/O
                         net (fo=1, routed)           0.000     0.206    clk_IBUF_inst/OUT
    AN11                 IBUFCTRL (Prop_IBUFCTRL_HPIOB_M_I_O)
                                                      0.000     0.206 r  clk_IBUF_inst/IBUFCTRL_INST/O
                         net (fo=1, routed)           0.194     0.400    clk_IBUF
    BUFGCE_X0Y24         BUFGCE (Prop_BUFCE_BUFGCE_I_O)
                                                      0.017     0.417 r  clk_IBUF_BUFG_inst/O
    X1Y1 (CLOCK_ROOT)    net (fo=3239, routed)        1.156     1.573    Data_controller_inst/CLK
    SLICE_X38Y108        FDCE                                         r  Data_controller_inst/reset_cores_reg/C
  -------------------------------------------------------------------    -------------------
    SLICE_X38Y108        FDCE (Prop_EFF_SLICEL_C_Q)
                                                      0.039     1.612 r  Data_controller_inst/reset_cores_reg/Q
                         net (fo=8, routed)           0.643     2.255    LDPC_core3/inst/STD_OTHER_G.STD_OTHER_I/S_AXI_INITIALIZED_G.NON_5G_CDC_SYNC_RST_I/src_rst
    SLICE_X37Y189        FDRE                                         r  LDPC_core3/inst/STD_OTHER_G.STD_OTHER_I/S_AXI_INITIALIZED_G.NON_5G_CDC_SYNC_RST_I/syncstages_ff_reg[0]/D
  -------------------------------------------------------------------    -------------------

                         (clock clk rise edge)        0.000     0.000 r  
    AN11                                              0.000     0.000 r  clk (IN)
                         net (fo=0)                   0.000     0.000    clk_IBUF_inst/I
    AN11                 INBUF (Prop_INBUF_HPIOB_M_PAD_O)
                                                      0.392     0.392 r  clk_IBUF_inst/INBUF_INST/O
                         net (fo=1, routed)           0.000     0.392    clk_IBUF_inst/OUT
    AN11                 IBUFCTRL (Prop_IBUFCTRL_HPIOB_M_I_O)
                                                      0.000     0.392 r  clk_IBUF_inst/IBUFCTRL_INST/O
                         net (fo=1, routed)           0.235     0.627    clk_IBUF
    BUFGCE_X0Y24         BUFGCE (Prop_BUFCE_BUFGCE_I_O)
                                                      0.019     0.646 r  clk_IBUF_BUFG_inst/O
    X1Y1 (CLOCK_ROOT)    net (fo=3239, routed)        1.304     1.950    LDPC_core3/inst/STD_OTHER_G.STD_OTHER_I/S_AXI_INITIALIZED_G.NON_5G_CDC_SYNC_RST_I/dest_clk
    SLICE_X37Y189        FDRE                                         r  LDPC_core3/inst/STD_OTHER_G.STD_OTHER_I/S_AXI_INITIALIZED_G.NON_5G_CDC_SYNC_RST_I/syncstages_ff_reg[0]/C

Slack:                    inf
  Source:                 Data_controller_inst/reset_cores_reg/C
                            (rising edge-triggered cell FDCE clocked by clk  {rise@0.000ns fall@2.500ns period=5.000ns})
  Destination:            LDPC_core0/inst/STD_OTHER_G.STD_OTHER_I/S_AXI_INITIALIZED_G.NON_5G_CDC_SYNC_RST_I/syncstages_ff_reg[0]/D
                            (rising edge-triggered cell FDRE clocked by clk  {rise@0.000ns fall@2.500ns period=5.000ns})
  Path Group:             (none)
  Path Type:              Hold (Min at Fast Process Corner)
  Data Path Delay:        0.688ns  (logic 0.039ns (5.669%)  route 0.649ns (94.331%))
  Logic Levels:           0  
  Clock Path Skew:        0.340ns (DCD - SCD - CPR)
    Destination Clock Delay (DCD):    1.913ns
    Source Clock Delay      (SCD):    1.573ns
    Clock Pessimism Removal (CPR):    -0.000ns
  Clock Uncertainty:      0.035ns  ((TSJ^2 + TIJ^2)^1/2 + DJ) / 2 + PE
    Total System Jitter     (TSJ):    0.071ns
    Total Input Jitter      (TIJ):    0.000ns
    Discrete Jitter          (DJ):    0.000ns
    Phase Error              (PE):    0.000ns
  Clock Net Delay (Source):      1.156ns (routing 0.555ns, distribution 0.601ns)
  Clock Net Delay (Destination): 1.267ns (routing 0.616ns, distribution 0.651ns)
  Timing Exception:       False Path

    Location             Delay type                Incr(ns)  Path(ns)    Netlist Resource(s)
  -------------------------------------------------------------------    -------------------
                         (clock clk rise edge)        0.000     0.000 r  
    AN11                                              0.000     0.000 r  clk (IN)
                         net (fo=0)                   0.000     0.000    clk_IBUF_inst/I
    AN11                 INBUF (Prop_INBUF_HPIOB_M_PAD_O)
                                                      0.206     0.206 r  clk_IBUF_inst/INBUF_INST/O
                         net (fo=1, routed)           0.000     0.206    clk_IBUF_inst/OUT
    AN11                 IBUFCTRL (Prop_IBUFCTRL_HPIOB_M_I_O)
                                                      0.000     0.206 r  clk_IBUF_inst/IBUFCTRL_INST/O
                         net (fo=1, routed)           0.194     0.400    clk_IBUF
    BUFGCE_X0Y24         BUFGCE (Prop_BUFCE_BUFGCE_I_O)
                                                      0.017     0.417 r  clk_IBUF_BUFG_inst/O
    X1Y1 (CLOCK_ROOT)    net (fo=3239, routed)        1.156     1.573    Data_controller_inst/CLK
    SLICE_X38Y108        FDCE                                         r  Data_controller_inst/reset_cores_reg/C
  -------------------------------------------------------------------    -------------------
    SLICE_X38Y108        FDCE (Prop_EFF_SLICEL_C_Q)
                                                      0.039     1.612 r  Data_controller_inst/reset_cores_reg/Q
                         net (fo=8, routed)           0.649     2.261    LDPC_core0/inst/STD_OTHER_G.STD_OTHER_I/S_AXI_INITIALIZED_G.NON_5G_CDC_SYNC_RST_I/src_rst
    SLICE_X37Y19         FDRE                                         r  LDPC_core0/inst/STD_OTHER_G.STD_OTHER_I/S_AXI_INITIALIZED_G.NON_5G_CDC_SYNC_RST_I/syncstages_ff_reg[0]/D
  -------------------------------------------------------------------    -------------------

                         (clock clk rise edge)        0.000     0.000 r  
    AN11                                              0.000     0.000 r  clk (IN)
                         net (fo=0)                   0.000     0.000    clk_IBUF_inst/I
    AN11                 INBUF (Prop_INBUF_HPIOB_M_PAD_O)
                                                      0.392     0.392 r  clk_IBUF_inst/INBUF_INST/O
                         net (fo=1, routed)           0.000     0.392    clk_IBUF_inst/OUT
    AN11                 IBUFCTRL (Prop_IBUFCTRL_HPIOB_M_I_O)
                                                      0.000     0.392 r  clk_IBUF_inst/IBUFCTRL_INST/O
                         net (fo=1, routed)           0.235     0.627    clk_IBUF
    BUFGCE_X0Y24         BUFGCE (Prop_BUFCE_BUFGCE_I_O)
                                                      0.019     0.646 r  clk_IBUF_BUFG_inst/O
    X1Y1 (CLOCK_ROOT)    net (fo=3239, routed)        1.267     1.913    LDPC_core0/inst/STD_OTHER_G.STD_OTHER_I/S_AXI_INITIALIZED_G.NON_5G_CDC_SYNC_RST_I/dest_clk
    SLICE_X37Y19         FDRE                                         r  LDPC_core0/inst/STD_OTHER_G.STD_OTHER_I/S_AXI_INITIALIZED_G.NON_5G_CDC_SYNC_RST_I/syncstages_ff_reg[0]/C





