Vivado Simulator v2021.2
Copyright 1986-1999, 2001-2021 Xilinx, Inc. All Rights Reserved.
Running: /ihpusr/xilinx/vivado2021.2/Vivado/2021.2/bin/unwrapped/lnx64.o/xelab --incr --debug typical --relax --mt 8 -L xil_defaultlib -L unisims_ver -L secureip --snapshot Encoder_tb_func_synth xil_defaultlib.Encoder_tb xil_defaultlib.glbl -log elaborate.log 
Using 8 slave threads.
WARNING: [XSIM 43-3431] One or more environment variables have been detected which affect the operation of the C compiler. These are typically not set in standard installations and are not tested by Xilinx, however they may be appropriate for your system, so the flow will attempt to continue.  If errors occur, try running xelab with the "-mt off -v 1" switches to see more information from the C compiler. The following environment variables have been detected:
Starting static elaboration
Pass Through NonSizing Optimizer
WARNING: [VRFC 10-4969] module 'LUT2' is instantiated multiple times from VHDL or from both Verilog and VHDL, elaboration result may be incorrect [/wrk/ci/prod/2021.2/rdi_builds/continuous/2021_10_19_3367213/data/verilog/src/unisims/LUT2.v:28]
Completed static elaboration
Starting simulation data flow analysis
WARNING: [XSIM 43-4398] File "/wrk/ci/prod/2021.2/rdi_builds/continuous/2021_10_19_3367213/data/secureip/fe/fe_002.svp" Line 127127 : Function calls inside wait/event expression are sensitive to arguments only."init_alpha()" is called without any argument which may not unblock the wait/event expression.
WARNING: [XSIM 43-4398] File "/wrk/ci/prod/2021.2/rdi_builds/continuous/2021_10_19_3367213/data/secureip/fe/fe_002.svp" Line 131216 : Function calls inside wait/event expression are sensitive to arguments only."cfg_bm_perm_r4()" is called without any argument which may not unblock the wait/event expression.
WARNING: [XSIM 43-4398] File "/wrk/ci/prod/2021.2/rdi_builds/continuous/2021_10_19_3367213/data/secureip/fe/fe_002.svp" Line 131216 : Function calls inside wait/event expression are sensitive to arguments only."cfg_bm_perm_r4()" is called without any argument which may not unblock the wait/event expression.
WARNING: [XSIM 43-4398] File "/wrk/ci/prod/2021.2/rdi_builds/continuous/2021_10_19_3367213/data/secureip/fe/fe_002.svp" Line 131216 : Function calls inside wait/event expression are sensitive to arguments only."cfg_bm_perm_r4()" is called without any argument which may not unblock the wait/event expression.
WARNING: [XSIM 43-4398] File "/wrk/ci/prod/2021.2/rdi_builds/continuous/2021_10_19_3367213/data/secureip/fe/fe_002.svp" Line 131216 : Function calls inside wait/event expression are sensitive to arguments only."cfg_bm_perm_r4()" is called without any argument which may not unblock the wait/event expression.
WARNING: [XSIM 43-4398] File "/wrk/ci/prod/2021.2/rdi_builds/continuous/2021_10_19_3367213/data/secureip/fe/fe_002.svp" Line 131216 : Function calls inside wait/event expression are sensitive to arguments only."cfg_bm_perm_r4()" is called without any argument which may not unblock the wait/event expression.
WARNING: [XSIM 43-4398] File "/wrk/ci/prod/2021.2/rdi_builds/continuous/2021_10_19_3367213/data/secureip/fe/fe_002.svp" Line 131216 : Function calls inside wait/event expression are sensitive to arguments only."cfg_bm_perm_r4()" is called without any argument which may not unblock the wait/event expression.
WARNING: [XSIM 43-4398] File "/wrk/ci/prod/2021.2/rdi_builds/continuous/2021_10_19_3367213/data/secureip/fe/fe_002.svp" Line 131216 : Function calls inside wait/event expression are sensitive to arguments only."cfg_bm_perm_r4()" is called without any argument which may not unblock the wait/event expression.
WARNING: [XSIM 43-4398] File "/wrk/ci/prod/2021.2/rdi_builds/continuous/2021_10_19_3367213/data/secureip/fe/fe_002.svp" Line 131216 : Function calls inside wait/event expression are sensitive to arguments only."cfg_bm_perm_r4()" is called without any argument which may not unblock the wait/event expression.
WARNING: [XSIM 43-4398] File "/wrk/ci/prod/2021.2/rdi_builds/continuous/2021_10_19_3367213/data/secureip/fe/fe_002.svp" Line 131216 : Function calls inside wait/event expression are sensitive to arguments only."cfg_bm_perm_r4()" is called without any argument which may not unblock the wait/event expression.
WARNING: [XSIM 43-4398] File "/wrk/ci/prod/2021.2/rdi_builds/continuous/2021_10_19_3367213/data/secureip/fe/fe_002.svp" Line 131216 : Function calls inside wait/event expression are sensitive to arguments only."cfg_bm_perm_r4()" is called without any argument which may not unblock the wait/event expression.
WARNING: [XSIM 43-4398] File "/wrk/ci/prod/2021.2/rdi_builds/continuous/2021_10_19_3367213/data/secureip/fe/fe_002.svp" Line 131216 : Function calls inside wait/event expression are sensitive to arguments only."cfg_bm_perm_r4()" is called without any argument which may not unblock the wait/event expression.
WARNING: [XSIM 43-4398] File "/wrk/ci/prod/2021.2/rdi_builds/continuous/2021_10_19_3367213/data/secureip/fe/fe_002.svp" Line 131216 : Function calls inside wait/event expression are sensitive to arguments only."cfg_bm_perm_r4()" is called without any argument which may not unblock the wait/event expression.
WARNING: [XSIM 43-4398] File "/wrk/ci/prod/2021.2/rdi_builds/continuous/2021_10_19_3367213/data/secureip/fe/fe_002.svp" Line 131216 : Function calls inside wait/event expression are sensitive to arguments only."cfg_bm_perm_r4()" is called without any argument which may not unblock the wait/event expression.
WARNING: [XSIM 43-4398] File "/wrk/ci/prod/2021.2/rdi_builds/continuous/2021_10_19_3367213/data/secureip/fe/fe_002.svp" Line 131216 : Function calls inside wait/event expression are sensitive to arguments only."cfg_bm_perm_r4()" is called without any argument which may not unblock the wait/event expression.
WARNING: [XSIM 43-4398] File "/wrk/ci/prod/2021.2/rdi_builds/continuous/2021_10_19_3367213/data/secureip/fe/fe_002.svp" Line 131216 : Function calls inside wait/event expression are sensitive to arguments only."cfg_bm_perm_r4()" is called without any argument which may not unblock the wait/event expression.
WARNING: [XSIM 43-4398] File "/wrk/ci/prod/2021.2/rdi_builds/continuous/2021_10_19_3367213/data/secureip/fe/fe_002.svp" Line 131216 : Function calls inside wait/event expression are sensitive to arguments only."cfg_bm_perm_r4()" is called without any argument which may not unblock the wait/event expression.
WARNING: [XSIM 43-4398] File "/wrk/ci/prod/2021.2/rdi_builds/continuous/2021_10_19_3367213/data/secureip/fe/fe_002.svp" Line 134226 : Function calls inside wait/event expression are sensitive to arguments only."cfg_alpha_perm_r4()" is called without any argument which may not unblock the wait/event expression.
WARNING: [XSIM 43-4398] File "/wrk/ci/prod/2021.2/rdi_builds/continuous/2021_10_19_3367213/data/secureip/fe/fe_002.svp" Line 134226 : Function calls inside wait/event expression are sensitive to arguments only."cfg_alpha_perm_r4()" is called without any argument which may not unblock the wait/event expression.
WARNING: [XSIM 43-4398] File "/wrk/ci/prod/2021.2/rdi_builds/continuous/2021_10_19_3367213/data/secureip/fe/fe_002.svp" Line 134226 : Function calls inside wait/event expression are sensitive to arguments only."cfg_alpha_perm_r4()" is called without any argument which may not unblock the wait/event expression.
WARNING: [XSIM 43-4398] File "/wrk/ci/prod/2021.2/rdi_builds/continuous/2021_10_19_3367213/data/secureip/fe/fe_002.svp" Line 134226 : Function calls inside wait/event expression are sensitive to arguments only."cfg_alpha_perm_r4()" is called without any argument which may not unblock the wait/event expression.
WARNING: [XSIM 43-4398] File "/wrk/ci/prod/2021.2/rdi_builds/continuous/2021_10_19_3367213/data/secureip/fe/fe_002.svp" Line 134226 : Function calls inside wait/event expression are sensitive to arguments only."cfg_alpha_perm_r4()" is called without any argument which may not unblock the wait/event expression.
WARNING: [XSIM 43-4398] File "/wrk/ci/prod/2021.2/rdi_builds/continuous/2021_10_19_3367213/data/secureip/fe/fe_002.svp" Line 134226 : Function calls inside wait/event expression are sensitive to arguments only."cfg_alpha_perm_r4()" is called without any argument which may not unblock the wait/event expression.
WARNING: [XSIM 43-4398] File "/wrk/ci/prod/2021.2/rdi_builds/continuous/2021_10_19_3367213/data/secureip/fe/fe_002.svp" Line 134226 : Function calls inside wait/event expression are sensitive to arguments only."cfg_alpha_perm_r4()" is called without any argument which may not unblock the wait/event expression.
WARNING: [XSIM 43-4398] File "/wrk/ci/prod/2021.2/rdi_builds/continuous/2021_10_19_3367213/data/secureip/fe/fe_002.svp" Line 134226 : Function calls inside wait/event expression are sensitive to arguments only."cfg_alpha_perm_r4()" is called without any argument which may not unblock the wait/event expression.
WARNING: [XSIM 43-4398] File "/wrk/ci/prod/2021.2/rdi_builds/continuous/2021_10_19_3367213/data/secureip/fe/fe_002.svp" Line 134226 : Function calls inside wait/event expression are sensitive to arguments only."cfg_alpha_perm_r4()" is called without any argument which may not unblock the wait/event expression.
WARNING: [XSIM 43-4398] File "/wrk/ci/prod/2021.2/rdi_builds/continuous/2021_10_19_3367213/data/secureip/fe/fe_002.svp" Line 134226 : Function calls inside wait/event expression are sensitive to arguments only."cfg_alpha_perm_r4()" is called without any argument which may not unblock the wait/event expression.
WARNING: [XSIM 43-4398] File "/wrk/ci/prod/2021.2/rdi_builds/continuous/2021_10_19_3367213/data/secureip/fe/fe_002.svp" Line 134226 : Function calls inside wait/event expression are sensitive to arguments only."cfg_alpha_perm_r4()" is called without any argument which may not unblock the wait/event expression.
WARNING: [XSIM 43-4398] File "/wrk/ci/prod/2021.2/rdi_builds/continuous/2021_10_19_3367213/data/secureip/fe/fe_002.svp" Line 134226 : Function calls inside wait/event expression are sensitive to arguments only."cfg_alpha_perm_r4()" is called without any argument which may not unblock the wait/event expression.
WARNING: [XSIM 43-4398] File "/wrk/ci/prod/2021.2/rdi_builds/continuous/2021_10_19_3367213/data/secureip/fe/fe_002.svp" Line 134226 : Function calls inside wait/event expression are sensitive to arguments only."cfg_alpha_perm_r4()" is called without any argument which may not unblock the wait/event expression.
WARNING: [XSIM 43-4398] File "/wrk/ci/prod/2021.2/rdi_builds/continuous/2021_10_19_3367213/data/secureip/fe/fe_002.svp" Line 134226 : Function calls inside wait/event expression are sensitive to arguments only."cfg_alpha_perm_r4()" is called without any argument which may not unblock the wait/event expression.
WARNING: [XSIM 43-4398] File "/wrk/ci/prod/2021.2/rdi_builds/continuous/2021_10_19_3367213/data/secureip/fe/fe_002.svp" Line 134226 : Function calls inside wait/event expression are sensitive to arguments only."cfg_alpha_perm_r4()" is called without any argument which may not unblock the wait/event expression.
WARNING: [XSIM 43-4398] File "/wrk/ci/prod/2021.2/rdi_builds/continuous/2021_10_19_3367213/data/secureip/fe/fe_002.svp" Line 134226 : Function calls inside wait/event expression are sensitive to arguments only."cfg_alpha_perm_r4()" is called without any argument which may not unblock the wait/event expression.
WARNING: [XSIM 43-4398] File "/wrk/ci/prod/2021.2/rdi_builds/continuous/2021_10_19_3367213/data/secureip/fe/fe_002.svp" Line 131216 : Function calls inside wait/event expression are sensitive to arguments only."cfg_bm_perm_r4()" is called without any argument which may not unblock the wait/event expression.
WARNING: [XSIM 43-4398] File "/wrk/ci/prod/2021.2/rdi_builds/continuous/2021_10_19_3367213/data/secureip/fe/fe_002.svp" Line 131216 : Function calls inside wait/event expression are sensitive to arguments only."cfg_bm_perm_r4()" is called without any argument which may not unblock the wait/event expression.
WARNING: [XSIM 43-4398] File "/wrk/ci/prod/2021.2/rdi_builds/continuous/2021_10_19_3367213/data/secureip/fe/fe_002.svp" Line 131216 : Function calls inside wait/event expression are sensitive to arguments only."cfg_bm_perm_r4()" is called without any argument which may not unblock the wait/event expression.
WARNING: [XSIM 43-4398] File "/wrk/ci/prod/2021.2/rdi_builds/continuous/2021_10_19_3367213/data/secureip/fe/fe_002.svp" Line 131216 : Function calls inside wait/event expression are sensitive to arguments only."cfg_bm_perm_r4()" is called without any argument which may not unblock the wait/event expression.
WARNING: [XSIM 43-4398] File "/wrk/ci/prod/2021.2/rdi_builds/continuous/2021_10_19_3367213/data/secureip/fe/fe_002.svp" Line 131216 : Function calls inside wait/event expression are sensitive to arguments only."cfg_bm_perm_r4()" is called without any argument which may not unblock the wait/event expression.
WARNING: [XSIM 43-4398] File "/wrk/ci/prod/2021.2/rdi_builds/continuous/2021_10_19_3367213/data/secureip/fe/fe_002.svp" Line 131216 : Function calls inside wait/event expression are sensitive to arguments only."cfg_bm_perm_r4()" is called without any argument which may not unblock the wait/event expression.
WARNING: [XSIM 43-4398] File "/wrk/ci/prod/2021.2/rdi_builds/continuous/2021_10_19_3367213/data/secureip/fe/fe_002.svp" Line 131216 : Function calls inside wait/event expression are sensitive to arguments only."cfg_bm_perm_r4()" is called without any argument which may not unblock the wait/event expression.
WARNING: [XSIM 43-4398] File "/wrk/ci/prod/2021.2/rdi_builds/continuous/2021_10_19_3367213/data/secureip/fe/fe_002.svp" Line 131216 : Function calls inside wait/event expression are sensitive to arguments only."cfg_bm_perm_r4()" is called without any argument which may not unblock the wait/event expression.
WARNING: [XSIM 43-4398] File "/wrk/ci/prod/2021.2/rdi_builds/continuous/2021_10_19_3367213/data/secureip/fe/fe_002.svp" Line 131216 : Function calls inside wait/event expression are sensitive to arguments only."cfg_bm_perm_r4()" is called without any argument which may not unblock the wait/event expression.
WARNING: [XSIM 43-4398] File "/wrk/ci/prod/2021.2/rdi_builds/continuous/2021_10_19_3367213/data/secureip/fe/fe_002.svp" Line 131216 : Function calls inside wait/event expression are sensitive to arguments only."cfg_bm_perm_r4()" is called without any argument which may not unblock the wait/event expression.
WARNING: [XSIM 43-4398] File "/wrk/ci/prod/2021.2/rdi_builds/continuous/2021_10_19_3367213/data/secureip/fe/fe_002.svp" Line 131216 : Function calls inside wait/event expression are sensitive to arguments only."cfg_bm_perm_r4()" is called without any argument which may not unblock the wait/event expression.
WARNING: [XSIM 43-4398] File "/wrk/ci/prod/2021.2/rdi_builds/continuous/2021_10_19_3367213/data/secureip/fe/fe_002.svp" Line 131216 : Function calls inside wait/event expression are sensitive to arguments only."cfg_bm_perm_r4()" is called without any argument which may not unblock the wait/event expression.
WARNING: [XSIM 43-4398] File "/wrk/ci/prod/2021.2/rdi_builds/continuous/2021_10_19_3367213/data/secureip/fe/fe_002.svp" Line 131216 : Function calls inside wait/event expression are sensitive to arguments only."cfg_bm_perm_r4()" is called without any argument which may not unblock the wait/event expression.
WARNING: [XSIM 43-4398] File "/wrk/ci/prod/2021.2/rdi_builds/continuous/2021_10_19_3367213/data/secureip/fe/fe_002.svp" Line 131216 : Function calls inside wait/event expression are sensitive to arguments only."cfg_bm_perm_r4()" is called without any argument which may not unblock the wait/event expression.
WARNING: [XSIM 43-4398] File "/wrk/ci/prod/2021.2/rdi_builds/continuous/2021_10_19_3367213/data/secureip/fe/fe_002.svp" Line 131216 : Function calls inside wait/event expression are sensitive to arguments only."cfg_bm_perm_r4()" is called without any argument which may not unblock the wait/event expression.
WARNING: [XSIM 43-4398] File "/wrk/ci/prod/2021.2/rdi_builds/continuous/2021_10_19_3367213/data/secureip/fe/fe_002.svp" Line 131216 : Function calls inside wait/event expression are sensitive to arguments only."cfg_bm_perm_r4()" is called without any argument which may not unblock the wait/event expression.
WARNING: [XSIM 43-4398] File "/wrk/ci/prod/2021.2/rdi_builds/continuous/2021_10_19_3367213/data/secureip/fe/fe_002.svp" Line 129263 : Function calls inside wait/event expression are sensitive to arguments only."cfg_bi_perm_r4()" is called without any argument which may not unblock the wait/event expression.
WARNING: [XSIM 43-4398] File "/wrk/ci/prod/2021.2/rdi_builds/continuous/2021_10_19_3367213/data/secureip/fe/fe_002.svp" Line 134226 : Function calls inside wait/event expression are sensitive to arguments only."cfg_beta_perm_r4()" is called without any argument which may not unblock the wait/event expression.
WARNING: [XSIM 43-4398] File "/wrk/ci/prod/2021.2/rdi_builds/continuous/2021_10_19_3367213/data/secureip/fe/fe_002.svp" Line 134226 : Function calls inside wait/event expression are sensitive to arguments only."cfg_beta_perm_r4()" is called without any argument which may not unblock the wait/event expression.
WARNING: [XSIM 43-4398] File "/wrk/ci/prod/2021.2/rdi_builds/continuous/2021_10_19_3367213/data/secureip/fe/fe_002.svp" Line 134226 : Function calls inside wait/event expression are sensitive to arguments only."cfg_beta_perm_r4()" is called without any argument which may not unblock the wait/event expression.
WARNING: [XSIM 43-4398] File "/wrk/ci/prod/2021.2/rdi_builds/continuous/2021_10_19_3367213/data/secureip/fe/fe_002.svp" Line 134226 : Function calls inside wait/event expression are sensitive to arguments only."cfg_beta_perm_r4()" is called without any argument which may not unblock the wait/event expression.
WARNING: [XSIM 43-4398] File "/wrk/ci/prod/2021.2/rdi_builds/continuous/2021_10_19_3367213/data/secureip/fe/fe_002.svp" Line 134226 : Function calls inside wait/event expression are sensitive to arguments only."cfg_beta_perm_r4()" is called without any argument which may not unblock the wait/event expression.
WARNING: [XSIM 43-4398] File "/wrk/ci/prod/2021.2/rdi_builds/continuous/2021_10_19_3367213/data/secureip/fe/fe_002.svp" Line 134226 : Function calls inside wait/event expression are sensitive to arguments only."cfg_beta_perm_r4()" is called without any argument which may not unblock the wait/event expression.
WARNING: [XSIM 43-4398] File "/wrk/ci/prod/2021.2/rdi_builds/continuous/2021_10_19_3367213/data/secureip/fe/fe_002.svp" Line 134226 : Function calls inside wait/event expression are sensitive to arguments only."cfg_beta_perm_r4()" is called without any argument which may not unblock the wait/event expression.
WARNING: [XSIM 43-4398] File "/wrk/ci/prod/2021.2/rdi_builds/continuous/2021_10_19_3367213/data/secureip/fe/fe_002.svp" Line 134226 : Function calls inside wait/event expression are sensitive to arguments only."cfg_beta_perm_r4()" is called without any argument which may not unblock the wait/event expression.
WARNING: [XSIM 43-4398] File "/wrk/ci/prod/2021.2/rdi_builds/continuous/2021_10_19_3367213/data/secureip/fe/fe_002.svp" Line 134226 : Function calls inside wait/event expression are sensitive to arguments only."cfg_beta_perm_r4()" is called without any argument which may not unblock the wait/event expression.
WARNING: [XSIM 43-4398] File "/wrk/ci/prod/2021.2/rdi_builds/continuous/2021_10_19_3367213/data/secureip/fe/fe_002.svp" Line 134226 : Function calls inside wait/event expression are sensitive to arguments only."cfg_beta_perm_r4()" is called without any argument which may not unblock the wait/event expression.
WARNING: [XSIM 43-4398] File "/wrk/ci/prod/2021.2/rdi_builds/continuous/2021_10_19_3367213/data/secureip/fe/fe_002.svp" Line 134226 : Function calls inside wait/event expression are sensitive to arguments only."cfg_beta_perm_r4()" is called without any argument which may not unblock the wait/event expression.
WARNING: [XSIM 43-4398] File "/wrk/ci/prod/2021.2/rdi_builds/continuous/2021_10_19_3367213/data/secureip/fe/fe_002.svp" Line 134226 : Function calls inside wait/event expression are sensitive to arguments only."cfg_beta_perm_r4()" is called without any argument which may not unblock the wait/event expression.
WARNING: [XSIM 43-4398] File "/wrk/ci/prod/2021.2/rdi_builds/continuous/2021_10_19_3367213/data/secureip/fe/fe_002.svp" Line 134226 : Function calls inside wait/event expression are sensitive to arguments only."cfg_beta_perm_r4()" is called without any argument which may not unblock the wait/event expression.
WARNING: [XSIM 43-4398] File "/wrk/ci/prod/2021.2/rdi_builds/continuous/2021_10_19_3367213/data/secureip/fe/fe_002.svp" Line 134226 : Function calls inside wait/event expression are sensitive to arguments only."cfg_beta_perm_r4()" is called without any argument which may not unblock the wait/event expression.
WARNING: [XSIM 43-4398] File "/wrk/ci/prod/2021.2/rdi_builds/continuous/2021_10_19_3367213/data/secureip/fe/fe_002.svp" Line 134226 : Function calls inside wait/event expression are sensitive to arguments only."cfg_beta_perm_r4()" is called without any argument which may not unblock the wait/event expression.
WARNING: [XSIM 43-4398] File "/wrk/ci/prod/2021.2/rdi_builds/continuous/2021_10_19_3367213/data/secureip/fe/fe_002.svp" Line 134226 : Function calls inside wait/event expression are sensitive to arguments only."cfg_beta_perm_r4()" is called without any argument which may not unblock the wait/event expression.
WARNING: [XSIM 43-4398] File "/wrk/ci/prod/2021.2/rdi_builds/continuous/2021_10_19_3367213/data/secureip/fe/fe_002.svp" Line 132100 : Function calls inside wait/event expression are sensitive to arguments only."cfg_tr_perm_r4()" is called without any argument which may not unblock the wait/event expression.
WARNING: [XSIM 43-4398] File "/wrk/ci/prod/2021.2/rdi_builds/continuous/2021_10_19_3367213/data/secureip/fe/fe_002.svp" Line 132101 : Function calls inside wait/event expression are sensitive to arguments only."cfg_llr_perm_r4()" is called without any argument which may not unblock the wait/event expression.
WARNING: [XSIM 43-4398] File "/wrk/ci/prod/2021.2/rdi_builds/continuous/2021_10_19_3367213/data/secureip/fe/fe_002.svp" Line 132102 : Function calls inside wait/event expression are sensitive to arguments only."cfg_sym_perm_r4()" is called without any argument which may not unblock the wait/event expression.
WARNING: [XSIM 43-4398] File "/wrk/ci/prod/2021.2/rdi_builds/continuous/2021_10_19_3367213/data/secureip/fe/fe_002.svp" Line 132137 : Function calls inside wait/event expression are sensitive to arguments only."cfg_tr_perm_sh_r4()" is called without any argument which may not unblock the wait/event expression.
WARNING: [XSIM 43-4398] File "/wrk/ci/prod/2021.2/rdi_builds/continuous/2021_10_19_3367213/data/secureip/fe/fe_002.svp" Line 132100 : Function calls inside wait/event expression are sensitive to arguments only."cfg_tr_perm_r4()" is called without any argument which may not unblock the wait/event expression.
WARNING: [XSIM 43-4398] File "/wrk/ci/prod/2021.2/rdi_builds/continuous/2021_10_19_3367213/data/secureip/fe/fe_002.svp" Line 132101 : Function calls inside wait/event expression are sensitive to arguments only."cfg_llr_perm_r4()" is called without any argument which may not unblock the wait/event expression.
WARNING: [XSIM 43-4398] File "/wrk/ci/prod/2021.2/rdi_builds/continuous/2021_10_19_3367213/data/secureip/fe/fe_002.svp" Line 132102 : Function calls inside wait/event expression are sensitive to arguments only."cfg_sym_perm_r4()" is called without any argument which may not unblock the wait/event expression.
WARNING: [XSIM 43-4398] File "/wrk/ci/prod/2021.2/rdi_builds/continuous/2021_10_19_3367213/data/secureip/fe/fe_002.svp" Line 132137 : Function calls inside wait/event expression are sensitive to arguments only."cfg_tr_perm_sh_r4()" is called without any argument which may not unblock the wait/event expression.
WARNING: [XSIM 43-4398] File "/wrk/ci/prod/2021.2/rdi_builds/continuous/2021_10_19_3367213/data/secureip/fe/fe_002.svp" Line 132100 : Function calls inside wait/event expression are sensitive to arguments only."cfg_tr_perm_r4()" is called without any argument which may not unblock the wait/event expression.
WARNING: [XSIM 43-4398] File "/wrk/ci/prod/2021.2/rdi_builds/continuous/2021_10_19_3367213/data/secureip/fe/fe_002.svp" Line 132101 : Function calls inside wait/event expression are sensitive to arguments only."cfg_llr_perm_r4()" is called without any argument which may not unblock the wait/event expression.
WARNING: [XSIM 43-4398] File "/wrk/ci/prod/2021.2/rdi_builds/continuous/2021_10_19_3367213/data/secureip/fe/fe_002.svp" Line 132102 : Function calls inside wait/event expression are sensitive to arguments only."cfg_sym_perm_r4()" is called without any argument which may not unblock the wait/event expression.
WARNING: [XSIM 43-4398] File "/wrk/ci/prod/2021.2/rdi_builds/continuous/2021_10_19_3367213/data/secureip/fe/fe_002.svp" Line 132137 : Function calls inside wait/event expression are sensitive to arguments only."cfg_tr_perm_sh_r4()" is called without any argument which may not unblock the wait/event expression.
WARNING: [XSIM 43-4398] File "/wrk/ci/prod/2021.2/rdi_builds/continuous/2021_10_19_3367213/data/secureip/fe/fe_002.svp" Line 132100 : Function calls inside wait/event expression are sensitive to arguments only."cfg_tr_perm_r4()" is called without any argument which may not unblock the wait/event expression.
WARNING: [XSIM 43-4398] File "/wrk/ci/prod/2021.2/rdi_builds/continuous/2021_10_19_3367213/data/secureip/fe/fe_002.svp" Line 132101 : Function calls inside wait/event expression are sensitive to arguments only."cfg_llr_perm_r4()" is called without any argument which may not unblock the wait/event expression.
WARNING: [XSIM 43-4398] File "/wrk/ci/prod/2021.2/rdi_builds/continuous/2021_10_19_3367213/data/secureip/fe/fe_002.svp" Line 132102 : Function calls inside wait/event expression are sensitive to arguments only."cfg_sym_perm_r4()" is called without any argument which may not unblock the wait/event expression.
WARNING: [XSIM 43-4398] File "/wrk/ci/prod/2021.2/rdi_builds/continuous/2021_10_19_3367213/data/secureip/fe/fe_002.svp" Line 132137 : Function calls inside wait/event expression are sensitive to arguments only."cfg_tr_perm_sh_r4()" is called without any argument which may not unblock the wait/event expression.
WARNING: [XSIM 43-4398] File "/wrk/ci/prod/2021.2/rdi_builds/continuous/2021_10_19_3367213/data/secureip/fe/fe_002.svp" Line 132100 : Function calls inside wait/event expression are sensitive to arguments only."cfg_tr_perm_r4()" is called without any argument which may not unblock the wait/event expression.
WARNING: [XSIM 43-4398] File "/wrk/ci/prod/2021.2/rdi_builds/continuous/2021_10_19_3367213/data/secureip/fe/fe_002.svp" Line 132101 : Function calls inside wait/event expression are sensitive to arguments only."cfg_llr_perm_r4()" is called without any argument which may not unblock the wait/event expression.
WARNING: [XSIM 43-4398] File "/wrk/ci/prod/2021.2/rdi_builds/continuous/2021_10_19_3367213/data/secureip/fe/fe_002.svp" Line 132102 : Function calls inside wait/event expression are sensitive to arguments only."cfg_sym_perm_r4()" is called without any argument which may not unblock the wait/event expression.
WARNING: [XSIM 43-4398] File "/wrk/ci/prod/2021.2/rdi_builds/continuous/2021_10_19_3367213/data/secureip/fe/fe_002.svp" Line 132137 : Function calls inside wait/event expression are sensitive to arguments only."cfg_tr_perm_sh_r4()" is called without any argument which may not unblock the wait/event expression.
WARNING: [XSIM 43-4398] File "/wrk/ci/prod/2021.2/rdi_builds/continuous/2021_10_19_3367213/data/secureip/fe/fe_002.svp" Line 132100 : Function calls inside wait/event expression are sensitive to arguments only."cfg_tr_perm_r4()" is called without any argument which may not unblock the wait/event expression.
WARNING: [XSIM 43-4398] File "/wrk/ci/prod/2021.2/rdi_builds/continuous/2021_10_19_3367213/data/secureip/fe/fe_002.svp" Line 132101 : Function calls inside wait/event expression are sensitive to arguments only."cfg_llr_perm_r4()" is called without any argument which may not unblock the wait/event expression.
WARNING: [XSIM 43-4398] File "/wrk/ci/prod/2021.2/rdi_builds/continuous/2021_10_19_3367213/data/secureip/fe/fe_002.svp" Line 132102 : Function calls inside wait/event expression are sensitive to arguments only."cfg_sym_perm_r4()" is called without any argument which may not unblock the wait/event expression.
WARNING: [XSIM 43-4398] File "/wrk/ci/prod/2021.2/rdi_builds/continuous/2021_10_19_3367213/data/secureip/fe/fe_002.svp" Line 132137 : Function calls inside wait/event expression are sensitive to arguments only."cfg_tr_perm_sh_r4()" is called without any argument which may not unblock the wait/event expression.
WARNING: [XSIM 43-4398] File "/wrk/ci/prod/2021.2/rdi_builds/continuous/2021_10_19_3367213/data/secureip/fe/fe_002.svp" Line 132100 : Function calls inside wait/event expression are sensitive to arguments only."cfg_tr_perm_r4()" is called without any argument which may not unblock the wait/event expression.
WARNING: [XSIM 43-4398] File "/wrk/ci/prod/2021.2/rdi_builds/continuous/2021_10_19_3367213/data/secureip/fe/fe_002.svp" Line 132101 : Function calls inside wait/event expression are sensitive to arguments only."cfg_llr_perm_r4()" is called without any argument which may not unblock the wait/event expression.
WARNING: [XSIM 43-4398] File "/wrk/ci/prod/2021.2/rdi_builds/continuous/2021_10_19_3367213/data/secureip/fe/fe_002.svp" Line 132102 : Function calls inside wait/event expression are sensitive to arguments only."cfg_sym_perm_r4()" is called without any argument which may not unblock the wait/event expression.
WARNING: [XSIM 43-4398] File "/wrk/ci/prod/2021.2/rdi_builds/continuous/2021_10_19_3367213/data/secureip/fe/fe_002.svp" Line 132137 : Function calls inside wait/event expression are sensitive to arguments only."cfg_tr_perm_sh_r4()" is called without any argument which may not unblock the wait/event expression.
WARNING: [XSIM 43-4398] File "/wrk/ci/prod/2021.2/rdi_builds/continuous/2021_10_19_3367213/data/secureip/fe/fe_002.svp" Line 132100 : Function calls inside wait/event expression are sensitive to arguments only."cfg_tr_perm_r4()" is called without any argument which may not unblock the wait/event expression.
WARNING: [XSIM 43-4398] File "/wrk/ci/prod/2021.2/rdi_builds/continuous/2021_10_19_3367213/data/secureip/fe/fe_002.svp" Line 132101 : Function calls inside wait/event expression are sensitive to arguments only."cfg_llr_perm_r4()" is called without any argument which may not unblock the wait/event expression.
WARNING: [XSIM 43-4398] File "/wrk/ci/prod/2021.2/rdi_builds/continuous/2021_10_19_3367213/data/secureip/fe/fe_002.svp" Line 132102 : Function calls inside wait/event expression are sensitive to arguments only."cfg_sym_perm_r4()" is called without any argument which may not unblock the wait/event expression.
WARNING: [XSIM 43-4398] File "/wrk/ci/prod/2021.2/rdi_builds/continuous/2021_10_19_3367213/data/secureip/fe/fe_002.svp" Line 132137 : Function calls inside wait/event expression are sensitive to arguments only."cfg_tr_perm_sh_r4()" is called without any argument which may not unblock the wait/event expression.
WARNING: [XSIM 43-4398] File "/wrk/ci/prod/2021.2/rdi_builds/continuous/2021_10_19_3367213/data/secureip/fe/fe_002.svp" Line 132100 : Function calls inside wait/event expression are sensitive to arguments only."cfg_tr_perm_r4()" is called without any argument which may not unblock the wait/event expression.
WARNING: [XSIM 43-4398] File "/wrk/ci/prod/2021.2/rdi_builds/continuous/2021_10_19_3367213/data/secureip/fe/fe_002.svp" Line 132101 : Function calls inside wait/event expression are sensitive to arguments only."cfg_llr_perm_r4()" is called without any argument which may not unblock the wait/event expression.
WARNING: [XSIM 43-4398] File "/wrk/ci/prod/2021.2/rdi_builds/continuous/2021_10_19_3367213/data/secureip/fe/fe_002.svp" Line 132102 : Function calls inside wait/event expression are sensitive to arguments only."cfg_sym_perm_r4()" is called without any argument which may not unblock the wait/event expression.
WARNING: [XSIM 43-4398] File "/wrk/ci/prod/2021.2/rdi_builds/continuous/2021_10_19_3367213/data/secureip/fe/fe_002.svp" Line 132137 : Function calls inside wait/event expression are sensitive to arguments only."cfg_tr_perm_sh_r4()" is called without any argument which may not unblock the wait/event expression.
WARNING: [XSIM 43-4398] File "/wrk/ci/prod/2021.2/rdi_builds/continuous/2021_10_19_3367213/data/secureip/fe/fe_002.svp" Line 132100 : Function calls inside wait/event expression are sensitive to arguments only."cfg_tr_perm_r4()" is called without any argument which may not unblock the wait/event expression.
WARNING: [XSIM 43-4398] File "/wrk/ci/prod/2021.2/rdi_builds/continuous/2021_10_19_3367213/data/secureip/fe/fe_002.svp" Line 132101 : Function calls inside wait/event expression are sensitive to arguments only."cfg_llr_perm_r4()" is called without any argument which may not unblock the wait/event expression.
WARNING: [XSIM 43-4398] File "/wrk/ci/prod/2021.2/rdi_builds/continuous/2021_10_19_3367213/data/secureip/fe/fe_002.svp" Line 132102 : Function calls inside wait/event expression are sensitive to arguments only."cfg_sym_perm_r4()" is called without any argument which may not unblock the wait/event expression.
WARNING: [XSIM 43-4398] File "/wrk/ci/prod/2021.2/rdi_builds/continuous/2021_10_19_3367213/data/secureip/fe/fe_002.svp" Line 132137 : Function calls inside wait/event expression are sensitive to arguments only."cfg_tr_perm_sh_r4()" is called without any argument which may not unblock the wait/event expression.
WARNING: [XSIM 43-4398] File "/wrk/ci/prod/2021.2/rdi_builds/continuous/2021_10_19_3367213/data/secureip/fe/fe_002.svp" Line 132100 : Function calls inside wait/event expression are sensitive to arguments only."cfg_tr_perm_r4()" is called without any argument which may not unblock the wait/event expression.
WARNING: [XSIM 43-4398] File "/wrk/ci/prod/2021.2/rdi_builds/continuous/2021_10_19_3367213/data/secureip/fe/fe_002.svp" Line 132101 : Function calls inside wait/event expression are sensitive to arguments only."cfg_llr_perm_r4()" is called without any argument which may not unblock the wait/event expression.
WARNING: [XSIM 43-4398] File "/wrk/ci/prod/2021.2/rdi_builds/continuous/2021_10_19_3367213/data/secureip/fe/fe_002.svp" Line 132102 : Function calls inside wait/event expression are sensitive to arguments only."cfg_sym_perm_r4()" is called without any argument which may not unblock the wait/event expression.
WARNING: [XSIM 43-4398] File "/wrk/ci/prod/2021.2/rdi_builds/continuous/2021_10_19_3367213/data/secureip/fe/fe_002.svp" Line 132137 : Function calls inside wait/event expression are sensitive to arguments only."cfg_tr_perm_sh_r4()" is called without any argument which may not unblock the wait/event expression.
WARNING: [XSIM 43-4398] File "/wrk/ci/prod/2021.2/rdi_builds/continuous/2021_10_19_3367213/data/secureip/fe/fe_002.svp" Line 132100 : Function calls inside wait/event expression are sensitive to arguments only."cfg_tr_perm_r4()" is called without any argument which may not unblock the wait/event expression.
WARNING: [XSIM 43-4398] File "/wrk/ci/prod/2021.2/rdi_builds/continuous/2021_10_19_3367213/data/secureip/fe/fe_002.svp" Line 132101 : Function calls inside wait/event expression are sensitive to arguments only."cfg_llr_perm_r4()" is called without any argument which may not unblock the wait/event expression.
WARNING: [XSIM 43-4398] File "/wrk/ci/prod/2021.2/rdi_builds/continuous/2021_10_19_3367213/data/secureip/fe/fe_002.svp" Line 132102 : Function calls inside wait/event expression are sensitive to arguments only."cfg_sym_perm_r4()" is called without any argument which may not unblock the wait/event expression.
WARNING: [XSIM 43-4398] File "/wrk/ci/prod/2021.2/rdi_builds/continuous/2021_10_19_3367213/data/secureip/fe/fe_002.svp" Line 132137 : Function calls inside wait/event expression are sensitive to arguments only."cfg_tr_perm_sh_r4()" is called without any argument which may not unblock the wait/event expression.
WARNING: [XSIM 43-4398] File "/wrk/ci/prod/2021.2/rdi_builds/continuous/2021_10_19_3367213/data/secureip/fe/fe_002.svp" Line 132100 : Function calls inside wait/event expression are sensitive to arguments only."cfg_tr_perm_r4()" is called without any argument which may not unblock the wait/event expression.
WARNING: [XSIM 43-4398] File "/wrk/ci/prod/2021.2/rdi_builds/continuous/2021_10_19_3367213/data/secureip/fe/fe_002.svp" Line 132101 : Function calls inside wait/event expression are sensitive to arguments only."cfg_llr_perm_r4()" is called without any argument which may not unblock the wait/event expression.
WARNING: [XSIM 43-4398] File "/wrk/ci/prod/2021.2/rdi_builds/continuous/2021_10_19_3367213/data/secureip/fe/fe_002.svp" Line 132102 : Function calls inside wait/event expression are sensitive to arguments only."cfg_sym_perm_r4()" is called without any argument which may not unblock the wait/event expression.
WARNING: [XSIM 43-4398] File "/wrk/ci/prod/2021.2/rdi_builds/continuous/2021_10_19_3367213/data/secureip/fe/fe_002.svp" Line 132137 : Function calls inside wait/event expression are sensitive to arguments only."cfg_tr_perm_sh_r4()" is called without any argument which may not unblock the wait/event expression.
WARNING: [XSIM 43-4398] File "/wrk/ci/prod/2021.2/rdi_builds/continuous/2021_10_19_3367213/data/secureip/fe/fe_002.svp" Line 132100 : Function calls inside wait/event expression are sensitive to arguments only."cfg_tr_perm_r4()" is called without any argument which may not unblock the wait/event expression.
WARNING: [XSIM 43-4398] File "/wrk/ci/prod/2021.2/rdi_builds/continuous/2021_10_19_3367213/data/secureip/fe/fe_002.svp" Line 132101 : Function calls inside wait/event expression are sensitive to arguments only."cfg_llr_perm_r4()" is called without any argument which may not unblock the wait/event expression.
WARNING: [XSIM 43-4398] File "/wrk/ci/prod/2021.2/rdi_builds/continuous/2021_10_19_3367213/data/secureip/fe/fe_002.svp" Line 132102 : Function calls inside wait/event expression are sensitive to arguments only."cfg_sym_perm_r4()" is called without any argument which may not unblock the wait/event expression.
WARNING: [XSIM 43-4398] File "/wrk/ci/prod/2021.2/rdi_builds/continuous/2021_10_19_3367213/data/secureip/fe/fe_002.svp" Line 132137 : Function calls inside wait/event expression are sensitive to arguments only."cfg_tr_perm_sh_r4()" is called without any argument which may not unblock the wait/event expression.
WARNING: [XSIM 43-4398] File "/wrk/ci/prod/2021.2/rdi_builds/continuous/2021_10_19_3367213/data/secureip/fe/fe_002.svp" Line 132100 : Function calls inside wait/event expression are sensitive to arguments only."cfg_tr_perm_r4()" is called without any argument which may not unblock the wait/event expression.
WARNING: [XSIM 43-4398] File "/wrk/ci/prod/2021.2/rdi_builds/continuous/2021_10_19_3367213/data/secureip/fe/fe_002.svp" Line 132101 : Function calls inside wait/event expression are sensitive to arguments only."cfg_llr_perm_r4()" is called without any argument which may not unblock the wait/event expression.
WARNING: [XSIM 43-4398] File "/wrk/ci/prod/2021.2/rdi_builds/continuous/2021_10_19_3367213/data/secureip/fe/fe_002.svp" Line 132102 : Function calls inside wait/event expression are sensitive to arguments only."cfg_sym_perm_r4()" is called without any argument which may not unblock the wait/event expression.
WARNING: [XSIM 43-4398] File "/wrk/ci/prod/2021.2/rdi_builds/continuous/2021_10_19_3367213/data/secureip/fe/fe_002.svp" Line 132137 : Function calls inside wait/event expression are sensitive to arguments only."cfg_tr_perm_sh_r4()" is called without any argument which may not unblock the wait/event expression.
WARNING: [XSIM 43-4398] File "/wrk/ci/prod/2021.2/rdi_builds/continuous/2021_10_19_3367213/data/secureip/fe/fe_002.svp" Line 132100 : Function calls inside wait/event expression are sensitive to arguments only."cfg_tr_perm_r4()" is called without any argument which may not unblock the wait/event expression.
WARNING: [XSIM 43-4398] File "/wrk/ci/prod/2021.2/rdi_builds/continuous/2021_10_19_3367213/data/secureip/fe/fe_002.svp" Line 132101 : Function calls inside wait/event expression are sensitive to arguments only."cfg_llr_perm_r4()" is called without any argument which may not unblock the wait/event expression.
WARNING: [XSIM 43-4398] File "/wrk/ci/prod/2021.2/rdi_builds/continuous/2021_10_19_3367213/data/secureip/fe/fe_002.svp" Line 132102 : Function calls inside wait/event expression are sensitive to arguments only."cfg_sym_perm_r4()" is called without any argument which may not unblock the wait/event expression.
WARNING: [XSIM 43-4398] File "/wrk/ci/prod/2021.2/rdi_builds/continuous/2021_10_19_3367213/data/secureip/fe/fe_002.svp" Line 132137 : Function calls inside wait/event expression are sensitive to arguments only."cfg_tr_perm_sh_r4()" is called without any argument which may not unblock the wait/event expression.
WARNING: [XSIM 43-4398] File "/wrk/ci/prod/2021.2/rdi_builds/continuous/2021_10_19_3367213/data/secureip/fe/fe_002.svp" Line 134806 : Function calls inside wait/event expression are sensitive to arguments only."crc24b_par4_mask()" is called without any argument which may not unblock the wait/event expression.
WARNING: [XSIM 43-4398] File "/wrk/ci/prod/2021.2/rdi_builds/continuous/2021_10_19_3367213/data/secureip/fe/fe_002.svp" Line 134806 : Function calls inside wait/event expression are sensitive to arguments only."crc24a_par4_mask()" is called without any argument which may not unblock the wait/event expression.
WARNING: [XSIM 43-4398] File "/wrk/ci/prod/2021.2/rdi_builds/continuous/2021_10_19_3367213/data/secureip/fe/fe_002.svp" Line 134807 : Function calls inside wait/event expression are sensitive to arguments only."crc24b_par2_mask()" is called without any argument which may not unblock the wait/event expression.
WARNING: [XSIM 43-4398] File "/wrk/ci/prod/2021.2/rdi_builds/continuous/2021_10_19_3367213/data/secureip/fe/fe_002.svp" Line 134807 : Function calls inside wait/event expression are sensitive to arguments only."crc24a_par2_mask()" is called without any argument which may not unblock the wait/event expression.
WARNING: [XSIM 43-4398] File "/wrk/ci/prod/2021.2/rdi_builds/continuous/2021_10_19_3367213/data/secureip/fe/fe_002.svp" Line 134808 : Function calls inside wait/event expression are sensitive to arguments only."crc24b_adv()" is called without any argument which may not unblock the wait/event expression.
WARNING: [XSIM 43-4398] File "/wrk/ci/prod/2021.2/rdi_builds/continuous/2021_10_19_3367213/data/secureip/fe/fe_002.svp" Line 134808 : Function calls inside wait/event expression are sensitive to arguments only."crc24a_adv()" is called without any argument which may not unblock the wait/event expression.
WARNING: [XSIM 43-4398] File "/wrk/ci/prod/2021.2/rdi_builds/continuous/2021_10_19_3367213/data/secureip/fe/fe_002.svp" Line 134969 : Function calls inside wait/event expression are sensitive to arguments only."crc24b_adv()" is called without any argument which may not unblock the wait/event expression.
WARNING: [XSIM 43-4398] File "/wrk/ci/prod/2021.2/rdi_builds/continuous/2021_10_19_3367213/data/secureip/fe/fe_002.svp" Line 134969 : Function calls inside wait/event expression are sensitive to arguments only."crc24a_adv()" is called without any argument which may not unblock the wait/event expression.
WARNING: [XSIM 43-4398] File "/wrk/ci/prod/2021.2/rdi_builds/continuous/2021_10_19_3367213/data/secureip/fe/fe_002.svp" Line 127127 : Function calls inside wait/event expression are sensitive to arguments only."init_alpha()" is called without any argument which may not unblock the wait/event expression.
WARNING: [XSIM 43-4398] File "/wrk/ci/prod/2021.2/rdi_builds/continuous/2021_10_19_3367213/data/secureip/fe/fe_002.svp" Line 131216 : Function calls inside wait/event expression are sensitive to arguments only."cfg_bm_perm_r4()" is called without any argument which may not unblock the wait/event expression.
WARNING: [XSIM 43-4398] File "/wrk/ci/prod/2021.2/rdi_builds/continuous/2021_10_19_3367213/data/secureip/fe/fe_002.svp" Line 131216 : Function calls inside wait/event expression are sensitive to arguments only."cfg_bm_perm_r4()" is called without any argument which may not unblock the wait/event expression.
WARNING: [XSIM 43-4398] File "/wrk/ci/prod/2021.2/rdi_builds/continuous/2021_10_19_3367213/data/secureip/fe/fe_002.svp" Line 131216 : Function calls inside wait/event expression are sensitive to arguments only."cfg_bm_perm_r4()" is called without any argument which may not unblock the wait/event expression.
WARNING: [XSIM 43-4398] File "/wrk/ci/prod/2021.2/rdi_builds/continuous/2021_10_19_3367213/data/secureip/fe/fe_002.svp" Line 131216 : Function calls inside wait/event expression are sensitive to arguments only."cfg_bm_perm_r4()" is called without any argument which may not unblock the wait/event expression.
WARNING: [XSIM 43-4398] File "/wrk/ci/prod/2021.2/rdi_builds/continuous/2021_10_19_3367213/data/secureip/fe/fe_002.svp" Line 131216 : Function calls inside wait/event expression are sensitive to arguments only."cfg_bm_perm_r4()" is called without any argument which may not unblock the wait/event expression.
WARNING: [XSIM 43-4398] File "/wrk/ci/prod/2021.2/rdi_builds/continuous/2021_10_19_3367213/data/secureip/fe/fe_002.svp" Line 131216 : Function calls inside wait/event expression are sensitive to arguments only."cfg_bm_perm_r4()" is called without any argument which may not unblock the wait/event expression.
WARNING: [XSIM 43-4398] File "/wrk/ci/prod/2021.2/rdi_builds/continuous/2021_10_19_3367213/data/secureip/fe/fe_002.svp" Line 131216 : Function calls inside wait/event expression are sensitive to arguments only."cfg_bm_perm_r4()" is called without any argument which may not unblock the wait/event expression.
WARNING: [XSIM 43-4398] File "/wrk/ci/prod/2021.2/rdi_builds/continuous/2021_10_19_3367213/data/secureip/fe/fe_002.svp" Line 131216 : Function calls inside wait/event expression are sensitive to arguments only."cfg_bm_perm_r4()" is called without any argument which may not unblock the wait/event expression.
WARNING: [XSIM 43-4398] File "/wrk/ci/prod/2021.2/rdi_builds/continuous/2021_10_19_3367213/data/secureip/fe/fe_002.svp" Line 131216 : Function calls inside wait/event expression are sensitive to arguments only."cfg_bm_perm_r4()" is called without any argument which may not unblock the wait/event expression.
WARNING: [XSIM 43-4398] File "/wrk/ci/prod/2021.2/rdi_builds/continuous/2021_10_19_3367213/data/secureip/fe/fe_002.svp" Line 131216 : Function calls inside wait/event expression are sensitive to arguments only."cfg_bm_perm_r4()" is called without any argument which may not unblock the wait/event expression.
WARNING: [XSIM 43-4398] File "/wrk/ci/prod/2021.2/rdi_builds/continuous/2021_10_19_3367213/data/secureip/fe/fe_002.svp" Line 131216 : Function calls inside wait/event expression are sensitive to arguments only."cfg_bm_perm_r4()" is called without any argument which may not unblock the wait/event expression.
WARNING: [XSIM 43-4398] File "/wrk/ci/prod/2021.2/rdi_builds/continuous/2021_10_19_3367213/data/secureip/fe/fe_002.svp" Line 131216 : Function calls inside wait/event expression are sensitive to arguments only."cfg_bm_perm_r4()" is called without any argument which may not unblock the wait/event expression.
WARNING: [XSIM 43-4398] File "/wrk/ci/prod/2021.2/rdi_builds/continuous/2021_10_19_3367213/data/secureip/fe/fe_002.svp" Line 131216 : Function calls inside wait/event expression are sensitive to arguments only."cfg_bm_perm_r4()" is called without any argument which may not unblock the wait/event expression.
WARNING: [XSIM 43-4398] File "/wrk/ci/prod/2021.2/rdi_builds/continuous/2021_10_19_3367213/data/secureip/fe/fe_002.svp" Line 131216 : Function calls inside wait/event expression are sensitive to arguments only."cfg_bm_perm_r4()" is called without any argument which may not unblock the wait/event expression.
WARNING: [XSIM 43-4398] File "/wrk/ci/prod/2021.2/rdi_builds/continuous/2021_10_19_3367213/data/secureip/fe/fe_002.svp" Line 131216 : Function calls inside wait/event expression are sensitive to arguments only."cfg_bm_perm_r4()" is called without any argument which may not unblock the wait/event expression.
WARNING: [XSIM 43-4398] File "/wrk/ci/prod/2021.2/rdi_builds/continuous/2021_10_19_3367213/data/secureip/fe/fe_002.svp" Line 131216 : Function calls inside wait/event expression are sensitive to arguments only."cfg_bm_perm_r4()" is called without any argument which may not unblock the wait/event expression.
WARNING: [XSIM 43-4398] File "/wrk/ci/prod/2021.2/rdi_builds/continuous/2021_10_19_3367213/data/secureip/fe/fe_002.svp" Line 134226 : Function calls inside wait/event expression are sensitive to arguments only."cfg_alpha_perm_r4()" is called without any argument which may not unblock the wait/event expression.
WARNING: [XSIM 43-4398] File "/wrk/ci/prod/2021.2/rdi_builds/continuous/2021_10_19_3367213/data/secureip/fe/fe_002.svp" Line 134226 : Function calls inside wait/event expression are sensitive to arguments only."cfg_alpha_perm_r4()" is called without any argument which may not unblock the wait/event expression.
WARNING: [XSIM 43-4398] File "/wrk/ci/prod/2021.2/rdi_builds/continuous/2021_10_19_3367213/data/secureip/fe/fe_002.svp" Line 134226 : Function calls inside wait/event expression are sensitive to arguments only."cfg_alpha_perm_r4()" is called without any argument which may not unblock the wait/event expression.
WARNING: [XSIM 43-4398] File "/wrk/ci/prod/2021.2/rdi_builds/continuous/2021_10_19_3367213/data/secureip/fe/fe_002.svp" Line 134226 : Function calls inside wait/event expression are sensitive to arguments only."cfg_alpha_perm_r4()" is called without any argument which may not unblock the wait/event expression.
WARNING: [XSIM 43-4398] File "/wrk/ci/prod/2021.2/rdi_builds/continuous/2021_10_19_3367213/data/secureip/fe/fe_002.svp" Line 134226 : Function calls inside wait/event expression are sensitive to arguments only."cfg_alpha_perm_r4()" is called without any argument which may not unblock the wait/event expression.
WARNING: [XSIM 43-4398] File "/wrk/ci/prod/2021.2/rdi_builds/continuous/2021_10_19_3367213/data/secureip/fe/fe_002.svp" Line 134226 : Function calls inside wait/event expression are sensitive to arguments only."cfg_alpha_perm_r4()" is called without any argument which may not unblock the wait/event expression.
WARNING: [XSIM 43-4398] File "/wrk/ci/prod/2021.2/rdi_builds/continuous/2021_10_19_3367213/data/secureip/fe/fe_002.svp" Line 134226 : Function calls inside wait/event expression are sensitive to arguments only."cfg_alpha_perm_r4()" is called without any argument which may not unblock the wait/event expression.
WARNING: [XSIM 43-4398] File "/wrk/ci/prod/2021.2/rdi_builds/continuous/2021_10_19_3367213/data/secureip/fe/fe_002.svp" Line 134226 : Function calls inside wait/event expression are sensitive to arguments only."cfg_alpha_perm_r4()" is called without any argument which may not unblock the wait/event expression.
WARNING: [XSIM 43-4398] File "/wrk/ci/prod/2021.2/rdi_builds/continuous/2021_10_19_3367213/data/secureip/fe/fe_002.svp" Line 134226 : Function calls inside wait/event expression are sensitive to arguments only."cfg_alpha_perm_r4()" is called without any argument which may not unblock the wait/event expression.
WARNING: [XSIM 43-4398] File "/wrk/ci/prod/2021.2/rdi_builds/continuous/2021_10_19_3367213/data/secureip/fe/fe_002.svp" Line 134226 : Function calls inside wait/event expression are sensitive to arguments only."cfg_alpha_perm_r4()" is called without any argument which may not unblock the wait/event expression.
WARNING: [XSIM 43-4398] File "/wrk/ci/prod/2021.2/rdi_builds/continuous/2021_10_19_3367213/data/secureip/fe/fe_002.svp" Line 134226 : Function calls inside wait/event expression are sensitive to arguments only."cfg_alpha_perm_r4()" is called without any argument which may not unblock the wait/event expression.
WARNING: [XSIM 43-4398] File "/wrk/ci/prod/2021.2/rdi_builds/continuous/2021_10_19_3367213/data/secureip/fe/fe_002.svp" Line 134226 : Function calls inside wait/event expression are sensitive to arguments only."cfg_alpha_perm_r4()" is called without any argument which may not unblock the wait/event expression.
WARNING: [XSIM 43-4398] File "/wrk/ci/prod/2021.2/rdi_builds/continuous/2021_10_19_3367213/data/secureip/fe/fe_002.svp" Line 134226 : Function calls inside wait/event expression are sensitive to arguments only."cfg_alpha_perm_r4()" is called without any argument which may not unblock the wait/event expression.
WARNING: [XSIM 43-4398] File "/wrk/ci/prod/2021.2/rdi_builds/continuous/2021_10_19_3367213/data/secureip/fe/fe_002.svp" Line 134226 : Function calls inside wait/event expression are sensitive to arguments only."cfg_alpha_perm_r4()" is called without any argument which may not unblock the wait/event expression.
WARNING: [XSIM 43-4398] File "/wrk/ci/prod/2021.2/rdi_builds/continuous/2021_10_19_3367213/data/secureip/fe/fe_002.svp" Line 134226 : Function calls inside wait/event expression are sensitive to arguments only."cfg_alpha_perm_r4()" is called without any argument which may not unblock the wait/event expression.
WARNING: [XSIM 43-4398] File "/wrk/ci/prod/2021.2/rdi_builds/continuous/2021_10_19_3367213/data/secureip/fe/fe_002.svp" Line 134226 : Function calls inside wait/event expression are sensitive to arguments only."cfg_alpha_perm_r4()" is called without any argument which may not unblock the wait/event expression.
WARNING: [XSIM 43-4398] File "/wrk/ci/prod/2021.2/rdi_builds/continuous/2021_10_19_3367213/data/secureip/fe/fe_002.svp" Line 131216 : Function calls inside wait/event expression are sensitive to arguments only."cfg_bm_perm_r4()" is called without any argument which may not unblock the wait/event expression.
WARNING: [XSIM 43-4398] File "/wrk/ci/prod/2021.2/rdi_builds/continuous/2021_10_19_3367213/data/secureip/fe/fe_002.svp" Line 131216 : Function calls inside wait/event expression are sensitive to arguments only."cfg_bm_perm_r4()" is called without any argument which may not unblock the wait/event expression.
WARNING: [XSIM 43-4398] File "/wrk/ci/prod/2021.2/rdi_builds/continuous/2021_10_19_3367213/data/secureip/fe/fe_002.svp" Line 131216 : Function calls inside wait/event expression are sensitive to arguments only."cfg_bm_perm_r4()" is called without any argument which may not unblock the wait/event expression.
WARNING: [XSIM 43-4398] File "/wrk/ci/prod/2021.2/rdi_builds/continuous/2021_10_19_3367213/data/secureip/fe/fe_002.svp" Line 131216 : Function calls inside wait/event expression are sensitive to arguments only."cfg_bm_perm_r4()" is called without any argument which may not unblock the wait/event expression.
WARNING: [XSIM 43-4398] File "/wrk/ci/prod/2021.2/rdi_builds/continuous/2021_10_19_3367213/data/secureip/fe/fe_002.svp" Line 131216 : Function calls inside wait/event expression are sensitive to arguments only."cfg_bm_perm_r4()" is called without any argument which may not unblock the wait/event expression.
WARNING: [XSIM 43-4398] File "/wrk/ci/prod/2021.2/rdi_builds/continuous/2021_10_19_3367213/data/secureip/fe/fe_002.svp" Line 131216 : Function calls inside wait/event expression are sensitive to arguments only."cfg_bm_perm_r4()" is called without any argument which may not unblock the wait/event expression.
WARNING: [XSIM 43-4398] File "/wrk/ci/prod/2021.2/rdi_builds/continuous/2021_10_19_3367213/data/secureip/fe/fe_002.svp" Line 131216 : Function calls inside wait/event expression are sensitive to arguments only."cfg_bm_perm_r4()" is called without any argument which may not unblock the wait/event expression.
WARNING: [XSIM 43-4398] File "/wrk/ci/prod/2021.2/rdi_builds/continuous/2021_10_19_3367213/data/secureip/fe/fe_002.svp" Line 131216 : Function calls inside wait/event expression are sensitive to arguments only."cfg_bm_perm_r4()" is called without any argument which may not unblock the wait/event expression.
WARNING: [XSIM 43-4398] File "/wrk/ci/prod/2021.2/rdi_builds/continuous/2021_10_19_3367213/data/secureip/fe/fe_002.svp" Line 131216 : Function calls inside wait/event expression are sensitive to arguments only."cfg_bm_perm_r4()" is called without any argument which may not unblock the wait/event expression.
WARNING: [XSIM 43-4398] File "/wrk/ci/prod/2021.2/rdi_builds/continuous/2021_10_19_3367213/data/secureip/fe/fe_002.svp" Line 131216 : Function calls inside wait/event expression are sensitive to arguments only."cfg_bm_perm_r4()" is called without any argument which may not unblock the wait/event expression.
WARNING: [XSIM 43-4398] File "/wrk/ci/prod/2021.2/rdi_builds/continuous/2021_10_19_3367213/data/secureip/fe/fe_002.svp" Line 131216 : Function calls inside wait/event expression are sensitive to arguments only."cfg_bm_perm_r4()" is called without any argument which may not unblock the wait/event expression.
WARNING: [XSIM 43-4398] File "/wrk/ci/prod/2021.2/rdi_builds/continuous/2021_10_19_3367213/data/secureip/fe/fe_002.svp" Line 131216 : Function calls inside wait/event expression are sensitive to arguments only."cfg_bm_perm_r4()" is called without any argument which may not unblock the wait/event expression.
WARNING: [XSIM 43-4398] File "/wrk/ci/prod/2021.2/rdi_builds/continuous/2021_10_19_3367213/data/secureip/fe/fe_002.svp" Line 131216 : Function calls inside wait/event expression are sensitive to arguments only."cfg_bm_perm_r4()" is called without any argument which may not unblock the wait/event expression.
WARNING: [XSIM 43-4398] File "/wrk/ci/prod/2021.2/rdi_builds/continuous/2021_10_19_3367213/data/secureip/fe/fe_002.svp" Line 131216 : Function calls inside wait/event expression are sensitive to arguments only."cfg_bm_perm_r4()" is called without any argument which may not unblock the wait/event expression.
WARNING: [XSIM 43-4398] File "/wrk/ci/prod/2021.2/rdi_builds/continuous/2021_10_19_3367213/data/secureip/fe/fe_002.svp" Line 131216 : Function calls inside wait/event expression are sensitive to arguments only."cfg_bm_perm_r4()" is called without any argument which may not unblock the wait/event expression.
WARNING: [XSIM 43-4398] File "/wrk/ci/prod/2021.2/rdi_builds/continuous/2021_10_19_3367213/data/secureip/fe/fe_002.svp" Line 131216 : Function calls inside wait/event expression are sensitive to arguments only."cfg_bm_perm_r4()" is called without any argument which may not unblock the wait/event expression.
WARNING: [XSIM 43-4398] File "/wrk/ci/prod/2021.2/rdi_builds/continuous/2021_10_19_3367213/data/secureip/fe/fe_002.svp" Line 129263 : Function calls inside wait/event expression are sensitive to arguments only."cfg_bi_perm_r4()" is called without any argument which may not unblock the wait/event expression.
WARNING: [XSIM 43-4398] File "/wrk/ci/prod/2021.2/rdi_builds/continuous/2021_10_19_3367213/data/secureip/fe/fe_002.svp" Line 134226 : Function calls inside wait/event expression are sensitive to arguments only."cfg_beta_perm_r4()" is called without any argument which may not unblock the wait/event expression.
WARNING: [XSIM 43-4398] File "/wrk/ci/prod/2021.2/rdi_builds/continuous/2021_10_19_3367213/data/secureip/fe/fe_002.svp" Line 134226 : Function calls inside wait/event expression are sensitive to arguments only."cfg_beta_perm_r4()" is called without any argument which may not unblock the wait/event expression.
WARNING: [XSIM 43-4398] File "/wrk/ci/prod/2021.2/rdi_builds/continuous/2021_10_19_3367213/data/secureip/fe/fe_002.svp" Line 134226 : Function calls inside wait/event expression are sensitive to arguments only."cfg_beta_perm_r4()" is called without any argument which may not unblock the wait/event expression.
WARNING: [XSIM 43-4398] File "/wrk/ci/prod/2021.2/rdi_builds/continuous/2021_10_19_3367213/data/secureip/fe/fe_002.svp" Line 134226 : Function calls inside wait/event expression are sensitive to arguments only."cfg_beta_perm_r4()" is called without any argument which may not unblock the wait/event expression.
WARNING: [XSIM 43-4398] File "/wrk/ci/prod/2021.2/rdi_builds/continuous/2021_10_19_3367213/data/secureip/fe/fe_002.svp" Line 134226 : Function calls inside wait/event expression are sensitive to arguments only."cfg_beta_perm_r4()" is called without any argument which may not unblock the wait/event expression.
WARNING: [XSIM 43-4398] File "/wrk/ci/prod/2021.2/rdi_builds/continuous/2021_10_19_3367213/data/secureip/fe/fe_002.svp" Line 134226 : Function calls inside wait/event expression are sensitive to arguments only."cfg_beta_perm_r4()" is called without any argument which may not unblock the wait/event expression.
WARNING: [XSIM 43-4398] File "/wrk/ci/prod/2021.2/rdi_builds/continuous/2021_10_19_3367213/data/secureip/fe/fe_002.svp" Line 134226 : Function calls inside wait/event expression are sensitive to arguments only."cfg_beta_perm_r4()" is called without any argument which may not unblock the wait/event expression.
WARNING: [XSIM 43-4398] File "/wrk/ci/prod/2021.2/rdi_builds/continuous/2021_10_19_3367213/data/secureip/fe/fe_002.svp" Line 134226 : Function calls inside wait/event expression are sensitive to arguments only."cfg_beta_perm_r4()" is called without any argument which may not unblock the wait/event expression.
WARNING: [XSIM 43-4398] File "/wrk/ci/prod/2021.2/rdi_builds/continuous/2021_10_19_3367213/data/secureip/fe/fe_002.svp" Line 134226 : Function calls inside wait/event expression are sensitive to arguments only."cfg_beta_perm_r4()" is called without any argument which may not unblock the wait/event expression.
WARNING: [XSIM 43-4398] File "/wrk/ci/prod/2021.2/rdi_builds/continuous/2021_10_19_3367213/data/secureip/fe/fe_002.svp" Line 134226 : Function calls inside wait/event expression are sensitive to arguments only."cfg_beta_perm_r4()" is called without any argument which may not unblock the wait/event expression.
WARNING: [XSIM 43-4398] File "/wrk/ci/prod/2021.2/rdi_builds/continuous/2021_10_19_3367213/data/secureip/fe/fe_002.svp" Line 134226 : Function calls inside wait/event expression are sensitive to arguments only."cfg_beta_perm_r4()" is called without any argument which may not unblock the wait/event expression.
WARNING: [XSIM 43-4398] File "/wrk/ci/prod/2021.2/rdi_builds/continuous/2021_10_19_3367213/data/secureip/fe/fe_002.svp" Line 134226 : Function calls inside wait/event expression are sensitive to arguments only."cfg_beta_perm_r4()" is called without any argument which may not unblock the wait/event expression.
WARNING: [XSIM 43-4398] File "/wrk/ci/prod/2021.2/rdi_builds/continuous/2021_10_19_3367213/data/secureip/fe/fe_002.svp" Line 134226 : Function calls inside wait/event expression are sensitive to arguments only."cfg_beta_perm_r4()" is called without any argument which may not unblock the wait/event expression.
WARNING: [XSIM 43-4398] File "/wrk/ci/prod/2021.2/rdi_builds/continuous/2021_10_19_3367213/data/secureip/fe/fe_002.svp" Line 134226 : Function calls inside wait/event expression are sensitive to arguments only."cfg_beta_perm_r4()" is called without any argument which may not unblock the wait/event expression.
WARNING: [XSIM 43-4398] File "/wrk/ci/prod/2021.2/rdi_builds/continuous/2021_10_19_3367213/data/secureip/fe/fe_002.svp" Line 134226 : Function calls inside wait/event expression are sensitive to arguments only."cfg_beta_perm_r4()" is called without any argument which may not unblock the wait/event expression.
WARNING: [XSIM 43-4398] File "/wrk/ci/prod/2021.2/rdi_builds/continuous/2021_10_19_3367213/data/secureip/fe/fe_002.svp" Line 134226 : Function calls inside wait/event expression are sensitive to arguments only."cfg_beta_perm_r4()" is called without any argument which may not unblock the wait/event expression.
WARNING: [XSIM 43-4398] File "/wrk/ci/prod/2021.2/rdi_builds/continuous/2021_10_19_3367213/data/secureip/fe/fe_002.svp" Line 132100 : Function calls inside wait/event expression are sensitive to arguments only."cfg_tr_perm_r4()" is called without any argument which may not unblock the wait/event expression.
WARNING: [XSIM 43-4398] File "/wrk/ci/prod/2021.2/rdi_builds/continuous/2021_10_19_3367213/data/secureip/fe/fe_002.svp" Line 132101 : Function calls inside wait/event expression are sensitive to arguments only."cfg_llr_perm_r4()" is called without any argument which may not unblock the wait/event expression.
WARNING: [XSIM 43-4398] File "/wrk/ci/prod/2021.2/rdi_builds/continuous/2021_10_19_3367213/data/secureip/fe/fe_002.svp" Line 132102 : Function calls inside wait/event expression are sensitive to arguments only."cfg_sym_perm_r4()" is called without any argument which may not unblock the wait/event expression.
WARNING: [XSIM 43-4398] File "/wrk/ci/prod/2021.2/rdi_builds/continuous/2021_10_19_3367213/data/secureip/fe/fe_002.svp" Line 132137 : Function calls inside wait/event expression are sensitive to arguments only."cfg_tr_perm_sh_r4()" is called without any argument which may not unblock the wait/event expression.
WARNING: [XSIM 43-4398] File "/wrk/ci/prod/2021.2/rdi_builds/continuous/2021_10_19_3367213/data/secureip/fe/fe_002.svp" Line 132100 : Function calls inside wait/event expression are sensitive to arguments only."cfg_tr_perm_r4()" is called without any argument which may not unblock the wait/event expression.
WARNING: [XSIM 43-4398] File "/wrk/ci/prod/2021.2/rdi_builds/continuous/2021_10_19_3367213/data/secureip/fe/fe_002.svp" Line 132101 : Function calls inside wait/event expression are sensitive to arguments only."cfg_llr_perm_r4()" is called without any argument which may not unblock the wait/event expression.
WARNING: [XSIM 43-4398] File "/wrk/ci/prod/2021.2/rdi_builds/continuous/2021_10_19_3367213/data/secureip/fe/fe_002.svp" Line 132102 : Function calls inside wait/event expression are sensitive to arguments only."cfg_sym_perm_r4()" is called without any argument which may not unblock the wait/event expression.
WARNING: [XSIM 43-4398] File "/wrk/ci/prod/2021.2/rdi_builds/continuous/2021_10_19_3367213/data/secureip/fe/fe_002.svp" Line 132137 : Function calls inside wait/event expression are sensitive to arguments only."cfg_tr_perm_sh_r4()" is called without any argument which may not unblock the wait/event expression.
WARNING: [XSIM 43-4398] File "/wrk/ci/prod/2021.2/rdi_builds/continuous/2021_10_19_3367213/data/secureip/fe/fe_002.svp" Line 132100 : Function calls inside wait/event expression are sensitive to arguments only."cfg_tr_perm_r4()" is called without any argument which may not unblock the wait/event expression.
WARNING: [XSIM 43-4398] File "/wrk/ci/prod/2021.2/rdi_builds/continuous/2021_10_19_3367213/data/secureip/fe/fe_002.svp" Line 132101 : Function calls inside wait/event expression are sensitive to arguments only."cfg_llr_perm_r4()" is called without any argument which may not unblock the wait/event expression.
WARNING: [XSIM 43-4398] File "/wrk/ci/prod/2021.2/rdi_builds/continuous/2021_10_19_3367213/data/secureip/fe/fe_002.svp" Line 132102 : Function calls inside wait/event expression are sensitive to arguments only."cfg_sym_perm_r4()" is called without any argument which may not unblock the wait/event expression.
WARNING: [XSIM 43-4398] File "/wrk/ci/prod/2021.2/rdi_builds/continuous/2021_10_19_3367213/data/secureip/fe/fe_002.svp" Line 132137 : Function calls inside wait/event expression are sensitive to arguments only."cfg_tr_perm_sh_r4()" is called without any argument which may not unblock the wait/event expression.
WARNING: [XSIM 43-4398] File "/wrk/ci/prod/2021.2/rdi_builds/continuous/2021_10_19_3367213/data/secureip/fe/fe_002.svp" Line 132100 : Function calls inside wait/event expression are sensitive to arguments only."cfg_tr_perm_r4()" is called without any argument which may not unblock the wait/event expression.
WARNING: [XSIM 43-4398] File "/wrk/ci/prod/2021.2/rdi_builds/continuous/2021_10_19_3367213/data/secureip/fe/fe_002.svp" Line 132101 : Function calls inside wait/event expression are sensitive to arguments only."cfg_llr_perm_r4()" is called without any argument which may not unblock the wait/event expression.
WARNING: [XSIM 43-4398] File "/wrk/ci/prod/2021.2/rdi_builds/continuous/2021_10_19_3367213/data/secureip/fe/fe_002.svp" Line 132102 : Function calls inside wait/event expression are sensitive to arguments only."cfg_sym_perm_r4()" is called without any argument which may not unblock the wait/event expression.
WARNING: [XSIM 43-4398] File "/wrk/ci/prod/2021.2/rdi_builds/continuous/2021_10_19_3367213/data/secureip/fe/fe_002.svp" Line 132137 : Function calls inside wait/event expression are sensitive to arguments only."cfg_tr_perm_sh_r4()" is called without any argument which may not unblock the wait/event expression.
WARNING: [XSIM 43-4398] File "/wrk/ci/prod/2021.2/rdi_builds/continuous/2021_10_19_3367213/data/secureip/fe/fe_002.svp" Line 132100 : Function calls inside wait/event expression are sensitive to arguments only."cfg_tr_perm_r4()" is called without any argument which may not unblock the wait/event expression.
WARNING: [XSIM 43-4398] File "/wrk/ci/prod/2021.2/rdi_builds/continuous/2021_10_19_3367213/data/secureip/fe/fe_002.svp" Line 132101 : Function calls inside wait/event expression are sensitive to arguments only."cfg_llr_perm_r4()" is called without any argument which may not unblock the wait/event expression.
WARNING: [XSIM 43-4398] File "/wrk/ci/prod/2021.2/rdi_builds/continuous/2021_10_19_3367213/data/secureip/fe/fe_002.svp" Line 132102 : Function calls inside wait/event expression are sensitive to arguments only."cfg_sym_perm_r4()" is called without any argument which may not unblock the wait/event expression.
WARNING: [XSIM 43-4398] File "/wrk/ci/prod/2021.2/rdi_builds/continuous/2021_10_19_3367213/data/secureip/fe/fe_002.svp" Line 132137 : Function calls inside wait/event expression are sensitive to arguments only."cfg_tr_perm_sh_r4()" is called without any argument which may not unblock the wait/event expression.
WARNING: [XSIM 43-4398] File "/wrk/ci/prod/2021.2/rdi_builds/continuous/2021_10_19_3367213/data/secureip/fe/fe_002.svp" Line 132100 : Function calls inside wait/event expression are sensitive to arguments only."cfg_tr_perm_r4()" is called without any argument which may not unblock the wait/event expression.
WARNING: [XSIM 43-4398] File "/wrk/ci/prod/2021.2/rdi_builds/continuous/2021_10_19_3367213/data/secureip/fe/fe_002.svp" Line 132101 : Function calls inside wait/event expression are sensitive to arguments only."cfg_llr_perm_r4()" is called without any argument which may not unblock the wait/event expression.
WARNING: [XSIM 43-4398] File "/wrk/ci/prod/2021.2/rdi_builds/continuous/2021_10_19_3367213/data/secureip/fe/fe_002.svp" Line 132102 : Function calls inside wait/event expression are sensitive to arguments only."cfg_sym_perm_r4()" is called without any argument which may not unblock the wait/event expression.
WARNING: [XSIM 43-4398] File "/wrk/ci/prod/2021.2/rdi_builds/continuous/2021_10_19_3367213/data/secureip/fe/fe_002.svp" Line 132137 : Function calls inside wait/event expression are sensitive to arguments only."cfg_tr_perm_sh_r4()" is called without any argument which may not unblock the wait/event expression.
WARNING: [XSIM 43-4398] File "/wrk/ci/prod/2021.2/rdi_builds/continuous/2021_10_19_3367213/data/secureip/fe/fe_002.svp" Line 132100 : Function calls inside wait/event expression are sensitive to arguments only."cfg_tr_perm_r4()" is called without any argument which may not unblock the wait/event expression.
WARNING: [XSIM 43-4398] File "/wrk/ci/prod/2021.2/rdi_builds/continuous/2021_10_19_3367213/data/secureip/fe/fe_002.svp" Line 132101 : Function calls inside wait/event expression are sensitive to arguments only."cfg_llr_perm_r4()" is called without any argument which may not unblock the wait/event expression.
WARNING: [XSIM 43-4398] File "/wrk/ci/prod/2021.2/rdi_builds/continuous/2021_10_19_3367213/data/secureip/fe/fe_002.svp" Line 132102 : Function calls inside wait/event expression are sensitive to arguments only."cfg_sym_perm_r4()" is called without any argument which may not unblock the wait/event expression.
WARNING: [XSIM 43-4398] File "/wrk/ci/prod/2021.2/rdi_builds/continuous/2021_10_19_3367213/data/secureip/fe/fe_002.svp" Line 132137 : Function calls inside wait/event expression are sensitive to arguments only."cfg_tr_perm_sh_r4()" is called without any argument which may not unblock the wait/event expression.
WARNING: [XSIM 43-4398] File "/wrk/ci/prod/2021.2/rdi_builds/continuous/2021_10_19_3367213/data/secureip/fe/fe_002.svp" Line 132100 : Function calls inside wait/event expression are sensitive to arguments only."cfg_tr_perm_r4()" is called without any argument which may not unblock the wait/event expression.
WARNING: [XSIM 43-4398] File "/wrk/ci/prod/2021.2/rdi_builds/continuous/2021_10_19_3367213/data/secureip/fe/fe_002.svp" Line 132101 : Function calls inside wait/event expression are sensitive to arguments only."cfg_llr_perm_r4()" is called without any argument which may not unblock the wait/event expression.
WARNING: [XSIM 43-4398] File "/wrk/ci/prod/2021.2/rdi_builds/continuous/2021_10_19_3367213/data/secureip/fe/fe_002.svp" Line 132102 : Function calls inside wait/event expression are sensitive to arguments only."cfg_sym_perm_r4()" is called without any argument which may not unblock the wait/event expression.
WARNING: [XSIM 43-4398] File "/wrk/ci/prod/2021.2/rdi_builds/continuous/2021_10_19_3367213/data/secureip/fe/fe_002.svp" Line 132137 : Function calls inside wait/event expression are sensitive to arguments only."cfg_tr_perm_sh_r4()" is called without any argument which may not unblock the wait/event expression.
WARNING: [XSIM 43-4398] File "/wrk/ci/prod/2021.2/rdi_builds/continuous/2021_10_19_3367213/data/secureip/fe/fe_002.svp" Line 132100 : Function calls inside wait/event expression are sensitive to arguments only."cfg_tr_perm_r4()" is called without any argument which may not unblock the wait/event expression.
WARNING: [XSIM 43-4398] File "/wrk/ci/prod/2021.2/rdi_builds/continuous/2021_10_19_3367213/data/secureip/fe/fe_002.svp" Line 132101 : Function calls inside wait/event expression are sensitive to arguments only."cfg_llr_perm_r4()" is called without any argument which may not unblock the wait/event expression.
WARNING: [XSIM 43-4398] File "/wrk/ci/prod/2021.2/rdi_builds/continuous/2021_10_19_3367213/data/secureip/fe/fe_002.svp" Line 132102 : Function calls inside wait/event expression are sensitive to arguments only."cfg_sym_perm_r4()" is called without any argument which may not unblock the wait/event expression.
WARNING: [XSIM 43-4398] File "/wrk/ci/prod/2021.2/rdi_builds/continuous/2021_10_19_3367213/data/secureip/fe/fe_002.svp" Line 132137 : Function calls inside wait/event expression are sensitive to arguments only."cfg_tr_perm_sh_r4()" is called without any argument which may not unblock the wait/event expression.
WARNING: [XSIM 43-4398] File "/wrk/ci/prod/2021.2/rdi_builds/continuous/2021_10_19_3367213/data/secureip/fe/fe_002.svp" Line 132100 : Function calls inside wait/event expression are sensitive to arguments only."cfg_tr_perm_r4()" is called without any argument which may not unblock the wait/event expression.
WARNING: [XSIM 43-4398] File "/wrk/ci/prod/2021.2/rdi_builds/continuous/2021_10_19_3367213/data/secureip/fe/fe_002.svp" Line 132101 : Function calls inside wait/event expression are sensitive to arguments only."cfg_llr_perm_r4()" is called without any argument which may not unblock the wait/event expression.
WARNING: [XSIM 43-4398] File "/wrk/ci/prod/2021.2/rdi_builds/continuous/2021_10_19_3367213/data/secureip/fe/fe_002.svp" Line 132102 : Function calls inside wait/event expression are sensitive to arguments only."cfg_sym_perm_r4()" is called without any argument which may not unblock the wait/event expression.
WARNING: [XSIM 43-4398] File "/wrk/ci/prod/2021.2/rdi_builds/continuous/2021_10_19_3367213/data/secureip/fe/fe_002.svp" Line 132137 : Function calls inside wait/event expression are sensitive to arguments only."cfg_tr_perm_sh_r4()" is called without any argument which may not unblock the wait/event expression.
WARNING: [XSIM 43-4398] File "/wrk/ci/prod/2021.2/rdi_builds/continuous/2021_10_19_3367213/data/secureip/fe/fe_002.svp" Line 132100 : Function calls inside wait/event expression are sensitive to arguments only."cfg_tr_perm_r4()" is called without any argument which may not unblock the wait/event expression.
WARNING: [XSIM 43-4398] File "/wrk/ci/prod/2021.2/rdi_builds/continuous/2021_10_19_3367213/data/secureip/fe/fe_002.svp" Line 132101 : Function calls inside wait/event expression are sensitive to arguments only."cfg_llr_perm_r4()" is called without any argument which may not unblock the wait/event expression.
WARNING: [XSIM 43-4398] File "/wrk/ci/prod/2021.2/rdi_builds/continuous/2021_10_19_3367213/data/secureip/fe/fe_002.svp" Line 132102 : Function calls inside wait/event expression are sensitive to arguments only."cfg_sym_perm_r4()" is called without any argument which may not unblock the wait/event expression.
WARNING: [XSIM 43-4398] File "/wrk/ci/prod/2021.2/rdi_builds/continuous/2021_10_19_3367213/data/secureip/fe/fe_002.svp" Line 132137 : Function calls inside wait/event expression are sensitive to arguments only."cfg_tr_perm_sh_r4()" is called without any argument which may not unblock the wait/event expression.
WARNING: [XSIM 43-4398] File "/wrk/ci/prod/2021.2/rdi_builds/continuous/2021_10_19_3367213/data/secureip/fe/fe_002.svp" Line 132100 : Function calls inside wait/event expression are sensitive to arguments only."cfg_tr_perm_r4()" is called without any argument which may not unblock the wait/event expression.
WARNING: [XSIM 43-4398] File "/wrk/ci/prod/2021.2/rdi_builds/continuous/2021_10_19_3367213/data/secureip/fe/fe_002.svp" Line 132101 : Function calls inside wait/event expression are sensitive to arguments only."cfg_llr_perm_r4()" is called without any argument which may not unblock the wait/event expression.
WARNING: [XSIM 43-4398] File "/wrk/ci/prod/2021.2/rdi_builds/continuous/2021_10_19_3367213/data/secureip/fe/fe_002.svp" Line 132102 : Function calls inside wait/event expression are sensitive to arguments only."cfg_sym_perm_r4()" is called without any argument which may not unblock the wait/event expression.
WARNING: [XSIM 43-4398] File "/wrk/ci/prod/2021.2/rdi_builds/continuous/2021_10_19_3367213/data/secureip/fe/fe_002.svp" Line 132137 : Function calls inside wait/event expression are sensitive to arguments only."cfg_tr_perm_sh_r4()" is called without any argument which may not unblock the wait/event expression.
WARNING: [XSIM 43-4398] File "/wrk/ci/prod/2021.2/rdi_builds/continuous/2021_10_19_3367213/data/secureip/fe/fe_002.svp" Line 132100 : Function calls inside wait/event expression are sensitive to arguments only."cfg_tr_perm_r4()" is called without any argument which may not unblock the wait/event expression.
WARNING: [XSIM 43-4398] File "/wrk/ci/prod/2021.2/rdi_builds/continuous/2021_10_19_3367213/data/secureip/fe/fe_002.svp" Line 132101 : Function calls inside wait/event expression are sensitive to arguments only."cfg_llr_perm_r4()" is called without any argument which may not unblock the wait/event expression.
WARNING: [XSIM 43-4398] File "/wrk/ci/prod/2021.2/rdi_builds/continuous/2021_10_19_3367213/data/secureip/fe/fe_002.svp" Line 132102 : Function calls inside wait/event expression are sensitive to arguments only."cfg_sym_perm_r4()" is called without any argument which may not unblock the wait/event expression.
WARNING: [XSIM 43-4398] File "/wrk/ci/prod/2021.2/rdi_builds/continuous/2021_10_19_3367213/data/secureip/fe/fe_002.svp" Line 132137 : Function calls inside wait/event expression are sensitive to arguments only."cfg_tr_perm_sh_r4()" is called without any argument which may not unblock the wait/event expression.
WARNING: [XSIM 43-4398] File "/wrk/ci/prod/2021.2/rdi_builds/continuous/2021_10_19_3367213/data/secureip/fe/fe_002.svp" Line 132100 : Function calls inside wait/event expression are sensitive to arguments only."cfg_tr_perm_r4()" is called without any argument which may not unblock the wait/event expression.
WARNING: [XSIM 43-4398] File "/wrk/ci/prod/2021.2/rdi_builds/continuous/2021_10_19_3367213/data/secureip/fe/fe_002.svp" Line 132101 : Function calls inside wait/event expression are sensitive to arguments only."cfg_llr_perm_r4()" is called without any argument which may not unblock the wait/event expression.
WARNING: [XSIM 43-4398] File "/wrk/ci/prod/2021.2/rdi_builds/continuous/2021_10_19_3367213/data/secureip/fe/fe_002.svp" Line 132102 : Function calls inside wait/event expression are sensitive to arguments only."cfg_sym_perm_r4()" is called without any argument which may not unblock the wait/event expression.
WARNING: [XSIM 43-4398] File "/wrk/ci/prod/2021.2/rdi_builds/continuous/2021_10_19_3367213/data/secureip/fe/fe_002.svp" Line 132137 : Function calls inside wait/event expression are sensitive to arguments only."cfg_tr_perm_sh_r4()" is called without any argument which may not unblock the wait/event expression.
WARNING: [XSIM 43-4398] File "/wrk/ci/prod/2021.2/rdi_builds/continuous/2021_10_19_3367213/data/secureip/fe/fe_002.svp" Line 132100 : Function calls inside wait/event expression are sensitive to arguments only."cfg_tr_perm_r4()" is called without any argument which may not unblock the wait/event expression.
WARNING: [XSIM 43-4398] File "/wrk/ci/prod/2021.2/rdi_builds/continuous/2021_10_19_3367213/data/secureip/fe/fe_002.svp" Line 132101 : Function calls inside wait/event expression are sensitive to arguments only."cfg_llr_perm_r4()" is called without any argument which may not unblock the wait/event expression.
WARNING: [XSIM 43-4398] File "/wrk/ci/prod/2021.2/rdi_builds/continuous/2021_10_19_3367213/data/secureip/fe/fe_002.svp" Line 132102 : Function calls inside wait/event expression are sensitive to arguments only."cfg_sym_perm_r4()" is called without any argument which may not unblock the wait/event expression.
WARNING: [XSIM 43-4398] File "/wrk/ci/prod/2021.2/rdi_builds/continuous/2021_10_19_3367213/data/secureip/fe/fe_002.svp" Line 132137 : Function calls inside wait/event expression are sensitive to arguments only."cfg_tr_perm_sh_r4()" is called without any argument which may not unblock the wait/event expression.
WARNING: [XSIM 43-4398] File "/wrk/ci/prod/2021.2/rdi_builds/continuous/2021_10_19_3367213/data/secureip/fe/fe_002.svp" Line 132100 : Function calls inside wait/event expression are sensitive to arguments only."cfg_tr_perm_r4()" is called without any argument which may not unblock the wait/event expression.
WARNING: [XSIM 43-4398] File "/wrk/ci/prod/2021.2/rdi_builds/continuous/2021_10_19_3367213/data/secureip/fe/fe_002.svp" Line 132101 : Function calls inside wait/event expression are sensitive to arguments only."cfg_llr_perm_r4()" is called without any argument which may not unblock the wait/event expression.
WARNING: [XSIM 43-4398] File "/wrk/ci/prod/2021.2/rdi_builds/continuous/2021_10_19_3367213/data/secureip/fe/fe_002.svp" Line 132102 : Function calls inside wait/event expression are sensitive to arguments only."cfg_sym_perm_r4()" is called without any argument which may not unblock the wait/event expression.
WARNING: [XSIM 43-4398] File "/wrk/ci/prod/2021.2/rdi_builds/continuous/2021_10_19_3367213/data/secureip/fe/fe_002.svp" Line 132137 : Function calls inside wait/event expression are sensitive to arguments only."cfg_tr_perm_sh_r4()" is called without any argument which may not unblock the wait/event expression.
WARNING: [XSIM 43-4398] File "/wrk/ci/prod/2021.2/rdi_builds/continuous/2021_10_19_3367213/data/secureip/fe/fe_002.svp" Line 134806 : Function calls inside wait/event expression are sensitive to arguments only."crc24b_par4_mask()" is called without any argument which may not unblock the wait/event expression.
WARNING: [XSIM 43-4398] File "/wrk/ci/prod/2021.2/rdi_builds/continuous/2021_10_19_3367213/data/secureip/fe/fe_002.svp" Line 134806 : Function calls inside wait/event expression are sensitive to arguments only."crc24a_par4_mask()" is called without any argument which may not unblock the wait/event expression.
WARNING: [XSIM 43-4398] File "/wrk/ci/prod/2021.2/rdi_builds/continuous/2021_10_19_3367213/data/secureip/fe/fe_002.svp" Line 134807 : Function calls inside wait/event expression are sensitive to arguments only."crc24b_par2_mask()" is called without any argument which may not unblock the wait/event expression.
WARNING: [XSIM 43-4398] File "/wrk/ci/prod/2021.2/rdi_builds/continuous/2021_10_19_3367213/data/secureip/fe/fe_002.svp" Line 134807 : Function calls inside wait/event expression are sensitive to arguments only."crc24a_par2_mask()" is called without any argument which may not unblock the wait/event expression.
WARNING: [XSIM 43-4398] File "/wrk/ci/prod/2021.2/rdi_builds/continuous/2021_10_19_3367213/data/secureip/fe/fe_002.svp" Line 134808 : Function calls inside wait/event expression are sensitive to arguments only."crc24b_adv()" is called without any argument which may not unblock the wait/event expression.
WARNING: [XSIM 43-4398] File "/wrk/ci/prod/2021.2/rdi_builds/continuous/2021_10_19_3367213/data/secureip/fe/fe_002.svp" Line 134808 : Function calls inside wait/event expression are sensitive to arguments only."crc24a_adv()" is called without any argument which may not unblock the wait/event expression.
WARNING: [XSIM 43-4398] File "/wrk/ci/prod/2021.2/rdi_builds/continuous/2021_10_19_3367213/data/secureip/fe/fe_002.svp" Line 134969 : Function calls inside wait/event expression are sensitive to arguments only."crc24b_adv()" is called without any argument which may not unblock the wait/event expression.
WARNING: [XSIM 43-4398] File "/wrk/ci/prod/2021.2/rdi_builds/continuous/2021_10_19_3367213/data/secureip/fe/fe_002.svp" Line 134969 : Function calls inside wait/event expression are sensitive to arguments only."crc24a_adv()" is called without any argument which may not unblock the wait/event expression.
WARNING: [XSIM 43-4398] File "/wrk/ci/prod/2021.2/rdi_builds/continuous/2021_10_19_3367213/data/secureip/fe/fe_002.svp" Line 127127 : Function calls inside wait/event expression are sensitive to arguments only."init_alpha()" is called without any argument which may not unblock the wait/event expression.
WARNING: [XSIM 43-4398] File "/wrk/ci/prod/2021.2/rdi_builds/continuous/2021_10_19_3367213/data/secureip/fe/fe_002.svp" Line 131216 : Function calls inside wait/event expression are sensitive to arguments only."cfg_bm_perm_r4()" is called without any argument which may not unblock the wait/event expression.
WARNING: [XSIM 43-4398] File "/wrk/ci/prod/2021.2/rdi_builds/continuous/2021_10_19_3367213/data/secureip/fe/fe_002.svp" Line 131216 : Function calls inside wait/event expression are sensitive to arguments only."cfg_bm_perm_r4()" is called without any argument which may not unblock the wait/event expression.
WARNING: [XSIM 43-4398] File "/wrk/ci/prod/2021.2/rdi_builds/continuous/2021_10_19_3367213/data/secureip/fe/fe_002.svp" Line 131216 : Function calls inside wait/event expression are sensitive to arguments only."cfg_bm_perm_r4()" is called without any argument which may not unblock the wait/event expression.
WARNING: [XSIM 43-4398] File "/wrk/ci/prod/2021.2/rdi_builds/continuous/2021_10_19_3367213/data/secureip/fe/fe_002.svp" Line 131216 : Function calls inside wait/event expression are sensitive to arguments only."cfg_bm_perm_r4()" is called without any argument which may not unblock the wait/event expression.
WARNING: [XSIM 43-4398] File "/wrk/ci/prod/2021.2/rdi_builds/continuous/2021_10_19_3367213/data/secureip/fe/fe_002.svp" Line 131216 : Function calls inside wait/event expression are sensitive to arguments only."cfg_bm_perm_r4()" is called without any argument which may not unblock the wait/event expression.
WARNING: [XSIM 43-4398] File "/wrk/ci/prod/2021.2/rdi_builds/continuous/2021_10_19_3367213/data/secureip/fe/fe_002.svp" Line 131216 : Function calls inside wait/event expression are sensitive to arguments only."cfg_bm_perm_r4()" is called without any argument which may not unblock the wait/event expression.
WARNING: [XSIM 43-4398] File "/wrk/ci/prod/2021.2/rdi_builds/continuous/2021_10_19_3367213/data/secureip/fe/fe_002.svp" Line 131216 : Function calls inside wait/event expression are sensitive to arguments only."cfg_bm_perm_r4()" is called without any argument which may not unblock the wait/event expression.
WARNING: [XSIM 43-4398] File "/wrk/ci/prod/2021.2/rdi_builds/continuous/2021_10_19_3367213/data/secureip/fe/fe_002.svp" Line 131216 : Function calls inside wait/event expression are sensitive to arguments only."cfg_bm_perm_r4()" is called without any argument which may not unblock the wait/event expression.
WARNING: [XSIM 43-4398] File "/wrk/ci/prod/2021.2/rdi_builds/continuous/2021_10_19_3367213/data/secureip/fe/fe_002.svp" Line 131216 : Function calls inside wait/event expression are sensitive to arguments only."cfg_bm_perm_r4()" is called without any argument which may not unblock the wait/event expression.
WARNING: [XSIM 43-4398] File "/wrk/ci/prod/2021.2/rdi_builds/continuous/2021_10_19_3367213/data/secureip/fe/fe_002.svp" Line 131216 : Function calls inside wait/event expression are sensitive to arguments only."cfg_bm_perm_r4()" is called without any argument which may not unblock the wait/event expression.
WARNING: [XSIM 43-4398] File "/wrk/ci/prod/2021.2/rdi_builds/continuous/2021_10_19_3367213/data/secureip/fe/fe_002.svp" Line 131216 : Function calls inside wait/event expression are sensitive to arguments only."cfg_bm_perm_r4()" is called without any argument which may not unblock the wait/event expression.
WARNING: [XSIM 43-4398] File "/wrk/ci/prod/2021.2/rdi_builds/continuous/2021_10_19_3367213/data/secureip/fe/fe_002.svp" Line 131216 : Function calls inside wait/event expression are sensitive to arguments only."cfg_bm_perm_r4()" is called without any argument which may not unblock the wait/event expression.
WARNING: [XSIM 43-4398] File "/wrk/ci/prod/2021.2/rdi_builds/continuous/2021_10_19_3367213/data/secureip/fe/fe_002.svp" Line 131216 : Function calls inside wait/event expression are sensitive to arguments only."cfg_bm_perm_r4()" is called without any argument which may not unblock the wait/event expression.
WARNING: [XSIM 43-4398] File "/wrk/ci/prod/2021.2/rdi_builds/continuous/2021_10_19_3367213/data/secureip/fe/fe_002.svp" Line 131216 : Function calls inside wait/event expression are sensitive to arguments only."cfg_bm_perm_r4()" is called without any argument which may not unblock the wait/event expression.
WARNING: [XSIM 43-4398] File "/wrk/ci/prod/2021.2/rdi_builds/continuous/2021_10_19_3367213/data/secureip/fe/fe_002.svp" Line 131216 : Function calls inside wait/event expression are sensitive to arguments only."cfg_bm_perm_r4()" is called without any argument which may not unblock the wait/event expression.
WARNING: [XSIM 43-4398] File "/wrk/ci/prod/2021.2/rdi_builds/continuous/2021_10_19_3367213/data/secureip/fe/fe_002.svp" Line 131216 : Function calls inside wait/event expression are sensitive to arguments only."cfg_bm_perm_r4()" is called without any argument which may not unblock the wait/event expression.
WARNING: [XSIM 43-4398] File "/wrk/ci/prod/2021.2/rdi_builds/continuous/2021_10_19_3367213/data/secureip/fe/fe_002.svp" Line 134226 : Function calls inside wait/event expression are sensitive to arguments only."cfg_alpha_perm_r4()" is called without any argument which may not unblock the wait/event expression.
WARNING: [XSIM 43-4398] File "/wrk/ci/prod/2021.2/rdi_builds/continuous/2021_10_19_3367213/data/secureip/fe/fe_002.svp" Line 134226 : Function calls inside wait/event expression are sensitive to arguments only."cfg_alpha_perm_r4()" is called without any argument which may not unblock the wait/event expression.
WARNING: [XSIM 43-4398] File "/wrk/ci/prod/2021.2/rdi_builds/continuous/2021_10_19_3367213/data/secureip/fe/fe_002.svp" Line 134226 : Function calls inside wait/event expression are sensitive to arguments only."cfg_alpha_perm_r4()" is called without any argument which may not unblock the wait/event expression.
WARNING: [XSIM 43-4398] File "/wrk/ci/prod/2021.2/rdi_builds/continuous/2021_10_19_3367213/data/secureip/fe/fe_002.svp" Line 134226 : Function calls inside wait/event expression are sensitive to arguments only."cfg_alpha_perm_r4()" is called without any argument which may not unblock the wait/event expression.
WARNING: [XSIM 43-4398] File "/wrk/ci/prod/2021.2/rdi_builds/continuous/2021_10_19_3367213/data/secureip/fe/fe_002.svp" Line 134226 : Function calls inside wait/event expression are sensitive to arguments only."cfg_alpha_perm_r4()" is called without any argument which may not unblock the wait/event expression.
WARNING: [XSIM 43-4398] File "/wrk/ci/prod/2021.2/rdi_builds/continuous/2021_10_19_3367213/data/secureip/fe/fe_002.svp" Line 134226 : Function calls inside wait/event expression are sensitive to arguments only."cfg_alpha_perm_r4()" is called without any argument which may not unblock the wait/event expression.
WARNING: [XSIM 43-4398] File "/wrk/ci/prod/2021.2/rdi_builds/continuous/2021_10_19_3367213/data/secureip/fe/fe_002.svp" Line 134226 : Function calls inside wait/event expression are sensitive to arguments only."cfg_alpha_perm_r4()" is called without any argument which may not unblock the wait/event expression.
WARNING: [XSIM 43-4398] File "/wrk/ci/prod/2021.2/rdi_builds/continuous/2021_10_19_3367213/data/secureip/fe/fe_002.svp" Line 134226 : Function calls inside wait/event expression are sensitive to arguments only."cfg_alpha_perm_r4()" is called without any argument which may not unblock the wait/event expression.
WARNING: [XSIM 43-4398] File "/wrk/ci/prod/2021.2/rdi_builds/continuous/2021_10_19_3367213/data/secureip/fe/fe_002.svp" Line 134226 : Function calls inside wait/event expression are sensitive to arguments only."cfg_alpha_perm_r4()" is called without any argument which may not unblock the wait/event expression.
WARNING: [XSIM 43-4398] File "/wrk/ci/prod/2021.2/rdi_builds/continuous/2021_10_19_3367213/data/secureip/fe/fe_002.svp" Line 134226 : Function calls inside wait/event expression are sensitive to arguments only."cfg_alpha_perm_r4()" is called without any argument which may not unblock the wait/event expression.
WARNING: [XSIM 43-4398] File "/wrk/ci/prod/2021.2/rdi_builds/continuous/2021_10_19_3367213/data/secureip/fe/fe_002.svp" Line 134226 : Function calls inside wait/event expression are sensitive to arguments only."cfg_alpha_perm_r4()" is called without any argument which may not unblock the wait/event expression.
WARNING: [XSIM 43-4398] File "/wrk/ci/prod/2021.2/rdi_builds/continuous/2021_10_19_3367213/data/secureip/fe/fe_002.svp" Line 134226 : Function calls inside wait/event expression are sensitive to arguments only."cfg_alpha_perm_r4()" is called without any argument which may not unblock the wait/event expression.
WARNING: [XSIM 43-4398] File "/wrk/ci/prod/2021.2/rdi_builds/continuous/2021_10_19_3367213/data/secureip/fe/fe_002.svp" Line 134226 : Function calls inside wait/event expression are sensitive to arguments only."cfg_alpha_perm_r4()" is called without any argument which may not unblock the wait/event expression.
WARNING: [XSIM 43-4398] File "/wrk/ci/prod/2021.2/rdi_builds/continuous/2021_10_19_3367213/data/secureip/fe/fe_002.svp" Line 134226 : Function calls inside wait/event expression are sensitive to arguments only."cfg_alpha_perm_r4()" is called without any argument which may not unblock the wait/event expression.
WARNING: [XSIM 43-4398] File "/wrk/ci/prod/2021.2/rdi_builds/continuous/2021_10_19_3367213/data/secureip/fe/fe_002.svp" Line 134226 : Function calls inside wait/event expression are sensitive to arguments only."cfg_alpha_perm_r4()" is called without any argument which may not unblock the wait/event expression.
WARNING: [XSIM 43-4398] File "/wrk/ci/prod/2021.2/rdi_builds/continuous/2021_10_19_3367213/data/secureip/fe/fe_002.svp" Line 134226 : Function calls inside wait/event expression are sensitive to arguments only."cfg_alpha_perm_r4()" is called without any argument which may not unblock the wait/event expression.
WARNING: [XSIM 43-4398] File "/wrk/ci/prod/2021.2/rdi_builds/continuous/2021_10_19_3367213/data/secureip/fe/fe_002.svp" Line 131216 : Function calls inside wait/event expression are sensitive to arguments only."cfg_bm_perm_r4()" is called without any argument which may not unblock the wait/event expression.
WARNING: [XSIM 43-4398] File "/wrk/ci/prod/2021.2/rdi_builds/continuous/2021_10_19_3367213/data/secureip/fe/fe_002.svp" Line 131216 : Function calls inside wait/event expression are sensitive to arguments only."cfg_bm_perm_r4()" is called without any argument which may not unblock the wait/event expression.
WARNING: [XSIM 43-4398] File "/wrk/ci/prod/2021.2/rdi_builds/continuous/2021_10_19_3367213/data/secureip/fe/fe_002.svp" Line 131216 : Function calls inside wait/event expression are sensitive to arguments only."cfg_bm_perm_r4()" is called without any argument which may not unblock the wait/event expression.
WARNING: [XSIM 43-4398] File "/wrk/ci/prod/2021.2/rdi_builds/continuous/2021_10_19_3367213/data/secureip/fe/fe_002.svp" Line 131216 : Function calls inside wait/event expression are sensitive to arguments only."cfg_bm_perm_r4()" is called without any argument which may not unblock the wait/event expression.
WARNING: [XSIM 43-4398] File "/wrk/ci/prod/2021.2/rdi_builds/continuous/2021_10_19_3367213/data/secureip/fe/fe_002.svp" Line 131216 : Function calls inside wait/event expression are sensitive to arguments only."cfg_bm_perm_r4()" is called without any argument which may not unblock the wait/event expression.
WARNING: [XSIM 43-4398] File "/wrk/ci/prod/2021.2/rdi_builds/continuous/2021_10_19_3367213/data/secureip/fe/fe_002.svp" Line 131216 : Function calls inside wait/event expression are sensitive to arguments only."cfg_bm_perm_r4()" is called without any argument which may not unblock the wait/event expression.
WARNING: [XSIM 43-4398] File "/wrk/ci/prod/2021.2/rdi_builds/continuous/2021_10_19_3367213/data/secureip/fe/fe_002.svp" Line 131216 : Function calls inside wait/event expression are sensitive to arguments only."cfg_bm_perm_r4()" is called without any argument which may not unblock the wait/event expression.
WARNING: [XSIM 43-4398] File "/wrk/ci/prod/2021.2/rdi_builds/continuous/2021_10_19_3367213/data/secureip/fe/fe_002.svp" Line 131216 : Function calls inside wait/event expression are sensitive to arguments only."cfg_bm_perm_r4()" is called without any argument which may not unblock the wait/event expression.
WARNING: [XSIM 43-4398] File "/wrk/ci/prod/2021.2/rdi_builds/continuous/2021_10_19_3367213/data/secureip/fe/fe_002.svp" Line 131216 : Function calls inside wait/event expression are sensitive to arguments only."cfg_bm_perm_r4()" is called without any argument which may not unblock the wait/event expression.
WARNING: [XSIM 43-4398] File "/wrk/ci/prod/2021.2/rdi_builds/continuous/2021_10_19_3367213/data/secureip/fe/fe_002.svp" Line 131216 : Function calls inside wait/event expression are sensitive to arguments only."cfg_bm_perm_r4()" is called without any argument which may not unblock the wait/event expression.
WARNING: [XSIM 43-4398] File "/wrk/ci/prod/2021.2/rdi_builds/continuous/2021_10_19_3367213/data/secureip/fe/fe_002.svp" Line 131216 : Function calls inside wait/event expression are sensitive to arguments only."cfg_bm_perm_r4()" is called without any argument which may not unblock the wait/event expression.
WARNING: [XSIM 43-4398] File "/wrk/ci/prod/2021.2/rdi_builds/continuous/2021_10_19_3367213/data/secureip/fe/fe_002.svp" Line 131216 : Function calls inside wait/event expression are sensitive to arguments only."cfg_bm_perm_r4()" is called without any argument which may not unblock the wait/event expression.
WARNING: [XSIM 43-4398] File "/wrk/ci/prod/2021.2/rdi_builds/continuous/2021_10_19_3367213/data/secureip/fe/fe_002.svp" Line 131216 : Function calls inside wait/event expression are sensitive to arguments only."cfg_bm_perm_r4()" is called without any argument which may not unblock the wait/event expression.
WARNING: [XSIM 43-4398] File "/wrk/ci/prod/2021.2/rdi_builds/continuous/2021_10_19_3367213/data/secureip/fe/fe_002.svp" Line 131216 : Function calls inside wait/event expression are sensitive to arguments only."cfg_bm_perm_r4()" is called without any argument which may not unblock the wait/event expression.
WARNING: [XSIM 43-4398] File "/wrk/ci/prod/2021.2/rdi_builds/continuous/2021_10_19_3367213/data/secureip/fe/fe_002.svp" Line 131216 : Function calls inside wait/event expression are sensitive to arguments only."cfg_bm_perm_r4()" is called without any argument which may not unblock the wait/event expression.
WARNING: [XSIM 43-4398] File "/wrk/ci/prod/2021.2/rdi_builds/continuous/2021_10_19_3367213/data/secureip/fe/fe_002.svp" Line 131216 : Function calls inside wait/event expression are sensitive to arguments only."cfg_bm_perm_r4()" is called without any argument which may not unblock the wait/event expression.
WARNING: [XSIM 43-4398] File "/wrk/ci/prod/2021.2/rdi_builds/continuous/2021_10_19_3367213/data/secureip/fe/fe_002.svp" Line 129263 : Function calls inside wait/event expression are sensitive to arguments only."cfg_bi_perm_r4()" is called without any argument which may not unblock the wait/event expression.
WARNING: [XSIM 43-4398] File "/wrk/ci/prod/2021.2/rdi_builds/continuous/2021_10_19_3367213/data/secureip/fe/fe_002.svp" Line 134226 : Function calls inside wait/event expression are sensitive to arguments only."cfg_beta_perm_r4()" is called without any argument which may not unblock the wait/event expression.
WARNING: [XSIM 43-4398] File "/wrk/ci/prod/2021.2/rdi_builds/continuous/2021_10_19_3367213/data/secureip/fe/fe_002.svp" Line 134226 : Function calls inside wait/event expression are sensitive to arguments only."cfg_beta_perm_r4()" is called without any argument which may not unblock the wait/event expression.
WARNING: [XSIM 43-4398] File "/wrk/ci/prod/2021.2/rdi_builds/continuous/2021_10_19_3367213/data/secureip/fe/fe_002.svp" Line 134226 : Function calls inside wait/event expression are sensitive to arguments only."cfg_beta_perm_r4()" is called without any argument which may not unblock the wait/event expression.
WARNING: [XSIM 43-4398] File "/wrk/ci/prod/2021.2/rdi_builds/continuous/2021_10_19_3367213/data/secureip/fe/fe_002.svp" Line 134226 : Function calls inside wait/event expression are sensitive to arguments only."cfg_beta_perm_r4()" is called without any argument which may not unblock the wait/event expression.
WARNING: [XSIM 43-4398] File "/wrk/ci/prod/2021.2/rdi_builds/continuous/2021_10_19_3367213/data/secureip/fe/fe_002.svp" Line 134226 : Function calls inside wait/event expression are sensitive to arguments only."cfg_beta_perm_r4()" is called without any argument which may not unblock the wait/event expression.
WARNING: [XSIM 43-4398] File "/wrk/ci/prod/2021.2/rdi_builds/continuous/2021_10_19_3367213/data/secureip/fe/fe_002.svp" Line 134226 : Function calls inside wait/event expression are sensitive to arguments only."cfg_beta_perm_r4()" is called without any argument which may not unblock the wait/event expression.
WARNING: [XSIM 43-4398] File "/wrk/ci/prod/2021.2/rdi_builds/continuous/2021_10_19_3367213/data/secureip/fe/fe_002.svp" Line 134226 : Function calls inside wait/event expression are sensitive to arguments only."cfg_beta_perm_r4()" is called without any argument which may not unblock the wait/event expression.
WARNING: [XSIM 43-4398] File "/wrk/ci/prod/2021.2/rdi_builds/continuous/2021_10_19_3367213/data/secureip/fe/fe_002.svp" Line 134226 : Function calls inside wait/event expression are sensitive to arguments only."cfg_beta_perm_r4()" is called without any argument which may not unblock the wait/event expression.
WARNING: [XSIM 43-4398] File "/wrk/ci/prod/2021.2/rdi_builds/continuous/2021_10_19_3367213/data/secureip/fe/fe_002.svp" Line 134226 : Function calls inside wait/event expression are sensitive to arguments only."cfg_beta_perm_r4()" is called without any argument which may not unblock the wait/event expression.
WARNING: [XSIM 43-4398] File "/wrk/ci/prod/2021.2/rdi_builds/continuous/2021_10_19_3367213/data/secureip/fe/fe_002.svp" Line 134226 : Function calls inside wait/event expression are sensitive to arguments only."cfg_beta_perm_r4()" is called without any argument which may not unblock the wait/event expression.
WARNING: [XSIM 43-4398] File "/wrk/ci/prod/2021.2/rdi_builds/continuous/2021_10_19_3367213/data/secureip/fe/fe_002.svp" Line 134226 : Function calls inside wait/event expression are sensitive to arguments only."cfg_beta_perm_r4()" is called without any argument which may not unblock the wait/event expression.
WARNING: [XSIM 43-4398] File "/wrk/ci/prod/2021.2/rdi_builds/continuous/2021_10_19_3367213/data/secureip/fe/fe_002.svp" Line 134226 : Function calls inside wait/event expression are sensitive to arguments only."cfg_beta_perm_r4()" is called without any argument which may not unblock the wait/event expression.
WARNING: [XSIM 43-4398] File "/wrk/ci/prod/2021.2/rdi_builds/continuous/2021_10_19_3367213/data/secureip/fe/fe_002.svp" Line 134226 : Function calls inside wait/event expression are sensitive to arguments only."cfg_beta_perm_r4()" is called without any argument which may not unblock the wait/event expression.
WARNING: [XSIM 43-4398] File "/wrk/ci/prod/2021.2/rdi_builds/continuous/2021_10_19_3367213/data/secureip/fe/fe_002.svp" Line 134226 : Function calls inside wait/event expression are sensitive to arguments only."cfg_beta_perm_r4()" is called without any argument which may not unblock the wait/event expression.
WARNING: [XSIM 43-4398] File "/wrk/ci/prod/2021.2/rdi_builds/continuous/2021_10_19_3367213/data/secureip/fe/fe_002.svp" Line 134226 : Function calls inside wait/event expression are sensitive to arguments only."cfg_beta_perm_r4()" is called without any argument which may not unblock the wait/event expression.
WARNING: [XSIM 43-4398] File "/wrk/ci/prod/2021.2/rdi_builds/continuous/2021_10_19_3367213/data/secureip/fe/fe_002.svp" Line 134226 : Function calls inside wait/event expression are sensitive to arguments only."cfg_beta_perm_r4()" is called without any argument which may not unblock the wait/event expression.
WARNING: [XSIM 43-4398] File "/wrk/ci/prod/2021.2/rdi_builds/continuous/2021_10_19_3367213/data/secureip/fe/fe_002.svp" Line 132100 : Function calls inside wait/event expression are sensitive to arguments only."cfg_tr_perm_r4()" is called without any argument which may not unblock the wait/event expression.
WARNING: [XSIM 43-4398] File "/wrk/ci/prod/2021.2/rdi_builds/continuous/2021_10_19_3367213/data/secureip/fe/fe_002.svp" Line 132101 : Function calls inside wait/event expression are sensitive to arguments only."cfg_llr_perm_r4()" is called without any argument which may not unblock the wait/event expression.
WARNING: [XSIM 43-4398] File "/wrk/ci/prod/2021.2/rdi_builds/continuous/2021_10_19_3367213/data/secureip/fe/fe_002.svp" Line 132102 : Function calls inside wait/event expression are sensitive to arguments only."cfg_sym_perm_r4()" is called without any argument which may not unblock the wait/event expression.
WARNING: [XSIM 43-4398] File "/wrk/ci/prod/2021.2/rdi_builds/continuous/2021_10_19_3367213/data/secureip/fe/fe_002.svp" Line 132137 : Function calls inside wait/event expression are sensitive to arguments only."cfg_tr_perm_sh_r4()" is called without any argument which may not unblock the wait/event expression.
WARNING: [XSIM 43-4398] File "/wrk/ci/prod/2021.2/rdi_builds/continuous/2021_10_19_3367213/data/secureip/fe/fe_002.svp" Line 132100 : Function calls inside wait/event expression are sensitive to arguments only."cfg_tr_perm_r4()" is called without any argument which may not unblock the wait/event expression.
WARNING: [XSIM 43-4398] File "/wrk/ci/prod/2021.2/rdi_builds/continuous/2021_10_19_3367213/data/secureip/fe/fe_002.svp" Line 132101 : Function calls inside wait/event expression are sensitive to arguments only."cfg_llr_perm_r4()" is called without any argument which may not unblock the wait/event expression.
WARNING: [XSIM 43-4398] File "/wrk/ci/prod/2021.2/rdi_builds/continuous/2021_10_19_3367213/data/secureip/fe/fe_002.svp" Line 132102 : Function calls inside wait/event expression are sensitive to arguments only."cfg_sym_perm_r4()" is called without any argument which may not unblock the wait/event expression.
WARNING: [XSIM 43-4398] File "/wrk/ci/prod/2021.2/rdi_builds/continuous/2021_10_19_3367213/data/secureip/fe/fe_002.svp" Line 132137 : Function calls inside wait/event expression are sensitive to arguments only."cfg_tr_perm_sh_r4()" is called without any argument which may not unblock the wait/event expression.
WARNING: [XSIM 43-4398] File "/wrk/ci/prod/2021.2/rdi_builds/continuous/2021_10_19_3367213/data/secureip/fe/fe_002.svp" Line 132100 : Function calls inside wait/event expression are sensitive to arguments only."cfg_tr_perm_r4()" is called without any argument which may not unblock the wait/event expression.
WARNING: [XSIM 43-4398] File "/wrk/ci/prod/2021.2/rdi_builds/continuous/2021_10_19_3367213/data/secureip/fe/fe_002.svp" Line 132101 : Function calls inside wait/event expression are sensitive to arguments only."cfg_llr_perm_r4()" is called without any argument which may not unblock the wait/event expression.
WARNING: [XSIM 43-4398] File "/wrk/ci/prod/2021.2/rdi_builds/continuous/2021_10_19_3367213/data/secureip/fe/fe_002.svp" Line 132102 : Function calls inside wait/event expression are sensitive to arguments only."cfg_sym_perm_r4()" is called without any argument which may not unblock the wait/event expression.
WARNING: [XSIM 43-4398] File "/wrk/ci/prod/2021.2/rdi_builds/continuous/2021_10_19_3367213/data/secureip/fe/fe_002.svp" Line 132137 : Function calls inside wait/event expression are sensitive to arguments only."cfg_tr_perm_sh_r4()" is called without any argument which may not unblock the wait/event expression.
WARNING: [XSIM 43-4398] File "/wrk/ci/prod/2021.2/rdi_builds/continuous/2021_10_19_3367213/data/secureip/fe/fe_002.svp" Line 132100 : Function calls inside wait/event expression are sensitive to arguments only."cfg_tr_perm_r4()" is called without any argument which may not unblock the wait/event expression.
WARNING: [XSIM 43-4398] File "/wrk/ci/prod/2021.2/rdi_builds/continuous/2021_10_19_3367213/data/secureip/fe/fe_002.svp" Line 132101 : Function calls inside wait/event expression are sensitive to arguments only."cfg_llr_perm_r4()" is called without any argument which may not unblock the wait/event expression.
WARNING: [XSIM 43-4398] File "/wrk/ci/prod/2021.2/rdi_builds/continuous/2021_10_19_3367213/data/secureip/fe/fe_002.svp" Line 132102 : Function calls inside wait/event expression are sensitive to arguments only."cfg_sym_perm_r4()" is called without any argument which may not unblock the wait/event expression.
WARNING: [XSIM 43-4398] File "/wrk/ci/prod/2021.2/rdi_builds/continuous/2021_10_19_3367213/data/secureip/fe/fe_002.svp" Line 132137 : Function calls inside wait/event expression are sensitive to arguments only."cfg_tr_perm_sh_r4()" is called without any argument which may not unblock the wait/event expression.
WARNING: [XSIM 43-4398] File "/wrk/ci/prod/2021.2/rdi_builds/continuous/2021_10_19_3367213/data/secureip/fe/fe_002.svp" Line 132100 : Function calls inside wait/event expression are sensitive to arguments only."cfg_tr_perm_r4()" is called without any argument which may not unblock the wait/event expression.
WARNING: [XSIM 43-4398] File "/wrk/ci/prod/2021.2/rdi_builds/continuous/2021_10_19_3367213/data/secureip/fe/fe_002.svp" Line 132101 : Function calls inside wait/event expression are sensitive to arguments only."cfg_llr_perm_r4()" is called without any argument which may not unblock the wait/event expression.
WARNING: [XSIM 43-4398] File "/wrk/ci/prod/2021.2/rdi_builds/continuous/2021_10_19_3367213/data/secureip/fe/fe_002.svp" Line 132102 : Function calls inside wait/event expression are sensitive to arguments only."cfg_sym_perm_r4()" is called without any argument which may not unblock the wait/event expression.
WARNING: [XSIM 43-4398] File "/wrk/ci/prod/2021.2/rdi_builds/continuous/2021_10_19_3367213/data/secureip/fe/fe_002.svp" Line 132137 : Function calls inside wait/event expression are sensitive to arguments only."cfg_tr_perm_sh_r4()" is called without any argument which may not unblock the wait/event expression.
WARNING: [XSIM 43-4398] File "/wrk/ci/prod/2021.2/rdi_builds/continuous/2021_10_19_3367213/data/secureip/fe/fe_002.svp" Line 132100 : Function calls inside wait/event expression are sensitive to arguments only."cfg_tr_perm_r4()" is called without any argument which may not unblock the wait/event expression.
WARNING: [XSIM 43-4398] File "/wrk/ci/prod/2021.2/rdi_builds/continuous/2021_10_19_3367213/data/secureip/fe/fe_002.svp" Line 132101 : Function calls inside wait/event expression are sensitive to arguments only."cfg_llr_perm_r4()" is called without any argument which may not unblock the wait/event expression.
WARNING: [XSIM 43-4398] File "/wrk/ci/prod/2021.2/rdi_builds/continuous/2021_10_19_3367213/data/secureip/fe/fe_002.svp" Line 132102 : Function calls inside wait/event expression are sensitive to arguments only."cfg_sym_perm_r4()" is called without any argument which may not unblock the wait/event expression.
WARNING: [XSIM 43-4398] File "/wrk/ci/prod/2021.2/rdi_builds/continuous/2021_10_19_3367213/data/secureip/fe/fe_002.svp" Line 132137 : Function calls inside wait/event expression are sensitive to arguments only."cfg_tr_perm_sh_r4()" is called without any argument which may not unblock the wait/event expression.
WARNING: [XSIM 43-4398] File "/wrk/ci/prod/2021.2/rdi_builds/continuous/2021_10_19_3367213/data/secureip/fe/fe_002.svp" Line 132100 : Function calls inside wait/event expression are sensitive to arguments only."cfg_tr_perm_r4()" is called without any argument which may not unblock the wait/event expression.
WARNING: [XSIM 43-4398] File "/wrk/ci/prod/2021.2/rdi_builds/continuous/2021_10_19_3367213/data/secureip/fe/fe_002.svp" Line 132101 : Function calls inside wait/event expression are sensitive to arguments only."cfg_llr_perm_r4()" is called without any argument which may not unblock the wait/event expression.
WARNING: [XSIM 43-4398] File "/wrk/ci/prod/2021.2/rdi_builds/continuous/2021_10_19_3367213/data/secureip/fe/fe_002.svp" Line 132102 : Function calls inside wait/event expression are sensitive to arguments only."cfg_sym_perm_r4()" is called without any argument which may not unblock the wait/event expression.
WARNING: [XSIM 43-4398] File "/wrk/ci/prod/2021.2/rdi_builds/continuous/2021_10_19_3367213/data/secureip/fe/fe_002.svp" Line 132137 : Function calls inside wait/event expression are sensitive to arguments only."cfg_tr_perm_sh_r4()" is called without any argument which may not unblock the wait/event expression.
WARNING: [XSIM 43-4398] File "/wrk/ci/prod/2021.2/rdi_builds/continuous/2021_10_19_3367213/data/secureip/fe/fe_002.svp" Line 132100 : Function calls inside wait/event expression are sensitive to arguments only."cfg_tr_perm_r4()" is called without any argument which may not unblock the wait/event expression.
WARNING: [XSIM 43-4398] File "/wrk/ci/prod/2021.2/rdi_builds/continuous/2021_10_19_3367213/data/secureip/fe/fe_002.svp" Line 132101 : Function calls inside wait/event expression are sensitive to arguments only."cfg_llr_perm_r4()" is called without any argument which may not unblock the wait/event expression.
WARNING: [XSIM 43-4398] File "/wrk/ci/prod/2021.2/rdi_builds/continuous/2021_10_19_3367213/data/secureip/fe/fe_002.svp" Line 132102 : Function calls inside wait/event expression are sensitive to arguments only."cfg_sym_perm_r4()" is called without any argument which may not unblock the wait/event expression.
WARNING: [XSIM 43-4398] File "/wrk/ci/prod/2021.2/rdi_builds/continuous/2021_10_19_3367213/data/secureip/fe/fe_002.svp" Line 132137 : Function calls inside wait/event expression are sensitive to arguments only."cfg_tr_perm_sh_r4()" is called without any argument which may not unblock the wait/event expression.
WARNING: [XSIM 43-4398] File "/wrk/ci/prod/2021.2/rdi_builds/continuous/2021_10_19_3367213/data/secureip/fe/fe_002.svp" Line 132100 : Function calls inside wait/event expression are sensitive to arguments only."cfg_tr_perm_r4()" is called without any argument which may not unblock the wait/event expression.
WARNING: [XSIM 43-4398] File "/wrk/ci/prod/2021.2/rdi_builds/continuous/2021_10_19_3367213/data/secureip/fe/fe_002.svp" Line 132101 : Function calls inside wait/event expression are sensitive to arguments only."cfg_llr_perm_r4()" is called without any argument which may not unblock the wait/event expression.
WARNING: [XSIM 43-4398] File "/wrk/ci/prod/2021.2/rdi_builds/continuous/2021_10_19_3367213/data/secureip/fe/fe_002.svp" Line 132102 : Function calls inside wait/event expression are sensitive to arguments only."cfg_sym_perm_r4()" is called without any argument which may not unblock the wait/event expression.
WARNING: [XSIM 43-4398] File "/wrk/ci/prod/2021.2/rdi_builds/continuous/2021_10_19_3367213/data/secureip/fe/fe_002.svp" Line 132137 : Function calls inside wait/event expression are sensitive to arguments only."cfg_tr_perm_sh_r4()" is called without any argument which may not unblock the wait/event expression.
WARNING: [XSIM 43-4398] File "/wrk/ci/prod/2021.2/rdi_builds/continuous/2021_10_19_3367213/data/secureip/fe/fe_002.svp" Line 132100 : Function calls inside wait/event expression are sensitive to arguments only."cfg_tr_perm_r4()" is called without any argument which may not unblock the wait/event expression.
WARNING: [XSIM 43-4398] File "/wrk/ci/prod/2021.2/rdi_builds/continuous/2021_10_19_3367213/data/secureip/fe/fe_002.svp" Line 132101 : Function calls inside wait/event expression are sensitive to arguments only."cfg_llr_perm_r4()" is called without any argument which may not unblock the wait/event expression.
WARNING: [XSIM 43-4398] File "/wrk/ci/prod/2021.2/rdi_builds/continuous/2021_10_19_3367213/data/secureip/fe/fe_002.svp" Line 132102 : Function calls inside wait/event expression are sensitive to arguments only."cfg_sym_perm_r4()" is called without any argument which may not unblock the wait/event expression.
WARNING: [XSIM 43-4398] File "/wrk/ci/prod/2021.2/rdi_builds/continuous/2021_10_19_3367213/data/secureip/fe/fe_002.svp" Line 132137 : Function calls inside wait/event expression are sensitive to arguments only."cfg_tr_perm_sh_r4()" is called without any argument which may not unblock the wait/event expression.
WARNING: [XSIM 43-4398] File "/wrk/ci/prod/2021.2/rdi_builds/continuous/2021_10_19_3367213/data/secureip/fe/fe_002.svp" Line 132100 : Function calls inside wait/event expression are sensitive to arguments only."cfg_tr_perm_r4()" is called without any argument which may not unblock the wait/event expression.
WARNING: [XSIM 43-4398] File "/wrk/ci/prod/2021.2/rdi_builds/continuous/2021_10_19_3367213/data/secureip/fe/fe_002.svp" Line 132101 : Function calls inside wait/event expression are sensitive to arguments only."cfg_llr_perm_r4()" is called without any argument which may not unblock the wait/event expression.
WARNING: [XSIM 43-4398] File "/wrk/ci/prod/2021.2/rdi_builds/continuous/2021_10_19_3367213/data/secureip/fe/fe_002.svp" Line 132102 : Function calls inside wait/event expression are sensitive to arguments only."cfg_sym_perm_r4()" is called without any argument which may not unblock the wait/event expression.
WARNING: [XSIM 43-4398] File "/wrk/ci/prod/2021.2/rdi_builds/continuous/2021_10_19_3367213/data/secureip/fe/fe_002.svp" Line 132137 : Function calls inside wait/event expression are sensitive to arguments only."cfg_tr_perm_sh_r4()" is called without any argument which may not unblock the wait/event expression.
WARNING: [XSIM 43-4398] File "/wrk/ci/prod/2021.2/rdi_builds/continuous/2021_10_19_3367213/data/secureip/fe/fe_002.svp" Line 132100 : Function calls inside wait/event expression are sensitive to arguments only."cfg_tr_perm_r4()" is called without any argument which may not unblock the wait/event expression.
WARNING: [XSIM 43-4398] File "/wrk/ci/prod/2021.2/rdi_builds/continuous/2021_10_19_3367213/data/secureip/fe/fe_002.svp" Line 132101 : Function calls inside wait/event expression are sensitive to arguments only."cfg_llr_perm_r4()" is called without any argument which may not unblock the wait/event expression.
WARNING: [XSIM 43-4398] File "/wrk/ci/prod/2021.2/rdi_builds/continuous/2021_10_19_3367213/data/secureip/fe/fe_002.svp" Line 132102 : Function calls inside wait/event expression are sensitive to arguments only."cfg_sym_perm_r4()" is called without any argument which may not unblock the wait/event expression.
WARNING: [XSIM 43-4398] File "/wrk/ci/prod/2021.2/rdi_builds/continuous/2021_10_19_3367213/data/secureip/fe/fe_002.svp" Line 132137 : Function calls inside wait/event expression are sensitive to arguments only."cfg_tr_perm_sh_r4()" is called without any argument which may not unblock the wait/event expression.
WARNING: [XSIM 43-4398] File "/wrk/ci/prod/2021.2/rdi_builds/continuous/2021_10_19_3367213/data/secureip/fe/fe_002.svp" Line 132100 : Function calls inside wait/event expression are sensitive to arguments only."cfg_tr_perm_r4()" is called without any argument which may not unblock the wait/event expression.
WARNING: [XSIM 43-4398] File "/wrk/ci/prod/2021.2/rdi_builds/continuous/2021_10_19_3367213/data/secureip/fe/fe_002.svp" Line 132101 : Function calls inside wait/event expression are sensitive to arguments only."cfg_llr_perm_r4()" is called without any argument which may not unblock the wait/event expression.
WARNING: [XSIM 43-4398] File "/wrk/ci/prod/2021.2/rdi_builds/continuous/2021_10_19_3367213/data/secureip/fe/fe_002.svp" Line 132102 : Function calls inside wait/event expression are sensitive to arguments only."cfg_sym_perm_r4()" is called without any argument which may not unblock the wait/event expression.
WARNING: [XSIM 43-4398] File "/wrk/ci/prod/2021.2/rdi_builds/continuous/2021_10_19_3367213/data/secureip/fe/fe_002.svp" Line 132137 : Function calls inside wait/event expression are sensitive to arguments only."cfg_tr_perm_sh_r4()" is called without any argument which may not unblock the wait/event expression.
WARNING: [XSIM 43-4398] File "/wrk/ci/prod/2021.2/rdi_builds/continuous/2021_10_19_3367213/data/secureip/fe/fe_002.svp" Line 132100 : Function calls inside wait/event expression are sensitive to arguments only."cfg_tr_perm_r4()" is called without any argument which may not unblock the wait/event expression.
WARNING: [XSIM 43-4398] File "/wrk/ci/prod/2021.2/rdi_builds/continuous/2021_10_19_3367213/data/secureip/fe/fe_002.svp" Line 132101 : Function calls inside wait/event expression are sensitive to arguments only."cfg_llr_perm_r4()" is called without any argument which may not unblock the wait/event expression.
WARNING: [XSIM 43-4398] File "/wrk/ci/prod/2021.2/rdi_builds/continuous/2021_10_19_3367213/data/secureip/fe/fe_002.svp" Line 132102 : Function calls inside wait/event expression are sensitive to arguments only."cfg_sym_perm_r4()" is called without any argument which may not unblock the wait/event expression.
WARNING: [XSIM 43-4398] File "/wrk/ci/prod/2021.2/rdi_builds/continuous/2021_10_19_3367213/data/secureip/fe/fe_002.svp" Line 132137 : Function calls inside wait/event expression are sensitive to arguments only."cfg_tr_perm_sh_r4()" is called without any argument which may not unblock the wait/event expression.
WARNING: [XSIM 43-4398] File "/wrk/ci/prod/2021.2/rdi_builds/continuous/2021_10_19_3367213/data/secureip/fe/fe_002.svp" Line 132100 : Function calls inside wait/event expression are sensitive to arguments only."cfg_tr_perm_r4()" is called without any argument which may not unblock the wait/event expression.
WARNING: [XSIM 43-4398] File "/wrk/ci/prod/2021.2/rdi_builds/continuous/2021_10_19_3367213/data/secureip/fe/fe_002.svp" Line 132101 : Function calls inside wait/event expression are sensitive to arguments only."cfg_llr_perm_r4()" is called without any argument which may not unblock the wait/event expression.
WARNING: [XSIM 43-4398] File "/wrk/ci/prod/2021.2/rdi_builds/continuous/2021_10_19_3367213/data/secureip/fe/fe_002.svp" Line 132102 : Function calls inside wait/event expression are sensitive to arguments only."cfg_sym_perm_r4()" is called without any argument which may not unblock the wait/event expression.
WARNING: [XSIM 43-4398] File "/wrk/ci/prod/2021.2/rdi_builds/continuous/2021_10_19_3367213/data/secureip/fe/fe_002.svp" Line 132137 : Function calls inside wait/event expression are sensitive to arguments only."cfg_tr_perm_sh_r4()" is called without any argument which may not unblock the wait/event expression.
WARNING: [XSIM 43-4398] File "/wrk/ci/prod/2021.2/rdi_builds/continuous/2021_10_19_3367213/data/secureip/fe/fe_002.svp" Line 132100 : Function calls inside wait/event expression are sensitive to arguments only."cfg_tr_perm_r4()" is called without any argument which may not unblock the wait/event expression.
WARNING: [XSIM 43-4398] File "/wrk/ci/prod/2021.2/rdi_builds/continuous/2021_10_19_3367213/data/secureip/fe/fe_002.svp" Line 132101 : Function calls inside wait/event expression are sensitive to arguments only."cfg_llr_perm_r4()" is called without any argument which may not unblock the wait/event expression.
WARNING: [XSIM 43-4398] File "/wrk/ci/prod/2021.2/rdi_builds/continuous/2021_10_19_3367213/data/secureip/fe/fe_002.svp" Line 132102 : Function calls inside wait/event expression are sensitive to arguments only."cfg_sym_perm_r4()" is called without any argument which may not unblock the wait/event expression.
WARNING: [XSIM 43-4398] File "/wrk/ci/prod/2021.2/rdi_builds/continuous/2021_10_19_3367213/data/secureip/fe/fe_002.svp" Line 132137 : Function calls inside wait/event expression are sensitive to arguments only."cfg_tr_perm_sh_r4()" is called without any argument which may not unblock the wait/event expression.
WARNING: [XSIM 43-4398] File "/wrk/ci/prod/2021.2/rdi_builds/continuous/2021_10_19_3367213/data/secureip/fe/fe_002.svp" Line 134806 : Function calls inside wait/event expression are sensitive to arguments only."crc24b_par4_mask()" is called without any argument which may not unblock the wait/event expression.
WARNING: [XSIM 43-4398] File "/wrk/ci/prod/2021.2/rdi_builds/continuous/2021_10_19_3367213/data/secureip/fe/fe_002.svp" Line 134806 : Function calls inside wait/event expression are sensitive to arguments only."crc24a_par4_mask()" is called without any argument which may not unblock the wait/event expression.
WARNING: [XSIM 43-4398] File "/wrk/ci/prod/2021.2/rdi_builds/continuous/2021_10_19_3367213/data/secureip/fe/fe_002.svp" Line 134807 : Function calls inside wait/event expression are sensitive to arguments only."crc24b_par2_mask()" is called without any argument which may not unblock the wait/event expression.
WARNING: [XSIM 43-4398] File "/wrk/ci/prod/2021.2/rdi_builds/continuous/2021_10_19_3367213/data/secureip/fe/fe_002.svp" Line 134807 : Function calls inside wait/event expression are sensitive to arguments only."crc24a_par2_mask()" is called without any argument which may not unblock the wait/event expression.
WARNING: [XSIM 43-4398] File "/wrk/ci/prod/2021.2/rdi_builds/continuous/2021_10_19_3367213/data/secureip/fe/fe_002.svp" Line 134808 : Function calls inside wait/event expression are sensitive to arguments only."crc24b_adv()" is called without any argument which may not unblock the wait/event expression.
WARNING: [XSIM 43-4398] File "/wrk/ci/prod/2021.2/rdi_builds/continuous/2021_10_19_3367213/data/secureip/fe/fe_002.svp" Line 134808 : Function calls inside wait/event expression are sensitive to arguments only."crc24a_adv()" is called without any argument which may not unblock the wait/event expression.
WARNING: [XSIM 43-4398] File "/wrk/ci/prod/2021.2/rdi_builds/continuous/2021_10_19_3367213/data/secureip/fe/fe_002.svp" Line 134969 : Function calls inside wait/event expression are sensitive to arguments only."crc24b_adv()" is called without any argument which may not unblock the wait/event expression.
WARNING: [XSIM 43-4398] File "/wrk/ci/prod/2021.2/rdi_builds/continuous/2021_10_19_3367213/data/secureip/fe/fe_002.svp" Line 134969 : Function calls inside wait/event expression are sensitive to arguments only."crc24a_adv()" is called without any argument which may not unblock the wait/event expression.
WARNING: [XSIM 43-4398] File "/wrk/ci/prod/2021.2/rdi_builds/continuous/2021_10_19_3367213/data/secureip/fe/fe_002.svp" Line 127127 : Function calls inside wait/event expression are sensitive to arguments only."init_alpha()" is called without any argument which may not unblock the wait/event expression.
WARNING: [XSIM 43-4398] File "/wrk/ci/prod/2021.2/rdi_builds/continuous/2021_10_19_3367213/data/secureip/fe/fe_002.svp" Line 131216 : Function calls inside wait/event expression are sensitive to arguments only."cfg_bm_perm_r4()" is called without any argument which may not unblock the wait/event expression.
WARNING: [XSIM 43-4398] File "/wrk/ci/prod/2021.2/rdi_builds/continuous/2021_10_19_3367213/data/secureip/fe/fe_002.svp" Line 131216 : Function calls inside wait/event expression are sensitive to arguments only."cfg_bm_perm_r4()" is called without any argument which may not unblock the wait/event expression.
WARNING: [XSIM 43-4398] File "/wrk/ci/prod/2021.2/rdi_builds/continuous/2021_10_19_3367213/data/secureip/fe/fe_002.svp" Line 131216 : Function calls inside wait/event expression are sensitive to arguments only."cfg_bm_perm_r4()" is called without any argument which may not unblock the wait/event expression.
WARNING: [XSIM 43-4398] File "/wrk/ci/prod/2021.2/rdi_builds/continuous/2021_10_19_3367213/data/secureip/fe/fe_002.svp" Line 131216 : Function calls inside wait/event expression are sensitive to arguments only."cfg_bm_perm_r4()" is called without any argument which may not unblock the wait/event expression.
WARNING: [XSIM 43-4398] File "/wrk/ci/prod/2021.2/rdi_builds/continuous/2021_10_19_3367213/data/secureip/fe/fe_002.svp" Line 131216 : Function calls inside wait/event expression are sensitive to arguments only."cfg_bm_perm_r4()" is called without any argument which may not unblock the wait/event expression.
WARNING: [XSIM 43-4398] File "/wrk/ci/prod/2021.2/rdi_builds/continuous/2021_10_19_3367213/data/secureip/fe/fe_002.svp" Line 131216 : Function calls inside wait/event expression are sensitive to arguments only."cfg_bm_perm_r4()" is called without any argument which may not unblock the wait/event expression.
WARNING: [XSIM 43-4398] File "/wrk/ci/prod/2021.2/rdi_builds/continuous/2021_10_19_3367213/data/secureip/fe/fe_002.svp" Line 131216 : Function calls inside wait/event expression are sensitive to arguments only."cfg_bm_perm_r4()" is called without any argument which may not unblock the wait/event expression.
WARNING: [XSIM 43-4398] File "/wrk/ci/prod/2021.2/rdi_builds/continuous/2021_10_19_3367213/data/secureip/fe/fe_002.svp" Line 131216 : Function calls inside wait/event expression are sensitive to arguments only."cfg_bm_perm_r4()" is called without any argument which may not unblock the wait/event expression.
WARNING: [XSIM 43-4398] File "/wrk/ci/prod/2021.2/rdi_builds/continuous/2021_10_19_3367213/data/secureip/fe/fe_002.svp" Line 131216 : Function calls inside wait/event expression are sensitive to arguments only."cfg_bm_perm_r4()" is called without any argument which may not unblock the wait/event expression.
WARNING: [XSIM 43-4398] File "/wrk/ci/prod/2021.2/rdi_builds/continuous/2021_10_19_3367213/data/secureip/fe/fe_002.svp" Line 131216 : Function calls inside wait/event expression are sensitive to arguments only."cfg_bm_perm_r4()" is called without any argument which may not unblock the wait/event expression.
WARNING: [XSIM 43-4398] File "/wrk/ci/prod/2021.2/rdi_builds/continuous/2021_10_19_3367213/data/secureip/fe/fe_002.svp" Line 131216 : Function calls inside wait/event expression are sensitive to arguments only."cfg_bm_perm_r4()" is called without any argument which may not unblock the wait/event expression.
WARNING: [XSIM 43-4398] File "/wrk/ci/prod/2021.2/rdi_builds/continuous/2021_10_19_3367213/data/secureip/fe/fe_002.svp" Line 131216 : Function calls inside wait/event expression are sensitive to arguments only."cfg_bm_perm_r4()" is called without any argument which may not unblock the wait/event expression.
WARNING: [XSIM 43-4398] File "/wrk/ci/prod/2021.2/rdi_builds/continuous/2021_10_19_3367213/data/secureip/fe/fe_002.svp" Line 131216 : Function calls inside wait/event expression are sensitive to arguments only."cfg_bm_perm_r4()" is called without any argument which may not unblock the wait/event expression.
WARNING: [XSIM 43-4398] File "/wrk/ci/prod/2021.2/rdi_builds/continuous/2021_10_19_3367213/data/secureip/fe/fe_002.svp" Line 131216 : Function calls inside wait/event expression are sensitive to arguments only."cfg_bm_perm_r4()" is called without any argument which may not unblock the wait/event expression.
WARNING: [XSIM 43-4398] File "/wrk/ci/prod/2021.2/rdi_builds/continuous/2021_10_19_3367213/data/secureip/fe/fe_002.svp" Line 131216 : Function calls inside wait/event expression are sensitive to arguments only."cfg_bm_perm_r4()" is called without any argument which may not unblock the wait/event expression.
WARNING: [XSIM 43-4398] File "/wrk/ci/prod/2021.2/rdi_builds/continuous/2021_10_19_3367213/data/secureip/fe/fe_002.svp" Line 131216 : Function calls inside wait/event expression are sensitive to arguments only."cfg_bm_perm_r4()" is called without any argument which may not unblock the wait/event expression.
WARNING: [XSIM 43-4398] File "/wrk/ci/prod/2021.2/rdi_builds/continuous/2021_10_19_3367213/data/secureip/fe/fe_002.svp" Line 134226 : Function calls inside wait/event expression are sensitive to arguments only."cfg_alpha_perm_r4()" is called without any argument which may not unblock the wait/event expression.
WARNING: [XSIM 43-4398] File "/wrk/ci/prod/2021.2/rdi_builds/continuous/2021_10_19_3367213/data/secureip/fe/fe_002.svp" Line 134226 : Function calls inside wait/event expression are sensitive to arguments only."cfg_alpha_perm_r4()" is called without any argument which may not unblock the wait/event expression.
WARNING: [XSIM 43-4398] File "/wrk/ci/prod/2021.2/rdi_builds/continuous/2021_10_19_3367213/data/secureip/fe/fe_002.svp" Line 134226 : Function calls inside wait/event expression are sensitive to arguments only."cfg_alpha_perm_r4()" is called without any argument which may not unblock the wait/event expression.
WARNING: [XSIM 43-4398] File "/wrk/ci/prod/2021.2/rdi_builds/continuous/2021_10_19_3367213/data/secureip/fe/fe_002.svp" Line 134226 : Function calls inside wait/event expression are sensitive to arguments only."cfg_alpha_perm_r4()" is called without any argument which may not unblock the wait/event expression.
WARNING: [XSIM 43-4398] File "/wrk/ci/prod/2021.2/rdi_builds/continuous/2021_10_19_3367213/data/secureip/fe/fe_002.svp" Line 134226 : Function calls inside wait/event expression are sensitive to arguments only."cfg_alpha_perm_r4()" is called without any argument which may not unblock the wait/event expression.
WARNING: [XSIM 43-4398] File "/wrk/ci/prod/2021.2/rdi_builds/continuous/2021_10_19_3367213/data/secureip/fe/fe_002.svp" Line 134226 : Function calls inside wait/event expression are sensitive to arguments only."cfg_alpha_perm_r4()" is called without any argument which may not unblock the wait/event expression.
WARNING: [XSIM 43-4398] File "/wrk/ci/prod/2021.2/rdi_builds/continuous/2021_10_19_3367213/data/secureip/fe/fe_002.svp" Line 134226 : Function calls inside wait/event expression are sensitive to arguments only."cfg_alpha_perm_r4()" is called without any argument which may not unblock the wait/event expression.
WARNING: [XSIM 43-4398] File "/wrk/ci/prod/2021.2/rdi_builds/continuous/2021_10_19_3367213/data/secureip/fe/fe_002.svp" Line 134226 : Function calls inside wait/event expression are sensitive to arguments only."cfg_alpha_perm_r4()" is called without any argument which may not unblock the wait/event expression.
WARNING: [XSIM 43-4398] File "/wrk/ci/prod/2021.2/rdi_builds/continuous/2021_10_19_3367213/data/secureip/fe/fe_002.svp" Line 134226 : Function calls inside wait/event expression are sensitive to arguments only."cfg_alpha_perm_r4()" is called without any argument which may not unblock the wait/event expression.
WARNING: [XSIM 43-4398] File "/wrk/ci/prod/2021.2/rdi_builds/continuous/2021_10_19_3367213/data/secureip/fe/fe_002.svp" Line 134226 : Function calls inside wait/event expression are sensitive to arguments only."cfg_alpha_perm_r4()" is called without any argument which may not unblock the wait/event expression.
WARNING: [XSIM 43-4398] File "/wrk/ci/prod/2021.2/rdi_builds/continuous/2021_10_19_3367213/data/secureip/fe/fe_002.svp" Line 134226 : Function calls inside wait/event expression are sensitive to arguments only."cfg_alpha_perm_r4()" is called without any argument which may not unblock the wait/event expression.
WARNING: [XSIM 43-4398] File "/wrk/ci/prod/2021.2/rdi_builds/continuous/2021_10_19_3367213/data/secureip/fe/fe_002.svp" Line 134226 : Function calls inside wait/event expression are sensitive to arguments only."cfg_alpha_perm_r4()" is called without any argument which may not unblock the wait/event expression.
WARNING: [XSIM 43-4398] File "/wrk/ci/prod/2021.2/rdi_builds/continuous/2021_10_19_3367213/data/secureip/fe/fe_002.svp" Line 134226 : Function calls inside wait/event expression are sensitive to arguments only."cfg_alpha_perm_r4()" is called without any argument which may not unblock the wait/event expression.
WARNING: [XSIM 43-4398] File "/wrk/ci/prod/2021.2/rdi_builds/continuous/2021_10_19_3367213/data/secureip/fe/fe_002.svp" Line 134226 : Function calls inside wait/event expression are sensitive to arguments only."cfg_alpha_perm_r4()" is called without any argument which may not unblock the wait/event expression.
WARNING: [XSIM 43-4398] File "/wrk/ci/prod/2021.2/rdi_builds/continuous/2021_10_19_3367213/data/secureip/fe/fe_002.svp" Line 134226 : Function calls inside wait/event expression are sensitive to arguments only."cfg_alpha_perm_r4()" is called without any argument which may not unblock the wait/event expression.
WARNING: [XSIM 43-4398] File "/wrk/ci/prod/2021.2/rdi_builds/continuous/2021_10_19_3367213/data/secureip/fe/fe_002.svp" Line 134226 : Function calls inside wait/event expression are sensitive to arguments only."cfg_alpha_perm_r4()" is called without any argument which may not unblock the wait/event expression.
WARNING: [XSIM 43-4398] File "/wrk/ci/prod/2021.2/rdi_builds/continuous/2021_10_19_3367213/data/secureip/fe/fe_002.svp" Line 131216 : Function calls inside wait/event expression are sensitive to arguments only."cfg_bm_perm_r4()" is called without any argument which may not unblock the wait/event expression.
WARNING: [XSIM 43-4398] File "/wrk/ci/prod/2021.2/rdi_builds/continuous/2021_10_19_3367213/data/secureip/fe/fe_002.svp" Line 131216 : Function calls inside wait/event expression are sensitive to arguments only."cfg_bm_perm_r4()" is called without any argument which may not unblock the wait/event expression.
WARNING: [XSIM 43-4398] File "/wrk/ci/prod/2021.2/rdi_builds/continuous/2021_10_19_3367213/data/secureip/fe/fe_002.svp" Line 131216 : Function calls inside wait/event expression are sensitive to arguments only."cfg_bm_perm_r4()" is called without any argument which may not unblock the wait/event expression.
WARNING: [XSIM 43-4398] File "/wrk/ci/prod/2021.2/rdi_builds/continuous/2021_10_19_3367213/data/secureip/fe/fe_002.svp" Line 131216 : Function calls inside wait/event expression are sensitive to arguments only."cfg_bm_perm_r4()" is called without any argument which may not unblock the wait/event expression.
WARNING: [XSIM 43-4398] File "/wrk/ci/prod/2021.2/rdi_builds/continuous/2021_10_19_3367213/data/secureip/fe/fe_002.svp" Line 131216 : Function calls inside wait/event expression are sensitive to arguments only."cfg_bm_perm_r4()" is called without any argument which may not unblock the wait/event expression.
WARNING: [XSIM 43-4398] File "/wrk/ci/prod/2021.2/rdi_builds/continuous/2021_10_19_3367213/data/secureip/fe/fe_002.svp" Line 131216 : Function calls inside wait/event expression are sensitive to arguments only."cfg_bm_perm_r4()" is called without any argument which may not unblock the wait/event expression.
WARNING: [XSIM 43-4398] File "/wrk/ci/prod/2021.2/rdi_builds/continuous/2021_10_19_3367213/data/secureip/fe/fe_002.svp" Line 131216 : Function calls inside wait/event expression are sensitive to arguments only."cfg_bm_perm_r4()" is called without any argument which may not unblock the wait/event expression.
WARNING: [XSIM 43-4398] File "/wrk/ci/prod/2021.2/rdi_builds/continuous/2021_10_19_3367213/data/secureip/fe/fe_002.svp" Line 131216 : Function calls inside wait/event expression are sensitive to arguments only."cfg_bm_perm_r4()" is called without any argument which may not unblock the wait/event expression.
WARNING: [XSIM 43-4398] File "/wrk/ci/prod/2021.2/rdi_builds/continuous/2021_10_19_3367213/data/secureip/fe/fe_002.svp" Line 131216 : Function calls inside wait/event expression are sensitive to arguments only."cfg_bm_perm_r4()" is called without any argument which may not unblock the wait/event expression.
WARNING: [XSIM 43-4398] File "/wrk/ci/prod/2021.2/rdi_builds/continuous/2021_10_19_3367213/data/secureip/fe/fe_002.svp" Line 131216 : Function calls inside wait/event expression are sensitive to arguments only."cfg_bm_perm_r4()" is called without any argument which may not unblock the wait/event expression.
WARNING: [XSIM 43-4398] File "/wrk/ci/prod/2021.2/rdi_builds/continuous/2021_10_19_3367213/data/secureip/fe/fe_002.svp" Line 131216 : Function calls inside wait/event expression are sensitive to arguments only."cfg_bm_perm_r4()" is called without any argument which may not unblock the wait/event expression.
WARNING: [XSIM 43-4398] File "/wrk/ci/prod/2021.2/rdi_builds/continuous/2021_10_19_3367213/data/secureip/fe/fe_002.svp" Line 131216 : Function calls inside wait/event expression are sensitive to arguments only."cfg_bm_perm_r4()" is called without any argument which may not unblock the wait/event expression.
WARNING: [XSIM 43-4398] File "/wrk/ci/prod/2021.2/rdi_builds/continuous/2021_10_19_3367213/data/secureip/fe/fe_002.svp" Line 131216 : Function calls inside wait/event expression are sensitive to arguments only."cfg_bm_perm_r4()" is called without any argument which may not unblock the wait/event expression.
WARNING: [XSIM 43-4398] File "/wrk/ci/prod/2021.2/rdi_builds/continuous/2021_10_19_3367213/data/secureip/fe/fe_002.svp" Line 131216 : Function calls inside wait/event expression are sensitive to arguments only."cfg_bm_perm_r4()" is called without any argument which may not unblock the wait/event expression.
WARNING: [XSIM 43-4398] File "/wrk/ci/prod/2021.2/rdi_builds/continuous/2021_10_19_3367213/data/secureip/fe/fe_002.svp" Line 131216 : Function calls inside wait/event expression are sensitive to arguments only."cfg_bm_perm_r4()" is called without any argument which may not unblock the wait/event expression.
WARNING: [XSIM 43-4398] File "/wrk/ci/prod/2021.2/rdi_builds/continuous/2021_10_19_3367213/data/secureip/fe/fe_002.svp" Line 131216 : Function calls inside wait/event expression are sensitive to arguments only."cfg_bm_perm_r4()" is called without any argument which may not unblock the wait/event expression.
WARNING: [XSIM 43-4398] File "/wrk/ci/prod/2021.2/rdi_builds/continuous/2021_10_19_3367213/data/secureip/fe/fe_002.svp" Line 129263 : Function calls inside wait/event expression are sensitive to arguments only."cfg_bi_perm_r4()" is called without any argument which may not unblock the wait/event expression.
WARNING: [XSIM 43-4398] File "/wrk/ci/prod/2021.2/rdi_builds/continuous/2021_10_19_3367213/data/secureip/fe/fe_002.svp" Line 134226 : Function calls inside wait/event expression are sensitive to arguments only."cfg_beta_perm_r4()" is called without any argument which may not unblock the wait/event expression.
WARNING: [XSIM 43-4398] File "/wrk/ci/prod/2021.2/rdi_builds/continuous/2021_10_19_3367213/data/secureip/fe/fe_002.svp" Line 134226 : Function calls inside wait/event expression are sensitive to arguments only."cfg_beta_perm_r4()" is called without any argument which may not unblock the wait/event expression.
WARNING: [XSIM 43-4398] File "/wrk/ci/prod/2021.2/rdi_builds/continuous/2021_10_19_3367213/data/secureip/fe/fe_002.svp" Line 134226 : Function calls inside wait/event expression are sensitive to arguments only."cfg_beta_perm_r4()" is called without any argument which may not unblock the wait/event expression.
WARNING: [XSIM 43-4398] File "/wrk/ci/prod/2021.2/rdi_builds/continuous/2021_10_19_3367213/data/secureip/fe/fe_002.svp" Line 134226 : Function calls inside wait/event expression are sensitive to arguments only."cfg_beta_perm_r4()" is called without any argument which may not unblock the wait/event expression.
WARNING: [XSIM 43-4398] File "/wrk/ci/prod/2021.2/rdi_builds/continuous/2021_10_19_3367213/data/secureip/fe/fe_002.svp" Line 134226 : Function calls inside wait/event expression are sensitive to arguments only."cfg_beta_perm_r4()" is called without any argument which may not unblock the wait/event expression.
WARNING: [XSIM 43-4398] File "/wrk/ci/prod/2021.2/rdi_builds/continuous/2021_10_19_3367213/data/secureip/fe/fe_002.svp" Line 134226 : Function calls inside wait/event expression are sensitive to arguments only."cfg_beta_perm_r4()" is called without any argument which may not unblock the wait/event expression.
WARNING: [XSIM 43-4398] File "/wrk/ci/prod/2021.2/rdi_builds/continuous/2021_10_19_3367213/data/secureip/fe/fe_002.svp" Line 134226 : Function calls inside wait/event expression are sensitive to arguments only."cfg_beta_perm_r4()" is called without any argument which may not unblock the wait/event expression.
WARNING: [XSIM 43-4398] File "/wrk/ci/prod/2021.2/rdi_builds/continuous/2021_10_19_3367213/data/secureip/fe/fe_002.svp" Line 134226 : Function calls inside wait/event expression are sensitive to arguments only."cfg_beta_perm_r4()" is called without any argument which may not unblock the wait/event expression.
WARNING: [XSIM 43-4398] File "/wrk/ci/prod/2021.2/rdi_builds/continuous/2021_10_19_3367213/data/secureip/fe/fe_002.svp" Line 134226 : Function calls inside wait/event expression are sensitive to arguments only."cfg_beta_perm_r4()" is called without any argument which may not unblock the wait/event expression.
WARNING: [XSIM 43-4398] File "/wrk/ci/prod/2021.2/rdi_builds/continuous/2021_10_19_3367213/data/secureip/fe/fe_002.svp" Line 134226 : Function calls inside wait/event expression are sensitive to arguments only."cfg_beta_perm_r4()" is called without any argument which may not unblock the wait/event expression.
WARNING: [XSIM 43-4398] File "/wrk/ci/prod/2021.2/rdi_builds/continuous/2021_10_19_3367213/data/secureip/fe/fe_002.svp" Line 134226 : Function calls inside wait/event expression are sensitive to arguments only."cfg_beta_perm_r4()" is called without any argument which may not unblock the wait/event expression.
WARNING: [XSIM 43-4398] File "/wrk/ci/prod/2021.2/rdi_builds/continuous/2021_10_19_3367213/data/secureip/fe/fe_002.svp" Line 134226 : Function calls inside wait/event expression are sensitive to arguments only."cfg_beta_perm_r4()" is called without any argument which may not unblock the wait/event expression.
WARNING: [XSIM 43-4398] File "/wrk/ci/prod/2021.2/rdi_builds/continuous/2021_10_19_3367213/data/secureip/fe/fe_002.svp" Line 134226 : Function calls inside wait/event expression are sensitive to arguments only."cfg_beta_perm_r4()" is called without any argument which may not unblock the wait/event expression.
WARNING: [XSIM 43-4398] File "/wrk/ci/prod/2021.2/rdi_builds/continuous/2021_10_19_3367213/data/secureip/fe/fe_002.svp" Line 134226 : Function calls inside wait/event expression are sensitive to arguments only."cfg_beta_perm_r4()" is called without any argument which may not unblock the wait/event expression.
WARNING: [XSIM 43-4398] File "/wrk/ci/prod/2021.2/rdi_builds/continuous/2021_10_19_3367213/data/secureip/fe/fe_002.svp" Line 134226 : Function calls inside wait/event expression are sensitive to arguments only."cfg_beta_perm_r4()" is called without any argument which may not unblock the wait/event expression.
WARNING: [XSIM 43-4398] File "/wrk/ci/prod/2021.2/rdi_builds/continuous/2021_10_19_3367213/data/secureip/fe/fe_002.svp" Line 134226 : Function calls inside wait/event expression are sensitive to arguments only."cfg_beta_perm_r4()" is called without any argument which may not unblock the wait/event expression.
WARNING: [XSIM 43-4398] File "/wrk/ci/prod/2021.2/rdi_builds/continuous/2021_10_19_3367213/data/secureip/fe/fe_002.svp" Line 132100 : Function calls inside wait/event expression are sensitive to arguments only."cfg_tr_perm_r4()" is called without any argument which may not unblock the wait/event expression.
WARNING: [XSIM 43-4398] File "/wrk/ci/prod/2021.2/rdi_builds/continuous/2021_10_19_3367213/data/secureip/fe/fe_002.svp" Line 132101 : Function calls inside wait/event expression are sensitive to arguments only."cfg_llr_perm_r4()" is called without any argument which may not unblock the wait/event expression.
WARNING: [XSIM 43-4398] File "/wrk/ci/prod/2021.2/rdi_builds/continuous/2021_10_19_3367213/data/secureip/fe/fe_002.svp" Line 132102 : Function calls inside wait/event expression are sensitive to arguments only."cfg_sym_perm_r4()" is called without any argument which may not unblock the wait/event expression.
WARNING: [XSIM 43-4398] File "/wrk/ci/prod/2021.2/rdi_builds/continuous/2021_10_19_3367213/data/secureip/fe/fe_002.svp" Line 132137 : Function calls inside wait/event expression are sensitive to arguments only."cfg_tr_perm_sh_r4()" is called without any argument which may not unblock the wait/event expression.
WARNING: [XSIM 43-4398] File "/wrk/ci/prod/2021.2/rdi_builds/continuous/2021_10_19_3367213/data/secureip/fe/fe_002.svp" Line 132100 : Function calls inside wait/event expression are sensitive to arguments only."cfg_tr_perm_r4()" is called without any argument which may not unblock the wait/event expression.
WARNING: [XSIM 43-4398] File "/wrk/ci/prod/2021.2/rdi_builds/continuous/2021_10_19_3367213/data/secureip/fe/fe_002.svp" Line 132101 : Function calls inside wait/event expression are sensitive to arguments only."cfg_llr_perm_r4()" is called without any argument which may not unblock the wait/event expression.
WARNING: [XSIM 43-4398] File "/wrk/ci/prod/2021.2/rdi_builds/continuous/2021_10_19_3367213/data/secureip/fe/fe_002.svp" Line 132102 : Function calls inside wait/event expression are sensitive to arguments only."cfg_sym_perm_r4()" is called without any argument which may not unblock the wait/event expression.
WARNING: [XSIM 43-4398] File "/wrk/ci/prod/2021.2/rdi_builds/continuous/2021_10_19_3367213/data/secureip/fe/fe_002.svp" Line 132137 : Function calls inside wait/event expression are sensitive to arguments only."cfg_tr_perm_sh_r4()" is called without any argument which may not unblock the wait/event expression.
WARNING: [XSIM 43-4398] File "/wrk/ci/prod/2021.2/rdi_builds/continuous/2021_10_19_3367213/data/secureip/fe/fe_002.svp" Line 132100 : Function calls inside wait/event expression are sensitive to arguments only."cfg_tr_perm_r4()" is called without any argument which may not unblock the wait/event expression.
WARNING: [XSIM 43-4398] File "/wrk/ci/prod/2021.2/rdi_builds/continuous/2021_10_19_3367213/data/secureip/fe/fe_002.svp" Line 132101 : Function calls inside wait/event expression are sensitive to arguments only."cfg_llr_perm_r4()" is called without any argument which may not unblock the wait/event expression.
WARNING: [XSIM 43-4398] File "/wrk/ci/prod/2021.2/rdi_builds/continuous/2021_10_19_3367213/data/secureip/fe/fe_002.svp" Line 132102 : Function calls inside wait/event expression are sensitive to arguments only."cfg_sym_perm_r4()" is called without any argument which may not unblock the wait/event expression.
WARNING: [XSIM 43-4398] File "/wrk/ci/prod/2021.2/rdi_builds/continuous/2021_10_19_3367213/data/secureip/fe/fe_002.svp" Line 132137 : Function calls inside wait/event expression are sensitive to arguments only."cfg_tr_perm_sh_r4()" is called without any argument which may not unblock the wait/event expression.
WARNING: [XSIM 43-4398] File "/wrk/ci/prod/2021.2/rdi_builds/continuous/2021_10_19_3367213/data/secureip/fe/fe_002.svp" Line 132100 : Function calls inside wait/event expression are sensitive to arguments only."cfg_tr_perm_r4()" is called without any argument which may not unblock the wait/event expression.
WARNING: [XSIM 43-4398] File "/wrk/ci/prod/2021.2/rdi_builds/continuous/2021_10_19_3367213/data/secureip/fe/fe_002.svp" Line 132101 : Function calls inside wait/event expression are sensitive to arguments only."cfg_llr_perm_r4()" is called without any argument which may not unblock the wait/event expression.
WARNING: [XSIM 43-4398] File "/wrk/ci/prod/2021.2/rdi_builds/continuous/2021_10_19_3367213/data/secureip/fe/fe_002.svp" Line 132102 : Function calls inside wait/event expression are sensitive to arguments only."cfg_sym_perm_r4()" is called without any argument which may not unblock the wait/event expression.
WARNING: [XSIM 43-4398] File "/wrk/ci/prod/2021.2/rdi_builds/continuous/2021_10_19_3367213/data/secureip/fe/fe_002.svp" Line 132137 : Function calls inside wait/event expression are sensitive to arguments only."cfg_tr_perm_sh_r4()" is called without any argument which may not unblock the wait/event expression.
WARNING: [XSIM 43-4398] File "/wrk/ci/prod/2021.2/rdi_builds/continuous/2021_10_19_3367213/data/secureip/fe/fe_002.svp" Line 132100 : Function calls inside wait/event expression are sensitive to arguments only."cfg_tr_perm_r4()" is called without any argument which may not unblock the wait/event expression.
WARNING: [XSIM 43-4398] File "/wrk/ci/prod/2021.2/rdi_builds/continuous/2021_10_19_3367213/data/secureip/fe/fe_002.svp" Line 132101 : Function calls inside wait/event expression are sensitive to arguments only."cfg_llr_perm_r4()" is called without any argument which may not unblock the wait/event expression.
WARNING: [XSIM 43-4398] File "/wrk/ci/prod/2021.2/rdi_builds/continuous/2021_10_19_3367213/data/secureip/fe/fe_002.svp" Line 132102 : Function calls inside wait/event expression are sensitive to arguments only."cfg_sym_perm_r4()" is called without any argument which may not unblock the wait/event expression.
WARNING: [XSIM 43-4398] File "/wrk/ci/prod/2021.2/rdi_builds/continuous/2021_10_19_3367213/data/secureip/fe/fe_002.svp" Line 132137 : Function calls inside wait/event expression are sensitive to arguments only."cfg_tr_perm_sh_r4()" is called without any argument which may not unblock the wait/event expression.
WARNING: [XSIM 43-4398] File "/wrk/ci/prod/2021.2/rdi_builds/continuous/2021_10_19_3367213/data/secureip/fe/fe_002.svp" Line 132100 : Function calls inside wait/event expression are sensitive to arguments only."cfg_tr_perm_r4()" is called without any argument which may not unblock the wait/event expression.
WARNING: [XSIM 43-4398] File "/wrk/ci/prod/2021.2/rdi_builds/continuous/2021_10_19_3367213/data/secureip/fe/fe_002.svp" Line 132101 : Function calls inside wait/event expression are sensitive to arguments only."cfg_llr_perm_r4()" is called without any argument which may not unblock the wait/event expression.
WARNING: [XSIM 43-4398] File "/wrk/ci/prod/2021.2/rdi_builds/continuous/2021_10_19_3367213/data/secureip/fe/fe_002.svp" Line 132102 : Function calls inside wait/event expression are sensitive to arguments only."cfg_sym_perm_r4()" is called without any argument which may not unblock the wait/event expression.
WARNING: [XSIM 43-4398] File "/wrk/ci/prod/2021.2/rdi_builds/continuous/2021_10_19_3367213/data/secureip/fe/fe_002.svp" Line 132137 : Function calls inside wait/event expression are sensitive to arguments only."cfg_tr_perm_sh_r4()" is called without any argument which may not unblock the wait/event expression.
WARNING: [XSIM 43-4398] File "/wrk/ci/prod/2021.2/rdi_builds/continuous/2021_10_19_3367213/data/secureip/fe/fe_002.svp" Line 132100 : Function calls inside wait/event expression are sensitive to arguments only."cfg_tr_perm_r4()" is called without any argument which may not unblock the wait/event expression.
WARNING: [XSIM 43-4398] File "/wrk/ci/prod/2021.2/rdi_builds/continuous/2021_10_19_3367213/data/secureip/fe/fe_002.svp" Line 132101 : Function calls inside wait/event expression are sensitive to arguments only."cfg_llr_perm_r4()" is called without any argument which may not unblock the wait/event expression.
WARNING: [XSIM 43-4398] File "/wrk/ci/prod/2021.2/rdi_builds/continuous/2021_10_19_3367213/data/secureip/fe/fe_002.svp" Line 132102 : Function calls inside wait/event expression are sensitive to arguments only."cfg_sym_perm_r4()" is called without any argument which may not unblock the wait/event expression.
WARNING: [XSIM 43-4398] File "/wrk/ci/prod/2021.2/rdi_builds/continuous/2021_10_19_3367213/data/secureip/fe/fe_002.svp" Line 132137 : Function calls inside wait/event expression are sensitive to arguments only."cfg_tr_perm_sh_r4()" is called without any argument which may not unblock the wait/event expression.
WARNING: [XSIM 43-4398] File "/wrk/ci/prod/2021.2/rdi_builds/continuous/2021_10_19_3367213/data/secureip/fe/fe_002.svp" Line 132100 : Function calls inside wait/event expression are sensitive to arguments only."cfg_tr_perm_r4()" is called without any argument which may not unblock the wait/event expression.
WARNING: [XSIM 43-4398] File "/wrk/ci/prod/2021.2/rdi_builds/continuous/2021_10_19_3367213/data/secureip/fe/fe_002.svp" Line 132101 : Function calls inside wait/event expression are sensitive to arguments only."cfg_llr_perm_r4()" is called without any argument which may not unblock the wait/event expression.
WARNING: [XSIM 43-4398] File "/wrk/ci/prod/2021.2/rdi_builds/continuous/2021_10_19_3367213/data/secureip/fe/fe_002.svp" Line 132102 : Function calls inside wait/event expression are sensitive to arguments only."cfg_sym_perm_r4()" is called without any argument which may not unblock the wait/event expression.
WARNING: [XSIM 43-4398] File "/wrk/ci/prod/2021.2/rdi_builds/continuous/2021_10_19_3367213/data/secureip/fe/fe_002.svp" Line 132137 : Function calls inside wait/event expression are sensitive to arguments only."cfg_tr_perm_sh_r4()" is called without any argument which may not unblock the wait/event expression.
WARNING: [XSIM 43-4398] File "/wrk/ci/prod/2021.2/rdi_builds/continuous/2021_10_19_3367213/data/secureip/fe/fe_002.svp" Line 132100 : Function calls inside wait/event expression are sensitive to arguments only."cfg_tr_perm_r4()" is called without any argument which may not unblock the wait/event expression.
WARNING: [XSIM 43-4398] File "/wrk/ci/prod/2021.2/rdi_builds/continuous/2021_10_19_3367213/data/secureip/fe/fe_002.svp" Line 132101 : Function calls inside wait/event expression are sensitive to arguments only."cfg_llr_perm_r4()" is called without any argument which may not unblock the wait/event expression.
WARNING: [XSIM 43-4398] File "/wrk/ci/prod/2021.2/rdi_builds/continuous/2021_10_19_3367213/data/secureip/fe/fe_002.svp" Line 132102 : Function calls inside wait/event expression are sensitive to arguments only."cfg_sym_perm_r4()" is called without any argument which may not unblock the wait/event expression.
WARNING: [XSIM 43-4398] File "/wrk/ci/prod/2021.2/rdi_builds/continuous/2021_10_19_3367213/data/secureip/fe/fe_002.svp" Line 132137 : Function calls inside wait/event expression are sensitive to arguments only."cfg_tr_perm_sh_r4()" is called without any argument which may not unblock the wait/event expression.
WARNING: [XSIM 43-4398] File "/wrk/ci/prod/2021.2/rdi_builds/continuous/2021_10_19_3367213/data/secureip/fe/fe_002.svp" Line 132100 : Function calls inside wait/event expression are sensitive to arguments only."cfg_tr_perm_r4()" is called without any argument which may not unblock the wait/event expression.
WARNING: [XSIM 43-4398] File "/wrk/ci/prod/2021.2/rdi_builds/continuous/2021_10_19_3367213/data/secureip/fe/fe_002.svp" Line 132101 : Function calls inside wait/event expression are sensitive to arguments only."cfg_llr_perm_r4()" is called without any argument which may not unblock the wait/event expression.
WARNING: [XSIM 43-4398] File "/wrk/ci/prod/2021.2/rdi_builds/continuous/2021_10_19_3367213/data/secureip/fe/fe_002.svp" Line 132102 : Function calls inside wait/event expression are sensitive to arguments only."cfg_sym_perm_r4()" is called without any argument which may not unblock the wait/event expression.
WARNING: [XSIM 43-4398] File "/wrk/ci/prod/2021.2/rdi_builds/continuous/2021_10_19_3367213/data/secureip/fe/fe_002.svp" Line 132137 : Function calls inside wait/event expression are sensitive to arguments only."cfg_tr_perm_sh_r4()" is called without any argument which may not unblock the wait/event expression.
WARNING: [XSIM 43-4398] File "/wrk/ci/prod/2021.2/rdi_builds/continuous/2021_10_19_3367213/data/secureip/fe/fe_002.svp" Line 132100 : Function calls inside wait/event expression are sensitive to arguments only."cfg_tr_perm_r4()" is called without any argument which may not unblock the wait/event expression.
WARNING: [XSIM 43-4398] File "/wrk/ci/prod/2021.2/rdi_builds/continuous/2021_10_19_3367213/data/secureip/fe/fe_002.svp" Line 132101 : Function calls inside wait/event expression are sensitive to arguments only."cfg_llr_perm_r4()" is called without any argument which may not unblock the wait/event expression.
WARNING: [XSIM 43-4398] File "/wrk/ci/prod/2021.2/rdi_builds/continuous/2021_10_19_3367213/data/secureip/fe/fe_002.svp" Line 132102 : Function calls inside wait/event expression are sensitive to arguments only."cfg_sym_perm_r4()" is called without any argument which may not unblock the wait/event expression.
WARNING: [XSIM 43-4398] File "/wrk/ci/prod/2021.2/rdi_builds/continuous/2021_10_19_3367213/data/secureip/fe/fe_002.svp" Line 132137 : Function calls inside wait/event expression are sensitive to arguments only."cfg_tr_perm_sh_r4()" is called without any argument which may not unblock the wait/event expression.
WARNING: [XSIM 43-4398] File "/wrk/ci/prod/2021.2/rdi_builds/continuous/2021_10_19_3367213/data/secureip/fe/fe_002.svp" Line 132100 : Function calls inside wait/event expression are sensitive to arguments only."cfg_tr_perm_r4()" is called without any argument which may not unblock the wait/event expression.
WARNING: [XSIM 43-4398] File "/wrk/ci/prod/2021.2/rdi_builds/continuous/2021_10_19_3367213/data/secureip/fe/fe_002.svp" Line 132101 : Function calls inside wait/event expression are sensitive to arguments only."cfg_llr_perm_r4()" is called without any argument which may not unblock the wait/event expression.
WARNING: [XSIM 43-4398] File "/wrk/ci/prod/2021.2/rdi_builds/continuous/2021_10_19_3367213/data/secureip/fe/fe_002.svp" Line 132102 : Function calls inside wait/event expression are sensitive to arguments only."cfg_sym_perm_r4()" is called without any argument which may not unblock the wait/event expression.
WARNING: [XSIM 43-4398] File "/wrk/ci/prod/2021.2/rdi_builds/continuous/2021_10_19_3367213/data/secureip/fe/fe_002.svp" Line 132137 : Function calls inside wait/event expression are sensitive to arguments only."cfg_tr_perm_sh_r4()" is called without any argument which may not unblock the wait/event expression.
WARNING: [XSIM 43-4398] File "/wrk/ci/prod/2021.2/rdi_builds/continuous/2021_10_19_3367213/data/secureip/fe/fe_002.svp" Line 132100 : Function calls inside wait/event expression are sensitive to arguments only."cfg_tr_perm_r4()" is called without any argument which may not unblock the wait/event expression.
WARNING: [XSIM 43-4398] File "/wrk/ci/prod/2021.2/rdi_builds/continuous/2021_10_19_3367213/data/secureip/fe/fe_002.svp" Line 132101 : Function calls inside wait/event expression are sensitive to arguments only."cfg_llr_perm_r4()" is called without any argument which may not unblock the wait/event expression.
WARNING: [XSIM 43-4398] File "/wrk/ci/prod/2021.2/rdi_builds/continuous/2021_10_19_3367213/data/secureip/fe/fe_002.svp" Line 132102 : Function calls inside wait/event expression are sensitive to arguments only."cfg_sym_perm_r4()" is called without any argument which may not unblock the wait/event expression.
WARNING: [XSIM 43-4398] File "/wrk/ci/prod/2021.2/rdi_builds/continuous/2021_10_19_3367213/data/secureip/fe/fe_002.svp" Line 132137 : Function calls inside wait/event expression are sensitive to arguments only."cfg_tr_perm_sh_r4()" is called without any argument which may not unblock the wait/event expression.
WARNING: [XSIM 43-4398] File "/wrk/ci/prod/2021.2/rdi_builds/continuous/2021_10_19_3367213/data/secureip/fe/fe_002.svp" Line 132100 : Function calls inside wait/event expression are sensitive to arguments only."cfg_tr_perm_r4()" is called without any argument which may not unblock the wait/event expression.
WARNING: [XSIM 43-4398] File "/wrk/ci/prod/2021.2/rdi_builds/continuous/2021_10_19_3367213/data/secureip/fe/fe_002.svp" Line 132101 : Function calls inside wait/event expression are sensitive to arguments only."cfg_llr_perm_r4()" is called without any argument which may not unblock the wait/event expression.
WARNING: [XSIM 43-4398] File "/wrk/ci/prod/2021.2/rdi_builds/continuous/2021_10_19_3367213/data/secureip/fe/fe_002.svp" Line 132102 : Function calls inside wait/event expression are sensitive to arguments only."cfg_sym_perm_r4()" is called without any argument which may not unblock the wait/event expression.
WARNING: [XSIM 43-4398] File "/wrk/ci/prod/2021.2/rdi_builds/continuous/2021_10_19_3367213/data/secureip/fe/fe_002.svp" Line 132137 : Function calls inside wait/event expression are sensitive to arguments only."cfg_tr_perm_sh_r4()" is called without any argument which may not unblock the wait/event expression.
WARNING: [XSIM 43-4398] File "/wrk/ci/prod/2021.2/rdi_builds/continuous/2021_10_19_3367213/data/secureip/fe/fe_002.svp" Line 132100 : Function calls inside wait/event expression are sensitive to arguments only."cfg_tr_perm_r4()" is called without any argument which may not unblock the wait/event expression.
WARNING: [XSIM 43-4398] File "/wrk/ci/prod/2021.2/rdi_builds/continuous/2021_10_19_3367213/data/secureip/fe/fe_002.svp" Line 132101 : Function calls inside wait/event expression are sensitive to arguments only."cfg_llr_perm_r4()" is called without any argument which may not unblock the wait/event expression.
WARNING: [XSIM 43-4398] File "/wrk/ci/prod/2021.2/rdi_builds/continuous/2021_10_19_3367213/data/secureip/fe/fe_002.svp" Line 132102 : Function calls inside wait/event expression are sensitive to arguments only."cfg_sym_perm_r4()" is called without any argument which may not unblock the wait/event expression.
WARNING: [XSIM 43-4398] File "/wrk/ci/prod/2021.2/rdi_builds/continuous/2021_10_19_3367213/data/secureip/fe/fe_002.svp" Line 132137 : Function calls inside wait/event expression are sensitive to arguments only."cfg_tr_perm_sh_r4()" is called without any argument which may not unblock the wait/event expression.
WARNING: [XSIM 43-4398] File "/wrk/ci/prod/2021.2/rdi_builds/continuous/2021_10_19_3367213/data/secureip/fe/fe_002.svp" Line 132100 : Function calls inside wait/event expression are sensitive to arguments only."cfg_tr_perm_r4()" is called without any argument which may not unblock the wait/event expression.
WARNING: [XSIM 43-4398] File "/wrk/ci/prod/2021.2/rdi_builds/continuous/2021_10_19_3367213/data/secureip/fe/fe_002.svp" Line 132101 : Function calls inside wait/event expression are sensitive to arguments only."cfg_llr_perm_r4()" is called without any argument which may not unblock the wait/event expression.
WARNING: [XSIM 43-4398] File "/wrk/ci/prod/2021.2/rdi_builds/continuous/2021_10_19_3367213/data/secureip/fe/fe_002.svp" Line 132102 : Function calls inside wait/event expression are sensitive to arguments only."cfg_sym_perm_r4()" is called without any argument which may not unblock the wait/event expression.
WARNING: [XSIM 43-4398] File "/wrk/ci/prod/2021.2/rdi_builds/continuous/2021_10_19_3367213/data/secureip/fe/fe_002.svp" Line 132137 : Function calls inside wait/event expression are sensitive to arguments only."cfg_tr_perm_sh_r4()" is called without any argument which may not unblock the wait/event expression.
WARNING: [XSIM 43-4398] File "/wrk/ci/prod/2021.2/rdi_builds/continuous/2021_10_19_3367213/data/secureip/fe/fe_002.svp" Line 134806 : Function calls inside wait/event expression are sensitive to arguments only."crc24b_par4_mask()" is called without any argument which may not unblock the wait/event expression.
WARNING: [XSIM 43-4398] File "/wrk/ci/prod/2021.2/rdi_builds/continuous/2021_10_19_3367213/data/secureip/fe/fe_002.svp" Line 134806 : Function calls inside wait/event expression are sensitive to arguments only."crc24a_par4_mask()" is called without any argument which may not unblock the wait/event expression.
WARNING: [XSIM 43-4398] File "/wrk/ci/prod/2021.2/rdi_builds/continuous/2021_10_19_3367213/data/secureip/fe/fe_002.svp" Line 134807 : Function calls inside wait/event expression are sensitive to arguments only."crc24b_par2_mask()" is called without any argument which may not unblock the wait/event expression.
WARNING: [XSIM 43-4398] File "/wrk/ci/prod/2021.2/rdi_builds/continuous/2021_10_19_3367213/data/secureip/fe/fe_002.svp" Line 134807 : Function calls inside wait/event expression are sensitive to arguments only."crc24a_par2_mask()" is called without any argument which may not unblock the wait/event expression.
WARNING: [XSIM 43-4398] File "/wrk/ci/prod/2021.2/rdi_builds/continuous/2021_10_19_3367213/data/secureip/fe/fe_002.svp" Line 134808 : Function calls inside wait/event expression are sensitive to arguments only."crc24b_adv()" is called without any argument which may not unblock the wait/event expression.
WARNING: [XSIM 43-4398] File "/wrk/ci/prod/2021.2/rdi_builds/continuous/2021_10_19_3367213/data/secureip/fe/fe_002.svp" Line 134808 : Function calls inside wait/event expression are sensitive to arguments only."crc24a_adv()" is called without any argument which may not unblock the wait/event expression.
WARNING: [XSIM 43-4398] File "/wrk/ci/prod/2021.2/rdi_builds/continuous/2021_10_19_3367213/data/secureip/fe/fe_002.svp" Line 134969 : Function calls inside wait/event expression are sensitive to arguments only."crc24b_adv()" is called without any argument which may not unblock the wait/event expression.
WARNING: [XSIM 43-4398] File "/wrk/ci/prod/2021.2/rdi_builds/continuous/2021_10_19_3367213/data/secureip/fe/fe_002.svp" Line 134969 : Function calls inside wait/event expression are sensitive to arguments only."crc24a_adv()" is called without any argument which may not unblock the wait/event expression.
Completed simulation data flow analysis
Time Resolution for simulation is 1ps
Compiling package std.standard
Compiling package std.textio
Compiling package ieee.std_logic_1164
Compiling package ieee.numeric_std
Compiling package ieee.std_logic_arith
Compiling package ieee.std_logic_unsigned
Compiling package std.env
Compiling package vl.vl_types
Compiling module xil_defaultlib.glbl
Compiling module unisims_ver.x_lut2_mux4
Compiling module unisims_ver.LUT2
Compiling module unisims_ver.x_lut1_mux2
Compiling module unisims_ver.LUT1
Compiling module unisims_ver.FDRE_default
Compiling module unisims_ver.CARRY8
Compiling module unisims_ver.x_lut3_mux8
Compiling module unisims_ver.LUT3
Compiling module unisims_ver.LUT4
Compiling module unisims_ver.LUT5
Compiling module unisims_ver.LUT6
Compiling module unisims_ver.FDCE_default
Compiling module unisims_ver.RAM32M16
Compiling module unisims_ver.RAM32M
Compiling module unisims_ver.FDSE_default
Compiling module xil_defaultlib.Wifi_Input_FSM
Compiling module unisims_ver.GND
Compiling module unisims_ver.RAMB36E2(DOA_REG=0,DOB_REG=0,INI...
Compiling module unisims_ver.RAMB36E2(DOA_REG=0,DOB_REG=0,INI...
Compiling module unisims_ver.RAMB36E2(DOA_REG=0,DOB_REG=0,INI...
Compiling module unisims_ver.RAMB36E2(DOA_REG=0,DOB_REG=0,INI...
Compiling module unisims_ver.FE(MODE="LDPC_ENCODE",PHYSICAL_U...
Compiling module unisims_ver.SRL16E_default
Compiling module xil_defaultlib.sd_fec_0
Compiling module xil_defaultlib.LDPC_core__xdcDup__1
Compiling module xil_defaultlib.LDPC_core__xdcDup__2
Compiling module xil_defaultlib.LDPC_core__xdcDup__3
Compiling module xil_defaultlib.LDPC_core
Compiling module unisims_ver.IBUF
Compiling module unisims_ver.BUFGCE(CE_TYPE="ASYNC",SIM_DEVIC...
Compiling module unisims_ver.OBUF
Compiling module unisims_ver.RAMB36E2(CLOCK_DOMAINS="COMMON",...
Compiling module xil_defaultlib.fifo_generator_0_xpm_cdc_sync_rs...
Compiling module xil_defaultlib.fifo_generator_0
Compiling module xil_defaultlib.Output_fifo
Compiling module xil_defaultlib.Encoder
Compiling package secureip.xil_fe_pack1
Compiling package secureip.xil_fe_pack0
Compiling package secureip.xil_fe_pack7
Compiling package secureip.xil_fe_pack2
Compiling package secureip.xil_fe_pack3
Compiling package secureip.xil_fe_pack9
Compiling package secureip.xil_fe_pack6
Compiling package secureip.xil_fe_pack5
Compiling package secureip.xil_fe_pack4
Compiling package secureip.xil_fe_pack8
Compiling architecture behavioral of entity xil_defaultlib.encoder_tb
Built simulation snapshot Encoder_tb_func_synth
