Vivado Simulator v2021.2
Copyright 1986-1999, 2001-2021 Xilinx, Inc. All Rights Reserved.
Running: /ihpusr/xilinx/vivado2021.2/Vivado/2021.2/bin/unwrapped/lnx64.o/xelab --incr --debug typical --relax --mt 8 -L xil_defaultlib -L ecc_v2_0_13 -L fec_5g_common_v1_1_1 -L sd_fec_v1_1_8 -L fifo_generator_v13_2_6 -L uvm -L unisims_ver -L unimacro_ver -L secureip -L xpm --snapshot tb_design_1_wrapper_behav xil_defaultlib.tb_design_1_wrapper xil_defaultlib.glbl -log elaborate.log 
Using 8 slave threads.
WARNING: [XSIM 43-3431] One or more environment variables have been detected which affect the operation of the C compiler. These are typically not set in standard installations and are not tested by Xilinx, however they may be appropriate for your system, so the flow will attempt to continue.  If errors occur, try running xelab with the "-mt off -v 1" switches to see more information from the C compiler. The following environment variables have been detected:
Starting static elaboration
Pass Through NonSizing Optimizer
WARNING: [VRFC 10-8437] comparison between unequal length arrays always returns FALSE, left argument length 4 is different from right argument length 6 for 'std_logic_vector_93' array [/home/miglioranza/Transmitter/Transmitter.ip_user_files/bd/Design_2/ipshared/0899/Mapper.srcs/sources_1/imports/miglioranza/mapper.vhd:282]
WARNING: [VRFC 10-4969] module 'sd_fec_0' is instantiated multiple times from VHDL or from both Verilog and VHDL, elaboration result may be incorrect [/home/miglioranza/Transmitter/Transmitter.ip_user_files/bd/Design_2/ip/Design_2_Encoder_0_0/sources_1/ip/sd_fec_0/sim/sd_fec_0.sv:55]
Completed static elaboration
Starting simulation data flow analysis
WARNING: [XSIM 43-4398] File "/wrk/ci/prod/2021.2/rdi_builds/continuous/2021_10_19_3367213/data/secureip/fe/fe_002.svp" Line 127127 : Function calls inside wait/event expression are sensitive to arguments only."init_alpha()" is called without any argument which may not unblock the wait/event expression.
WARNING: [XSIM 43-4398] File "/wrk/ci/prod/2021.2/rdi_builds/continuous/2021_10_19_3367213/data/secureip/fe/fe_002.svp" Line 131216 : Function calls inside wait/event expression are sensitive to arguments only."cfg_bm_perm_r4()" is called without any argument which may not unblock the wait/event expression.
WARNING: [XSIM 43-4398] File "/wrk/ci/prod/2021.2/rdi_builds/continuous/2021_10_19_3367213/data/secureip/fe/fe_002.svp" Line 131216 : Function calls inside wait/event expression are sensitive to arguments only."cfg_bm_perm_r4()" is called without any argument which may not unblock the wait/event expression.
WARNING: [XSIM 43-4398] File "/wrk/ci/prod/2021.2/rdi_builds/continuous/2021_10_19_3367213/data/secureip/fe/fe_002.svp" Line 131216 : Function calls inside wait/event expression are sensitive to arguments only."cfg_bm_perm_r4()" is called without any argument which may not unblock the wait/event expression.
WARNING: [XSIM 43-4398] File "/wrk/ci/prod/2021.2/rdi_builds/continuous/2021_10_19_3367213/data/secureip/fe/fe_002.svp" Line 131216 : Function calls inside wait/event expression are sensitive to arguments only."cfg_bm_perm_r4()" is called without any argument which may not unblock the wait/event expression.
WARNING: [XSIM 43-4398] File "/wrk/ci/prod/2021.2/rdi_builds/continuous/2021_10_19_3367213/data/secureip/fe/fe_002.svp" Line 131216 : Function calls inside wait/event expression are sensitive to arguments only."cfg_bm_perm_r4()" is called without any argument which may not unblock the wait/event expression.
WARNING: [XSIM 43-4398] File "/wrk/ci/prod/2021.2/rdi_builds/continuous/2021_10_19_3367213/data/secureip/fe/fe_002.svp" Line 131216 : Function calls inside wait/event expression are sensitive to arguments only."cfg_bm_perm_r4()" is called without any argument which may not unblock the wait/event expression.
WARNING: [XSIM 43-4398] File "/wrk/ci/prod/2021.2/rdi_builds/continuous/2021_10_19_3367213/data/secureip/fe/fe_002.svp" Line 131216 : Function calls inside wait/event expression are sensitive to arguments only."cfg_bm_perm_r4()" is called without any argument which may not unblock the wait/event expression.
WARNING: [XSIM 43-4398] File "/wrk/ci/prod/2021.2/rdi_builds/continuous/2021_10_19_3367213/data/secureip/fe/fe_002.svp" Line 131216 : Function calls inside wait/event expression are sensitive to arguments only."cfg_bm_perm_r4()" is called without any argument which may not unblock the wait/event expression.
WARNING: [XSIM 43-4398] File "/wrk/ci/prod/2021.2/rdi_builds/continuous/2021_10_19_3367213/data/secureip/fe/fe_002.svp" Line 131216 : Function calls inside wait/event expression are sensitive to arguments only."cfg_bm_perm_r4()" is called without any argument which may not unblock the wait/event expression.
WARNING: [XSIM 43-4398] File "/wrk/ci/prod/2021.2/rdi_builds/continuous/2021_10_19_3367213/data/secureip/fe/fe_002.svp" Line 131216 : Function calls inside wait/event expression are sensitive to arguments only."cfg_bm_perm_r4()" is called without any argument which may not unblock the wait/event expression.
WARNING: [XSIM 43-4398] File "/wrk/ci/prod/2021.2/rdi_builds/continuous/2021_10_19_3367213/data/secureip/fe/fe_002.svp" Line 131216 : Function calls inside wait/event expression are sensitive to arguments only."cfg_bm_perm_r4()" is called without any argument which may not unblock the wait/event expression.
WARNING: [XSIM 43-4398] File "/wrk/ci/prod/2021.2/rdi_builds/continuous/2021_10_19_3367213/data/secureip/fe/fe_002.svp" Line 131216 : Function calls inside wait/event expression are sensitive to arguments only."cfg_bm_perm_r4()" is called without any argument which may not unblock the wait/event expression.
WARNING: [XSIM 43-4398] File "/wrk/ci/prod/2021.2/rdi_builds/continuous/2021_10_19_3367213/data/secureip/fe/fe_002.svp" Line 131216 : Function calls inside wait/event expression are sensitive to arguments only."cfg_bm_perm_r4()" is called without any argument which may not unblock the wait/event expression.
WARNING: [XSIM 43-4398] File "/wrk/ci/prod/2021.2/rdi_builds/continuous/2021_10_19_3367213/data/secureip/fe/fe_002.svp" Line 131216 : Function calls inside wait/event expression are sensitive to arguments only."cfg_bm_perm_r4()" is called without any argument which may not unblock the wait/event expression.
WARNING: [XSIM 43-4398] File "/wrk/ci/prod/2021.2/rdi_builds/continuous/2021_10_19_3367213/data/secureip/fe/fe_002.svp" Line 131216 : Function calls inside wait/event expression are sensitive to arguments only."cfg_bm_perm_r4()" is called without any argument which may not unblock the wait/event expression.
WARNING: [XSIM 43-4398] File "/wrk/ci/prod/2021.2/rdi_builds/continuous/2021_10_19_3367213/data/secureip/fe/fe_002.svp" Line 131216 : Function calls inside wait/event expression are sensitive to arguments only."cfg_bm_perm_r4()" is called without any argument which may not unblock the wait/event expression.
WARNING: [XSIM 43-4398] File "/wrk/ci/prod/2021.2/rdi_builds/continuous/2021_10_19_3367213/data/secureip/fe/fe_002.svp" Line 134226 : Function calls inside wait/event expression are sensitive to arguments only."cfg_alpha_perm_r4()" is called without any argument which may not unblock the wait/event expression.
WARNING: [XSIM 43-4398] File "/wrk/ci/prod/2021.2/rdi_builds/continuous/2021_10_19_3367213/data/secureip/fe/fe_002.svp" Line 134226 : Function calls inside wait/event expression are sensitive to arguments only."cfg_alpha_perm_r4()" is called without any argument which may not unblock the wait/event expression.
WARNING: [XSIM 43-4398] File "/wrk/ci/prod/2021.2/rdi_builds/continuous/2021_10_19_3367213/data/secureip/fe/fe_002.svp" Line 134226 : Function calls inside wait/event expression are sensitive to arguments only."cfg_alpha_perm_r4()" is called without any argument which may not unblock the wait/event expression.
WARNING: [XSIM 43-4398] File "/wrk/ci/prod/2021.2/rdi_builds/continuous/2021_10_19_3367213/data/secureip/fe/fe_002.svp" Line 134226 : Function calls inside wait/event expression are sensitive to arguments only."cfg_alpha_perm_r4()" is called without any argument which may not unblock the wait/event expression.
WARNING: [XSIM 43-4398] File "/wrk/ci/prod/2021.2/rdi_builds/continuous/2021_10_19_3367213/data/secureip/fe/fe_002.svp" Line 134226 : Function calls inside wait/event expression are sensitive to arguments only."cfg_alpha_perm_r4()" is called without any argument which may not unblock the wait/event expression.
WARNING: [XSIM 43-4398] File "/wrk/ci/prod/2021.2/rdi_builds/continuous/2021_10_19_3367213/data/secureip/fe/fe_002.svp" Line 134226 : Function calls inside wait/event expression are sensitive to arguments only."cfg_alpha_perm_r4()" is called without any argument which may not unblock the wait/event expression.
WARNING: [XSIM 43-4398] File "/wrk/ci/prod/2021.2/rdi_builds/continuous/2021_10_19_3367213/data/secureip/fe/fe_002.svp" Line 134226 : Function calls inside wait/event expression are sensitive to arguments only."cfg_alpha_perm_r4()" is called without any argument which may not unblock the wait/event expression.
WARNING: [XSIM 43-4398] File "/wrk/ci/prod/2021.2/rdi_builds/continuous/2021_10_19_3367213/data/secureip/fe/fe_002.svp" Line 134226 : Function calls inside wait/event expression are sensitive to arguments only."cfg_alpha_perm_r4()" is called without any argument which may not unblock the wait/event expression.
WARNING: [XSIM 43-4398] File "/wrk/ci/prod/2021.2/rdi_builds/continuous/2021_10_19_3367213/data/secureip/fe/fe_002.svp" Line 134226 : Function calls inside wait/event expression are sensitive to arguments only."cfg_alpha_perm_r4()" is called without any argument which may not unblock the wait/event expression.
WARNING: [XSIM 43-4398] File "/wrk/ci/prod/2021.2/rdi_builds/continuous/2021_10_19_3367213/data/secureip/fe/fe_002.svp" Line 134226 : Function calls inside wait/event expression are sensitive to arguments only."cfg_alpha_perm_r4()" is called without any argument which may not unblock the wait/event expression.
WARNING: [XSIM 43-4398] File "/wrk/ci/prod/2021.2/rdi_builds/continuous/2021_10_19_3367213/data/secureip/fe/fe_002.svp" Line 134226 : Function calls inside wait/event expression are sensitive to arguments only."cfg_alpha_perm_r4()" is called without any argument which may not unblock the wait/event expression.
WARNING: [XSIM 43-4398] File "/wrk/ci/prod/2021.2/rdi_builds/continuous/2021_10_19_3367213/data/secureip/fe/fe_002.svp" Line 134226 : Function calls inside wait/event expression are sensitive to arguments only."cfg_alpha_perm_r4()" is called without any argument which may not unblock the wait/event expression.
WARNING: [XSIM 43-4398] File "/wrk/ci/prod/2021.2/rdi_builds/continuous/2021_10_19_3367213/data/secureip/fe/fe_002.svp" Line 134226 : Function calls inside wait/event expression are sensitive to arguments only."cfg_alpha_perm_r4()" is called without any argument which may not unblock the wait/event expression.
WARNING: [XSIM 43-4398] File "/wrk/ci/prod/2021.2/rdi_builds/continuous/2021_10_19_3367213/data/secureip/fe/fe_002.svp" Line 134226 : Function calls inside wait/event expression are sensitive to arguments only."cfg_alpha_perm_r4()" is called without any argument which may not unblock the wait/event expression.
WARNING: [XSIM 43-4398] File "/wrk/ci/prod/2021.2/rdi_builds/continuous/2021_10_19_3367213/data/secureip/fe/fe_002.svp" Line 134226 : Function calls inside wait/event expression are sensitive to arguments only."cfg_alpha_perm_r4()" is called without any argument which may not unblock the wait/event expression.
WARNING: [XSIM 43-4398] File "/wrk/ci/prod/2021.2/rdi_builds/continuous/2021_10_19_3367213/data/secureip/fe/fe_002.svp" Line 134226 : Function calls inside wait/event expression are sensitive to arguments only."cfg_alpha_perm_r4()" is called without any argument which may not unblock the wait/event expression.
WARNING: [XSIM 43-4398] File "/wrk/ci/prod/2021.2/rdi_builds/continuous/2021_10_19_3367213/data/secureip/fe/fe_002.svp" Line 131216 : Function calls inside wait/event expression are sensitive to arguments only."cfg_bm_perm_r4()" is called without any argument which may not unblock the wait/event expression.
WARNING: [XSIM 43-4398] File "/wrk/ci/prod/2021.2/rdi_builds/continuous/2021_10_19_3367213/data/secureip/fe/fe_002.svp" Line 131216 : Function calls inside wait/event expression are sensitive to arguments only."cfg_bm_perm_r4()" is called without any argument which may not unblock the wait/event expression.
WARNING: [XSIM 43-4398] File "/wrk/ci/prod/2021.2/rdi_builds/continuous/2021_10_19_3367213/data/secureip/fe/fe_002.svp" Line 131216 : Function calls inside wait/event expression are sensitive to arguments only."cfg_bm_perm_r4()" is called without any argument which may not unblock the wait/event expression.
WARNING: [XSIM 43-4398] File "/wrk/ci/prod/2021.2/rdi_builds/continuous/2021_10_19_3367213/data/secureip/fe/fe_002.svp" Line 131216 : Function calls inside wait/event expression are sensitive to arguments only."cfg_bm_perm_r4()" is called without any argument which may not unblock the wait/event expression.
WARNING: [XSIM 43-4398] File "/wrk/ci/prod/2021.2/rdi_builds/continuous/2021_10_19_3367213/data/secureip/fe/fe_002.svp" Line 131216 : Function calls inside wait/event expression are sensitive to arguments only."cfg_bm_perm_r4()" is called without any argument which may not unblock the wait/event expression.
WARNING: [XSIM 43-4398] File "/wrk/ci/prod/2021.2/rdi_builds/continuous/2021_10_19_3367213/data/secureip/fe/fe_002.svp" Line 131216 : Function calls inside wait/event expression are sensitive to arguments only."cfg_bm_perm_r4()" is called without any argument which may not unblock the wait/event expression.
WARNING: [XSIM 43-4398] File "/wrk/ci/prod/2021.2/rdi_builds/continuous/2021_10_19_3367213/data/secureip/fe/fe_002.svp" Line 131216 : Function calls inside wait/event expression are sensitive to arguments only."cfg_bm_perm_r4()" is called without any argument which may not unblock the wait/event expression.
WARNING: [XSIM 43-4398] File "/wrk/ci/prod/2021.2/rdi_builds/continuous/2021_10_19_3367213/data/secureip/fe/fe_002.svp" Line 131216 : Function calls inside wait/event expression are sensitive to arguments only."cfg_bm_perm_r4()" is called without any argument which may not unblock the wait/event expression.
WARNING: [XSIM 43-4398] File "/wrk/ci/prod/2021.2/rdi_builds/continuous/2021_10_19_3367213/data/secureip/fe/fe_002.svp" Line 131216 : Function calls inside wait/event expression are sensitive to arguments only."cfg_bm_perm_r4()" is called without any argument which may not unblock the wait/event expression.
WARNING: [XSIM 43-4398] File "/wrk/ci/prod/2021.2/rdi_builds/continuous/2021_10_19_3367213/data/secureip/fe/fe_002.svp" Line 131216 : Function calls inside wait/event expression are sensitive to arguments only."cfg_bm_perm_r4()" is called without any argument which may not unblock the wait/event expression.
WARNING: [XSIM 43-4398] File "/wrk/ci/prod/2021.2/rdi_builds/continuous/2021_10_19_3367213/data/secureip/fe/fe_002.svp" Line 131216 : Function calls inside wait/event expression are sensitive to arguments only."cfg_bm_perm_r4()" is called without any argument which may not unblock the wait/event expression.
WARNING: [XSIM 43-4398] File "/wrk/ci/prod/2021.2/rdi_builds/continuous/2021_10_19_3367213/data/secureip/fe/fe_002.svp" Line 131216 : Function calls inside wait/event expression are sensitive to arguments only."cfg_bm_perm_r4()" is called without any argument which may not unblock the wait/event expression.
WARNING: [XSIM 43-4398] File "/wrk/ci/prod/2021.2/rdi_builds/continuous/2021_10_19_3367213/data/secureip/fe/fe_002.svp" Line 131216 : Function calls inside wait/event expression are sensitive to arguments only."cfg_bm_perm_r4()" is called without any argument which may not unblock the wait/event expression.
WARNING: [XSIM 43-4398] File "/wrk/ci/prod/2021.2/rdi_builds/continuous/2021_10_19_3367213/data/secureip/fe/fe_002.svp" Line 131216 : Function calls inside wait/event expression are sensitive to arguments only."cfg_bm_perm_r4()" is called without any argument which may not unblock the wait/event expression.
WARNING: [XSIM 43-4398] File "/wrk/ci/prod/2021.2/rdi_builds/continuous/2021_10_19_3367213/data/secureip/fe/fe_002.svp" Line 131216 : Function calls inside wait/event expression are sensitive to arguments only."cfg_bm_perm_r4()" is called without any argument which may not unblock the wait/event expression.
WARNING: [XSIM 43-4398] File "/wrk/ci/prod/2021.2/rdi_builds/continuous/2021_10_19_3367213/data/secureip/fe/fe_002.svp" Line 131216 : Function calls inside wait/event expression are sensitive to arguments only."cfg_bm_perm_r4()" is called without any argument which may not unblock the wait/event expression.
WARNING: [XSIM 43-4398] File "/wrk/ci/prod/2021.2/rdi_builds/continuous/2021_10_19_3367213/data/secureip/fe/fe_002.svp" Line 129263 : Function calls inside wait/event expression are sensitive to arguments only."cfg_bi_perm_r4()" is called without any argument which may not unblock the wait/event expression.
WARNING: [XSIM 43-4398] File "/wrk/ci/prod/2021.2/rdi_builds/continuous/2021_10_19_3367213/data/secureip/fe/fe_002.svp" Line 134226 : Function calls inside wait/event expression are sensitive to arguments only."cfg_beta_perm_r4()" is called without any argument which may not unblock the wait/event expression.
WARNING: [XSIM 43-4398] File "/wrk/ci/prod/2021.2/rdi_builds/continuous/2021_10_19_3367213/data/secureip/fe/fe_002.svp" Line 134226 : Function calls inside wait/event expression are sensitive to arguments only."cfg_beta_perm_r4()" is called without any argument which may not unblock the wait/event expression.
WARNING: [XSIM 43-4398] File "/wrk/ci/prod/2021.2/rdi_builds/continuous/2021_10_19_3367213/data/secureip/fe/fe_002.svp" Line 134226 : Function calls inside wait/event expression are sensitive to arguments only."cfg_beta_perm_r4()" is called without any argument which may not unblock the wait/event expression.
WARNING: [XSIM 43-4398] File "/wrk/ci/prod/2021.2/rdi_builds/continuous/2021_10_19_3367213/data/secureip/fe/fe_002.svp" Line 134226 : Function calls inside wait/event expression are sensitive to arguments only."cfg_beta_perm_r4()" is called without any argument which may not unblock the wait/event expression.
WARNING: [XSIM 43-4398] File "/wrk/ci/prod/2021.2/rdi_builds/continuous/2021_10_19_3367213/data/secureip/fe/fe_002.svp" Line 134226 : Function calls inside wait/event expression are sensitive to arguments only."cfg_beta_perm_r4()" is called without any argument which may not unblock the wait/event expression.
WARNING: [XSIM 43-4398] File "/wrk/ci/prod/2021.2/rdi_builds/continuous/2021_10_19_3367213/data/secureip/fe/fe_002.svp" Line 134226 : Function calls inside wait/event expression are sensitive to arguments only."cfg_beta_perm_r4()" is called without any argument which may not unblock the wait/event expression.
WARNING: [XSIM 43-4398] File "/wrk/ci/prod/2021.2/rdi_builds/continuous/2021_10_19_3367213/data/secureip/fe/fe_002.svp" Line 134226 : Function calls inside wait/event expression are sensitive to arguments only."cfg_beta_perm_r4()" is called without any argument which may not unblock the wait/event expression.
WARNING: [XSIM 43-4398] File "/wrk/ci/prod/2021.2/rdi_builds/continuous/2021_10_19_3367213/data/secureip/fe/fe_002.svp" Line 134226 : Function calls inside wait/event expression are sensitive to arguments only."cfg_beta_perm_r4()" is called without any argument which may not unblock the wait/event expression.
WARNING: [XSIM 43-4398] File "/wrk/ci/prod/2021.2/rdi_builds/continuous/2021_10_19_3367213/data/secureip/fe/fe_002.svp" Line 134226 : Function calls inside wait/event expression are sensitive to arguments only."cfg_beta_perm_r4()" is called without any argument which may not unblock the wait/event expression.
WARNING: [XSIM 43-4398] File "/wrk/ci/prod/2021.2/rdi_builds/continuous/2021_10_19_3367213/data/secureip/fe/fe_002.svp" Line 134226 : Function calls inside wait/event expression are sensitive to arguments only."cfg_beta_perm_r4()" is called without any argument which may not unblock the wait/event expression.
WARNING: [XSIM 43-4398] File "/wrk/ci/prod/2021.2/rdi_builds/continuous/2021_10_19_3367213/data/secureip/fe/fe_002.svp" Line 134226 : Function calls inside wait/event expression are sensitive to arguments only."cfg_beta_perm_r4()" is called without any argument which may not unblock the wait/event expression.
WARNING: [XSIM 43-4398] File "/wrk/ci/prod/2021.2/rdi_builds/continuous/2021_10_19_3367213/data/secureip/fe/fe_002.svp" Line 134226 : Function calls inside wait/event expression are sensitive to arguments only."cfg_beta_perm_r4()" is called without any argument which may not unblock the wait/event expression.
WARNING: [XSIM 43-4398] File "/wrk/ci/prod/2021.2/rdi_builds/continuous/2021_10_19_3367213/data/secureip/fe/fe_002.svp" Line 134226 : Function calls inside wait/event expression are sensitive to arguments only."cfg_beta_perm_r4()" is called without any argument which may not unblock the wait/event expression.
WARNING: [XSIM 43-4398] File "/wrk/ci/prod/2021.2/rdi_builds/continuous/2021_10_19_3367213/data/secureip/fe/fe_002.svp" Line 134226 : Function calls inside wait/event expression are sensitive to arguments only."cfg_beta_perm_r4()" is called without any argument which may not unblock the wait/event expression.
WARNING: [XSIM 43-4398] File "/wrk/ci/prod/2021.2/rdi_builds/continuous/2021_10_19_3367213/data/secureip/fe/fe_002.svp" Line 134226 : Function calls inside wait/event expression are sensitive to arguments only."cfg_beta_perm_r4()" is called without any argument which may not unblock the wait/event expression.
WARNING: [XSIM 43-4398] File "/wrk/ci/prod/2021.2/rdi_builds/continuous/2021_10_19_3367213/data/secureip/fe/fe_002.svp" Line 134226 : Function calls inside wait/event expression are sensitive to arguments only."cfg_beta_perm_r4()" is called without any argument which may not unblock the wait/event expression.
WARNING: [XSIM 43-4398] File "/wrk/ci/prod/2021.2/rdi_builds/continuous/2021_10_19_3367213/data/secureip/fe/fe_002.svp" Line 132100 : Function calls inside wait/event expression are sensitive to arguments only."cfg_tr_perm_r4()" is called without any argument which may not unblock the wait/event expression.
WARNING: [XSIM 43-4398] File "/wrk/ci/prod/2021.2/rdi_builds/continuous/2021_10_19_3367213/data/secureip/fe/fe_002.svp" Line 132101 : Function calls inside wait/event expression are sensitive to arguments only."cfg_llr_perm_r4()" is called without any argument which may not unblock the wait/event expression.
WARNING: [XSIM 43-4398] File "/wrk/ci/prod/2021.2/rdi_builds/continuous/2021_10_19_3367213/data/secureip/fe/fe_002.svp" Line 132102 : Function calls inside wait/event expression are sensitive to arguments only."cfg_sym_perm_r4()" is called without any argument which may not unblock the wait/event expression.
WARNING: [XSIM 43-4398] File "/wrk/ci/prod/2021.2/rdi_builds/continuous/2021_10_19_3367213/data/secureip/fe/fe_002.svp" Line 132137 : Function calls inside wait/event expression are sensitive to arguments only."cfg_tr_perm_sh_r4()" is called without any argument which may not unblock the wait/event expression.
WARNING: [XSIM 43-4398] File "/wrk/ci/prod/2021.2/rdi_builds/continuous/2021_10_19_3367213/data/secureip/fe/fe_002.svp" Line 132100 : Function calls inside wait/event expression are sensitive to arguments only."cfg_tr_perm_r4()" is called without any argument which may not unblock the wait/event expression.
WARNING: [XSIM 43-4398] File "/wrk/ci/prod/2021.2/rdi_builds/continuous/2021_10_19_3367213/data/secureip/fe/fe_002.svp" Line 132101 : Function calls inside wait/event expression are sensitive to arguments only."cfg_llr_perm_r4()" is called without any argument which may not unblock the wait/event expression.
WARNING: [XSIM 43-4398] File "/wrk/ci/prod/2021.2/rdi_builds/continuous/2021_10_19_3367213/data/secureip/fe/fe_002.svp" Line 132102 : Function calls inside wait/event expression are sensitive to arguments only."cfg_sym_perm_r4()" is called without any argument which may not unblock the wait/event expression.
WARNING: [XSIM 43-4398] File "/wrk/ci/prod/2021.2/rdi_builds/continuous/2021_10_19_3367213/data/secureip/fe/fe_002.svp" Line 132137 : Function calls inside wait/event expression are sensitive to arguments only."cfg_tr_perm_sh_r4()" is called without any argument which may not unblock the wait/event expression.
WARNING: [XSIM 43-4398] File "/wrk/ci/prod/2021.2/rdi_builds/continuous/2021_10_19_3367213/data/secureip/fe/fe_002.svp" Line 132100 : Function calls inside wait/event expression are sensitive to arguments only."cfg_tr_perm_r4()" is called without any argument which may not unblock the wait/event expression.
WARNING: [XSIM 43-4398] File "/wrk/ci/prod/2021.2/rdi_builds/continuous/2021_10_19_3367213/data/secureip/fe/fe_002.svp" Line 132101 : Function calls inside wait/event expression are sensitive to arguments only."cfg_llr_perm_r4()" is called without any argument which may not unblock the wait/event expression.
WARNING: [XSIM 43-4398] File "/wrk/ci/prod/2021.2/rdi_builds/continuous/2021_10_19_3367213/data/secureip/fe/fe_002.svp" Line 132102 : Function calls inside wait/event expression are sensitive to arguments only."cfg_sym_perm_r4()" is called without any argument which may not unblock the wait/event expression.
WARNING: [XSIM 43-4398] File "/wrk/ci/prod/2021.2/rdi_builds/continuous/2021_10_19_3367213/data/secureip/fe/fe_002.svp" Line 132137 : Function calls inside wait/event expression are sensitive to arguments only."cfg_tr_perm_sh_r4()" is called without any argument which may not unblock the wait/event expression.
WARNING: [XSIM 43-4398] File "/wrk/ci/prod/2021.2/rdi_builds/continuous/2021_10_19_3367213/data/secureip/fe/fe_002.svp" Line 132100 : Function calls inside wait/event expression are sensitive to arguments only."cfg_tr_perm_r4()" is called without any argument which may not unblock the wait/event expression.
WARNING: [XSIM 43-4398] File "/wrk/ci/prod/2021.2/rdi_builds/continuous/2021_10_19_3367213/data/secureip/fe/fe_002.svp" Line 132101 : Function calls inside wait/event expression are sensitive to arguments only."cfg_llr_perm_r4()" is called without any argument which may not unblock the wait/event expression.
WARNING: [XSIM 43-4398] File "/wrk/ci/prod/2021.2/rdi_builds/continuous/2021_10_19_3367213/data/secureip/fe/fe_002.svp" Line 132102 : Function calls inside wait/event expression are sensitive to arguments only."cfg_sym_perm_r4()" is called without any argument which may not unblock the wait/event expression.
WARNING: [XSIM 43-4398] File "/wrk/ci/prod/2021.2/rdi_builds/continuous/2021_10_19_3367213/data/secureip/fe/fe_002.svp" Line 132137 : Function calls inside wait/event expression are sensitive to arguments only."cfg_tr_perm_sh_r4()" is called without any argument which may not unblock the wait/event expression.
WARNING: [XSIM 43-4398] File "/wrk/ci/prod/2021.2/rdi_builds/continuous/2021_10_19_3367213/data/secureip/fe/fe_002.svp" Line 132100 : Function calls inside wait/event expression are sensitive to arguments only."cfg_tr_perm_r4()" is called without any argument which may not unblock the wait/event expression.
WARNING: [XSIM 43-4398] File "/wrk/ci/prod/2021.2/rdi_builds/continuous/2021_10_19_3367213/data/secureip/fe/fe_002.svp" Line 132101 : Function calls inside wait/event expression are sensitive to arguments only."cfg_llr_perm_r4()" is called without any argument which may not unblock the wait/event expression.
WARNING: [XSIM 43-4398] File "/wrk/ci/prod/2021.2/rdi_builds/continuous/2021_10_19_3367213/data/secureip/fe/fe_002.svp" Line 132102 : Function calls inside wait/event expression are sensitive to arguments only."cfg_sym_perm_r4()" is called without any argument which may not unblock the wait/event expression.
WARNING: [XSIM 43-4398] File "/wrk/ci/prod/2021.2/rdi_builds/continuous/2021_10_19_3367213/data/secureip/fe/fe_002.svp" Line 132137 : Function calls inside wait/event expression are sensitive to arguments only."cfg_tr_perm_sh_r4()" is called without any argument which may not unblock the wait/event expression.
WARNING: [XSIM 43-4398] File "/wrk/ci/prod/2021.2/rdi_builds/continuous/2021_10_19_3367213/data/secureip/fe/fe_002.svp" Line 132100 : Function calls inside wait/event expression are sensitive to arguments only."cfg_tr_perm_r4()" is called without any argument which may not unblock the wait/event expression.
WARNING: [XSIM 43-4398] File "/wrk/ci/prod/2021.2/rdi_builds/continuous/2021_10_19_3367213/data/secureip/fe/fe_002.svp" Line 132101 : Function calls inside wait/event expression are sensitive to arguments only."cfg_llr_perm_r4()" is called without any argument which may not unblock the wait/event expression.
WARNING: [XSIM 43-4398] File "/wrk/ci/prod/2021.2/rdi_builds/continuous/2021_10_19_3367213/data/secureip/fe/fe_002.svp" Line 132102 : Function calls inside wait/event expression are sensitive to arguments only."cfg_sym_perm_r4()" is called without any argument which may not unblock the wait/event expression.
WARNING: [XSIM 43-4398] File "/wrk/ci/prod/2021.2/rdi_builds/continuous/2021_10_19_3367213/data/secureip/fe/fe_002.svp" Line 132137 : Function calls inside wait/event expression are sensitive to arguments only."cfg_tr_perm_sh_r4()" is called without any argument which may not unblock the wait/event expression.
WARNING: [XSIM 43-4398] File "/wrk/ci/prod/2021.2/rdi_builds/continuous/2021_10_19_3367213/data/secureip/fe/fe_002.svp" Line 132100 : Function calls inside wait/event expression are sensitive to arguments only."cfg_tr_perm_r4()" is called without any argument which may not unblock the wait/event expression.
WARNING: [XSIM 43-4398] File "/wrk/ci/prod/2021.2/rdi_builds/continuous/2021_10_19_3367213/data/secureip/fe/fe_002.svp" Line 132101 : Function calls inside wait/event expression are sensitive to arguments only."cfg_llr_perm_r4()" is called without any argument which may not unblock the wait/event expression.
WARNING: [XSIM 43-4398] File "/wrk/ci/prod/2021.2/rdi_builds/continuous/2021_10_19_3367213/data/secureip/fe/fe_002.svp" Line 132102 : Function calls inside wait/event expression are sensitive to arguments only."cfg_sym_perm_r4()" is called without any argument which may not unblock the wait/event expression.
WARNING: [XSIM 43-4398] File "/wrk/ci/prod/2021.2/rdi_builds/continuous/2021_10_19_3367213/data/secureip/fe/fe_002.svp" Line 132137 : Function calls inside wait/event expression are sensitive to arguments only."cfg_tr_perm_sh_r4()" is called without any argument which may not unblock the wait/event expression.
WARNING: [XSIM 43-4398] File "/wrk/ci/prod/2021.2/rdi_builds/continuous/2021_10_19_3367213/data/secureip/fe/fe_002.svp" Line 132100 : Function calls inside wait/event expression are sensitive to arguments only."cfg_tr_perm_r4()" is called without any argument which may not unblock the wait/event expression.
WARNING: [XSIM 43-4398] File "/wrk/ci/prod/2021.2/rdi_builds/continuous/2021_10_19_3367213/data/secureip/fe/fe_002.svp" Line 132101 : Function calls inside wait/event expression are sensitive to arguments only."cfg_llr_perm_r4()" is called without any argument which may not unblock the wait/event expression.
WARNING: [XSIM 43-4398] File "/wrk/ci/prod/2021.2/rdi_builds/continuous/2021_10_19_3367213/data/secureip/fe/fe_002.svp" Line 132102 : Function calls inside wait/event expression are sensitive to arguments only."cfg_sym_perm_r4()" is called without any argument which may not unblock the wait/event expression.
WARNING: [XSIM 43-4398] File "/wrk/ci/prod/2021.2/rdi_builds/continuous/2021_10_19_3367213/data/secureip/fe/fe_002.svp" Line 132137 : Function calls inside wait/event expression are sensitive to arguments only."cfg_tr_perm_sh_r4()" is called without any argument which may not unblock the wait/event expression.
WARNING: [XSIM 43-4398] File "/wrk/ci/prod/2021.2/rdi_builds/continuous/2021_10_19_3367213/data/secureip/fe/fe_002.svp" Line 132100 : Function calls inside wait/event expression are sensitive to arguments only."cfg_tr_perm_r4()" is called without any argument which may not unblock the wait/event expression.
WARNING: [XSIM 43-4398] File "/wrk/ci/prod/2021.2/rdi_builds/continuous/2021_10_19_3367213/data/secureip/fe/fe_002.svp" Line 132101 : Function calls inside wait/event expression are sensitive to arguments only."cfg_llr_perm_r4()" is called without any argument which may not unblock the wait/event expression.
WARNING: [XSIM 43-4398] File "/wrk/ci/prod/2021.2/rdi_builds/continuous/2021_10_19_3367213/data/secureip/fe/fe_002.svp" Line 132102 : Function calls inside wait/event expression are sensitive to arguments only."cfg_sym_perm_r4()" is called without any argument which may not unblock the wait/event expression.
WARNING: [XSIM 43-4398] File "/wrk/ci/prod/2021.2/rdi_builds/continuous/2021_10_19_3367213/data/secureip/fe/fe_002.svp" Line 132137 : Function calls inside wait/event expression are sensitive to arguments only."cfg_tr_perm_sh_r4()" is called without any argument which may not unblock the wait/event expression.
WARNING: [XSIM 43-4398] File "/wrk/ci/prod/2021.2/rdi_builds/continuous/2021_10_19_3367213/data/secureip/fe/fe_002.svp" Line 132100 : Function calls inside wait/event expression are sensitive to arguments only."cfg_tr_perm_r4()" is called without any argument which may not unblock the wait/event expression.
WARNING: [XSIM 43-4398] File "/wrk/ci/prod/2021.2/rdi_builds/continuous/2021_10_19_3367213/data/secureip/fe/fe_002.svp" Line 132101 : Function calls inside wait/event expression are sensitive to arguments only."cfg_llr_perm_r4()" is called without any argument which may not unblock the wait/event expression.
WARNING: [XSIM 43-4398] File "/wrk/ci/prod/2021.2/rdi_builds/continuous/2021_10_19_3367213/data/secureip/fe/fe_002.svp" Line 132102 : Function calls inside wait/event expression are sensitive to arguments only."cfg_sym_perm_r4()" is called without any argument which may not unblock the wait/event expression.
WARNING: [XSIM 43-4398] File "/wrk/ci/prod/2021.2/rdi_builds/continuous/2021_10_19_3367213/data/secureip/fe/fe_002.svp" Line 132137 : Function calls inside wait/event expression are sensitive to arguments only."cfg_tr_perm_sh_r4()" is called without any argument which may not unblock the wait/event expression.
WARNING: [XSIM 43-4398] File "/wrk/ci/prod/2021.2/rdi_builds/continuous/2021_10_19_3367213/data/secureip/fe/fe_002.svp" Line 132100 : Function calls inside wait/event expression are sensitive to arguments only."cfg_tr_perm_r4()" is called without any argument which may not unblock the wait/event expression.
WARNING: [XSIM 43-4398] File "/wrk/ci/prod/2021.2/rdi_builds/continuous/2021_10_19_3367213/data/secureip/fe/fe_002.svp" Line 132101 : Function calls inside wait/event expression are sensitive to arguments only."cfg_llr_perm_r4()" is called without any argument which may not unblock the wait/event expression.
WARNING: [XSIM 43-4398] File "/wrk/ci/prod/2021.2/rdi_builds/continuous/2021_10_19_3367213/data/secureip/fe/fe_002.svp" Line 132102 : Function calls inside wait/event expression are sensitive to arguments only."cfg_sym_perm_r4()" is called without any argument which may not unblock the wait/event expression.
WARNING: [XSIM 43-4398] File "/wrk/ci/prod/2021.2/rdi_builds/continuous/2021_10_19_3367213/data/secureip/fe/fe_002.svp" Line 132137 : Function calls inside wait/event expression are sensitive to arguments only."cfg_tr_perm_sh_r4()" is called without any argument which may not unblock the wait/event expression.
WARNING: [XSIM 43-4398] File "/wrk/ci/prod/2021.2/rdi_builds/continuous/2021_10_19_3367213/data/secureip/fe/fe_002.svp" Line 132100 : Function calls inside wait/event expression are sensitive to arguments only."cfg_tr_perm_r4()" is called without any argument which may not unblock the wait/event expression.
WARNING: [XSIM 43-4398] File "/wrk/ci/prod/2021.2/rdi_builds/continuous/2021_10_19_3367213/data/secureip/fe/fe_002.svp" Line 132101 : Function calls inside wait/event expression are sensitive to arguments only."cfg_llr_perm_r4()" is called without any argument which may not unblock the wait/event expression.
WARNING: [XSIM 43-4398] File "/wrk/ci/prod/2021.2/rdi_builds/continuous/2021_10_19_3367213/data/secureip/fe/fe_002.svp" Line 132102 : Function calls inside wait/event expression are sensitive to arguments only."cfg_sym_perm_r4()" is called without any argument which may not unblock the wait/event expression.
WARNING: [XSIM 43-4398] File "/wrk/ci/prod/2021.2/rdi_builds/continuous/2021_10_19_3367213/data/secureip/fe/fe_002.svp" Line 132137 : Function calls inside wait/event expression are sensitive to arguments only."cfg_tr_perm_sh_r4()" is called without any argument which may not unblock the wait/event expression.
WARNING: [XSIM 43-4398] File "/wrk/ci/prod/2021.2/rdi_builds/continuous/2021_10_19_3367213/data/secureip/fe/fe_002.svp" Line 132100 : Function calls inside wait/event expression are sensitive to arguments only."cfg_tr_perm_r4()" is called without any argument which may not unblock the wait/event expression.
WARNING: [XSIM 43-4398] File "/wrk/ci/prod/2021.2/rdi_builds/continuous/2021_10_19_3367213/data/secureip/fe/fe_002.svp" Line 132101 : Function calls inside wait/event expression are sensitive to arguments only."cfg_llr_perm_r4()" is called without any argument which may not unblock the wait/event expression.
WARNING: [XSIM 43-4398] File "/wrk/ci/prod/2021.2/rdi_builds/continuous/2021_10_19_3367213/data/secureip/fe/fe_002.svp" Line 132102 : Function calls inside wait/event expression are sensitive to arguments only."cfg_sym_perm_r4()" is called without any argument which may not unblock the wait/event expression.
WARNING: [XSIM 43-4398] File "/wrk/ci/prod/2021.2/rdi_builds/continuous/2021_10_19_3367213/data/secureip/fe/fe_002.svp" Line 132137 : Function calls inside wait/event expression are sensitive to arguments only."cfg_tr_perm_sh_r4()" is called without any argument which may not unblock the wait/event expression.
WARNING: [XSIM 43-4398] File "/wrk/ci/prod/2021.2/rdi_builds/continuous/2021_10_19_3367213/data/secureip/fe/fe_002.svp" Line 132100 : Function calls inside wait/event expression are sensitive to arguments only."cfg_tr_perm_r4()" is called without any argument which may not unblock the wait/event expression.
WARNING: [XSIM 43-4398] File "/wrk/ci/prod/2021.2/rdi_builds/continuous/2021_10_19_3367213/data/secureip/fe/fe_002.svp" Line 132101 : Function calls inside wait/event expression are sensitive to arguments only."cfg_llr_perm_r4()" is called without any argument which may not unblock the wait/event expression.
WARNING: [XSIM 43-4398] File "/wrk/ci/prod/2021.2/rdi_builds/continuous/2021_10_19_3367213/data/secureip/fe/fe_002.svp" Line 132102 : Function calls inside wait/event expression are sensitive to arguments only."cfg_sym_perm_r4()" is called without any argument which may not unblock the wait/event expression.
WARNING: [XSIM 43-4398] File "/wrk/ci/prod/2021.2/rdi_builds/continuous/2021_10_19_3367213/data/secureip/fe/fe_002.svp" Line 132137 : Function calls inside wait/event expression are sensitive to arguments only."cfg_tr_perm_sh_r4()" is called without any argument which may not unblock the wait/event expression.
WARNING: [XSIM 43-4398] File "/wrk/ci/prod/2021.2/rdi_builds/continuous/2021_10_19_3367213/data/secureip/fe/fe_002.svp" Line 132100 : Function calls inside wait/event expression are sensitive to arguments only."cfg_tr_perm_r4()" is called without any argument which may not unblock the wait/event expression.
WARNING: [XSIM 43-4398] File "/wrk/ci/prod/2021.2/rdi_builds/continuous/2021_10_19_3367213/data/secureip/fe/fe_002.svp" Line 132101 : Function calls inside wait/event expression are sensitive to arguments only."cfg_llr_perm_r4()" is called without any argument which may not unblock the wait/event expression.
WARNING: [XSIM 43-4398] File "/wrk/ci/prod/2021.2/rdi_builds/continuous/2021_10_19_3367213/data/secureip/fe/fe_002.svp" Line 132102 : Function calls inside wait/event expression are sensitive to arguments only."cfg_sym_perm_r4()" is called without any argument which may not unblock the wait/event expression.
WARNING: [XSIM 43-4398] File "/wrk/ci/prod/2021.2/rdi_builds/continuous/2021_10_19_3367213/data/secureip/fe/fe_002.svp" Line 132137 : Function calls inside wait/event expression are sensitive to arguments only."cfg_tr_perm_sh_r4()" is called without any argument which may not unblock the wait/event expression.
WARNING: [XSIM 43-4398] File "/wrk/ci/prod/2021.2/rdi_builds/continuous/2021_10_19_3367213/data/secureip/fe/fe_002.svp" Line 132100 : Function calls inside wait/event expression are sensitive to arguments only."cfg_tr_perm_r4()" is called without any argument which may not unblock the wait/event expression.
WARNING: [XSIM 43-4398] File "/wrk/ci/prod/2021.2/rdi_builds/continuous/2021_10_19_3367213/data/secureip/fe/fe_002.svp" Line 132101 : Function calls inside wait/event expression are sensitive to arguments only."cfg_llr_perm_r4()" is called without any argument which may not unblock the wait/event expression.
WARNING: [XSIM 43-4398] File "/wrk/ci/prod/2021.2/rdi_builds/continuous/2021_10_19_3367213/data/secureip/fe/fe_002.svp" Line 132102 : Function calls inside wait/event expression are sensitive to arguments only."cfg_sym_perm_r4()" is called without any argument which may not unblock the wait/event expression.
WARNING: [XSIM 43-4398] File "/wrk/ci/prod/2021.2/rdi_builds/continuous/2021_10_19_3367213/data/secureip/fe/fe_002.svp" Line 132137 : Function calls inside wait/event expression are sensitive to arguments only."cfg_tr_perm_sh_r4()" is called without any argument which may not unblock the wait/event expression.
WARNING: [XSIM 43-4398] File "/wrk/ci/prod/2021.2/rdi_builds/continuous/2021_10_19_3367213/data/secureip/fe/fe_002.svp" Line 134806 : Function calls inside wait/event expression are sensitive to arguments only."crc24b_par4_mask()" is called without any argument which may not unblock the wait/event expression.
WARNING: [XSIM 43-4398] File "/wrk/ci/prod/2021.2/rdi_builds/continuous/2021_10_19_3367213/data/secureip/fe/fe_002.svp" Line 134806 : Function calls inside wait/event expression are sensitive to arguments only."crc24a_par4_mask()" is called without any argument which may not unblock the wait/event expression.
WARNING: [XSIM 43-4398] File "/wrk/ci/prod/2021.2/rdi_builds/continuous/2021_10_19_3367213/data/secureip/fe/fe_002.svp" Line 134807 : Function calls inside wait/event expression are sensitive to arguments only."crc24b_par2_mask()" is called without any argument which may not unblock the wait/event expression.
WARNING: [XSIM 43-4398] File "/wrk/ci/prod/2021.2/rdi_builds/continuous/2021_10_19_3367213/data/secureip/fe/fe_002.svp" Line 134807 : Function calls inside wait/event expression are sensitive to arguments only."crc24a_par2_mask()" is called without any argument which may not unblock the wait/event expression.
WARNING: [XSIM 43-4398] File "/wrk/ci/prod/2021.2/rdi_builds/continuous/2021_10_19_3367213/data/secureip/fe/fe_002.svp" Line 134808 : Function calls inside wait/event expression are sensitive to arguments only."crc24b_adv()" is called without any argument which may not unblock the wait/event expression.
WARNING: [XSIM 43-4398] File "/wrk/ci/prod/2021.2/rdi_builds/continuous/2021_10_19_3367213/data/secureip/fe/fe_002.svp" Line 134808 : Function calls inside wait/event expression are sensitive to arguments only."crc24a_adv()" is called without any argument which may not unblock the wait/event expression.
WARNING: [XSIM 43-4398] File "/wrk/ci/prod/2021.2/rdi_builds/continuous/2021_10_19_3367213/data/secureip/fe/fe_002.svp" Line 134969 : Function calls inside wait/event expression are sensitive to arguments only."crc24b_adv()" is called without any argument which may not unblock the wait/event expression.
WARNING: [XSIM 43-4398] File "/wrk/ci/prod/2021.2/rdi_builds/continuous/2021_10_19_3367213/data/secureip/fe/fe_002.svp" Line 134969 : Function calls inside wait/event expression are sensitive to arguments only."crc24a_adv()" is called without any argument which may not unblock the wait/event expression.
WARNING: [XSIM 43-4398] File "/wrk/ci/prod/2021.2/rdi_builds/continuous/2021_10_19_3367213/data/secureip/fe/fe_002.svp" Line 127127 : Function calls inside wait/event expression are sensitive to arguments only."init_alpha()" is called without any argument which may not unblock the wait/event expression.
WARNING: [XSIM 43-4398] File "/wrk/ci/prod/2021.2/rdi_builds/continuous/2021_10_19_3367213/data/secureip/fe/fe_002.svp" Line 131216 : Function calls inside wait/event expression are sensitive to arguments only."cfg_bm_perm_r4()" is called without any argument which may not unblock the wait/event expression.
WARNING: [XSIM 43-4398] File "/wrk/ci/prod/2021.2/rdi_builds/continuous/2021_10_19_3367213/data/secureip/fe/fe_002.svp" Line 131216 : Function calls inside wait/event expression are sensitive to arguments only."cfg_bm_perm_r4()" is called without any argument which may not unblock the wait/event expression.
WARNING: [XSIM 43-4398] File "/wrk/ci/prod/2021.2/rdi_builds/continuous/2021_10_19_3367213/data/secureip/fe/fe_002.svp" Line 131216 : Function calls inside wait/event expression are sensitive to arguments only."cfg_bm_perm_r4()" is called without any argument which may not unblock the wait/event expression.
WARNING: [XSIM 43-4398] File "/wrk/ci/prod/2021.2/rdi_builds/continuous/2021_10_19_3367213/data/secureip/fe/fe_002.svp" Line 131216 : Function calls inside wait/event expression are sensitive to arguments only."cfg_bm_perm_r4()" is called without any argument which may not unblock the wait/event expression.
WARNING: [XSIM 43-4398] File "/wrk/ci/prod/2021.2/rdi_builds/continuous/2021_10_19_3367213/data/secureip/fe/fe_002.svp" Line 131216 : Function calls inside wait/event expression are sensitive to arguments only."cfg_bm_perm_r4()" is called without any argument which may not unblock the wait/event expression.
WARNING: [XSIM 43-4398] File "/wrk/ci/prod/2021.2/rdi_builds/continuous/2021_10_19_3367213/data/secureip/fe/fe_002.svp" Line 131216 : Function calls inside wait/event expression are sensitive to arguments only."cfg_bm_perm_r4()" is called without any argument which may not unblock the wait/event expression.
WARNING: [XSIM 43-4398] File "/wrk/ci/prod/2021.2/rdi_builds/continuous/2021_10_19_3367213/data/secureip/fe/fe_002.svp" Line 131216 : Function calls inside wait/event expression are sensitive to arguments only."cfg_bm_perm_r4()" is called without any argument which may not unblock the wait/event expression.
WARNING: [XSIM 43-4398] File "/wrk/ci/prod/2021.2/rdi_builds/continuous/2021_10_19_3367213/data/secureip/fe/fe_002.svp" Line 131216 : Function calls inside wait/event expression are sensitive to arguments only."cfg_bm_perm_r4()" is called without any argument which may not unblock the wait/event expression.
WARNING: [XSIM 43-4398] File "/wrk/ci/prod/2021.2/rdi_builds/continuous/2021_10_19_3367213/data/secureip/fe/fe_002.svp" Line 131216 : Function calls inside wait/event expression are sensitive to arguments only."cfg_bm_perm_r4()" is called without any argument which may not unblock the wait/event expression.
WARNING: [XSIM 43-4398] File "/wrk/ci/prod/2021.2/rdi_builds/continuous/2021_10_19_3367213/data/secureip/fe/fe_002.svp" Line 131216 : Function calls inside wait/event expression are sensitive to arguments only."cfg_bm_perm_r4()" is called without any argument which may not unblock the wait/event expression.
WARNING: [XSIM 43-4398] File "/wrk/ci/prod/2021.2/rdi_builds/continuous/2021_10_19_3367213/data/secureip/fe/fe_002.svp" Line 131216 : Function calls inside wait/event expression are sensitive to arguments only."cfg_bm_perm_r4()" is called without any argument which may not unblock the wait/event expression.
WARNING: [XSIM 43-4398] File "/wrk/ci/prod/2021.2/rdi_builds/continuous/2021_10_19_3367213/data/secureip/fe/fe_002.svp" Line 131216 : Function calls inside wait/event expression are sensitive to arguments only."cfg_bm_perm_r4()" is called without any argument which may not unblock the wait/event expression.
WARNING: [XSIM 43-4398] File "/wrk/ci/prod/2021.2/rdi_builds/continuous/2021_10_19_3367213/data/secureip/fe/fe_002.svp" Line 131216 : Function calls inside wait/event expression are sensitive to arguments only."cfg_bm_perm_r4()" is called without any argument which may not unblock the wait/event expression.
WARNING: [XSIM 43-4398] File "/wrk/ci/prod/2021.2/rdi_builds/continuous/2021_10_19_3367213/data/secureip/fe/fe_002.svp" Line 131216 : Function calls inside wait/event expression are sensitive to arguments only."cfg_bm_perm_r4()" is called without any argument which may not unblock the wait/event expression.
WARNING: [XSIM 43-4398] File "/wrk/ci/prod/2021.2/rdi_builds/continuous/2021_10_19_3367213/data/secureip/fe/fe_002.svp" Line 131216 : Function calls inside wait/event expression are sensitive to arguments only."cfg_bm_perm_r4()" is called without any argument which may not unblock the wait/event expression.
WARNING: [XSIM 43-4398] File "/wrk/ci/prod/2021.2/rdi_builds/continuous/2021_10_19_3367213/data/secureip/fe/fe_002.svp" Line 131216 : Function calls inside wait/event expression are sensitive to arguments only."cfg_bm_perm_r4()" is called without any argument which may not unblock the wait/event expression.
WARNING: [XSIM 43-4398] File "/wrk/ci/prod/2021.2/rdi_builds/continuous/2021_10_19_3367213/data/secureip/fe/fe_002.svp" Line 134226 : Function calls inside wait/event expression are sensitive to arguments only."cfg_alpha_perm_r4()" is called without any argument which may not unblock the wait/event expression.
WARNING: [XSIM 43-4398] File "/wrk/ci/prod/2021.2/rdi_builds/continuous/2021_10_19_3367213/data/secureip/fe/fe_002.svp" Line 134226 : Function calls inside wait/event expression are sensitive to arguments only."cfg_alpha_perm_r4()" is called without any argument which may not unblock the wait/event expression.
WARNING: [XSIM 43-4398] File "/wrk/ci/prod/2021.2/rdi_builds/continuous/2021_10_19_3367213/data/secureip/fe/fe_002.svp" Line 134226 : Function calls inside wait/event expression are sensitive to arguments only."cfg_alpha_perm_r4()" is called without any argument which may not unblock the wait/event expression.
WARNING: [XSIM 43-4398] File "/wrk/ci/prod/2021.2/rdi_builds/continuous/2021_10_19_3367213/data/secureip/fe/fe_002.svp" Line 134226 : Function calls inside wait/event expression are sensitive to arguments only."cfg_alpha_perm_r4()" is called without any argument which may not unblock the wait/event expression.
WARNING: [XSIM 43-4398] File "/wrk/ci/prod/2021.2/rdi_builds/continuous/2021_10_19_3367213/data/secureip/fe/fe_002.svp" Line 134226 : Function calls inside wait/event expression are sensitive to arguments only."cfg_alpha_perm_r4()" is called without any argument which may not unblock the wait/event expression.
WARNING: [XSIM 43-4398] File "/wrk/ci/prod/2021.2/rdi_builds/continuous/2021_10_19_3367213/data/secureip/fe/fe_002.svp" Line 134226 : Function calls inside wait/event expression are sensitive to arguments only."cfg_alpha_perm_r4()" is called without any argument which may not unblock the wait/event expression.
WARNING: [XSIM 43-4398] File "/wrk/ci/prod/2021.2/rdi_builds/continuous/2021_10_19_3367213/data/secureip/fe/fe_002.svp" Line 134226 : Function calls inside wait/event expression are sensitive to arguments only."cfg_alpha_perm_r4()" is called without any argument which may not unblock the wait/event expression.
WARNING: [XSIM 43-4398] File "/wrk/ci/prod/2021.2/rdi_builds/continuous/2021_10_19_3367213/data/secureip/fe/fe_002.svp" Line 134226 : Function calls inside wait/event expression are sensitive to arguments only."cfg_alpha_perm_r4()" is called without any argument which may not unblock the wait/event expression.
WARNING: [XSIM 43-4398] File "/wrk/ci/prod/2021.2/rdi_builds/continuous/2021_10_19_3367213/data/secureip/fe/fe_002.svp" Line 134226 : Function calls inside wait/event expression are sensitive to arguments only."cfg_alpha_perm_r4()" is called without any argument which may not unblock the wait/event expression.
WARNING: [XSIM 43-4398] File "/wrk/ci/prod/2021.2/rdi_builds/continuous/2021_10_19_3367213/data/secureip/fe/fe_002.svp" Line 134226 : Function calls inside wait/event expression are sensitive to arguments only."cfg_alpha_perm_r4()" is called without any argument which may not unblock the wait/event expression.
WARNING: [XSIM 43-4398] File "/wrk/ci/prod/2021.2/rdi_builds/continuous/2021_10_19_3367213/data/secureip/fe/fe_002.svp" Line 134226 : Function calls inside wait/event expression are sensitive to arguments only."cfg_alpha_perm_r4()" is called without any argument which may not unblock the wait/event expression.
WARNING: [XSIM 43-4398] File "/wrk/ci/prod/2021.2/rdi_builds/continuous/2021_10_19_3367213/data/secureip/fe/fe_002.svp" Line 134226 : Function calls inside wait/event expression are sensitive to arguments only."cfg_alpha_perm_r4()" is called without any argument which may not unblock the wait/event expression.
WARNING: [XSIM 43-4398] File "/wrk/ci/prod/2021.2/rdi_builds/continuous/2021_10_19_3367213/data/secureip/fe/fe_002.svp" Line 134226 : Function calls inside wait/event expression are sensitive to arguments only."cfg_alpha_perm_r4()" is called without any argument which may not unblock the wait/event expression.
WARNING: [XSIM 43-4398] File "/wrk/ci/prod/2021.2/rdi_builds/continuous/2021_10_19_3367213/data/secureip/fe/fe_002.svp" Line 134226 : Function calls inside wait/event expression are sensitive to arguments only."cfg_alpha_perm_r4()" is called without any argument which may not unblock the wait/event expression.
WARNING: [XSIM 43-4398] File "/wrk/ci/prod/2021.2/rdi_builds/continuous/2021_10_19_3367213/data/secureip/fe/fe_002.svp" Line 134226 : Function calls inside wait/event expression are sensitive to arguments only."cfg_alpha_perm_r4()" is called without any argument which may not unblock the wait/event expression.
WARNING: [XSIM 43-4398] File "/wrk/ci/prod/2021.2/rdi_builds/continuous/2021_10_19_3367213/data/secureip/fe/fe_002.svp" Line 134226 : Function calls inside wait/event expression are sensitive to arguments only."cfg_alpha_perm_r4()" is called without any argument which may not unblock the wait/event expression.
WARNING: [XSIM 43-4398] File "/wrk/ci/prod/2021.2/rdi_builds/continuous/2021_10_19_3367213/data/secureip/fe/fe_002.svp" Line 131216 : Function calls inside wait/event expression are sensitive to arguments only."cfg_bm_perm_r4()" is called without any argument which may not unblock the wait/event expression.
WARNING: [XSIM 43-4398] File "/wrk/ci/prod/2021.2/rdi_builds/continuous/2021_10_19_3367213/data/secureip/fe/fe_002.svp" Line 131216 : Function calls inside wait/event expression are sensitive to arguments only."cfg_bm_perm_r4()" is called without any argument which may not unblock the wait/event expression.
WARNING: [XSIM 43-4398] File "/wrk/ci/prod/2021.2/rdi_builds/continuous/2021_10_19_3367213/data/secureip/fe/fe_002.svp" Line 131216 : Function calls inside wait/event expression are sensitive to arguments only."cfg_bm_perm_r4()" is called without any argument which may not unblock the wait/event expression.
WARNING: [XSIM 43-4398] File "/wrk/ci/prod/2021.2/rdi_builds/continuous/2021_10_19_3367213/data/secureip/fe/fe_002.svp" Line 131216 : Function calls inside wait/event expression are sensitive to arguments only."cfg_bm_perm_r4()" is called without any argument which may not unblock the wait/event expression.
WARNING: [XSIM 43-4398] File "/wrk/ci/prod/2021.2/rdi_builds/continuous/2021_10_19_3367213/data/secureip/fe/fe_002.svp" Line 131216 : Function calls inside wait/event expression are sensitive to arguments only."cfg_bm_perm_r4()" is called without any argument which may not unblock the wait/event expression.
WARNING: [XSIM 43-4398] File "/wrk/ci/prod/2021.2/rdi_builds/continuous/2021_10_19_3367213/data/secureip/fe/fe_002.svp" Line 131216 : Function calls inside wait/event expression are sensitive to arguments only."cfg_bm_perm_r4()" is called without any argument which may not unblock the wait/event expression.
WARNING: [XSIM 43-4398] File "/wrk/ci/prod/2021.2/rdi_builds/continuous/2021_10_19_3367213/data/secureip/fe/fe_002.svp" Line 131216 : Function calls inside wait/event expression are sensitive to arguments only."cfg_bm_perm_r4()" is called without any argument which may not unblock the wait/event expression.
WARNING: [XSIM 43-4398] File "/wrk/ci/prod/2021.2/rdi_builds/continuous/2021_10_19_3367213/data/secureip/fe/fe_002.svp" Line 131216 : Function calls inside wait/event expression are sensitive to arguments only."cfg_bm_perm_r4()" is called without any argument which may not unblock the wait/event expression.
WARNING: [XSIM 43-4398] File "/wrk/ci/prod/2021.2/rdi_builds/continuous/2021_10_19_3367213/data/secureip/fe/fe_002.svp" Line 131216 : Function calls inside wait/event expression are sensitive to arguments only."cfg_bm_perm_r4()" is called without any argument which may not unblock the wait/event expression.
WARNING: [XSIM 43-4398] File "/wrk/ci/prod/2021.2/rdi_builds/continuous/2021_10_19_3367213/data/secureip/fe/fe_002.svp" Line 131216 : Function calls inside wait/event expression are sensitive to arguments only."cfg_bm_perm_r4()" is called without any argument which may not unblock the wait/event expression.
WARNING: [XSIM 43-4398] File "/wrk/ci/prod/2021.2/rdi_builds/continuous/2021_10_19_3367213/data/secureip/fe/fe_002.svp" Line 131216 : Function calls inside wait/event expression are sensitive to arguments only."cfg_bm_perm_r4()" is called without any argument which may not unblock the wait/event expression.
WARNING: [XSIM 43-4398] File "/wrk/ci/prod/2021.2/rdi_builds/continuous/2021_10_19_3367213/data/secureip/fe/fe_002.svp" Line 131216 : Function calls inside wait/event expression are sensitive to arguments only."cfg_bm_perm_r4()" is called without any argument which may not unblock the wait/event expression.
WARNING: [XSIM 43-4398] File "/wrk/ci/prod/2021.2/rdi_builds/continuous/2021_10_19_3367213/data/secureip/fe/fe_002.svp" Line 131216 : Function calls inside wait/event expression are sensitive to arguments only."cfg_bm_perm_r4()" is called without any argument which may not unblock the wait/event expression.
WARNING: [XSIM 43-4398] File "/wrk/ci/prod/2021.2/rdi_builds/continuous/2021_10_19_3367213/data/secureip/fe/fe_002.svp" Line 131216 : Function calls inside wait/event expression are sensitive to arguments only."cfg_bm_perm_r4()" is called without any argument which may not unblock the wait/event expression.
WARNING: [XSIM 43-4398] File "/wrk/ci/prod/2021.2/rdi_builds/continuous/2021_10_19_3367213/data/secureip/fe/fe_002.svp" Line 131216 : Function calls inside wait/event expression are sensitive to arguments only."cfg_bm_perm_r4()" is called without any argument which may not unblock the wait/event expression.
WARNING: [XSIM 43-4398] File "/wrk/ci/prod/2021.2/rdi_builds/continuous/2021_10_19_3367213/data/secureip/fe/fe_002.svp" Line 131216 : Function calls inside wait/event expression are sensitive to arguments only."cfg_bm_perm_r4()" is called without any argument which may not unblock the wait/event expression.
WARNING: [XSIM 43-4398] File "/wrk/ci/prod/2021.2/rdi_builds/continuous/2021_10_19_3367213/data/secureip/fe/fe_002.svp" Line 129263 : Function calls inside wait/event expression are sensitive to arguments only."cfg_bi_perm_r4()" is called without any argument which may not unblock the wait/event expression.
WARNING: [XSIM 43-4398] File "/wrk/ci/prod/2021.2/rdi_builds/continuous/2021_10_19_3367213/data/secureip/fe/fe_002.svp" Line 134226 : Function calls inside wait/event expression are sensitive to arguments only."cfg_beta_perm_r4()" is called without any argument which may not unblock the wait/event expression.
WARNING: [XSIM 43-4398] File "/wrk/ci/prod/2021.2/rdi_builds/continuous/2021_10_19_3367213/data/secureip/fe/fe_002.svp" Line 134226 : Function calls inside wait/event expression are sensitive to arguments only."cfg_beta_perm_r4()" is called without any argument which may not unblock the wait/event expression.
WARNING: [XSIM 43-4398] File "/wrk/ci/prod/2021.2/rdi_builds/continuous/2021_10_19_3367213/data/secureip/fe/fe_002.svp" Line 134226 : Function calls inside wait/event expression are sensitive to arguments only."cfg_beta_perm_r4()" is called without any argument which may not unblock the wait/event expression.
WARNING: [XSIM 43-4398] File "/wrk/ci/prod/2021.2/rdi_builds/continuous/2021_10_19_3367213/data/secureip/fe/fe_002.svp" Line 134226 : Function calls inside wait/event expression are sensitive to arguments only."cfg_beta_perm_r4()" is called without any argument which may not unblock the wait/event expression.
WARNING: [XSIM 43-4398] File "/wrk/ci/prod/2021.2/rdi_builds/continuous/2021_10_19_3367213/data/secureip/fe/fe_002.svp" Line 134226 : Function calls inside wait/event expression are sensitive to arguments only."cfg_beta_perm_r4()" is called without any argument which may not unblock the wait/event expression.
WARNING: [XSIM 43-4398] File "/wrk/ci/prod/2021.2/rdi_builds/continuous/2021_10_19_3367213/data/secureip/fe/fe_002.svp" Line 134226 : Function calls inside wait/event expression are sensitive to arguments only."cfg_beta_perm_r4()" is called without any argument which may not unblock the wait/event expression.
WARNING: [XSIM 43-4398] File "/wrk/ci/prod/2021.2/rdi_builds/continuous/2021_10_19_3367213/data/secureip/fe/fe_002.svp" Line 134226 : Function calls inside wait/event expression are sensitive to arguments only."cfg_beta_perm_r4()" is called without any argument which may not unblock the wait/event expression.
WARNING: [XSIM 43-4398] File "/wrk/ci/prod/2021.2/rdi_builds/continuous/2021_10_19_3367213/data/secureip/fe/fe_002.svp" Line 134226 : Function calls inside wait/event expression are sensitive to arguments only."cfg_beta_perm_r4()" is called without any argument which may not unblock the wait/event expression.
WARNING: [XSIM 43-4398] File "/wrk/ci/prod/2021.2/rdi_builds/continuous/2021_10_19_3367213/data/secureip/fe/fe_002.svp" Line 134226 : Function calls inside wait/event expression are sensitive to arguments only."cfg_beta_perm_r4()" is called without any argument which may not unblock the wait/event expression.
WARNING: [XSIM 43-4398] File "/wrk/ci/prod/2021.2/rdi_builds/continuous/2021_10_19_3367213/data/secureip/fe/fe_002.svp" Line 134226 : Function calls inside wait/event expression are sensitive to arguments only."cfg_beta_perm_r4()" is called without any argument which may not unblock the wait/event expression.
WARNING: [XSIM 43-4398] File "/wrk/ci/prod/2021.2/rdi_builds/continuous/2021_10_19_3367213/data/secureip/fe/fe_002.svp" Line 134226 : Function calls inside wait/event expression are sensitive to arguments only."cfg_beta_perm_r4()" is called without any argument which may not unblock the wait/event expression.
WARNING: [XSIM 43-4398] File "/wrk/ci/prod/2021.2/rdi_builds/continuous/2021_10_19_3367213/data/secureip/fe/fe_002.svp" Line 134226 : Function calls inside wait/event expression are sensitive to arguments only."cfg_beta_perm_r4()" is called without any argument which may not unblock the wait/event expression.
WARNING: [XSIM 43-4398] File "/wrk/ci/prod/2021.2/rdi_builds/continuous/2021_10_19_3367213/data/secureip/fe/fe_002.svp" Line 134226 : Function calls inside wait/event expression are sensitive to arguments only."cfg_beta_perm_r4()" is called without any argument which may not unblock the wait/event expression.
WARNING: [XSIM 43-4398] File "/wrk/ci/prod/2021.2/rdi_builds/continuous/2021_10_19_3367213/data/secureip/fe/fe_002.svp" Line 134226 : Function calls inside wait/event expression are sensitive to arguments only."cfg_beta_perm_r4()" is called without any argument which may not unblock the wait/event expression.
WARNING: [XSIM 43-4398] File "/wrk/ci/prod/2021.2/rdi_builds/continuous/2021_10_19_3367213/data/secureip/fe/fe_002.svp" Line 134226 : Function calls inside wait/event expression are sensitive to arguments only."cfg_beta_perm_r4()" is called without any argument which may not unblock the wait/event expression.
WARNING: [XSIM 43-4398] File "/wrk/ci/prod/2021.2/rdi_builds/continuous/2021_10_19_3367213/data/secureip/fe/fe_002.svp" Line 134226 : Function calls inside wait/event expression are sensitive to arguments only."cfg_beta_perm_r4()" is called without any argument which may not unblock the wait/event expression.
WARNING: [XSIM 43-4398] File "/wrk/ci/prod/2021.2/rdi_builds/continuous/2021_10_19_3367213/data/secureip/fe/fe_002.svp" Line 132100 : Function calls inside wait/event expression are sensitive to arguments only."cfg_tr_perm_r4()" is called without any argument which may not unblock the wait/event expression.
WARNING: [XSIM 43-4398] File "/wrk/ci/prod/2021.2/rdi_builds/continuous/2021_10_19_3367213/data/secureip/fe/fe_002.svp" Line 132101 : Function calls inside wait/event expression are sensitive to arguments only."cfg_llr_perm_r4()" is called without any argument which may not unblock the wait/event expression.
WARNING: [XSIM 43-4398] File "/wrk/ci/prod/2021.2/rdi_builds/continuous/2021_10_19_3367213/data/secureip/fe/fe_002.svp" Line 132102 : Function calls inside wait/event expression are sensitive to arguments only."cfg_sym_perm_r4()" is called without any argument which may not unblock the wait/event expression.
WARNING: [XSIM 43-4398] File "/wrk/ci/prod/2021.2/rdi_builds/continuous/2021_10_19_3367213/data/secureip/fe/fe_002.svp" Line 132137 : Function calls inside wait/event expression are sensitive to arguments only."cfg_tr_perm_sh_r4()" is called without any argument which may not unblock the wait/event expression.
WARNING: [XSIM 43-4398] File "/wrk/ci/prod/2021.2/rdi_builds/continuous/2021_10_19_3367213/data/secureip/fe/fe_002.svp" Line 132100 : Function calls inside wait/event expression are sensitive to arguments only."cfg_tr_perm_r4()" is called without any argument which may not unblock the wait/event expression.
WARNING: [XSIM 43-4398] File "/wrk/ci/prod/2021.2/rdi_builds/continuous/2021_10_19_3367213/data/secureip/fe/fe_002.svp" Line 132101 : Function calls inside wait/event expression are sensitive to arguments only."cfg_llr_perm_r4()" is called without any argument which may not unblock the wait/event expression.
WARNING: [XSIM 43-4398] File "/wrk/ci/prod/2021.2/rdi_builds/continuous/2021_10_19_3367213/data/secureip/fe/fe_002.svp" Line 132102 : Function calls inside wait/event expression are sensitive to arguments only."cfg_sym_perm_r4()" is called without any argument which may not unblock the wait/event expression.
WARNING: [XSIM 43-4398] File "/wrk/ci/prod/2021.2/rdi_builds/continuous/2021_10_19_3367213/data/secureip/fe/fe_002.svp" Line 132137 : Function calls inside wait/event expression are sensitive to arguments only."cfg_tr_perm_sh_r4()" is called without any argument which may not unblock the wait/event expression.
WARNING: [XSIM 43-4398] File "/wrk/ci/prod/2021.2/rdi_builds/continuous/2021_10_19_3367213/data/secureip/fe/fe_002.svp" Line 132100 : Function calls inside wait/event expression are sensitive to arguments only."cfg_tr_perm_r4()" is called without any argument which may not unblock the wait/event expression.
WARNING: [XSIM 43-4398] File "/wrk/ci/prod/2021.2/rdi_builds/continuous/2021_10_19_3367213/data/secureip/fe/fe_002.svp" Line 132101 : Function calls inside wait/event expression are sensitive to arguments only."cfg_llr_perm_r4()" is called without any argument which may not unblock the wait/event expression.
WARNING: [XSIM 43-4398] File "/wrk/ci/prod/2021.2/rdi_builds/continuous/2021_10_19_3367213/data/secureip/fe/fe_002.svp" Line 132102 : Function calls inside wait/event expression are sensitive to arguments only."cfg_sym_perm_r4()" is called without any argument which may not unblock the wait/event expression.
WARNING: [XSIM 43-4398] File "/wrk/ci/prod/2021.2/rdi_builds/continuous/2021_10_19_3367213/data/secureip/fe/fe_002.svp" Line 132137 : Function calls inside wait/event expression are sensitive to arguments only."cfg_tr_perm_sh_r4()" is called without any argument which may not unblock the wait/event expression.
WARNING: [XSIM 43-4398] File "/wrk/ci/prod/2021.2/rdi_builds/continuous/2021_10_19_3367213/data/secureip/fe/fe_002.svp" Line 132100 : Function calls inside wait/event expression are sensitive to arguments only."cfg_tr_perm_r4()" is called without any argument which may not unblock the wait/event expression.
WARNING: [XSIM 43-4398] File "/wrk/ci/prod/2021.2/rdi_builds/continuous/2021_10_19_3367213/data/secureip/fe/fe_002.svp" Line 132101 : Function calls inside wait/event expression are sensitive to arguments only."cfg_llr_perm_r4()" is called without any argument which may not unblock the wait/event expression.
WARNING: [XSIM 43-4398] File "/wrk/ci/prod/2021.2/rdi_builds/continuous/2021_10_19_3367213/data/secureip/fe/fe_002.svp" Line 132102 : Function calls inside wait/event expression are sensitive to arguments only."cfg_sym_perm_r4()" is called without any argument which may not unblock the wait/event expression.
WARNING: [XSIM 43-4398] File "/wrk/ci/prod/2021.2/rdi_builds/continuous/2021_10_19_3367213/data/secureip/fe/fe_002.svp" Line 132137 : Function calls inside wait/event expression are sensitive to arguments only."cfg_tr_perm_sh_r4()" is called without any argument which may not unblock the wait/event expression.
WARNING: [XSIM 43-4398] File "/wrk/ci/prod/2021.2/rdi_builds/continuous/2021_10_19_3367213/data/secureip/fe/fe_002.svp" Line 132100 : Function calls inside wait/event expression are sensitive to arguments only."cfg_tr_perm_r4()" is called without any argument which may not unblock the wait/event expression.
WARNING: [XSIM 43-4398] File "/wrk/ci/prod/2021.2/rdi_builds/continuous/2021_10_19_3367213/data/secureip/fe/fe_002.svp" Line 132101 : Function calls inside wait/event expression are sensitive to arguments only."cfg_llr_perm_r4()" is called without any argument which may not unblock the wait/event expression.
WARNING: [XSIM 43-4398] File "/wrk/ci/prod/2021.2/rdi_builds/continuous/2021_10_19_3367213/data/secureip/fe/fe_002.svp" Line 132102 : Function calls inside wait/event expression are sensitive to arguments only."cfg_sym_perm_r4()" is called without any argument which may not unblock the wait/event expression.
WARNING: [XSIM 43-4398] File "/wrk/ci/prod/2021.2/rdi_builds/continuous/2021_10_19_3367213/data/secureip/fe/fe_002.svp" Line 132137 : Function calls inside wait/event expression are sensitive to arguments only."cfg_tr_perm_sh_r4()" is called without any argument which may not unblock the wait/event expression.
WARNING: [XSIM 43-4398] File "/wrk/ci/prod/2021.2/rdi_builds/continuous/2021_10_19_3367213/data/secureip/fe/fe_002.svp" Line 132100 : Function calls inside wait/event expression are sensitive to arguments only."cfg_tr_perm_r4()" is called without any argument which may not unblock the wait/event expression.
WARNING: [XSIM 43-4398] File "/wrk/ci/prod/2021.2/rdi_builds/continuous/2021_10_19_3367213/data/secureip/fe/fe_002.svp" Line 132101 : Function calls inside wait/event expression are sensitive to arguments only."cfg_llr_perm_r4()" is called without any argument which may not unblock the wait/event expression.
WARNING: [XSIM 43-4398] File "/wrk/ci/prod/2021.2/rdi_builds/continuous/2021_10_19_3367213/data/secureip/fe/fe_002.svp" Line 132102 : Function calls inside wait/event expression are sensitive to arguments only."cfg_sym_perm_r4()" is called without any argument which may not unblock the wait/event expression.
WARNING: [XSIM 43-4398] File "/wrk/ci/prod/2021.2/rdi_builds/continuous/2021_10_19_3367213/data/secureip/fe/fe_002.svp" Line 132137 : Function calls inside wait/event expression are sensitive to arguments only."cfg_tr_perm_sh_r4()" is called without any argument which may not unblock the wait/event expression.
WARNING: [XSIM 43-4398] File "/wrk/ci/prod/2021.2/rdi_builds/continuous/2021_10_19_3367213/data/secureip/fe/fe_002.svp" Line 132100 : Function calls inside wait/event expression are sensitive to arguments only."cfg_tr_perm_r4()" is called without any argument which may not unblock the wait/event expression.
WARNING: [XSIM 43-4398] File "/wrk/ci/prod/2021.2/rdi_builds/continuous/2021_10_19_3367213/data/secureip/fe/fe_002.svp" Line 132101 : Function calls inside wait/event expression are sensitive to arguments only."cfg_llr_perm_r4()" is called without any argument which may not unblock the wait/event expression.
WARNING: [XSIM 43-4398] File "/wrk/ci/prod/2021.2/rdi_builds/continuous/2021_10_19_3367213/data/secureip/fe/fe_002.svp" Line 132102 : Function calls inside wait/event expression are sensitive to arguments only."cfg_sym_perm_r4()" is called without any argument which may not unblock the wait/event expression.
WARNING: [XSIM 43-4398] File "/wrk/ci/prod/2021.2/rdi_builds/continuous/2021_10_19_3367213/data/secureip/fe/fe_002.svp" Line 132137 : Function calls inside wait/event expression are sensitive to arguments only."cfg_tr_perm_sh_r4()" is called without any argument which may not unblock the wait/event expression.
WARNING: [XSIM 43-4398] File "/wrk/ci/prod/2021.2/rdi_builds/continuous/2021_10_19_3367213/data/secureip/fe/fe_002.svp" Line 132100 : Function calls inside wait/event expression are sensitive to arguments only."cfg_tr_perm_r4()" is called without any argument which may not unblock the wait/event expression.
WARNING: [XSIM 43-4398] File "/wrk/ci/prod/2021.2/rdi_builds/continuous/2021_10_19_3367213/data/secureip/fe/fe_002.svp" Line 132101 : Function calls inside wait/event expression are sensitive to arguments only."cfg_llr_perm_r4()" is called without any argument which may not unblock the wait/event expression.
WARNING: [XSIM 43-4398] File "/wrk/ci/prod/2021.2/rdi_builds/continuous/2021_10_19_3367213/data/secureip/fe/fe_002.svp" Line 132102 : Function calls inside wait/event expression are sensitive to arguments only."cfg_sym_perm_r4()" is called without any argument which may not unblock the wait/event expression.
WARNING: [XSIM 43-4398] File "/wrk/ci/prod/2021.2/rdi_builds/continuous/2021_10_19_3367213/data/secureip/fe/fe_002.svp" Line 132137 : Function calls inside wait/event expression are sensitive to arguments only."cfg_tr_perm_sh_r4()" is called without any argument which may not unblock the wait/event expression.
WARNING: [XSIM 43-4398] File "/wrk/ci/prod/2021.2/rdi_builds/continuous/2021_10_19_3367213/data/secureip/fe/fe_002.svp" Line 132100 : Function calls inside wait/event expression are sensitive to arguments only."cfg_tr_perm_r4()" is called without any argument which may not unblock the wait/event expression.
WARNING: [XSIM 43-4398] File "/wrk/ci/prod/2021.2/rdi_builds/continuous/2021_10_19_3367213/data/secureip/fe/fe_002.svp" Line 132101 : Function calls inside wait/event expression are sensitive to arguments only."cfg_llr_perm_r4()" is called without any argument which may not unblock the wait/event expression.
WARNING: [XSIM 43-4398] File "/wrk/ci/prod/2021.2/rdi_builds/continuous/2021_10_19_3367213/data/secureip/fe/fe_002.svp" Line 132102 : Function calls inside wait/event expression are sensitive to arguments only."cfg_sym_perm_r4()" is called without any argument which may not unblock the wait/event expression.
WARNING: [XSIM 43-4398] File "/wrk/ci/prod/2021.2/rdi_builds/continuous/2021_10_19_3367213/data/secureip/fe/fe_002.svp" Line 132137 : Function calls inside wait/event expression are sensitive to arguments only."cfg_tr_perm_sh_r4()" is called without any argument which may not unblock the wait/event expression.
WARNING: [XSIM 43-4398] File "/wrk/ci/prod/2021.2/rdi_builds/continuous/2021_10_19_3367213/data/secureip/fe/fe_002.svp" Line 132100 : Function calls inside wait/event expression are sensitive to arguments only."cfg_tr_perm_r4()" is called without any argument which may not unblock the wait/event expression.
WARNING: [XSIM 43-4398] File "/wrk/ci/prod/2021.2/rdi_builds/continuous/2021_10_19_3367213/data/secureip/fe/fe_002.svp" Line 132101 : Function calls inside wait/event expression are sensitive to arguments only."cfg_llr_perm_r4()" is called without any argument which may not unblock the wait/event expression.
WARNING: [XSIM 43-4398] File "/wrk/ci/prod/2021.2/rdi_builds/continuous/2021_10_19_3367213/data/secureip/fe/fe_002.svp" Line 132102 : Function calls inside wait/event expression are sensitive to arguments only."cfg_sym_perm_r4()" is called without any argument which may not unblock the wait/event expression.
WARNING: [XSIM 43-4398] File "/wrk/ci/prod/2021.2/rdi_builds/continuous/2021_10_19_3367213/data/secureip/fe/fe_002.svp" Line 132137 : Function calls inside wait/event expression are sensitive to arguments only."cfg_tr_perm_sh_r4()" is called without any argument which may not unblock the wait/event expression.
WARNING: [XSIM 43-4398] File "/wrk/ci/prod/2021.2/rdi_builds/continuous/2021_10_19_3367213/data/secureip/fe/fe_002.svp" Line 132100 : Function calls inside wait/event expression are sensitive to arguments only."cfg_tr_perm_r4()" is called without any argument which may not unblock the wait/event expression.
WARNING: [XSIM 43-4398] File "/wrk/ci/prod/2021.2/rdi_builds/continuous/2021_10_19_3367213/data/secureip/fe/fe_002.svp" Line 132101 : Function calls inside wait/event expression are sensitive to arguments only."cfg_llr_perm_r4()" is called without any argument which may not unblock the wait/event expression.
WARNING: [XSIM 43-4398] File "/wrk/ci/prod/2021.2/rdi_builds/continuous/2021_10_19_3367213/data/secureip/fe/fe_002.svp" Line 132102 : Function calls inside wait/event expression are sensitive to arguments only."cfg_sym_perm_r4()" is called without any argument which may not unblock the wait/event expression.
WARNING: [XSIM 43-4398] File "/wrk/ci/prod/2021.2/rdi_builds/continuous/2021_10_19_3367213/data/secureip/fe/fe_002.svp" Line 132137 : Function calls inside wait/event expression are sensitive to arguments only."cfg_tr_perm_sh_r4()" is called without any argument which may not unblock the wait/event expression.
WARNING: [XSIM 43-4398] File "/wrk/ci/prod/2021.2/rdi_builds/continuous/2021_10_19_3367213/data/secureip/fe/fe_002.svp" Line 132100 : Function calls inside wait/event expression are sensitive to arguments only."cfg_tr_perm_r4()" is called without any argument which may not unblock the wait/event expression.
WARNING: [XSIM 43-4398] File "/wrk/ci/prod/2021.2/rdi_builds/continuous/2021_10_19_3367213/data/secureip/fe/fe_002.svp" Line 132101 : Function calls inside wait/event expression are sensitive to arguments only."cfg_llr_perm_r4()" is called without any argument which may not unblock the wait/event expression.
WARNING: [XSIM 43-4398] File "/wrk/ci/prod/2021.2/rdi_builds/continuous/2021_10_19_3367213/data/secureip/fe/fe_002.svp" Line 132102 : Function calls inside wait/event expression are sensitive to arguments only."cfg_sym_perm_r4()" is called without any argument which may not unblock the wait/event expression.
WARNING: [XSIM 43-4398] File "/wrk/ci/prod/2021.2/rdi_builds/continuous/2021_10_19_3367213/data/secureip/fe/fe_002.svp" Line 132137 : Function calls inside wait/event expression are sensitive to arguments only."cfg_tr_perm_sh_r4()" is called without any argument which may not unblock the wait/event expression.
WARNING: [XSIM 43-4398] File "/wrk/ci/prod/2021.2/rdi_builds/continuous/2021_10_19_3367213/data/secureip/fe/fe_002.svp" Line 132100 : Function calls inside wait/event expression are sensitive to arguments only."cfg_tr_perm_r4()" is called without any argument which may not unblock the wait/event expression.
WARNING: [XSIM 43-4398] File "/wrk/ci/prod/2021.2/rdi_builds/continuous/2021_10_19_3367213/data/secureip/fe/fe_002.svp" Line 132101 : Function calls inside wait/event expression are sensitive to arguments only."cfg_llr_perm_r4()" is called without any argument which may not unblock the wait/event expression.
WARNING: [XSIM 43-4398] File "/wrk/ci/prod/2021.2/rdi_builds/continuous/2021_10_19_3367213/data/secureip/fe/fe_002.svp" Line 132102 : Function calls inside wait/event expression are sensitive to arguments only."cfg_sym_perm_r4()" is called without any argument which may not unblock the wait/event expression.
WARNING: [XSIM 43-4398] File "/wrk/ci/prod/2021.2/rdi_builds/continuous/2021_10_19_3367213/data/secureip/fe/fe_002.svp" Line 132137 : Function calls inside wait/event expression are sensitive to arguments only."cfg_tr_perm_sh_r4()" is called without any argument which may not unblock the wait/event expression.
WARNING: [XSIM 43-4398] File "/wrk/ci/prod/2021.2/rdi_builds/continuous/2021_10_19_3367213/data/secureip/fe/fe_002.svp" Line 132100 : Function calls inside wait/event expression are sensitive to arguments only."cfg_tr_perm_r4()" is called without any argument which may not unblock the wait/event expression.
WARNING: [XSIM 43-4398] File "/wrk/ci/prod/2021.2/rdi_builds/continuous/2021_10_19_3367213/data/secureip/fe/fe_002.svp" Line 132101 : Function calls inside wait/event expression are sensitive to arguments only."cfg_llr_perm_r4()" is called without any argument which may not unblock the wait/event expression.
WARNING: [XSIM 43-4398] File "/wrk/ci/prod/2021.2/rdi_builds/continuous/2021_10_19_3367213/data/secureip/fe/fe_002.svp" Line 132102 : Function calls inside wait/event expression are sensitive to arguments only."cfg_sym_perm_r4()" is called without any argument which may not unblock the wait/event expression.
WARNING: [XSIM 43-4398] File "/wrk/ci/prod/2021.2/rdi_builds/continuous/2021_10_19_3367213/data/secureip/fe/fe_002.svp" Line 132137 : Function calls inside wait/event expression are sensitive to arguments only."cfg_tr_perm_sh_r4()" is called without any argument which may not unblock the wait/event expression.
WARNING: [XSIM 43-4398] File "/wrk/ci/prod/2021.2/rdi_builds/continuous/2021_10_19_3367213/data/secureip/fe/fe_002.svp" Line 132100 : Function calls inside wait/event expression are sensitive to arguments only."cfg_tr_perm_r4()" is called without any argument which may not unblock the wait/event expression.
WARNING: [XSIM 43-4398] File "/wrk/ci/prod/2021.2/rdi_builds/continuous/2021_10_19_3367213/data/secureip/fe/fe_002.svp" Line 132101 : Function calls inside wait/event expression are sensitive to arguments only."cfg_llr_perm_r4()" is called without any argument which may not unblock the wait/event expression.
WARNING: [XSIM 43-4398] File "/wrk/ci/prod/2021.2/rdi_builds/continuous/2021_10_19_3367213/data/secureip/fe/fe_002.svp" Line 132102 : Function calls inside wait/event expression are sensitive to arguments only."cfg_sym_perm_r4()" is called without any argument which may not unblock the wait/event expression.
WARNING: [XSIM 43-4398] File "/wrk/ci/prod/2021.2/rdi_builds/continuous/2021_10_19_3367213/data/secureip/fe/fe_002.svp" Line 132137 : Function calls inside wait/event expression are sensitive to arguments only."cfg_tr_perm_sh_r4()" is called without any argument which may not unblock the wait/event expression.
WARNING: [XSIM 43-4398] File "/wrk/ci/prod/2021.2/rdi_builds/continuous/2021_10_19_3367213/data/secureip/fe/fe_002.svp" Line 132100 : Function calls inside wait/event expression are sensitive to arguments only."cfg_tr_perm_r4()" is called without any argument which may not unblock the wait/event expression.
WARNING: [XSIM 43-4398] File "/wrk/ci/prod/2021.2/rdi_builds/continuous/2021_10_19_3367213/data/secureip/fe/fe_002.svp" Line 132101 : Function calls inside wait/event expression are sensitive to arguments only."cfg_llr_perm_r4()" is called without any argument which may not unblock the wait/event expression.
WARNING: [XSIM 43-4398] File "/wrk/ci/prod/2021.2/rdi_builds/continuous/2021_10_19_3367213/data/secureip/fe/fe_002.svp" Line 132102 : Function calls inside wait/event expression are sensitive to arguments only."cfg_sym_perm_r4()" is called without any argument which may not unblock the wait/event expression.
WARNING: [XSIM 43-4398] File "/wrk/ci/prod/2021.2/rdi_builds/continuous/2021_10_19_3367213/data/secureip/fe/fe_002.svp" Line 132137 : Function calls inside wait/event expression are sensitive to arguments only."cfg_tr_perm_sh_r4()" is called without any argument which may not unblock the wait/event expression.
WARNING: [XSIM 43-4398] File "/wrk/ci/prod/2021.2/rdi_builds/continuous/2021_10_19_3367213/data/secureip/fe/fe_002.svp" Line 134806 : Function calls inside wait/event expression are sensitive to arguments only."crc24b_par4_mask()" is called without any argument which may not unblock the wait/event expression.
WARNING: [XSIM 43-4398] File "/wrk/ci/prod/2021.2/rdi_builds/continuous/2021_10_19_3367213/data/secureip/fe/fe_002.svp" Line 134806 : Function calls inside wait/event expression are sensitive to arguments only."crc24a_par4_mask()" is called without any argument which may not unblock the wait/event expression.
WARNING: [XSIM 43-4398] File "/wrk/ci/prod/2021.2/rdi_builds/continuous/2021_10_19_3367213/data/secureip/fe/fe_002.svp" Line 134807 : Function calls inside wait/event expression are sensitive to arguments only."crc24b_par2_mask()" is called without any argument which may not unblock the wait/event expression.
WARNING: [XSIM 43-4398] File "/wrk/ci/prod/2021.2/rdi_builds/continuous/2021_10_19_3367213/data/secureip/fe/fe_002.svp" Line 134807 : Function calls inside wait/event expression are sensitive to arguments only."crc24a_par2_mask()" is called without any argument which may not unblock the wait/event expression.
WARNING: [XSIM 43-4398] File "/wrk/ci/prod/2021.2/rdi_builds/continuous/2021_10_19_3367213/data/secureip/fe/fe_002.svp" Line 134808 : Function calls inside wait/event expression are sensitive to arguments only."crc24b_adv()" is called without any argument which may not unblock the wait/event expression.
WARNING: [XSIM 43-4398] File "/wrk/ci/prod/2021.2/rdi_builds/continuous/2021_10_19_3367213/data/secureip/fe/fe_002.svp" Line 134808 : Function calls inside wait/event expression are sensitive to arguments only."crc24a_adv()" is called without any argument which may not unblock the wait/event expression.
WARNING: [XSIM 43-4398] File "/wrk/ci/prod/2021.2/rdi_builds/continuous/2021_10_19_3367213/data/secureip/fe/fe_002.svp" Line 134969 : Function calls inside wait/event expression are sensitive to arguments only."crc24b_adv()" is called without any argument which may not unblock the wait/event expression.
WARNING: [XSIM 43-4398] File "/wrk/ci/prod/2021.2/rdi_builds/continuous/2021_10_19_3367213/data/secureip/fe/fe_002.svp" Line 134969 : Function calls inside wait/event expression are sensitive to arguments only."crc24a_adv()" is called without any argument which may not unblock the wait/event expression.
WARNING: [XSIM 43-4398] File "/wrk/ci/prod/2021.2/rdi_builds/continuous/2021_10_19_3367213/data/secureip/fe/fe_002.svp" Line 127127 : Function calls inside wait/event expression are sensitive to arguments only."init_alpha()" is called without any argument which may not unblock the wait/event expression.
WARNING: [XSIM 43-4398] File "/wrk/ci/prod/2021.2/rdi_builds/continuous/2021_10_19_3367213/data/secureip/fe/fe_002.svp" Line 131216 : Function calls inside wait/event expression are sensitive to arguments only."cfg_bm_perm_r4()" is called without any argument which may not unblock the wait/event expression.
WARNING: [XSIM 43-4398] File "/wrk/ci/prod/2021.2/rdi_builds/continuous/2021_10_19_3367213/data/secureip/fe/fe_002.svp" Line 131216 : Function calls inside wait/event expression are sensitive to arguments only."cfg_bm_perm_r4()" is called without any argument which may not unblock the wait/event expression.
WARNING: [XSIM 43-4398] File "/wrk/ci/prod/2021.2/rdi_builds/continuous/2021_10_19_3367213/data/secureip/fe/fe_002.svp" Line 131216 : Function calls inside wait/event expression are sensitive to arguments only."cfg_bm_perm_r4()" is called without any argument which may not unblock the wait/event expression.
WARNING: [XSIM 43-4398] File "/wrk/ci/prod/2021.2/rdi_builds/continuous/2021_10_19_3367213/data/secureip/fe/fe_002.svp" Line 131216 : Function calls inside wait/event expression are sensitive to arguments only."cfg_bm_perm_r4()" is called without any argument which may not unblock the wait/event expression.
WARNING: [XSIM 43-4398] File "/wrk/ci/prod/2021.2/rdi_builds/continuous/2021_10_19_3367213/data/secureip/fe/fe_002.svp" Line 131216 : Function calls inside wait/event expression are sensitive to arguments only."cfg_bm_perm_r4()" is called without any argument which may not unblock the wait/event expression.
WARNING: [XSIM 43-4398] File "/wrk/ci/prod/2021.2/rdi_builds/continuous/2021_10_19_3367213/data/secureip/fe/fe_002.svp" Line 131216 : Function calls inside wait/event expression are sensitive to arguments only."cfg_bm_perm_r4()" is called without any argument which may not unblock the wait/event expression.
WARNING: [XSIM 43-4398] File "/wrk/ci/prod/2021.2/rdi_builds/continuous/2021_10_19_3367213/data/secureip/fe/fe_002.svp" Line 131216 : Function calls inside wait/event expression are sensitive to arguments only."cfg_bm_perm_r4()" is called without any argument which may not unblock the wait/event expression.
WARNING: [XSIM 43-4398] File "/wrk/ci/prod/2021.2/rdi_builds/continuous/2021_10_19_3367213/data/secureip/fe/fe_002.svp" Line 131216 : Function calls inside wait/event expression are sensitive to arguments only."cfg_bm_perm_r4()" is called without any argument which may not unblock the wait/event expression.
WARNING: [XSIM 43-4398] File "/wrk/ci/prod/2021.2/rdi_builds/continuous/2021_10_19_3367213/data/secureip/fe/fe_002.svp" Line 131216 : Function calls inside wait/event expression are sensitive to arguments only."cfg_bm_perm_r4()" is called without any argument which may not unblock the wait/event expression.
WARNING: [XSIM 43-4398] File "/wrk/ci/prod/2021.2/rdi_builds/continuous/2021_10_19_3367213/data/secureip/fe/fe_002.svp" Line 131216 : Function calls inside wait/event expression are sensitive to arguments only."cfg_bm_perm_r4()" is called without any argument which may not unblock the wait/event expression.
WARNING: [XSIM 43-4398] File "/wrk/ci/prod/2021.2/rdi_builds/continuous/2021_10_19_3367213/data/secureip/fe/fe_002.svp" Line 131216 : Function calls inside wait/event expression are sensitive to arguments only."cfg_bm_perm_r4()" is called without any argument which may not unblock the wait/event expression.
WARNING: [XSIM 43-4398] File "/wrk/ci/prod/2021.2/rdi_builds/continuous/2021_10_19_3367213/data/secureip/fe/fe_002.svp" Line 131216 : Function calls inside wait/event expression are sensitive to arguments only."cfg_bm_perm_r4()" is called without any argument which may not unblock the wait/event expression.
WARNING: [XSIM 43-4398] File "/wrk/ci/prod/2021.2/rdi_builds/continuous/2021_10_19_3367213/data/secureip/fe/fe_002.svp" Line 131216 : Function calls inside wait/event expression are sensitive to arguments only."cfg_bm_perm_r4()" is called without any argument which may not unblock the wait/event expression.
WARNING: [XSIM 43-4398] File "/wrk/ci/prod/2021.2/rdi_builds/continuous/2021_10_19_3367213/data/secureip/fe/fe_002.svp" Line 131216 : Function calls inside wait/event expression are sensitive to arguments only."cfg_bm_perm_r4()" is called without any argument which may not unblock the wait/event expression.
WARNING: [XSIM 43-4398] File "/wrk/ci/prod/2021.2/rdi_builds/continuous/2021_10_19_3367213/data/secureip/fe/fe_002.svp" Line 131216 : Function calls inside wait/event expression are sensitive to arguments only."cfg_bm_perm_r4()" is called without any argument which may not unblock the wait/event expression.
WARNING: [XSIM 43-4398] File "/wrk/ci/prod/2021.2/rdi_builds/continuous/2021_10_19_3367213/data/secureip/fe/fe_002.svp" Line 131216 : Function calls inside wait/event expression are sensitive to arguments only."cfg_bm_perm_r4()" is called without any argument which may not unblock the wait/event expression.
WARNING: [XSIM 43-4398] File "/wrk/ci/prod/2021.2/rdi_builds/continuous/2021_10_19_3367213/data/secureip/fe/fe_002.svp" Line 134226 : Function calls inside wait/event expression are sensitive to arguments only."cfg_alpha_perm_r4()" is called without any argument which may not unblock the wait/event expression.
WARNING: [XSIM 43-4398] File "/wrk/ci/prod/2021.2/rdi_builds/continuous/2021_10_19_3367213/data/secureip/fe/fe_002.svp" Line 134226 : Function calls inside wait/event expression are sensitive to arguments only."cfg_alpha_perm_r4()" is called without any argument which may not unblock the wait/event expression.
WARNING: [XSIM 43-4398] File "/wrk/ci/prod/2021.2/rdi_builds/continuous/2021_10_19_3367213/data/secureip/fe/fe_002.svp" Line 134226 : Function calls inside wait/event expression are sensitive to arguments only."cfg_alpha_perm_r4()" is called without any argument which may not unblock the wait/event expression.
WARNING: [XSIM 43-4398] File "/wrk/ci/prod/2021.2/rdi_builds/continuous/2021_10_19_3367213/data/secureip/fe/fe_002.svp" Line 134226 : Function calls inside wait/event expression are sensitive to arguments only."cfg_alpha_perm_r4()" is called without any argument which may not unblock the wait/event expression.
WARNING: [XSIM 43-4398] File "/wrk/ci/prod/2021.2/rdi_builds/continuous/2021_10_19_3367213/data/secureip/fe/fe_002.svp" Line 134226 : Function calls inside wait/event expression are sensitive to arguments only."cfg_alpha_perm_r4()" is called without any argument which may not unblock the wait/event expression.
WARNING: [XSIM 43-4398] File "/wrk/ci/prod/2021.2/rdi_builds/continuous/2021_10_19_3367213/data/secureip/fe/fe_002.svp" Line 134226 : Function calls inside wait/event expression are sensitive to arguments only."cfg_alpha_perm_r4()" is called without any argument which may not unblock the wait/event expression.
WARNING: [XSIM 43-4398] File "/wrk/ci/prod/2021.2/rdi_builds/continuous/2021_10_19_3367213/data/secureip/fe/fe_002.svp" Line 134226 : Function calls inside wait/event expression are sensitive to arguments only."cfg_alpha_perm_r4()" is called without any argument which may not unblock the wait/event expression.
WARNING: [XSIM 43-4398] File "/wrk/ci/prod/2021.2/rdi_builds/continuous/2021_10_19_3367213/data/secureip/fe/fe_002.svp" Line 134226 : Function calls inside wait/event expression are sensitive to arguments only."cfg_alpha_perm_r4()" is called without any argument which may not unblock the wait/event expression.
WARNING: [XSIM 43-4398] File "/wrk/ci/prod/2021.2/rdi_builds/continuous/2021_10_19_3367213/data/secureip/fe/fe_002.svp" Line 134226 : Function calls inside wait/event expression are sensitive to arguments only."cfg_alpha_perm_r4()" is called without any argument which may not unblock the wait/event expression.
WARNING: [XSIM 43-4398] File "/wrk/ci/prod/2021.2/rdi_builds/continuous/2021_10_19_3367213/data/secureip/fe/fe_002.svp" Line 134226 : Function calls inside wait/event expression are sensitive to arguments only."cfg_alpha_perm_r4()" is called without any argument which may not unblock the wait/event expression.
WARNING: [XSIM 43-4398] File "/wrk/ci/prod/2021.2/rdi_builds/continuous/2021_10_19_3367213/data/secureip/fe/fe_002.svp" Line 134226 : Function calls inside wait/event expression are sensitive to arguments only."cfg_alpha_perm_r4()" is called without any argument which may not unblock the wait/event expression.
WARNING: [XSIM 43-4398] File "/wrk/ci/prod/2021.2/rdi_builds/continuous/2021_10_19_3367213/data/secureip/fe/fe_002.svp" Line 134226 : Function calls inside wait/event expression are sensitive to arguments only."cfg_alpha_perm_r4()" is called without any argument which may not unblock the wait/event expression.
WARNING: [XSIM 43-4398] File "/wrk/ci/prod/2021.2/rdi_builds/continuous/2021_10_19_3367213/data/secureip/fe/fe_002.svp" Line 134226 : Function calls inside wait/event expression are sensitive to arguments only."cfg_alpha_perm_r4()" is called without any argument which may not unblock the wait/event expression.
WARNING: [XSIM 43-4398] File "/wrk/ci/prod/2021.2/rdi_builds/continuous/2021_10_19_3367213/data/secureip/fe/fe_002.svp" Line 134226 : Function calls inside wait/event expression are sensitive to arguments only."cfg_alpha_perm_r4()" is called without any argument which may not unblock the wait/event expression.
WARNING: [XSIM 43-4398] File "/wrk/ci/prod/2021.2/rdi_builds/continuous/2021_10_19_3367213/data/secureip/fe/fe_002.svp" Line 134226 : Function calls inside wait/event expression are sensitive to arguments only."cfg_alpha_perm_r4()" is called without any argument which may not unblock the wait/event expression.
WARNING: [XSIM 43-4398] File "/wrk/ci/prod/2021.2/rdi_builds/continuous/2021_10_19_3367213/data/secureip/fe/fe_002.svp" Line 134226 : Function calls inside wait/event expression are sensitive to arguments only."cfg_alpha_perm_r4()" is called without any argument which may not unblock the wait/event expression.
WARNING: [XSIM 43-4398] File "/wrk/ci/prod/2021.2/rdi_builds/continuous/2021_10_19_3367213/data/secureip/fe/fe_002.svp" Line 131216 : Function calls inside wait/event expression are sensitive to arguments only."cfg_bm_perm_r4()" is called without any argument which may not unblock the wait/event expression.
WARNING: [XSIM 43-4398] File "/wrk/ci/prod/2021.2/rdi_builds/continuous/2021_10_19_3367213/data/secureip/fe/fe_002.svp" Line 131216 : Function calls inside wait/event expression are sensitive to arguments only."cfg_bm_perm_r4()" is called without any argument which may not unblock the wait/event expression.
WARNING: [XSIM 43-4398] File "/wrk/ci/prod/2021.2/rdi_builds/continuous/2021_10_19_3367213/data/secureip/fe/fe_002.svp" Line 131216 : Function calls inside wait/event expression are sensitive to arguments only."cfg_bm_perm_r4()" is called without any argument which may not unblock the wait/event expression.
WARNING: [XSIM 43-4398] File "/wrk/ci/prod/2021.2/rdi_builds/continuous/2021_10_19_3367213/data/secureip/fe/fe_002.svp" Line 131216 : Function calls inside wait/event expression are sensitive to arguments only."cfg_bm_perm_r4()" is called without any argument which may not unblock the wait/event expression.
WARNING: [XSIM 43-4398] File "/wrk/ci/prod/2021.2/rdi_builds/continuous/2021_10_19_3367213/data/secureip/fe/fe_002.svp" Line 131216 : Function calls inside wait/event expression are sensitive to arguments only."cfg_bm_perm_r4()" is called without any argument which may not unblock the wait/event expression.
WARNING: [XSIM 43-4398] File "/wrk/ci/prod/2021.2/rdi_builds/continuous/2021_10_19_3367213/data/secureip/fe/fe_002.svp" Line 131216 : Function calls inside wait/event expression are sensitive to arguments only."cfg_bm_perm_r4()" is called without any argument which may not unblock the wait/event expression.
WARNING: [XSIM 43-4398] File "/wrk/ci/prod/2021.2/rdi_builds/continuous/2021_10_19_3367213/data/secureip/fe/fe_002.svp" Line 131216 : Function calls inside wait/event expression are sensitive to arguments only."cfg_bm_perm_r4()" is called without any argument which may not unblock the wait/event expression.
WARNING: [XSIM 43-4398] File "/wrk/ci/prod/2021.2/rdi_builds/continuous/2021_10_19_3367213/data/secureip/fe/fe_002.svp" Line 131216 : Function calls inside wait/event expression are sensitive to arguments only."cfg_bm_perm_r4()" is called without any argument which may not unblock the wait/event expression.
WARNING: [XSIM 43-4398] File "/wrk/ci/prod/2021.2/rdi_builds/continuous/2021_10_19_3367213/data/secureip/fe/fe_002.svp" Line 131216 : Function calls inside wait/event expression are sensitive to arguments only."cfg_bm_perm_r4()" is called without any argument which may not unblock the wait/event expression.
WARNING: [XSIM 43-4398] File "/wrk/ci/prod/2021.2/rdi_builds/continuous/2021_10_19_3367213/data/secureip/fe/fe_002.svp" Line 131216 : Function calls inside wait/event expression are sensitive to arguments only."cfg_bm_perm_r4()" is called without any argument which may not unblock the wait/event expression.
WARNING: [XSIM 43-4398] File "/wrk/ci/prod/2021.2/rdi_builds/continuous/2021_10_19_3367213/data/secureip/fe/fe_002.svp" Line 131216 : Function calls inside wait/event expression are sensitive to arguments only."cfg_bm_perm_r4()" is called without any argument which may not unblock the wait/event expression.
WARNING: [XSIM 43-4398] File "/wrk/ci/prod/2021.2/rdi_builds/continuous/2021_10_19_3367213/data/secureip/fe/fe_002.svp" Line 131216 : Function calls inside wait/event expression are sensitive to arguments only."cfg_bm_perm_r4()" is called without any argument which may not unblock the wait/event expression.
WARNING: [XSIM 43-4398] File "/wrk/ci/prod/2021.2/rdi_builds/continuous/2021_10_19_3367213/data/secureip/fe/fe_002.svp" Line 131216 : Function calls inside wait/event expression are sensitive to arguments only."cfg_bm_perm_r4()" is called without any argument which may not unblock the wait/event expression.
WARNING: [XSIM 43-4398] File "/wrk/ci/prod/2021.2/rdi_builds/continuous/2021_10_19_3367213/data/secureip/fe/fe_002.svp" Line 131216 : Function calls inside wait/event expression are sensitive to arguments only."cfg_bm_perm_r4()" is called without any argument which may not unblock the wait/event expression.
WARNING: [XSIM 43-4398] File "/wrk/ci/prod/2021.2/rdi_builds/continuous/2021_10_19_3367213/data/secureip/fe/fe_002.svp" Line 131216 : Function calls inside wait/event expression are sensitive to arguments only."cfg_bm_perm_r4()" is called without any argument which may not unblock the wait/event expression.
WARNING: [XSIM 43-4398] File "/wrk/ci/prod/2021.2/rdi_builds/continuous/2021_10_19_3367213/data/secureip/fe/fe_002.svp" Line 131216 : Function calls inside wait/event expression are sensitive to arguments only."cfg_bm_perm_r4()" is called without any argument which may not unblock the wait/event expression.
WARNING: [XSIM 43-4398] File "/wrk/ci/prod/2021.2/rdi_builds/continuous/2021_10_19_3367213/data/secureip/fe/fe_002.svp" Line 129263 : Function calls inside wait/event expression are sensitive to arguments only."cfg_bi_perm_r4()" is called without any argument which may not unblock the wait/event expression.
WARNING: [XSIM 43-4398] File "/wrk/ci/prod/2021.2/rdi_builds/continuous/2021_10_19_3367213/data/secureip/fe/fe_002.svp" Line 134226 : Function calls inside wait/event expression are sensitive to arguments only."cfg_beta_perm_r4()" is called without any argument which may not unblock the wait/event expression.
WARNING: [XSIM 43-4398] File "/wrk/ci/prod/2021.2/rdi_builds/continuous/2021_10_19_3367213/data/secureip/fe/fe_002.svp" Line 134226 : Function calls inside wait/event expression are sensitive to arguments only."cfg_beta_perm_r4()" is called without any argument which may not unblock the wait/event expression.
WARNING: [XSIM 43-4398] File "/wrk/ci/prod/2021.2/rdi_builds/continuous/2021_10_19_3367213/data/secureip/fe/fe_002.svp" Line 134226 : Function calls inside wait/event expression are sensitive to arguments only."cfg_beta_perm_r4()" is called without any argument which may not unblock the wait/event expression.
WARNING: [XSIM 43-4398] File "/wrk/ci/prod/2021.2/rdi_builds/continuous/2021_10_19_3367213/data/secureip/fe/fe_002.svp" Line 134226 : Function calls inside wait/event expression are sensitive to arguments only."cfg_beta_perm_r4()" is called without any argument which may not unblock the wait/event expression.
WARNING: [XSIM 43-4398] File "/wrk/ci/prod/2021.2/rdi_builds/continuous/2021_10_19_3367213/data/secureip/fe/fe_002.svp" Line 134226 : Function calls inside wait/event expression are sensitive to arguments only."cfg_beta_perm_r4()" is called without any argument which may not unblock the wait/event expression.
WARNING: [XSIM 43-4398] File "/wrk/ci/prod/2021.2/rdi_builds/continuous/2021_10_19_3367213/data/secureip/fe/fe_002.svp" Line 134226 : Function calls inside wait/event expression are sensitive to arguments only."cfg_beta_perm_r4()" is called without any argument which may not unblock the wait/event expression.
WARNING: [XSIM 43-4398] File "/wrk/ci/prod/2021.2/rdi_builds/continuous/2021_10_19_3367213/data/secureip/fe/fe_002.svp" Line 134226 : Function calls inside wait/event expression are sensitive to arguments only."cfg_beta_perm_r4()" is called without any argument which may not unblock the wait/event expression.
WARNING: [XSIM 43-4398] File "/wrk/ci/prod/2021.2/rdi_builds/continuous/2021_10_19_3367213/data/secureip/fe/fe_002.svp" Line 134226 : Function calls inside wait/event expression are sensitive to arguments only."cfg_beta_perm_r4()" is called without any argument which may not unblock the wait/event expression.
WARNING: [XSIM 43-4398] File "/wrk/ci/prod/2021.2/rdi_builds/continuous/2021_10_19_3367213/data/secureip/fe/fe_002.svp" Line 134226 : Function calls inside wait/event expression are sensitive to arguments only."cfg_beta_perm_r4()" is called without any argument which may not unblock the wait/event expression.
WARNING: [XSIM 43-4398] File "/wrk/ci/prod/2021.2/rdi_builds/continuous/2021_10_19_3367213/data/secureip/fe/fe_002.svp" Line 134226 : Function calls inside wait/event expression are sensitive to arguments only."cfg_beta_perm_r4()" is called without any argument which may not unblock the wait/event expression.
WARNING: [XSIM 43-4398] File "/wrk/ci/prod/2021.2/rdi_builds/continuous/2021_10_19_3367213/data/secureip/fe/fe_002.svp" Line 134226 : Function calls inside wait/event expression are sensitive to arguments only."cfg_beta_perm_r4()" is called without any argument which may not unblock the wait/event expression.
WARNING: [XSIM 43-4398] File "/wrk/ci/prod/2021.2/rdi_builds/continuous/2021_10_19_3367213/data/secureip/fe/fe_002.svp" Line 134226 : Function calls inside wait/event expression are sensitive to arguments only."cfg_beta_perm_r4()" is called without any argument which may not unblock the wait/event expression.
WARNING: [XSIM 43-4398] File "/wrk/ci/prod/2021.2/rdi_builds/continuous/2021_10_19_3367213/data/secureip/fe/fe_002.svp" Line 134226 : Function calls inside wait/event expression are sensitive to arguments only."cfg_beta_perm_r4()" is called without any argument which may not unblock the wait/event expression.
WARNING: [XSIM 43-4398] File "/wrk/ci/prod/2021.2/rdi_builds/continuous/2021_10_19_3367213/data/secureip/fe/fe_002.svp" Line 134226 : Function calls inside wait/event expression are sensitive to arguments only."cfg_beta_perm_r4()" is called without any argument which may not unblock the wait/event expression.
WARNING: [XSIM 43-4398] File "/wrk/ci/prod/2021.2/rdi_builds/continuous/2021_10_19_3367213/data/secureip/fe/fe_002.svp" Line 134226 : Function calls inside wait/event expression are sensitive to arguments only."cfg_beta_perm_r4()" is called without any argument which may not unblock the wait/event expression.
WARNING: [XSIM 43-4398] File "/wrk/ci/prod/2021.2/rdi_builds/continuous/2021_10_19_3367213/data/secureip/fe/fe_002.svp" Line 134226 : Function calls inside wait/event expression are sensitive to arguments only."cfg_beta_perm_r4()" is called without any argument which may not unblock the wait/event expression.
WARNING: [XSIM 43-4398] File "/wrk/ci/prod/2021.2/rdi_builds/continuous/2021_10_19_3367213/data/secureip/fe/fe_002.svp" Line 132100 : Function calls inside wait/event expression are sensitive to arguments only."cfg_tr_perm_r4()" is called without any argument which may not unblock the wait/event expression.
WARNING: [XSIM 43-4398] File "/wrk/ci/prod/2021.2/rdi_builds/continuous/2021_10_19_3367213/data/secureip/fe/fe_002.svp" Line 132101 : Function calls inside wait/event expression are sensitive to arguments only."cfg_llr_perm_r4()" is called without any argument which may not unblock the wait/event expression.
WARNING: [XSIM 43-4398] File "/wrk/ci/prod/2021.2/rdi_builds/continuous/2021_10_19_3367213/data/secureip/fe/fe_002.svp" Line 132102 : Function calls inside wait/event expression are sensitive to arguments only."cfg_sym_perm_r4()" is called without any argument which may not unblock the wait/event expression.
WARNING: [XSIM 43-4398] File "/wrk/ci/prod/2021.2/rdi_builds/continuous/2021_10_19_3367213/data/secureip/fe/fe_002.svp" Line 132137 : Function calls inside wait/event expression are sensitive to arguments only."cfg_tr_perm_sh_r4()" is called without any argument which may not unblock the wait/event expression.
WARNING: [XSIM 43-4398] File "/wrk/ci/prod/2021.2/rdi_builds/continuous/2021_10_19_3367213/data/secureip/fe/fe_002.svp" Line 132100 : Function calls inside wait/event expression are sensitive to arguments only."cfg_tr_perm_r4()" is called without any argument which may not unblock the wait/event expression.
WARNING: [XSIM 43-4398] File "/wrk/ci/prod/2021.2/rdi_builds/continuous/2021_10_19_3367213/data/secureip/fe/fe_002.svp" Line 132101 : Function calls inside wait/event expression are sensitive to arguments only."cfg_llr_perm_r4()" is called without any argument which may not unblock the wait/event expression.
WARNING: [XSIM 43-4398] File "/wrk/ci/prod/2021.2/rdi_builds/continuous/2021_10_19_3367213/data/secureip/fe/fe_002.svp" Line 132102 : Function calls inside wait/event expression are sensitive to arguments only."cfg_sym_perm_r4()" is called without any argument which may not unblock the wait/event expression.
WARNING: [XSIM 43-4398] File "/wrk/ci/prod/2021.2/rdi_builds/continuous/2021_10_19_3367213/data/secureip/fe/fe_002.svp" Line 132137 : Function calls inside wait/event expression are sensitive to arguments only."cfg_tr_perm_sh_r4()" is called without any argument which may not unblock the wait/event expression.
WARNING: [XSIM 43-4398] File "/wrk/ci/prod/2021.2/rdi_builds/continuous/2021_10_19_3367213/data/secureip/fe/fe_002.svp" Line 132100 : Function calls inside wait/event expression are sensitive to arguments only."cfg_tr_perm_r4()" is called without any argument which may not unblock the wait/event expression.
WARNING: [XSIM 43-4398] File "/wrk/ci/prod/2021.2/rdi_builds/continuous/2021_10_19_3367213/data/secureip/fe/fe_002.svp" Line 132101 : Function calls inside wait/event expression are sensitive to arguments only."cfg_llr_perm_r4()" is called without any argument which may not unblock the wait/event expression.
WARNING: [XSIM 43-4398] File "/wrk/ci/prod/2021.2/rdi_builds/continuous/2021_10_19_3367213/data/secureip/fe/fe_002.svp" Line 132102 : Function calls inside wait/event expression are sensitive to arguments only."cfg_sym_perm_r4()" is called without any argument which may not unblock the wait/event expression.
WARNING: [XSIM 43-4398] File "/wrk/ci/prod/2021.2/rdi_builds/continuous/2021_10_19_3367213/data/secureip/fe/fe_002.svp" Line 132137 : Function calls inside wait/event expression are sensitive to arguments only."cfg_tr_perm_sh_r4()" is called without any argument which may not unblock the wait/event expression.
WARNING: [XSIM 43-4398] File "/wrk/ci/prod/2021.2/rdi_builds/continuous/2021_10_19_3367213/data/secureip/fe/fe_002.svp" Line 132100 : Function calls inside wait/event expression are sensitive to arguments only."cfg_tr_perm_r4()" is called without any argument which may not unblock the wait/event expression.
WARNING: [XSIM 43-4398] File "/wrk/ci/prod/2021.2/rdi_builds/continuous/2021_10_19_3367213/data/secureip/fe/fe_002.svp" Line 132101 : Function calls inside wait/event expression are sensitive to arguments only."cfg_llr_perm_r4()" is called without any argument which may not unblock the wait/event expression.
WARNING: [XSIM 43-4398] File "/wrk/ci/prod/2021.2/rdi_builds/continuous/2021_10_19_3367213/data/secureip/fe/fe_002.svp" Line 132102 : Function calls inside wait/event expression are sensitive to arguments only."cfg_sym_perm_r4()" is called without any argument which may not unblock the wait/event expression.
WARNING: [XSIM 43-4398] File "/wrk/ci/prod/2021.2/rdi_builds/continuous/2021_10_19_3367213/data/secureip/fe/fe_002.svp" Line 132137 : Function calls inside wait/event expression are sensitive to arguments only."cfg_tr_perm_sh_r4()" is called without any argument which may not unblock the wait/event expression.
WARNING: [XSIM 43-4398] File "/wrk/ci/prod/2021.2/rdi_builds/continuous/2021_10_19_3367213/data/secureip/fe/fe_002.svp" Line 132100 : Function calls inside wait/event expression are sensitive to arguments only."cfg_tr_perm_r4()" is called without any argument which may not unblock the wait/event expression.
WARNING: [XSIM 43-4398] File "/wrk/ci/prod/2021.2/rdi_builds/continuous/2021_10_19_3367213/data/secureip/fe/fe_002.svp" Line 132101 : Function calls inside wait/event expression are sensitive to arguments only."cfg_llr_perm_r4()" is called without any argument which may not unblock the wait/event expression.
WARNING: [XSIM 43-4398] File "/wrk/ci/prod/2021.2/rdi_builds/continuous/2021_10_19_3367213/data/secureip/fe/fe_002.svp" Line 132102 : Function calls inside wait/event expression are sensitive to arguments only."cfg_sym_perm_r4()" is called without any argument which may not unblock the wait/event expression.
WARNING: [XSIM 43-4398] File "/wrk/ci/prod/2021.2/rdi_builds/continuous/2021_10_19_3367213/data/secureip/fe/fe_002.svp" Line 132137 : Function calls inside wait/event expression are sensitive to arguments only."cfg_tr_perm_sh_r4()" is called without any argument which may not unblock the wait/event expression.
WARNING: [XSIM 43-4398] File "/wrk/ci/prod/2021.2/rdi_builds/continuous/2021_10_19_3367213/data/secureip/fe/fe_002.svp" Line 132100 : Function calls inside wait/event expression are sensitive to arguments only."cfg_tr_perm_r4()" is called without any argument which may not unblock the wait/event expression.
WARNING: [XSIM 43-4398] File "/wrk/ci/prod/2021.2/rdi_builds/continuous/2021_10_19_3367213/data/secureip/fe/fe_002.svp" Line 132101 : Function calls inside wait/event expression are sensitive to arguments only."cfg_llr_perm_r4()" is called without any argument which may not unblock the wait/event expression.
WARNING: [XSIM 43-4398] File "/wrk/ci/prod/2021.2/rdi_builds/continuous/2021_10_19_3367213/data/secureip/fe/fe_002.svp" Line 132102 : Function calls inside wait/event expression are sensitive to arguments only."cfg_sym_perm_r4()" is called without any argument which may not unblock the wait/event expression.
WARNING: [XSIM 43-4398] File "/wrk/ci/prod/2021.2/rdi_builds/continuous/2021_10_19_3367213/data/secureip/fe/fe_002.svp" Line 132137 : Function calls inside wait/event expression are sensitive to arguments only."cfg_tr_perm_sh_r4()" is called without any argument which may not unblock the wait/event expression.
WARNING: [XSIM 43-4398] File "/wrk/ci/prod/2021.2/rdi_builds/continuous/2021_10_19_3367213/data/secureip/fe/fe_002.svp" Line 132100 : Function calls inside wait/event expression are sensitive to arguments only."cfg_tr_perm_r4()" is called without any argument which may not unblock the wait/event expression.
WARNING: [XSIM 43-4398] File "/wrk/ci/prod/2021.2/rdi_builds/continuous/2021_10_19_3367213/data/secureip/fe/fe_002.svp" Line 132101 : Function calls inside wait/event expression are sensitive to arguments only."cfg_llr_perm_r4()" is called without any argument which may not unblock the wait/event expression.
WARNING: [XSIM 43-4398] File "/wrk/ci/prod/2021.2/rdi_builds/continuous/2021_10_19_3367213/data/secureip/fe/fe_002.svp" Line 132102 : Function calls inside wait/event expression are sensitive to arguments only."cfg_sym_perm_r4()" is called without any argument which may not unblock the wait/event expression.
WARNING: [XSIM 43-4398] File "/wrk/ci/prod/2021.2/rdi_builds/continuous/2021_10_19_3367213/data/secureip/fe/fe_002.svp" Line 132137 : Function calls inside wait/event expression are sensitive to arguments only."cfg_tr_perm_sh_r4()" is called without any argument which may not unblock the wait/event expression.
WARNING: [XSIM 43-4398] File "/wrk/ci/prod/2021.2/rdi_builds/continuous/2021_10_19_3367213/data/secureip/fe/fe_002.svp" Line 132100 : Function calls inside wait/event expression are sensitive to arguments only."cfg_tr_perm_r4()" is called without any argument which may not unblock the wait/event expression.
WARNING: [XSIM 43-4398] File "/wrk/ci/prod/2021.2/rdi_builds/continuous/2021_10_19_3367213/data/secureip/fe/fe_002.svp" Line 132101 : Function calls inside wait/event expression are sensitive to arguments only."cfg_llr_perm_r4()" is called without any argument which may not unblock the wait/event expression.
WARNING: [XSIM 43-4398] File "/wrk/ci/prod/2021.2/rdi_builds/continuous/2021_10_19_3367213/data/secureip/fe/fe_002.svp" Line 132102 : Function calls inside wait/event expression are sensitive to arguments only."cfg_sym_perm_r4()" is called without any argument which may not unblock the wait/event expression.
WARNING: [XSIM 43-4398] File "/wrk/ci/prod/2021.2/rdi_builds/continuous/2021_10_19_3367213/data/secureip/fe/fe_002.svp" Line 132137 : Function calls inside wait/event expression are sensitive to arguments only."cfg_tr_perm_sh_r4()" is called without any argument which may not unblock the wait/event expression.
WARNING: [XSIM 43-4398] File "/wrk/ci/prod/2021.2/rdi_builds/continuous/2021_10_19_3367213/data/secureip/fe/fe_002.svp" Line 132100 : Function calls inside wait/event expression are sensitive to arguments only."cfg_tr_perm_r4()" is called without any argument which may not unblock the wait/event expression.
WARNING: [XSIM 43-4398] File "/wrk/ci/prod/2021.2/rdi_builds/continuous/2021_10_19_3367213/data/secureip/fe/fe_002.svp" Line 132101 : Function calls inside wait/event expression are sensitive to arguments only."cfg_llr_perm_r4()" is called without any argument which may not unblock the wait/event expression.
WARNING: [XSIM 43-4398] File "/wrk/ci/prod/2021.2/rdi_builds/continuous/2021_10_19_3367213/data/secureip/fe/fe_002.svp" Line 132102 : Function calls inside wait/event expression are sensitive to arguments only."cfg_sym_perm_r4()" is called without any argument which may not unblock the wait/event expression.
WARNING: [XSIM 43-4398] File "/wrk/ci/prod/2021.2/rdi_builds/continuous/2021_10_19_3367213/data/secureip/fe/fe_002.svp" Line 132137 : Function calls inside wait/event expression are sensitive to arguments only."cfg_tr_perm_sh_r4()" is called without any argument which may not unblock the wait/event expression.
WARNING: [XSIM 43-4398] File "/wrk/ci/prod/2021.2/rdi_builds/continuous/2021_10_19_3367213/data/secureip/fe/fe_002.svp" Line 132100 : Function calls inside wait/event expression are sensitive to arguments only."cfg_tr_perm_r4()" is called without any argument which may not unblock the wait/event expression.
WARNING: [XSIM 43-4398] File "/wrk/ci/prod/2021.2/rdi_builds/continuous/2021_10_19_3367213/data/secureip/fe/fe_002.svp" Line 132101 : Function calls inside wait/event expression are sensitive to arguments only."cfg_llr_perm_r4()" is called without any argument which may not unblock the wait/event expression.
WARNING: [XSIM 43-4398] File "/wrk/ci/prod/2021.2/rdi_builds/continuous/2021_10_19_3367213/data/secureip/fe/fe_002.svp" Line 132102 : Function calls inside wait/event expression are sensitive to arguments only."cfg_sym_perm_r4()" is called without any argument which may not unblock the wait/event expression.
WARNING: [XSIM 43-4398] File "/wrk/ci/prod/2021.2/rdi_builds/continuous/2021_10_19_3367213/data/secureip/fe/fe_002.svp" Line 132137 : Function calls inside wait/event expression are sensitive to arguments only."cfg_tr_perm_sh_r4()" is called without any argument which may not unblock the wait/event expression.
WARNING: [XSIM 43-4398] File "/wrk/ci/prod/2021.2/rdi_builds/continuous/2021_10_19_3367213/data/secureip/fe/fe_002.svp" Line 132100 : Function calls inside wait/event expression are sensitive to arguments only."cfg_tr_perm_r4()" is called without any argument which may not unblock the wait/event expression.
WARNING: [XSIM 43-4398] File "/wrk/ci/prod/2021.2/rdi_builds/continuous/2021_10_19_3367213/data/secureip/fe/fe_002.svp" Line 132101 : Function calls inside wait/event expression are sensitive to arguments only."cfg_llr_perm_r4()" is called without any argument which may not unblock the wait/event expression.
WARNING: [XSIM 43-4398] File "/wrk/ci/prod/2021.2/rdi_builds/continuous/2021_10_19_3367213/data/secureip/fe/fe_002.svp" Line 132102 : Function calls inside wait/event expression are sensitive to arguments only."cfg_sym_perm_r4()" is called without any argument which may not unblock the wait/event expression.
WARNING: [XSIM 43-4398] File "/wrk/ci/prod/2021.2/rdi_builds/continuous/2021_10_19_3367213/data/secureip/fe/fe_002.svp" Line 132137 : Function calls inside wait/event expression are sensitive to arguments only."cfg_tr_perm_sh_r4()" is called without any argument which may not unblock the wait/event expression.
WARNING: [XSIM 43-4398] File "/wrk/ci/prod/2021.2/rdi_builds/continuous/2021_10_19_3367213/data/secureip/fe/fe_002.svp" Line 132100 : Function calls inside wait/event expression are sensitive to arguments only."cfg_tr_perm_r4()" is called without any argument which may not unblock the wait/event expression.
WARNING: [XSIM 43-4398] File "/wrk/ci/prod/2021.2/rdi_builds/continuous/2021_10_19_3367213/data/secureip/fe/fe_002.svp" Line 132101 : Function calls inside wait/event expression are sensitive to arguments only."cfg_llr_perm_r4()" is called without any argument which may not unblock the wait/event expression.
WARNING: [XSIM 43-4398] File "/wrk/ci/prod/2021.2/rdi_builds/continuous/2021_10_19_3367213/data/secureip/fe/fe_002.svp" Line 132102 : Function calls inside wait/event expression are sensitive to arguments only."cfg_sym_perm_r4()" is called without any argument which may not unblock the wait/event expression.
WARNING: [XSIM 43-4398] File "/wrk/ci/prod/2021.2/rdi_builds/continuous/2021_10_19_3367213/data/secureip/fe/fe_002.svp" Line 132137 : Function calls inside wait/event expression are sensitive to arguments only."cfg_tr_perm_sh_r4()" is called without any argument which may not unblock the wait/event expression.
WARNING: [XSIM 43-4398] File "/wrk/ci/prod/2021.2/rdi_builds/continuous/2021_10_19_3367213/data/secureip/fe/fe_002.svp" Line 132100 : Function calls inside wait/event expression are sensitive to arguments only."cfg_tr_perm_r4()" is called without any argument which may not unblock the wait/event expression.
WARNING: [XSIM 43-4398] File "/wrk/ci/prod/2021.2/rdi_builds/continuous/2021_10_19_3367213/data/secureip/fe/fe_002.svp" Line 132101 : Function calls inside wait/event expression are sensitive to arguments only."cfg_llr_perm_r4()" is called without any argument which may not unblock the wait/event expression.
WARNING: [XSIM 43-4398] File "/wrk/ci/prod/2021.2/rdi_builds/continuous/2021_10_19_3367213/data/secureip/fe/fe_002.svp" Line 132102 : Function calls inside wait/event expression are sensitive to arguments only."cfg_sym_perm_r4()" is called without any argument which may not unblock the wait/event expression.
WARNING: [XSIM 43-4398] File "/wrk/ci/prod/2021.2/rdi_builds/continuous/2021_10_19_3367213/data/secureip/fe/fe_002.svp" Line 132137 : Function calls inside wait/event expression are sensitive to arguments only."cfg_tr_perm_sh_r4()" is called without any argument which may not unblock the wait/event expression.
WARNING: [XSIM 43-4398] File "/wrk/ci/prod/2021.2/rdi_builds/continuous/2021_10_19_3367213/data/secureip/fe/fe_002.svp" Line 132100 : Function calls inside wait/event expression are sensitive to arguments only."cfg_tr_perm_r4()" is called without any argument which may not unblock the wait/event expression.
WARNING: [XSIM 43-4398] File "/wrk/ci/prod/2021.2/rdi_builds/continuous/2021_10_19_3367213/data/secureip/fe/fe_002.svp" Line 132101 : Function calls inside wait/event expression are sensitive to arguments only."cfg_llr_perm_r4()" is called without any argument which may not unblock the wait/event expression.
WARNING: [XSIM 43-4398] File "/wrk/ci/prod/2021.2/rdi_builds/continuous/2021_10_19_3367213/data/secureip/fe/fe_002.svp" Line 132102 : Function calls inside wait/event expression are sensitive to arguments only."cfg_sym_perm_r4()" is called without any argument which may not unblock the wait/event expression.
WARNING: [XSIM 43-4398] File "/wrk/ci/prod/2021.2/rdi_builds/continuous/2021_10_19_3367213/data/secureip/fe/fe_002.svp" Line 132137 : Function calls inside wait/event expression are sensitive to arguments only."cfg_tr_perm_sh_r4()" is called without any argument which may not unblock the wait/event expression.
WARNING: [XSIM 43-4398] File "/wrk/ci/prod/2021.2/rdi_builds/continuous/2021_10_19_3367213/data/secureip/fe/fe_002.svp" Line 132100 : Function calls inside wait/event expression are sensitive to arguments only."cfg_tr_perm_r4()" is called without any argument which may not unblock the wait/event expression.
WARNING: [XSIM 43-4398] File "/wrk/ci/prod/2021.2/rdi_builds/continuous/2021_10_19_3367213/data/secureip/fe/fe_002.svp" Line 132101 : Function calls inside wait/event expression are sensitive to arguments only."cfg_llr_perm_r4()" is called without any argument which may not unblock the wait/event expression.
WARNING: [XSIM 43-4398] File "/wrk/ci/prod/2021.2/rdi_builds/continuous/2021_10_19_3367213/data/secureip/fe/fe_002.svp" Line 132102 : Function calls inside wait/event expression are sensitive to arguments only."cfg_sym_perm_r4()" is called without any argument which may not unblock the wait/event expression.
WARNING: [XSIM 43-4398] File "/wrk/ci/prod/2021.2/rdi_builds/continuous/2021_10_19_3367213/data/secureip/fe/fe_002.svp" Line 132137 : Function calls inside wait/event expression are sensitive to arguments only."cfg_tr_perm_sh_r4()" is called without any argument which may not unblock the wait/event expression.
WARNING: [XSIM 43-4398] File "/wrk/ci/prod/2021.2/rdi_builds/continuous/2021_10_19_3367213/data/secureip/fe/fe_002.svp" Line 132100 : Function calls inside wait/event expression are sensitive to arguments only."cfg_tr_perm_r4()" is called without any argument which may not unblock the wait/event expression.
WARNING: [XSIM 43-4398] File "/wrk/ci/prod/2021.2/rdi_builds/continuous/2021_10_19_3367213/data/secureip/fe/fe_002.svp" Line 132101 : Function calls inside wait/event expression are sensitive to arguments only."cfg_llr_perm_r4()" is called without any argument which may not unblock the wait/event expression.
WARNING: [XSIM 43-4398] File "/wrk/ci/prod/2021.2/rdi_builds/continuous/2021_10_19_3367213/data/secureip/fe/fe_002.svp" Line 132102 : Function calls inside wait/event expression are sensitive to arguments only."cfg_sym_perm_r4()" is called without any argument which may not unblock the wait/event expression.
WARNING: [XSIM 43-4398] File "/wrk/ci/prod/2021.2/rdi_builds/continuous/2021_10_19_3367213/data/secureip/fe/fe_002.svp" Line 132137 : Function calls inside wait/event expression are sensitive to arguments only."cfg_tr_perm_sh_r4()" is called without any argument which may not unblock the wait/event expression.
WARNING: [XSIM 43-4398] File "/wrk/ci/prod/2021.2/rdi_builds/continuous/2021_10_19_3367213/data/secureip/fe/fe_002.svp" Line 134806 : Function calls inside wait/event expression are sensitive to arguments only."crc24b_par4_mask()" is called without any argument which may not unblock the wait/event expression.
WARNING: [XSIM 43-4398] File "/wrk/ci/prod/2021.2/rdi_builds/continuous/2021_10_19_3367213/data/secureip/fe/fe_002.svp" Line 134806 : Function calls inside wait/event expression are sensitive to arguments only."crc24a_par4_mask()" is called without any argument which may not unblock the wait/event expression.
WARNING: [XSIM 43-4398] File "/wrk/ci/prod/2021.2/rdi_builds/continuous/2021_10_19_3367213/data/secureip/fe/fe_002.svp" Line 134807 : Function calls inside wait/event expression are sensitive to arguments only."crc24b_par2_mask()" is called without any argument which may not unblock the wait/event expression.
WARNING: [XSIM 43-4398] File "/wrk/ci/prod/2021.2/rdi_builds/continuous/2021_10_19_3367213/data/secureip/fe/fe_002.svp" Line 134807 : Function calls inside wait/event expression are sensitive to arguments only."crc24a_par2_mask()" is called without any argument which may not unblock the wait/event expression.
WARNING: [XSIM 43-4398] File "/wrk/ci/prod/2021.2/rdi_builds/continuous/2021_10_19_3367213/data/secureip/fe/fe_002.svp" Line 134808 : Function calls inside wait/event expression are sensitive to arguments only."crc24b_adv()" is called without any argument which may not unblock the wait/event expression.
WARNING: [XSIM 43-4398] File "/wrk/ci/prod/2021.2/rdi_builds/continuous/2021_10_19_3367213/data/secureip/fe/fe_002.svp" Line 134808 : Function calls inside wait/event expression are sensitive to arguments only."crc24a_adv()" is called without any argument which may not unblock the wait/event expression.
WARNING: [XSIM 43-4398] File "/wrk/ci/prod/2021.2/rdi_builds/continuous/2021_10_19_3367213/data/secureip/fe/fe_002.svp" Line 134969 : Function calls inside wait/event expression are sensitive to arguments only."crc24b_adv()" is called without any argument which may not unblock the wait/event expression.
WARNING: [XSIM 43-4398] File "/wrk/ci/prod/2021.2/rdi_builds/continuous/2021_10_19_3367213/data/secureip/fe/fe_002.svp" Line 134969 : Function calls inside wait/event expression are sensitive to arguments only."crc24a_adv()" is called without any argument which may not unblock the wait/event expression.
WARNING: [XSIM 43-4398] File "/wrk/ci/prod/2021.2/rdi_builds/continuous/2021_10_19_3367213/data/secureip/fe/fe_002.svp" Line 127127 : Function calls inside wait/event expression are sensitive to arguments only."init_alpha()" is called without any argument which may not unblock the wait/event expression.
WARNING: [XSIM 43-4398] File "/wrk/ci/prod/2021.2/rdi_builds/continuous/2021_10_19_3367213/data/secureip/fe/fe_002.svp" Line 131216 : Function calls inside wait/event expression are sensitive to arguments only."cfg_bm_perm_r4()" is called without any argument which may not unblock the wait/event expression.
WARNING: [XSIM 43-4398] File "/wrk/ci/prod/2021.2/rdi_builds/continuous/2021_10_19_3367213/data/secureip/fe/fe_002.svp" Line 131216 : Function calls inside wait/event expression are sensitive to arguments only."cfg_bm_perm_r4()" is called without any argument which may not unblock the wait/event expression.
WARNING: [XSIM 43-4398] File "/wrk/ci/prod/2021.2/rdi_builds/continuous/2021_10_19_3367213/data/secureip/fe/fe_002.svp" Line 131216 : Function calls inside wait/event expression are sensitive to arguments only."cfg_bm_perm_r4()" is called without any argument which may not unblock the wait/event expression.
WARNING: [XSIM 43-4398] File "/wrk/ci/prod/2021.2/rdi_builds/continuous/2021_10_19_3367213/data/secureip/fe/fe_002.svp" Line 131216 : Function calls inside wait/event expression are sensitive to arguments only."cfg_bm_perm_r4()" is called without any argument which may not unblock the wait/event expression.
WARNING: [XSIM 43-4398] File "/wrk/ci/prod/2021.2/rdi_builds/continuous/2021_10_19_3367213/data/secureip/fe/fe_002.svp" Line 131216 : Function calls inside wait/event expression are sensitive to arguments only."cfg_bm_perm_r4()" is called without any argument which may not unblock the wait/event expression.
WARNING: [XSIM 43-4398] File "/wrk/ci/prod/2021.2/rdi_builds/continuous/2021_10_19_3367213/data/secureip/fe/fe_002.svp" Line 131216 : Function calls inside wait/event expression are sensitive to arguments only."cfg_bm_perm_r4()" is called without any argument which may not unblock the wait/event expression.
WARNING: [XSIM 43-4398] File "/wrk/ci/prod/2021.2/rdi_builds/continuous/2021_10_19_3367213/data/secureip/fe/fe_002.svp" Line 131216 : Function calls inside wait/event expression are sensitive to arguments only."cfg_bm_perm_r4()" is called without any argument which may not unblock the wait/event expression.
WARNING: [XSIM 43-4398] File "/wrk/ci/prod/2021.2/rdi_builds/continuous/2021_10_19_3367213/data/secureip/fe/fe_002.svp" Line 131216 : Function calls inside wait/event expression are sensitive to arguments only."cfg_bm_perm_r4()" is called without any argument which may not unblock the wait/event expression.
WARNING: [XSIM 43-4398] File "/wrk/ci/prod/2021.2/rdi_builds/continuous/2021_10_19_3367213/data/secureip/fe/fe_002.svp" Line 131216 : Function calls inside wait/event expression are sensitive to arguments only."cfg_bm_perm_r4()" is called without any argument which may not unblock the wait/event expression.
WARNING: [XSIM 43-4398] File "/wrk/ci/prod/2021.2/rdi_builds/continuous/2021_10_19_3367213/data/secureip/fe/fe_002.svp" Line 131216 : Function calls inside wait/event expression are sensitive to arguments only."cfg_bm_perm_r4()" is called without any argument which may not unblock the wait/event expression.
WARNING: [XSIM 43-4398] File "/wrk/ci/prod/2021.2/rdi_builds/continuous/2021_10_19_3367213/data/secureip/fe/fe_002.svp" Line 131216 : Function calls inside wait/event expression are sensitive to arguments only."cfg_bm_perm_r4()" is called without any argument which may not unblock the wait/event expression.
WARNING: [XSIM 43-4398] File "/wrk/ci/prod/2021.2/rdi_builds/continuous/2021_10_19_3367213/data/secureip/fe/fe_002.svp" Line 131216 : Function calls inside wait/event expression are sensitive to arguments only."cfg_bm_perm_r4()" is called without any argument which may not unblock the wait/event expression.
WARNING: [XSIM 43-4398] File "/wrk/ci/prod/2021.2/rdi_builds/continuous/2021_10_19_3367213/data/secureip/fe/fe_002.svp" Line 131216 : Function calls inside wait/event expression are sensitive to arguments only."cfg_bm_perm_r4()" is called without any argument which may not unblock the wait/event expression.
WARNING: [XSIM 43-4398] File "/wrk/ci/prod/2021.2/rdi_builds/continuous/2021_10_19_3367213/data/secureip/fe/fe_002.svp" Line 131216 : Function calls inside wait/event expression are sensitive to arguments only."cfg_bm_perm_r4()" is called without any argument which may not unblock the wait/event expression.
WARNING: [XSIM 43-4398] File "/wrk/ci/prod/2021.2/rdi_builds/continuous/2021_10_19_3367213/data/secureip/fe/fe_002.svp" Line 131216 : Function calls inside wait/event expression are sensitive to arguments only."cfg_bm_perm_r4()" is called without any argument which may not unblock the wait/event expression.
WARNING: [XSIM 43-4398] File "/wrk/ci/prod/2021.2/rdi_builds/continuous/2021_10_19_3367213/data/secureip/fe/fe_002.svp" Line 131216 : Function calls inside wait/event expression are sensitive to arguments only."cfg_bm_perm_r4()" is called without any argument which may not unblock the wait/event expression.
WARNING: [XSIM 43-4398] File "/wrk/ci/prod/2021.2/rdi_builds/continuous/2021_10_19_3367213/data/secureip/fe/fe_002.svp" Line 134226 : Function calls inside wait/event expression are sensitive to arguments only."cfg_alpha_perm_r4()" is called without any argument which may not unblock the wait/event expression.
WARNING: [XSIM 43-4398] File "/wrk/ci/prod/2021.2/rdi_builds/continuous/2021_10_19_3367213/data/secureip/fe/fe_002.svp" Line 134226 : Function calls inside wait/event expression are sensitive to arguments only."cfg_alpha_perm_r4()" is called without any argument which may not unblock the wait/event expression.
WARNING: [XSIM 43-4398] File "/wrk/ci/prod/2021.2/rdi_builds/continuous/2021_10_19_3367213/data/secureip/fe/fe_002.svp" Line 134226 : Function calls inside wait/event expression are sensitive to arguments only."cfg_alpha_perm_r4()" is called without any argument which may not unblock the wait/event expression.
WARNING: [XSIM 43-4398] File "/wrk/ci/prod/2021.2/rdi_builds/continuous/2021_10_19_3367213/data/secureip/fe/fe_002.svp" Line 134226 : Function calls inside wait/event expression are sensitive to arguments only."cfg_alpha_perm_r4()" is called without any argument which may not unblock the wait/event expression.
WARNING: [XSIM 43-4398] File "/wrk/ci/prod/2021.2/rdi_builds/continuous/2021_10_19_3367213/data/secureip/fe/fe_002.svp" Line 134226 : Function calls inside wait/event expression are sensitive to arguments only."cfg_alpha_perm_r4()" is called without any argument which may not unblock the wait/event expression.
WARNING: [XSIM 43-4398] File "/wrk/ci/prod/2021.2/rdi_builds/continuous/2021_10_19_3367213/data/secureip/fe/fe_002.svp" Line 134226 : Function calls inside wait/event expression are sensitive to arguments only."cfg_alpha_perm_r4()" is called without any argument which may not unblock the wait/event expression.
WARNING: [XSIM 43-4398] File "/wrk/ci/prod/2021.2/rdi_builds/continuous/2021_10_19_3367213/data/secureip/fe/fe_002.svp" Line 134226 : Function calls inside wait/event expression are sensitive to arguments only."cfg_alpha_perm_r4()" is called without any argument which may not unblock the wait/event expression.
WARNING: [XSIM 43-4398] File "/wrk/ci/prod/2021.2/rdi_builds/continuous/2021_10_19_3367213/data/secureip/fe/fe_002.svp" Line 134226 : Function calls inside wait/event expression are sensitive to arguments only."cfg_alpha_perm_r4()" is called without any argument which may not unblock the wait/event expression.
WARNING: [XSIM 43-4398] File "/wrk/ci/prod/2021.2/rdi_builds/continuous/2021_10_19_3367213/data/secureip/fe/fe_002.svp" Line 134226 : Function calls inside wait/event expression are sensitive to arguments only."cfg_alpha_perm_r4()" is called without any argument which may not unblock the wait/event expression.
WARNING: [XSIM 43-4398] File "/wrk/ci/prod/2021.2/rdi_builds/continuous/2021_10_19_3367213/data/secureip/fe/fe_002.svp" Line 134226 : Function calls inside wait/event expression are sensitive to arguments only."cfg_alpha_perm_r4()" is called without any argument which may not unblock the wait/event expression.
WARNING: [XSIM 43-4398] File "/wrk/ci/prod/2021.2/rdi_builds/continuous/2021_10_19_3367213/data/secureip/fe/fe_002.svp" Line 134226 : Function calls inside wait/event expression are sensitive to arguments only."cfg_alpha_perm_r4()" is called without any argument which may not unblock the wait/event expression.
WARNING: [XSIM 43-4398] File "/wrk/ci/prod/2021.2/rdi_builds/continuous/2021_10_19_3367213/data/secureip/fe/fe_002.svp" Line 134226 : Function calls inside wait/event expression are sensitive to arguments only."cfg_alpha_perm_r4()" is called without any argument which may not unblock the wait/event expression.
WARNING: [XSIM 43-4398] File "/wrk/ci/prod/2021.2/rdi_builds/continuous/2021_10_19_3367213/data/secureip/fe/fe_002.svp" Line 134226 : Function calls inside wait/event expression are sensitive to arguments only."cfg_alpha_perm_r4()" is called without any argument which may not unblock the wait/event expression.
WARNING: [XSIM 43-4398] File "/wrk/ci/prod/2021.2/rdi_builds/continuous/2021_10_19_3367213/data/secureip/fe/fe_002.svp" Line 134226 : Function calls inside wait/event expression are sensitive to arguments only."cfg_alpha_perm_r4()" is called without any argument which may not unblock the wait/event expression.
WARNING: [XSIM 43-4398] File "/wrk/ci/prod/2021.2/rdi_builds/continuous/2021_10_19_3367213/data/secureip/fe/fe_002.svp" Line 134226 : Function calls inside wait/event expression are sensitive to arguments only."cfg_alpha_perm_r4()" is called without any argument which may not unblock the wait/event expression.
WARNING: [XSIM 43-4398] File "/wrk/ci/prod/2021.2/rdi_builds/continuous/2021_10_19_3367213/data/secureip/fe/fe_002.svp" Line 134226 : Function calls inside wait/event expression are sensitive to arguments only."cfg_alpha_perm_r4()" is called without any argument which may not unblock the wait/event expression.
WARNING: [XSIM 43-4398] File "/wrk/ci/prod/2021.2/rdi_builds/continuous/2021_10_19_3367213/data/secureip/fe/fe_002.svp" Line 131216 : Function calls inside wait/event expression are sensitive to arguments only."cfg_bm_perm_r4()" is called without any argument which may not unblock the wait/event expression.
WARNING: [XSIM 43-4398] File "/wrk/ci/prod/2021.2/rdi_builds/continuous/2021_10_19_3367213/data/secureip/fe/fe_002.svp" Line 131216 : Function calls inside wait/event expression are sensitive to arguments only."cfg_bm_perm_r4()" is called without any argument which may not unblock the wait/event expression.
WARNING: [XSIM 43-4398] File "/wrk/ci/prod/2021.2/rdi_builds/continuous/2021_10_19_3367213/data/secureip/fe/fe_002.svp" Line 131216 : Function calls inside wait/event expression are sensitive to arguments only."cfg_bm_perm_r4()" is called without any argument which may not unblock the wait/event expression.
WARNING: [XSIM 43-4398] File "/wrk/ci/prod/2021.2/rdi_builds/continuous/2021_10_19_3367213/data/secureip/fe/fe_002.svp" Line 131216 : Function calls inside wait/event expression are sensitive to arguments only."cfg_bm_perm_r4()" is called without any argument which may not unblock the wait/event expression.
WARNING: [XSIM 43-4398] File "/wrk/ci/prod/2021.2/rdi_builds/continuous/2021_10_19_3367213/data/secureip/fe/fe_002.svp" Line 131216 : Function calls inside wait/event expression are sensitive to arguments only."cfg_bm_perm_r4()" is called without any argument which may not unblock the wait/event expression.
WARNING: [XSIM 43-4398] File "/wrk/ci/prod/2021.2/rdi_builds/continuous/2021_10_19_3367213/data/secureip/fe/fe_002.svp" Line 131216 : Function calls inside wait/event expression are sensitive to arguments only."cfg_bm_perm_r4()" is called without any argument which may not unblock the wait/event expression.
WARNING: [XSIM 43-4398] File "/wrk/ci/prod/2021.2/rdi_builds/continuous/2021_10_19_3367213/data/secureip/fe/fe_002.svp" Line 131216 : Function calls inside wait/event expression are sensitive to arguments only."cfg_bm_perm_r4()" is called without any argument which may not unblock the wait/event expression.
WARNING: [XSIM 43-4398] File "/wrk/ci/prod/2021.2/rdi_builds/continuous/2021_10_19_3367213/data/secureip/fe/fe_002.svp" Line 131216 : Function calls inside wait/event expression are sensitive to arguments only."cfg_bm_perm_r4()" is called without any argument which may not unblock the wait/event expression.
WARNING: [XSIM 43-4398] File "/wrk/ci/prod/2021.2/rdi_builds/continuous/2021_10_19_3367213/data/secureip/fe/fe_002.svp" Line 131216 : Function calls inside wait/event expression are sensitive to arguments only."cfg_bm_perm_r4()" is called without any argument which may not unblock the wait/event expression.
WARNING: [XSIM 43-4398] File "/wrk/ci/prod/2021.2/rdi_builds/continuous/2021_10_19_3367213/data/secureip/fe/fe_002.svp" Line 131216 : Function calls inside wait/event expression are sensitive to arguments only."cfg_bm_perm_r4()" is called without any argument which may not unblock the wait/event expression.
WARNING: [XSIM 43-4398] File "/wrk/ci/prod/2021.2/rdi_builds/continuous/2021_10_19_3367213/data/secureip/fe/fe_002.svp" Line 131216 : Function calls inside wait/event expression are sensitive to arguments only."cfg_bm_perm_r4()" is called without any argument which may not unblock the wait/event expression.
WARNING: [XSIM 43-4398] File "/wrk/ci/prod/2021.2/rdi_builds/continuous/2021_10_19_3367213/data/secureip/fe/fe_002.svp" Line 131216 : Function calls inside wait/event expression are sensitive to arguments only."cfg_bm_perm_r4()" is called without any argument which may not unblock the wait/event expression.
WARNING: [XSIM 43-4398] File "/wrk/ci/prod/2021.2/rdi_builds/continuous/2021_10_19_3367213/data/secureip/fe/fe_002.svp" Line 131216 : Function calls inside wait/event expression are sensitive to arguments only."cfg_bm_perm_r4()" is called without any argument which may not unblock the wait/event expression.
WARNING: [XSIM 43-4398] File "/wrk/ci/prod/2021.2/rdi_builds/continuous/2021_10_19_3367213/data/secureip/fe/fe_002.svp" Line 131216 : Function calls inside wait/event expression are sensitive to arguments only."cfg_bm_perm_r4()" is called without any argument which may not unblock the wait/event expression.
WARNING: [XSIM 43-4398] File "/wrk/ci/prod/2021.2/rdi_builds/continuous/2021_10_19_3367213/data/secureip/fe/fe_002.svp" Line 131216 : Function calls inside wait/event expression are sensitive to arguments only."cfg_bm_perm_r4()" is called without any argument which may not unblock the wait/event expression.
WARNING: [XSIM 43-4398] File "/wrk/ci/prod/2021.2/rdi_builds/continuous/2021_10_19_3367213/data/secureip/fe/fe_002.svp" Line 131216 : Function calls inside wait/event expression are sensitive to arguments only."cfg_bm_perm_r4()" is called without any argument which may not unblock the wait/event expression.
WARNING: [XSIM 43-4398] File "/wrk/ci/prod/2021.2/rdi_builds/continuous/2021_10_19_3367213/data/secureip/fe/fe_002.svp" Line 129263 : Function calls inside wait/event expression are sensitive to arguments only."cfg_bi_perm_r4()" is called without any argument which may not unblock the wait/event expression.
WARNING: [XSIM 43-4398] File "/wrk/ci/prod/2021.2/rdi_builds/continuous/2021_10_19_3367213/data/secureip/fe/fe_002.svp" Line 134226 : Function calls inside wait/event expression are sensitive to arguments only."cfg_beta_perm_r4()" is called without any argument which may not unblock the wait/event expression.
WARNING: [XSIM 43-4398] File "/wrk/ci/prod/2021.2/rdi_builds/continuous/2021_10_19_3367213/data/secureip/fe/fe_002.svp" Line 134226 : Function calls inside wait/event expression are sensitive to arguments only."cfg_beta_perm_r4()" is called without any argument which may not unblock the wait/event expression.
WARNING: [XSIM 43-4398] File "/wrk/ci/prod/2021.2/rdi_builds/continuous/2021_10_19_3367213/data/secureip/fe/fe_002.svp" Line 134226 : Function calls inside wait/event expression are sensitive to arguments only."cfg_beta_perm_r4()" is called without any argument which may not unblock the wait/event expression.
WARNING: [XSIM 43-4398] File "/wrk/ci/prod/2021.2/rdi_builds/continuous/2021_10_19_3367213/data/secureip/fe/fe_002.svp" Line 134226 : Function calls inside wait/event expression are sensitive to arguments only."cfg_beta_perm_r4()" is called without any argument which may not unblock the wait/event expression.
WARNING: [XSIM 43-4398] File "/wrk/ci/prod/2021.2/rdi_builds/continuous/2021_10_19_3367213/data/secureip/fe/fe_002.svp" Line 134226 : Function calls inside wait/event expression are sensitive to arguments only."cfg_beta_perm_r4()" is called without any argument which may not unblock the wait/event expression.
WARNING: [XSIM 43-4398] File "/wrk/ci/prod/2021.2/rdi_builds/continuous/2021_10_19_3367213/data/secureip/fe/fe_002.svp" Line 134226 : Function calls inside wait/event expression are sensitive to arguments only."cfg_beta_perm_r4()" is called without any argument which may not unblock the wait/event expression.
WARNING: [XSIM 43-4398] File "/wrk/ci/prod/2021.2/rdi_builds/continuous/2021_10_19_3367213/data/secureip/fe/fe_002.svp" Line 134226 : Function calls inside wait/event expression are sensitive to arguments only."cfg_beta_perm_r4()" is called without any argument which may not unblock the wait/event expression.
WARNING: [XSIM 43-4398] File "/wrk/ci/prod/2021.2/rdi_builds/continuous/2021_10_19_3367213/data/secureip/fe/fe_002.svp" Line 134226 : Function calls inside wait/event expression are sensitive to arguments only."cfg_beta_perm_r4()" is called without any argument which may not unblock the wait/event expression.
WARNING: [XSIM 43-4398] File "/wrk/ci/prod/2021.2/rdi_builds/continuous/2021_10_19_3367213/data/secureip/fe/fe_002.svp" Line 134226 : Function calls inside wait/event expression are sensitive to arguments only."cfg_beta_perm_r4()" is called without any argument which may not unblock the wait/event expression.
WARNING: [XSIM 43-4398] File "/wrk/ci/prod/2021.2/rdi_builds/continuous/2021_10_19_3367213/data/secureip/fe/fe_002.svp" Line 134226 : Function calls inside wait/event expression are sensitive to arguments only."cfg_beta_perm_r4()" is called without any argument which may not unblock the wait/event expression.
WARNING: [XSIM 43-4398] File "/wrk/ci/prod/2021.2/rdi_builds/continuous/2021_10_19_3367213/data/secureip/fe/fe_002.svp" Line 134226 : Function calls inside wait/event expression are sensitive to arguments only."cfg_beta_perm_r4()" is called without any argument which may not unblock the wait/event expression.
WARNING: [XSIM 43-4398] File "/wrk/ci/prod/2021.2/rdi_builds/continuous/2021_10_19_3367213/data/secureip/fe/fe_002.svp" Line 134226 : Function calls inside wait/event expression are sensitive to arguments only."cfg_beta_perm_r4()" is called without any argument which may not unblock the wait/event expression.
WARNING: [XSIM 43-4398] File "/wrk/ci/prod/2021.2/rdi_builds/continuous/2021_10_19_3367213/data/secureip/fe/fe_002.svp" Line 134226 : Function calls inside wait/event expression are sensitive to arguments only."cfg_beta_perm_r4()" is called without any argument which may not unblock the wait/event expression.
WARNING: [XSIM 43-4398] File "/wrk/ci/prod/2021.2/rdi_builds/continuous/2021_10_19_3367213/data/secureip/fe/fe_002.svp" Line 134226 : Function calls inside wait/event expression are sensitive to arguments only."cfg_beta_perm_r4()" is called without any argument which may not unblock the wait/event expression.
WARNING: [XSIM 43-4398] File "/wrk/ci/prod/2021.2/rdi_builds/continuous/2021_10_19_3367213/data/secureip/fe/fe_002.svp" Line 134226 : Function calls inside wait/event expression are sensitive to arguments only."cfg_beta_perm_r4()" is called without any argument which may not unblock the wait/event expression.
WARNING: [XSIM 43-4398] File "/wrk/ci/prod/2021.2/rdi_builds/continuous/2021_10_19_3367213/data/secureip/fe/fe_002.svp" Line 134226 : Function calls inside wait/event expression are sensitive to arguments only."cfg_beta_perm_r4()" is called without any argument which may not unblock the wait/event expression.
WARNING: [XSIM 43-4398] File "/wrk/ci/prod/2021.2/rdi_builds/continuous/2021_10_19_3367213/data/secureip/fe/fe_002.svp" Line 132100 : Function calls inside wait/event expression are sensitive to arguments only."cfg_tr_perm_r4()" is called without any argument which may not unblock the wait/event expression.
WARNING: [XSIM 43-4398] File "/wrk/ci/prod/2021.2/rdi_builds/continuous/2021_10_19_3367213/data/secureip/fe/fe_002.svp" Line 132101 : Function calls inside wait/event expression are sensitive to arguments only."cfg_llr_perm_r4()" is called without any argument which may not unblock the wait/event expression.
WARNING: [XSIM 43-4398] File "/wrk/ci/prod/2021.2/rdi_builds/continuous/2021_10_19_3367213/data/secureip/fe/fe_002.svp" Line 132102 : Function calls inside wait/event expression are sensitive to arguments only."cfg_sym_perm_r4()" is called without any argument which may not unblock the wait/event expression.
WARNING: [XSIM 43-4398] File "/wrk/ci/prod/2021.2/rdi_builds/continuous/2021_10_19_3367213/data/secureip/fe/fe_002.svp" Line 132137 : Function calls inside wait/event expression are sensitive to arguments only."cfg_tr_perm_sh_r4()" is called without any argument which may not unblock the wait/event expression.
WARNING: [XSIM 43-4398] File "/wrk/ci/prod/2021.2/rdi_builds/continuous/2021_10_19_3367213/data/secureip/fe/fe_002.svp" Line 132100 : Function calls inside wait/event expression are sensitive to arguments only."cfg_tr_perm_r4()" is called without any argument which may not unblock the wait/event expression.
WARNING: [XSIM 43-4398] File "/wrk/ci/prod/2021.2/rdi_builds/continuous/2021_10_19_3367213/data/secureip/fe/fe_002.svp" Line 132101 : Function calls inside wait/event expression are sensitive to arguments only."cfg_llr_perm_r4()" is called without any argument which may not unblock the wait/event expression.
WARNING: [XSIM 43-4398] File "/wrk/ci/prod/2021.2/rdi_builds/continuous/2021_10_19_3367213/data/secureip/fe/fe_002.svp" Line 132102 : Function calls inside wait/event expression are sensitive to arguments only."cfg_sym_perm_r4()" is called without any argument which may not unblock the wait/event expression.
WARNING: [XSIM 43-4398] File "/wrk/ci/prod/2021.2/rdi_builds/continuous/2021_10_19_3367213/data/secureip/fe/fe_002.svp" Line 132137 : Function calls inside wait/event expression are sensitive to arguments only."cfg_tr_perm_sh_r4()" is called without any argument which may not unblock the wait/event expression.
WARNING: [XSIM 43-4398] File "/wrk/ci/prod/2021.2/rdi_builds/continuous/2021_10_19_3367213/data/secureip/fe/fe_002.svp" Line 132100 : Function calls inside wait/event expression are sensitive to arguments only."cfg_tr_perm_r4()" is called without any argument which may not unblock the wait/event expression.
WARNING: [XSIM 43-4398] File "/wrk/ci/prod/2021.2/rdi_builds/continuous/2021_10_19_3367213/data/secureip/fe/fe_002.svp" Line 132101 : Function calls inside wait/event expression are sensitive to arguments only."cfg_llr_perm_r4()" is called without any argument which may not unblock the wait/event expression.
WARNING: [XSIM 43-4398] File "/wrk/ci/prod/2021.2/rdi_builds/continuous/2021_10_19_3367213/data/secureip/fe/fe_002.svp" Line 132102 : Function calls inside wait/event expression are sensitive to arguments only."cfg_sym_perm_r4()" is called without any argument which may not unblock the wait/event expression.
WARNING: [XSIM 43-4398] File "/wrk/ci/prod/2021.2/rdi_builds/continuous/2021_10_19_3367213/data/secureip/fe/fe_002.svp" Line 132137 : Function calls inside wait/event expression are sensitive to arguments only."cfg_tr_perm_sh_r4()" is called without any argument which may not unblock the wait/event expression.
WARNING: [XSIM 43-4398] File "/wrk/ci/prod/2021.2/rdi_builds/continuous/2021_10_19_3367213/data/secureip/fe/fe_002.svp" Line 132100 : Function calls inside wait/event expression are sensitive to arguments only."cfg_tr_perm_r4()" is called without any argument which may not unblock the wait/event expression.
WARNING: [XSIM 43-4398] File "/wrk/ci/prod/2021.2/rdi_builds/continuous/2021_10_19_3367213/data/secureip/fe/fe_002.svp" Line 132101 : Function calls inside wait/event expression are sensitive to arguments only."cfg_llr_perm_r4()" is called without any argument which may not unblock the wait/event expression.
WARNING: [XSIM 43-4398] File "/wrk/ci/prod/2021.2/rdi_builds/continuous/2021_10_19_3367213/data/secureip/fe/fe_002.svp" Line 132102 : Function calls inside wait/event expression are sensitive to arguments only."cfg_sym_perm_r4()" is called without any argument which may not unblock the wait/event expression.
WARNING: [XSIM 43-4398] File "/wrk/ci/prod/2021.2/rdi_builds/continuous/2021_10_19_3367213/data/secureip/fe/fe_002.svp" Line 132137 : Function calls inside wait/event expression are sensitive to arguments only."cfg_tr_perm_sh_r4()" is called without any argument which may not unblock the wait/event expression.
WARNING: [XSIM 43-4398] File "/wrk/ci/prod/2021.2/rdi_builds/continuous/2021_10_19_3367213/data/secureip/fe/fe_002.svp" Line 132100 : Function calls inside wait/event expression are sensitive to arguments only."cfg_tr_perm_r4()" is called without any argument which may not unblock the wait/event expression.
WARNING: [XSIM 43-4398] File "/wrk/ci/prod/2021.2/rdi_builds/continuous/2021_10_19_3367213/data/secureip/fe/fe_002.svp" Line 132101 : Function calls inside wait/event expression are sensitive to arguments only."cfg_llr_perm_r4()" is called without any argument which may not unblock the wait/event expression.
WARNING: [XSIM 43-4398] File "/wrk/ci/prod/2021.2/rdi_builds/continuous/2021_10_19_3367213/data/secureip/fe/fe_002.svp" Line 132102 : Function calls inside wait/event expression are sensitive to arguments only."cfg_sym_perm_r4()" is called without any argument which may not unblock the wait/event expression.
WARNING: [XSIM 43-4398] File "/wrk/ci/prod/2021.2/rdi_builds/continuous/2021_10_19_3367213/data/secureip/fe/fe_002.svp" Line 132137 : Function calls inside wait/event expression are sensitive to arguments only."cfg_tr_perm_sh_r4()" is called without any argument which may not unblock the wait/event expression.
WARNING: [XSIM 43-4398] File "/wrk/ci/prod/2021.2/rdi_builds/continuous/2021_10_19_3367213/data/secureip/fe/fe_002.svp" Line 132100 : Function calls inside wait/event expression are sensitive to arguments only."cfg_tr_perm_r4()" is called without any argument which may not unblock the wait/event expression.
WARNING: [XSIM 43-4398] File "/wrk/ci/prod/2021.2/rdi_builds/continuous/2021_10_19_3367213/data/secureip/fe/fe_002.svp" Line 132101 : Function calls inside wait/event expression are sensitive to arguments only."cfg_llr_perm_r4()" is called without any argument which may not unblock the wait/event expression.
WARNING: [XSIM 43-4398] File "/wrk/ci/prod/2021.2/rdi_builds/continuous/2021_10_19_3367213/data/secureip/fe/fe_002.svp" Line 132102 : Function calls inside wait/event expression are sensitive to arguments only."cfg_sym_perm_r4()" is called without any argument which may not unblock the wait/event expression.
WARNING: [XSIM 43-4398] File "/wrk/ci/prod/2021.2/rdi_builds/continuous/2021_10_19_3367213/data/secureip/fe/fe_002.svp" Line 132137 : Function calls inside wait/event expression are sensitive to arguments only."cfg_tr_perm_sh_r4()" is called without any argument which may not unblock the wait/event expression.
WARNING: [XSIM 43-4398] File "/wrk/ci/prod/2021.2/rdi_builds/continuous/2021_10_19_3367213/data/secureip/fe/fe_002.svp" Line 132100 : Function calls inside wait/event expression are sensitive to arguments only."cfg_tr_perm_r4()" is called without any argument which may not unblock the wait/event expression.
WARNING: [XSIM 43-4398] File "/wrk/ci/prod/2021.2/rdi_builds/continuous/2021_10_19_3367213/data/secureip/fe/fe_002.svp" Line 132101 : Function calls inside wait/event expression are sensitive to arguments only."cfg_llr_perm_r4()" is called without any argument which may not unblock the wait/event expression.
WARNING: [XSIM 43-4398] File "/wrk/ci/prod/2021.2/rdi_builds/continuous/2021_10_19_3367213/data/secureip/fe/fe_002.svp" Line 132102 : Function calls inside wait/event expression are sensitive to arguments only."cfg_sym_perm_r4()" is called without any argument which may not unblock the wait/event expression.
WARNING: [XSIM 43-4398] File "/wrk/ci/prod/2021.2/rdi_builds/continuous/2021_10_19_3367213/data/secureip/fe/fe_002.svp" Line 132137 : Function calls inside wait/event expression are sensitive to arguments only."cfg_tr_perm_sh_r4()" is called without any argument which may not unblock the wait/event expression.
WARNING: [XSIM 43-4398] File "/wrk/ci/prod/2021.2/rdi_builds/continuous/2021_10_19_3367213/data/secureip/fe/fe_002.svp" Line 132100 : Function calls inside wait/event expression are sensitive to arguments only."cfg_tr_perm_r4()" is called without any argument which may not unblock the wait/event expression.
WARNING: [XSIM 43-4398] File "/wrk/ci/prod/2021.2/rdi_builds/continuous/2021_10_19_3367213/data/secureip/fe/fe_002.svp" Line 132101 : Function calls inside wait/event expression are sensitive to arguments only."cfg_llr_perm_r4()" is called without any argument which may not unblock the wait/event expression.
WARNING: [XSIM 43-4398] File "/wrk/ci/prod/2021.2/rdi_builds/continuous/2021_10_19_3367213/data/secureip/fe/fe_002.svp" Line 132102 : Function calls inside wait/event expression are sensitive to arguments only."cfg_sym_perm_r4()" is called without any argument which may not unblock the wait/event expression.
WARNING: [XSIM 43-4398] File "/wrk/ci/prod/2021.2/rdi_builds/continuous/2021_10_19_3367213/data/secureip/fe/fe_002.svp" Line 132137 : Function calls inside wait/event expression are sensitive to arguments only."cfg_tr_perm_sh_r4()" is called without any argument which may not unblock the wait/event expression.
WARNING: [XSIM 43-4398] File "/wrk/ci/prod/2021.2/rdi_builds/continuous/2021_10_19_3367213/data/secureip/fe/fe_002.svp" Line 132100 : Function calls inside wait/event expression are sensitive to arguments only."cfg_tr_perm_r4()" is called without any argument which may not unblock the wait/event expression.
WARNING: [XSIM 43-4398] File "/wrk/ci/prod/2021.2/rdi_builds/continuous/2021_10_19_3367213/data/secureip/fe/fe_002.svp" Line 132101 : Function calls inside wait/event expression are sensitive to arguments only."cfg_llr_perm_r4()" is called without any argument which may not unblock the wait/event expression.
WARNING: [XSIM 43-4398] File "/wrk/ci/prod/2021.2/rdi_builds/continuous/2021_10_19_3367213/data/secureip/fe/fe_002.svp" Line 132102 : Function calls inside wait/event expression are sensitive to arguments only."cfg_sym_perm_r4()" is called without any argument which may not unblock the wait/event expression.
WARNING: [XSIM 43-4398] File "/wrk/ci/prod/2021.2/rdi_builds/continuous/2021_10_19_3367213/data/secureip/fe/fe_002.svp" Line 132137 : Function calls inside wait/event expression are sensitive to arguments only."cfg_tr_perm_sh_r4()" is called without any argument which may not unblock the wait/event expression.
WARNING: [XSIM 43-4398] File "/wrk/ci/prod/2021.2/rdi_builds/continuous/2021_10_19_3367213/data/secureip/fe/fe_002.svp" Line 132100 : Function calls inside wait/event expression are sensitive to arguments only."cfg_tr_perm_r4()" is called without any argument which may not unblock the wait/event expression.
WARNING: [XSIM 43-4398] File "/wrk/ci/prod/2021.2/rdi_builds/continuous/2021_10_19_3367213/data/secureip/fe/fe_002.svp" Line 132101 : Function calls inside wait/event expression are sensitive to arguments only."cfg_llr_perm_r4()" is called without any argument which may not unblock the wait/event expression.
WARNING: [XSIM 43-4398] File "/wrk/ci/prod/2021.2/rdi_builds/continuous/2021_10_19_3367213/data/secureip/fe/fe_002.svp" Line 132102 : Function calls inside wait/event expression are sensitive to arguments only."cfg_sym_perm_r4()" is called without any argument which may not unblock the wait/event expression.
WARNING: [XSIM 43-4398] File "/wrk/ci/prod/2021.2/rdi_builds/continuous/2021_10_19_3367213/data/secureip/fe/fe_002.svp" Line 132137 : Function calls inside wait/event expression are sensitive to arguments only."cfg_tr_perm_sh_r4()" is called without any argument which may not unblock the wait/event expression.
WARNING: [XSIM 43-4398] File "/wrk/ci/prod/2021.2/rdi_builds/continuous/2021_10_19_3367213/data/secureip/fe/fe_002.svp" Line 132100 : Function calls inside wait/event expression are sensitive to arguments only."cfg_tr_perm_r4()" is called without any argument which may not unblock the wait/event expression.
WARNING: [XSIM 43-4398] File "/wrk/ci/prod/2021.2/rdi_builds/continuous/2021_10_19_3367213/data/secureip/fe/fe_002.svp" Line 132101 : Function calls inside wait/event expression are sensitive to arguments only."cfg_llr_perm_r4()" is called without any argument which may not unblock the wait/event expression.
WARNING: [XSIM 43-4398] File "/wrk/ci/prod/2021.2/rdi_builds/continuous/2021_10_19_3367213/data/secureip/fe/fe_002.svp" Line 132102 : Function calls inside wait/event expression are sensitive to arguments only."cfg_sym_perm_r4()" is called without any argument which may not unblock the wait/event expression.
WARNING: [XSIM 43-4398] File "/wrk/ci/prod/2021.2/rdi_builds/continuous/2021_10_19_3367213/data/secureip/fe/fe_002.svp" Line 132137 : Function calls inside wait/event expression are sensitive to arguments only."cfg_tr_perm_sh_r4()" is called without any argument which may not unblock the wait/event expression.
WARNING: [XSIM 43-4398] File "/wrk/ci/prod/2021.2/rdi_builds/continuous/2021_10_19_3367213/data/secureip/fe/fe_002.svp" Line 132100 : Function calls inside wait/event expression are sensitive to arguments only."cfg_tr_perm_r4()" is called without any argument which may not unblock the wait/event expression.
WARNING: [XSIM 43-4398] File "/wrk/ci/prod/2021.2/rdi_builds/continuous/2021_10_19_3367213/data/secureip/fe/fe_002.svp" Line 132101 : Function calls inside wait/event expression are sensitive to arguments only."cfg_llr_perm_r4()" is called without any argument which may not unblock the wait/event expression.
WARNING: [XSIM 43-4398] File "/wrk/ci/prod/2021.2/rdi_builds/continuous/2021_10_19_3367213/data/secureip/fe/fe_002.svp" Line 132102 : Function calls inside wait/event expression are sensitive to arguments only."cfg_sym_perm_r4()" is called without any argument which may not unblock the wait/event expression.
WARNING: [XSIM 43-4398] File "/wrk/ci/prod/2021.2/rdi_builds/continuous/2021_10_19_3367213/data/secureip/fe/fe_002.svp" Line 132137 : Function calls inside wait/event expression are sensitive to arguments only."cfg_tr_perm_sh_r4()" is called without any argument which may not unblock the wait/event expression.
WARNING: [XSIM 43-4398] File "/wrk/ci/prod/2021.2/rdi_builds/continuous/2021_10_19_3367213/data/secureip/fe/fe_002.svp" Line 132100 : Function calls inside wait/event expression are sensitive to arguments only."cfg_tr_perm_r4()" is called without any argument which may not unblock the wait/event expression.
WARNING: [XSIM 43-4398] File "/wrk/ci/prod/2021.2/rdi_builds/continuous/2021_10_19_3367213/data/secureip/fe/fe_002.svp" Line 132101 : Function calls inside wait/event expression are sensitive to arguments only."cfg_llr_perm_r4()" is called without any argument which may not unblock the wait/event expression.
WARNING: [XSIM 43-4398] File "/wrk/ci/prod/2021.2/rdi_builds/continuous/2021_10_19_3367213/data/secureip/fe/fe_002.svp" Line 132102 : Function calls inside wait/event expression are sensitive to arguments only."cfg_sym_perm_r4()" is called without any argument which may not unblock the wait/event expression.
WARNING: [XSIM 43-4398] File "/wrk/ci/prod/2021.2/rdi_builds/continuous/2021_10_19_3367213/data/secureip/fe/fe_002.svp" Line 132137 : Function calls inside wait/event expression are sensitive to arguments only."cfg_tr_perm_sh_r4()" is called without any argument which may not unblock the wait/event expression.
WARNING: [XSIM 43-4398] File "/wrk/ci/prod/2021.2/rdi_builds/continuous/2021_10_19_3367213/data/secureip/fe/fe_002.svp" Line 132100 : Function calls inside wait/event expression are sensitive to arguments only."cfg_tr_perm_r4()" is called without any argument which may not unblock the wait/event expression.
WARNING: [XSIM 43-4398] File "/wrk/ci/prod/2021.2/rdi_builds/continuous/2021_10_19_3367213/data/secureip/fe/fe_002.svp" Line 132101 : Function calls inside wait/event expression are sensitive to arguments only."cfg_llr_perm_r4()" is called without any argument which may not unblock the wait/event expression.
WARNING: [XSIM 43-4398] File "/wrk/ci/prod/2021.2/rdi_builds/continuous/2021_10_19_3367213/data/secureip/fe/fe_002.svp" Line 132102 : Function calls inside wait/event expression are sensitive to arguments only."cfg_sym_perm_r4()" is called without any argument which may not unblock the wait/event expression.
WARNING: [XSIM 43-4398] File "/wrk/ci/prod/2021.2/rdi_builds/continuous/2021_10_19_3367213/data/secureip/fe/fe_002.svp" Line 132137 : Function calls inside wait/event expression are sensitive to arguments only."cfg_tr_perm_sh_r4()" is called without any argument which may not unblock the wait/event expression.
WARNING: [XSIM 43-4398] File "/wrk/ci/prod/2021.2/rdi_builds/continuous/2021_10_19_3367213/data/secureip/fe/fe_002.svp" Line 132100 : Function calls inside wait/event expression are sensitive to arguments only."cfg_tr_perm_r4()" is called without any argument which may not unblock the wait/event expression.
WARNING: [XSIM 43-4398] File "/wrk/ci/prod/2021.2/rdi_builds/continuous/2021_10_19_3367213/data/secureip/fe/fe_002.svp" Line 132101 : Function calls inside wait/event expression are sensitive to arguments only."cfg_llr_perm_r4()" is called without any argument which may not unblock the wait/event expression.
WARNING: [XSIM 43-4398] File "/wrk/ci/prod/2021.2/rdi_builds/continuous/2021_10_19_3367213/data/secureip/fe/fe_002.svp" Line 132102 : Function calls inside wait/event expression are sensitive to arguments only."cfg_sym_perm_r4()" is called without any argument which may not unblock the wait/event expression.
WARNING: [XSIM 43-4398] File "/wrk/ci/prod/2021.2/rdi_builds/continuous/2021_10_19_3367213/data/secureip/fe/fe_002.svp" Line 132137 : Function calls inside wait/event expression are sensitive to arguments only."cfg_tr_perm_sh_r4()" is called without any argument which may not unblock the wait/event expression.
WARNING: [XSIM 43-4398] File "/wrk/ci/prod/2021.2/rdi_builds/continuous/2021_10_19_3367213/data/secureip/fe/fe_002.svp" Line 132100 : Function calls inside wait/event expression are sensitive to arguments only."cfg_tr_perm_r4()" is called without any argument which may not unblock the wait/event expression.
WARNING: [XSIM 43-4398] File "/wrk/ci/prod/2021.2/rdi_builds/continuous/2021_10_19_3367213/data/secureip/fe/fe_002.svp" Line 132101 : Function calls inside wait/event expression are sensitive to arguments only."cfg_llr_perm_r4()" is called without any argument which may not unblock the wait/event expression.
WARNING: [XSIM 43-4398] File "/wrk/ci/prod/2021.2/rdi_builds/continuous/2021_10_19_3367213/data/secureip/fe/fe_002.svp" Line 132102 : Function calls inside wait/event expression are sensitive to arguments only."cfg_sym_perm_r4()" is called without any argument which may not unblock the wait/event expression.
WARNING: [XSIM 43-4398] File "/wrk/ci/prod/2021.2/rdi_builds/continuous/2021_10_19_3367213/data/secureip/fe/fe_002.svp" Line 132137 : Function calls inside wait/event expression are sensitive to arguments only."cfg_tr_perm_sh_r4()" is called without any argument which may not unblock the wait/event expression.
WARNING: [XSIM 43-4398] File "/wrk/ci/prod/2021.2/rdi_builds/continuous/2021_10_19_3367213/data/secureip/fe/fe_002.svp" Line 134806 : Function calls inside wait/event expression are sensitive to arguments only."crc24b_par4_mask()" is called without any argument which may not unblock the wait/event expression.
WARNING: [XSIM 43-4398] File "/wrk/ci/prod/2021.2/rdi_builds/continuous/2021_10_19_3367213/data/secureip/fe/fe_002.svp" Line 134806 : Function calls inside wait/event expression are sensitive to arguments only."crc24a_par4_mask()" is called without any argument which may not unblock the wait/event expression.
WARNING: [XSIM 43-4398] File "/wrk/ci/prod/2021.2/rdi_builds/continuous/2021_10_19_3367213/data/secureip/fe/fe_002.svp" Line 134807 : Function calls inside wait/event expression are sensitive to arguments only."crc24b_par2_mask()" is called without any argument which may not unblock the wait/event expression.
WARNING: [XSIM 43-4398] File "/wrk/ci/prod/2021.2/rdi_builds/continuous/2021_10_19_3367213/data/secureip/fe/fe_002.svp" Line 134807 : Function calls inside wait/event expression are sensitive to arguments only."crc24a_par2_mask()" is called without any argument which may not unblock the wait/event expression.
WARNING: [XSIM 43-4398] File "/wrk/ci/prod/2021.2/rdi_builds/continuous/2021_10_19_3367213/data/secureip/fe/fe_002.svp" Line 134808 : Function calls inside wait/event expression are sensitive to arguments only."crc24b_adv()" is called without any argument which may not unblock the wait/event expression.
WARNING: [XSIM 43-4398] File "/wrk/ci/prod/2021.2/rdi_builds/continuous/2021_10_19_3367213/data/secureip/fe/fe_002.svp" Line 134808 : Function calls inside wait/event expression are sensitive to arguments only."crc24a_adv()" is called without any argument which may not unblock the wait/event expression.
WARNING: [XSIM 43-4398] File "/wrk/ci/prod/2021.2/rdi_builds/continuous/2021_10_19_3367213/data/secureip/fe/fe_002.svp" Line 134969 : Function calls inside wait/event expression are sensitive to arguments only."crc24b_adv()" is called without any argument which may not unblock the wait/event expression.
WARNING: [XSIM 43-4398] File "/wrk/ci/prod/2021.2/rdi_builds/continuous/2021_10_19_3367213/data/secureip/fe/fe_002.svp" Line 134969 : Function calls inside wait/event expression are sensitive to arguments only."crc24a_adv()" is called without any argument which may not unblock the wait/event expression.
Completed simulation data flow analysis
Time Resolution for simulation is 1ps
Compiling package std.standard
Compiling package std.textio
Compiling package ieee.std_logic_1164
Compiling package ieee.std_logic_arith
Compiling package ieee.std_logic_unsigned
Compiling package std.env
Compiling package ieee.numeric_std
Compiling package unisim.vcomponents
Compiling package ieee.math_real
Compiling package vl.vl_types
Compiling module xil_defaultlib.glbl
Compiling architecture rtl of entity xil_defaultlib.Bit_splitter [bit_splitter_default]
Compiling architecture design_2_bit_splitter_0_0_arch of entity xil_defaultlib.Design_2_Bit_splitter_0_0 [design_2_bit_splitter_0_0_defaul...]
Compiling architecture rtl of entity xil_defaultlib.Wifi_Input_FSM [wifi_input_fsm_default]
Compiling module fifo_generator_v13_2_6.fifo_generator_v13_2_6_bhv_ver_s...
Compiling module fifo_generator_v13_2_6.fifo_generator_v13_2_6_bhv_ver_p...
Compiling module fifo_generator_v13_2_6.fifo_generator_v13_2_6_CONV_VER(...
Compiling module fifo_generator_v13_2_6.fifo_generator_vlog_beh(C_COMMON...
Compiling module xil_defaultlib.fifo_generator_0
Compiling architecture rtl of entity xil_defaultlib.Output_fifo [output_fifo_default]
Compiling module xpm.xpm_cdc_sync_rst(DEST_SYNC_FF=2)
Compiling module xpm.xpm_fifo_rst_default
Compiling module xpm.xpm_fifo_reg_bit
Compiling module xpm.xpm_counter_updn(COUNTER_WIDTH=5...
Compiling module xpm.xpm_counter_updn(RESET_VALUE=1)
Compiling module xpm.xpm_counter_updn(RESET_VALUE=2)
Compiling module xpm.xpm_memory_base(MEMORY_TYPE=1,ME...
Compiling module xpm.xpm_counter_updn(COUNTER_WIDTH=2...
Compiling module xpm.xpm_fifo_base(FIFO_MEMORY_TYPE=1...
Compiling module xpm.xpm_fifo_sync(FIFO_MEMORY_TYPE="...
Compiling module xpm.xpm_memory_base(MEMORY_TYPE=1,ME...
Compiling module xpm.xpm_fifo_base(FIFO_MEMORY_TYPE=1...
Compiling module xpm.xpm_fifo_sync(FIFO_MEMORY_TYPE="...
Compiling module unisims_ver.FE(MODE="LDPC_ENCODE",PHYSICAL_U...
Compiling module xil_defaultlib.sd_fec_0
Compiling architecture rtl of entity xil_defaultlib.LDPC_core [ldpc_core_default]
Compiling package sd_fec_v1_1_8.sd_fec_v1_1_8_pkg
Compiling package fec_5g_common_v1_1_1.fec_5g_common_v1_1_1_pkg
Compiling package secureip.xil_fe_pack1
Compiling package secureip.xil_fe_pack0
Compiling package secureip.xil_fe_pack7
Compiling package secureip.xil_fe_pack2
Compiling package secureip.xil_fe_pack3
Compiling package secureip.xil_fe_pack9
Compiling package secureip.xil_fe_pack6
Compiling package secureip.xil_fe_pack5
Compiling package secureip.xil_fe_pack4
Compiling package secureip.xil_fe_pack8
Compiling architecture rtl of entity xil_defaultlib.Encoder [encoder_default]
Compiling architecture design_2_encoder_0_0_arch of entity xil_defaultlib.Design_2_Encoder_0_0 [design_2_encoder_0_0_default]
Compiling architecture rtl of entity xil_defaultlib.Pipelined_Polyphase_Filter [pipelined_polyphase_filter_defau...]
Compiling architecture design_2_pipelined_polyphase_0_2_arch of entity xil_defaultlib.Design_2_Pipelined_Polyphase_0_2 [design_2_pipelined_polyphase_0_2...]
Compiling architecture behavioral of entity xil_defaultlib.Parallel_FIR_filter [parallel_fir_filter_default]
Compiling architecture design_2_pre_distortion_filter_0_0_arch of entity xil_defaultlib.Design_2_Pre_Distortion_Filter_0_0 [design_2_pre_distortion_filter_0...]
Compiling architecture behavioral of entity xil_defaultlib.Scrambler_32bits [scrambler_32bits_default]
Compiling architecture design_2_scrambler_32bits_0_0_arch of entity xil_defaultlib.Design_2_Scrambler_32bits_0_0 [design_2_scrambler_32bits_0_0_de...]
Compiling architecture behavioral of entity xil_defaultlib.block_interleaver [block_interleaver_default]
Compiling architecture design_2_block_interleaver_0_0_arch of entity xil_defaultlib.Design_2_block_interleaver_0_0 [design_2_block_interleaver_0_0_d...]
Compiling architecture mapper_arch of entity xil_defaultlib.mapper [mapper_default]
Compiling architecture design_2_mapper_0_0_arch of entity xil_defaultlib.Design_2_mapper_0_0 [design_2_mapper_0_0_default]
Compiling architecture structure of entity xil_defaultlib.Design_2 [design_2_default]
Compiling architecture structure of entity xil_defaultlib.Design_2_wrapper [design_2_wrapper_default]
Compiling architecture behavioral of entity xil_defaultlib.tb_design_1_wrapper
Built simulation snapshot tb_design_1_wrapper_behav
